case,seed,drift_type,magnitude,rho,pattern,detector,view,rule,false_alarms_per_1k_stream_steps,p_any_false_alarm_per_window,fdp,precision,recall,f1,mean_delay,degraded_per_drift
"abrupt, Δ=0.5, ρ=0, scattered",1002,abrupt,0.5,0.0,scattered,PH,сырые,uncorrected,0.11702127659574468,0.6595744680851063,0.8461538461538461,0.15384615384615385,1.0,0.2666666666666667,204.6,204.6
"abrupt, Δ=0.5, ρ=0, scattered",1002,abrupt,0.5,0.0,scattered,PH,сырые,bonferroni,0.002127659574468085,0.02127659574468085,0.125,0.875,0.7,0.7777777777777777,550.0,734.6
"abrupt, Δ=0.5, ρ=0, scattered",1002,abrupt,0.5,0.0,scattered,PH,сырые,bh_window,0.00425531914893617,0.0425531914893617,0.2222222222222222,0.7777777777777778,0.7,0.7368421052631577,507.14285714285717,704.6
"abrupt, Δ=0.5, ρ=0, scattered",1002,abrupt,0.5,0.0,scattered,PH,сырые,LORD++,0.0,0.0,0.0,,0.0,0.0,,2104.6
"abrupt, Δ=0.5, ρ=0, scattered",1002,abrupt,0.5,0.0,scattered,PH,остатки,bonferroni,0.0,0.0,0.0,0.8571428571428571,0.6,0.7058823529411764,621.4285714285714,784.6
"abrupt, Δ=0.5, ρ=0, scattered",1002,abrupt,0.5,0.0,scattered,PH,остатки,bh_window,0.0,0.0,0.0,1.0,0.7,0.8235294117647058,521.4285714285714,714.6
"abrupt, Δ=0.5, ρ=0, scattered",1002,abrupt,0.5,0.0,scattered,KS,сырые,uncorrected,0.14680851063829786,0.723404255319149,0.8734177215189873,0.12658227848101267,1.0,0.22471910112359553,264.6,264.6
"abrupt, Δ=0.5, ρ=0, scattered",1002,abrupt,0.5,0.0,scattered,KS,сырые,bonferroni,0.0,0.0,0.0,1.0,0.6,0.7499999999999999,448.6666666666667,924.6
"abrupt, Δ=0.5, ρ=0, scattered",1002,abrupt,0.5,0.0,scattered,KS,сырые,bh_window,0.002127659574468085,0.02127659574468085,0.125,0.75,0.6,0.6666666666666665,535.7142857142857,724.6
"abrupt, Δ=0.5, ρ=0, scattered",1002,abrupt,0.5,0.0,scattered,KS,сырые,LORD++,0.0,0.0,0.0,,0.0,0.0,,2104.6
"abrupt, Δ=0.5, ρ=0, scattered",1002,abrupt,0.5,0.0,scattered,KS,остатки,bonferroni,0.0,0.0,0.0,1.0,0.5,0.6666666666666666,559.6,1184.6
"abrupt, Δ=0.5, ρ=0, scattered",1002,abrupt,0.5,0.0,scattered,KS,остатки,bh_window,0.006382978723404255,0.0425531914893617,0.3333333333333333,0.6666666666666666,0.6,0.631578947368421,479.3333333333333,1074.6
"abrupt, Δ=0.5, ρ=0, scattered",1002,abrupt,0.5,0.0,scattered,ADWIN,сырые,uncorrected,0.2531914893617021,0.8936170212765957,0.9224806201550387,0.07751937984496124,1.0,0.14388489208633096,144.6,144.6
"abrupt, Δ=0.5, ρ=0, scattered",1002,abrupt,0.5,0.0,scattered,ADWIN,сырые,bonferroni,0.00851063829787234,0.0851063829787234,0.3333333333333333,0.5,0.6,0.5454545454545454,474.5,814.6
"abrupt, Δ=0.5, ρ=0, scattered",1002,abrupt,0.5,0.0,scattered,ADWIN,сырые,bh_window,0.00851063829787234,0.0851063829787234,0.2857142857142857,0.5714285714285714,0.8,0.6666666666666666,484.6,484.6
"abrupt, Δ=0.5, ρ=0, scattered",1002,abrupt,0.5,0.0,scattered,ADWIN,сырые,LORD++,0.00425531914893617,0.0425531914893617,0.2857142857142857,0.7142857142857143,0.5,0.588235294117647,339.6,1074.6
"abrupt, Δ=0.5, ρ=0, scattered",1002,abrupt,0.5,0.0,scattered,ADWIN,остатки,bonferroni,0.006382978723404255,0.06382978723404255,0.3333333333333333,0.5555555555555556,0.5,0.5263157894736842,465.3333333333333,934.6
"abrupt, Δ=0.5, ρ=0, scattered",1002,abrupt,0.5,0.0,scattered,ADWIN,остатки,bh_window,0.010638297872340425,0.10638297872340426,0.4166666666666667,0.5,0.6,0.5454545454545454,521.4285714285714,714.6
"abrupt, Δ=0.5, ρ=0, scattered",1002,abrupt,0.5,0.0,scattered,MeanShift(1),сырые,uncorrected,0.251063829787234,0.9361702127659575,0.921875,0.078125,1.0,0.14492753623188406,144.6,144.6
"abrupt, Δ=0.5, ρ=0, scattered",1002,abrupt,0.5,0.0,scattered,MeanShift(1),сырые,bonferroni,0.002127659574468085,0.02127659574468085,0.1111111111111111,0.7777777777777778,0.7,0.7368421052631577,588.75,894.6
"abrupt, Δ=0.5, ρ=0, scattered",1002,abrupt,0.5,0.0,scattered,MeanShift(1),сырые,bh_window,0.002127659574468085,0.02127659574468085,0.1111111111111111,0.7777777777777778,0.7,0.7368421052631577,501.25,824.6
"abrupt, Δ=0.5, ρ=0, scattered",1002,abrupt,0.5,0.0,scattered,MeanShift(1),сырые,LORD++,0.0,0.0,0.0,,0.0,0.0,,2104.6
"abrupt, Δ=0.5, ρ=0, scattered",1002,abrupt,0.5,0.0,scattered,MeanShift(1),остатки,bonferroni,0.002127659574468085,0.02127659574468085,0.125,0.5,0.4,0.4444444444444445,844.1428571428571,1224.6
"abrupt, Δ=0.5, ρ=0, scattered",1002,abrupt,0.5,0.0,scattered,MeanShift(1),остатки,bh_window,0.002127659574468085,0.02127659574468085,0.125,0.625,0.5,0.5555555555555556,587.0,1044.6
"abrupt, Δ=0.5, ρ=0, scattered",1002,abrupt,0.5,0.0,scattered,MeanShift(3),сырые,uncorrected,0.1595744680851064,0.7446808510638298,0.8823529411764706,0.11764705882352941,1.0,0.21052631578947367,384.6,384.6
"abrupt, Δ=0.5, ρ=0, scattered",1002,abrupt,0.5,0.0,scattered,MeanShift(3),сырые,bonferroni,0.00425531914893617,0.0425531914893617,0.25,0.625,0.5,0.5555555555555556,565.3333333333334,994.6
"abrupt, Δ=0.5, ρ=0, scattered",1002,abrupt,0.5,0.0,scattered,MeanShift(3),сырые,bh_window,0.00851063829787234,0.0851063829787234,0.4,0.5,0.5,0.5,515.3333333333334,964.6
"abrupt, Δ=0.5, ρ=0, scattered",1002,abrupt,0.5,0.0,scattered,MeanShift(3),сырые,LORD++,0.0,0.0,0.0,,0.0,0.0,,2104.6
"abrupt, Δ=0.5, ρ=0, scattered",1002,abrupt,0.5,0.0,scattered,MeanShift(3),остатки,bonferroni,0.002127659574468085,0.02127659574468085,0.14285714285714285,0.7142857142857143,0.5,0.588235294117647,665.3333333333334,1054.6
"abrupt, Δ=0.5, ρ=0, scattered",1002,abrupt,0.5,0.0,scattered,MeanShift(3),остатки,bh_window,0.00425531914893617,0.0425531914893617,0.25,0.625,0.5,0.5555555555555556,582.0,1004.6
"abrupt, Δ=0.5, ρ=0, scattered",1002,abrupt,0.5,0.0,scattered,PH river по умолчанию,сырые,порог,0.7276595744680852,1.0,0.9715909090909091,0.028409090909090908,1.0,0.05524861878453039,124.6,124.6
"abrupt, Δ=0.5, ρ=0, scattered",1000,abrupt,0.5,0.0,scattered,PH,сырые,uncorrected,0.09787234042553192,0.48936170212765956,0.8214285714285714,0.17857142857142858,1.0,0.30303030303030304,205.5,205.5
"abrupt, Δ=0.5, ρ=0, scattered",1000,abrupt,0.5,0.0,scattered,PH,сырые,bonferroni,0.00425531914893617,0.0425531914893617,0.2,0.7,0.7,0.7,595.0,965.5
"abrupt, Δ=0.5, ρ=0, scattered",1000,abrupt,0.5,0.0,scattered,PH,сырые,bh_window,0.00425531914893617,0.0425531914893617,0.2,0.8,0.8,0.8000000000000002,507.5,895.5
"abrupt, Δ=0.5, ρ=0, scattered",1000,abrupt,0.5,0.0,scattered,PH,сырые,LORD++,0.0,0.0,0.0,,0.0,0.0,,1935.5
"abrupt, Δ=0.5, ρ=0, scattered",1000,abrupt,0.5,0.0,scattered,PH,остатки,bonferroni,0.0,0.0,0.0,0.75,0.6,0.6666666666666665,661.625,945.5
"abrupt, Δ=0.5, ρ=0, scattered",1000,abrupt,0.5,0.0,scattered,PH,остатки,bh_window,0.002127659574468085,0.02127659574468085,0.1111111111111111,0.8888888888888888,0.8,0.8421052631578948,499.125,815.5
"abrupt, Δ=0.5, ρ=0, scattered",1000,abrupt,0.5,0.0,scattered,KS,сырые,uncorrected,0.14468085106382977,0.7872340425531915,0.8717948717948718,0.1282051282051282,1.0,0.22727272727272727,325.5,325.5
"abrupt, Δ=0.5, ρ=0, scattered",1000,abrupt,0.5,0.0,scattered,KS,сырые,bonferroni,0.002127659574468085,0.02127659574468085,0.1111111111111111,0.7777777777777778,0.7,0.7368421052631577,549.25,765.5
"abrupt, Δ=0.5, ρ=0, scattered",1000,abrupt,0.5,0.0,scattered,KS,сырые,bh_window,0.002127659574468085,0.02127659574468085,0.1,0.8,0.8,0.8000000000000002,575.6666666666666,695.5
"abrupt, Δ=0.5, ρ=0, scattered",1000,abrupt,0.5,0.0,scattered,KS,сырые,LORD++,0.0,0.0,0.0,0.0,0.0,0.0,2780.0,1925.5
"abrupt, Δ=0.5, ρ=0, scattered",1000,abrupt,0.5,0.0,scattered,KS,остатки,bonferroni,0.002127659574468085,0.02127659574468085,0.1,0.8,0.8,0.8000000000000002,631.2222222222222,745.5
"abrupt, Δ=0.5, ρ=0, scattered",1000,abrupt,0.5,0.0,scattered,KS,остатки,bh_window,0.002127659574468085,0.02127659574468085,0.09090909090909091,0.7272727272727273,0.8,0.761904761904762,665.5,665.5
"abrupt, Δ=0.5, ρ=0, scattered",1000,abrupt,0.5,0.0,scattered,ADWIN,сырые,uncorrected,0.25957446808510637,0.8723404255319149,0.9242424242424242,0.07575757575757576,1.0,0.14084507042253522,225.5,225.5
"abrupt, Δ=0.5, ρ=0, scattered",1000,abrupt,0.5,0.0,scattered,ADWIN,сырые,bonferroni,0.00851063829787234,0.06382978723404255,0.3076923076923077,0.6923076923076923,0.9,0.7826086956521738,331.22222222222223,475.5
"abrupt, Δ=0.5, ρ=0, scattered",1000,abrupt,0.5,0.0,scattered,ADWIN,сырые,bh_window,0.00851063829787234,0.0425531914893617,0.2857142857142857,0.7142857142857143,1.0,0.8333333333333333,315.5,315.5
"abrupt, Δ=0.5, ρ=0, scattered",1000,abrupt,0.5,0.0,scattered,ADWIN,сырые,LORD++,0.002127659574468085,0.02127659574468085,0.16666666666666666,0.6666666666666666,0.4,0.5,521.2,1305.5
"abrupt, Δ=0.5, ρ=0, scattered",1000,abrupt,0.5,0.0,scattered,ADWIN,остатки,bonferroni,0.010638297872340425,0.06382978723404255,0.38461538461538464,0.6153846153846154,0.8,0.6956521739130435,243.375,655.5
"abrupt, Δ=0.5, ρ=0, scattered",1000,abrupt,0.5,0.0,scattered,ADWIN,остатки,bh_window,0.019148936170212766,0.1276595744680851,0.5,0.5,0.9,0.6428571428571429,218.66666666666666,345.5
"abrupt, Δ=0.5, ρ=0, scattered",1000,abrupt,0.5,0.0,scattered,MeanShift(1),сырые,uncorrected,0.2702127659574468,0.9148936170212766,0.927007299270073,0.072992700729927,1.0,0.1360544217687075,145.5,145.5
"abrupt, Δ=0.5, ρ=0, scattered",1000,abrupt,0.5,0.0,scattered,MeanShift(1),сырые,bonferroni,0.0,0.0,0.0,1.0,0.6,0.7499999999999999,434.5,1045.5
"abrupt, Δ=0.5, ρ=0, scattered",1000,abrupt,0.5,0.0,scattered,MeanShift(1),сырые,bh_window,0.0,0.0,0.0,0.875,0.7,0.7777777777777777,495.0,885.5
"abrupt, Δ=0.5, ρ=0, scattered",1000,abrupt,0.5,0.0,scattered,MeanShift(1),сырые,LORD++,0.0,0.0,0.0,,0.0,0.0,,1935.5
"abrupt, Δ=0.5, ρ=0, scattered",1000,abrupt,0.5,0.0,scattered,MeanShift(1),остатки,bonferroni,0.0,0.0,0.0,0.8571428571428571,0.6,0.7058823529411764,588.4285714285714,1005.5
"abrupt, Δ=0.5, ρ=0, scattered",1000,abrupt,0.5,0.0,scattered,MeanShift(1),остатки,bh_window,0.002127659574468085,0.02127659574468085,0.125,0.75,0.6,0.6666666666666665,559.8571428571429,985.5
"abrupt, Δ=0.5, ρ=0, scattered",1000,abrupt,0.5,0.0,scattered,MeanShift(3),сырые,uncorrected,0.15106382978723404,0.7659574468085106,0.8765432098765432,0.12345679012345678,1.0,0.21978021978021975,305.5,305.5
"abrupt, Δ=0.5, ρ=0, scattered",1000,abrupt,0.5,0.0,scattered,MeanShift(3),сырые,bonferroni,0.00425531914893617,0.0425531914893617,0.16666666666666666,0.75,0.9,0.8181818181818182,525.5,525.5
"abrupt, Δ=0.5, ρ=0, scattered",1000,abrupt,0.5,0.0,scattered,MeanShift(3),сырые,bh_window,0.00425531914893617,0.0425531914893617,0.16666666666666666,0.8333333333333334,1.0,0.9090909090909091,515.5,515.5
"abrupt, Δ=0.5, ρ=0, scattered",1000,abrupt,0.5,0.0,scattered,MeanShift(3),сырые,LORD++,0.0,0.0,0.0,,0.0,0.0,,1935.5
"abrupt, Δ=0.5, ρ=0, scattered",1000,abrupt,0.5,0.0,scattered,MeanShift(3),остатки,bonferroni,0.00425531914893617,0.0425531914893617,0.18181818181818182,0.6363636363636364,0.7,0.6666666666666666,529.7777777777778,625.5
"abrupt, Δ=0.5, ρ=0, scattered",1000,abrupt,0.5,0.0,scattered,MeanShift(3),остатки,bh_window,0.00425531914893617,0.0425531914893617,0.16666666666666666,0.8333333333333334,1.0,0.9090909090909091,375.5,375.5
"abrupt, Δ=0.5, ρ=0, scattered",1000,abrupt,0.5,0.0,scattered,PH river по умолчанию,сырые,порог,0.7595744680851064,1.0,0.9727520435967303,0.027247956403269755,1.0,0.05305039787798409,145.5,145.5
"abrupt, Δ=0.5, ρ=0, scattered",1003,abrupt,0.5,0.0,scattered,PH,сырые,uncorrected,0.12127659574468085,0.6808510638297872,0.8507462686567164,0.14925373134328357,1.0,0.2597402597402597,223.1,223.1
"abrupt, Δ=0.5, ρ=0, scattered",1003,abrupt,0.5,0.0,scattered,PH,сырые,bonferroni,0.00425531914893617,0.0425531914893617,0.16666666666666666,0.75,0.9,0.8181818181818182,633.1,633.1
"abrupt, Δ=0.5, ρ=0, scattered",1003,abrupt,0.5,0.0,scattered,PH,сырые,bh_window,0.00851063829787234,0.0425531914893617,0.2857142857142857,0.7142857142857143,1.0,0.8333333333333333,473.1,473.1
"abrupt, Δ=0.5, ρ=0, scattered",1003,abrupt,0.5,0.0,scattered,PH,сырые,LORD++,0.0,0.0,0.0,,0.0,0.0,,2093.1
"abrupt, Δ=0.5, ρ=0, scattered",1003,abrupt,0.5,0.0,scattered,PH,остатки,bonferroni,0.0,0.0,0.0,0.8571428571428571,0.6,0.7058823529411764,590.0,923.1
"abrupt, Δ=0.5, ρ=0, scattered",1003,abrupt,0.5,0.0,scattered,PH,остатки,bh_window,0.002127659574468085,0.02127659574468085,0.1,0.6,0.6,0.6,810.8888888888889,903.1
"abrupt, Δ=0.5, ρ=0, scattered",1003,abrupt,0.5,0.0,scattered,KS,сырые,uncorrected,0.14468085106382977,0.723404255319149,0.8831168831168831,0.1038961038961039,0.8,0.18390804597701152,410.77777777777777,543.1
"abrupt, Δ=0.5, ρ=0, scattered",1003,abrupt,0.5,0.0,scattered,KS,сырые,bonferroni,0.0,0.0,0.0,0.6666666666666666,0.6,0.631578947368421,706.7777777777778,853.1
"abrupt, Δ=0.5, ρ=0, scattered",1003,abrupt,0.5,0.0,scattered,KS,сырые,bh_window,0.002127659574468085,0.02127659574468085,0.09090909090909091,0.6363636363636364,0.7,0.6666666666666666,713.1,713.1
"abrupt, Δ=0.5, ρ=0, scattered",1003,abrupt,0.5,0.0,scattered,KS,сырые,LORD++,0.0,0.0,0.0,0.3333333333333333,0.1,0.15384615384615383,1206.6666666666667,1733.1
"abrupt, Δ=0.5, ρ=0, scattered",1003,abrupt,0.5,0.0,scattered,KS,остатки,bonferroni,0.0,0.0,0.0,0.8333333333333334,0.5,0.625,653.8333333333334,1013.1
"abrupt, Δ=0.5, ρ=0, scattered",1003,abrupt,0.5,0.0,scattered,KS,остатки,bh_window,0.0,0.0,0.0,0.8333333333333334,0.5,0.625,653.8333333333334,1013.1
"abrupt, Δ=0.5, ρ=0, scattered",1003,abrupt,0.5,0.0,scattered,ADWIN,сырые,uncorrected,0.2957446808510638,0.9787234042553191,0.9328859060402684,0.06711409395973154,1.0,0.12578616352201258,153.1,153.1
"abrupt, Δ=0.5, ρ=0, scattered",1003,abrupt,0.5,0.0,scattered,ADWIN,сырые,bonferroni,0.006382978723404255,0.06382978723404255,0.25,0.6666666666666666,0.8,0.7272727272727272,392.55555555555554,473.1
"abrupt, Δ=0.5, ρ=0, scattered",1003,abrupt,0.5,0.0,scattered,ADWIN,сырые,bh_window,0.010638297872340425,0.0851063829787234,0.35714285714285715,0.5714285714285714,0.8,0.6666666666666666,370.3333333333333,453.1
"abrupt, Δ=0.5, ρ=0, scattered",1003,abrupt,0.5,0.0,scattered,ADWIN,сырые,LORD++,0.0,0.0,0.0,0.75,0.6,0.6666666666666665,670.375,873.1
"abrupt, Δ=0.5, ρ=0, scattered",1003,abrupt,0.5,0.0,scattered,ADWIN,остатки,bonferroni,0.010638297872340425,0.10638297872340426,0.35714285714285715,0.5714285714285714,0.8,0.6666666666666666,459.22222222222223,533.1
"abrupt, Δ=0.5, ρ=0, scattered",1003,abrupt,0.5,0.0,scattered,ADWIN,остатки,bh_window,0.01276595744680851,0.1276595744680851,0.4,0.5333333333333333,0.8,0.64,425.8888888888889,503.1
"abrupt, Δ=0.5, ρ=0, scattered",1003,abrupt,0.5,0.0,scattered,MeanShift(1),сырые,uncorrected,0.3617021276595745,0.9574468085106383,0.9444444444444444,0.05555555555555555,1.0,0.10526315789473684,163.1,163.1
"abrupt, Δ=0.5, ρ=0, scattered",1003,abrupt,0.5,0.0,scattered,MeanShift(1),сырые,bonferroni,0.006382978723404255,0.0425531914893617,0.25,0.6666666666666666,0.8,0.7272727272727272,455.3333333333333,583.1
"abrupt, Δ=0.5, ρ=0, scattered",1003,abrupt,0.5,0.0,scattered,MeanShift(1),сырые,bh_window,0.00851063829787234,0.0425531914893617,0.2857142857142857,0.6428571428571429,0.9,0.75,393.1,393.1
"abrupt, Δ=0.5, ρ=0, scattered",1003,abrupt,0.5,0.0,scattered,MeanShift(1),сырые,LORD++,0.0,0.0,0.0,,0.0,0.0,,2093.1
"abrupt, Δ=0.5, ρ=0, scattered",1003,abrupt,0.5,0.0,scattered,MeanShift(1),остатки,bonferroni,0.0,0.0,0.0,0.8571428571428571,0.6,0.7058823529411764,432.85714285714283,813.1
"abrupt, Δ=0.5, ρ=0, scattered",1003,abrupt,0.5,0.0,scattered,MeanShift(1),остатки,bh_window,0.002127659574468085,0.02127659574468085,0.125,0.75,0.6,0.6666666666666665,375.7142857142857,773.1
"abrupt, Δ=0.5, ρ=0, scattered",1003,abrupt,0.5,0.0,scattered,MeanShift(3),сырые,uncorrected,0.17872340425531916,0.7446808510638298,0.8936170212765957,0.10638297872340426,1.0,0.1923076923076923,353.1,353.1
"abrupt, Δ=0.5, ρ=0, scattered",1003,abrupt,0.5,0.0,scattered,MeanShift(3),сырые,bonferroni,0.0,0.0,0.0,0.8888888888888888,0.8,0.8421052631578948,670.3333333333334,723.1
"abrupt, Δ=0.5, ρ=0, scattered",1003,abrupt,0.5,0.0,scattered,MeanShift(3),сырые,bh_window,0.0,0.0,0.0,0.8888888888888888,0.8,0.8421052631578948,670.3333333333334,723.1
"abrupt, Δ=0.5, ρ=0, scattered",1003,abrupt,0.5,0.0,scattered,MeanShift(3),сырые,LORD++,0.0,0.0,0.0,,0.0,0.0,,2093.1
"abrupt, Δ=0.5, ρ=0, scattered",1003,abrupt,0.5,0.0,scattered,MeanShift(3),остатки,bonferroni,0.0,0.0,0.0,0.875,0.7,0.7777777777777777,725.0,873.1
"abrupt, Δ=0.5, ρ=0, scattered",1003,abrupt,0.5,0.0,scattered,MeanShift(3),остатки,bh_window,0.0,0.0,0.0,0.7777777777777778,0.7,0.7368421052631577,759.2222222222222,803.1
"abrupt, Δ=0.5, ρ=0, scattered",1003,abrupt,0.5,0.0,scattered,PH river по умолчанию,сырые,порог,0.874468085106383,1.0,0.9762470308788599,0.023752969121140142,1.0,0.04640371229698376,143.1,143.1
"abrupt, Δ=0.5, ρ=0, scattered",1001,abrupt,0.5,0.0,scattered,PH,сырые,uncorrected,0.10851063829787234,0.5106382978723404,0.8360655737704918,0.14754098360655737,0.9,0.2535211267605634,401.4,401.4
"abrupt, Δ=0.5, ρ=0, scattered",1001,abrupt,0.5,0.0,scattered,PH,сырые,bonferroni,0.0,0.0,0.0,0.875,0.7,0.7777777777777777,501.625,651.4
"abrupt, Δ=0.5, ρ=0, scattered",1001,abrupt,0.5,0.0,scattered,PH,сырые,bh_window,0.0,0.0,0.0,1.0,0.8,0.888888888888889,439.125,601.4
"abrupt, Δ=0.5, ρ=0, scattered",1001,abrupt,0.5,0.0,scattered,PH,сырые,LORD++,0.0,0.0,0.0,,0.0,0.0,,2241.4
"abrupt, Δ=0.5, ρ=0, scattered",1001,abrupt,0.5,0.0,scattered,PH,остатки,bonferroni,0.0,0.0,0.0,0.8571428571428571,0.6,0.7058823529411764,546.4285714285714,791.4
"abrupt, Δ=0.5, ρ=0, scattered",1001,abrupt,0.5,0.0,scattered,PH,остатки,bh_window,0.0,0.0,0.0,1.0,0.7,0.8235294117647058,475.0,741.4
"abrupt, Δ=0.5, ρ=0, scattered",1001,abrupt,0.5,0.0,scattered,KS,сырые,uncorrected,0.13404255319148936,0.723404255319149,0.863013698630137,0.136986301369863,1.0,0.24096385542168672,311.4,311.4
"abrupt, Δ=0.5, ρ=0, scattered",1001,abrupt,0.5,0.0,scattered,KS,сырые,bonferroni,0.0,0.0,0.0,1.0,0.6,0.7499999999999999,529.1666666666666,1031.4
"abrupt, Δ=0.5, ρ=0, scattered",1001,abrupt,0.5,0.0,scattered,KS,сырые,bh_window,0.00425531914893617,0.0425531914893617,0.25,0.75,0.6,0.6666666666666665,512.5,1021.4
"abrupt, Δ=0.5, ρ=0, scattered",1001,abrupt,0.5,0.0,scattered,KS,сырые,LORD++,0.0,0.0,0.0,,0.0,0.0,,2241.4
"abrupt, Δ=0.5, ρ=0, scattered",1001,abrupt,0.5,0.0,scattered,KS,остатки,bonferroni,0.0,0.0,0.0,1.0,0.6,0.7499999999999999,562.5,1051.4
"abrupt, Δ=0.5, ρ=0, scattered",1001,abrupt,0.5,0.0,scattered,KS,остатки,bh_window,0.006382978723404255,0.06382978723404255,0.3333333333333333,0.6666666666666666,0.6,0.631578947368421,529.1666666666666,1031.4
"abrupt, Δ=0.5, ρ=0, scattered",1001,abrupt,0.5,0.0,scattered,ADWIN,сырые,uncorrected,0.32127659574468087,0.9574468085106383,0.94375,0.05625,0.9,0.10588235294117647,117.0,251.4
"abrupt, Δ=0.5, ρ=0, scattered",1001,abrupt,0.5,0.0,scattered,ADWIN,сырые,bonferroni,0.01276595744680851,0.1276595744680851,0.42857142857142855,0.5,0.7,0.5833333333333334,476.625,631.4
"abrupt, Δ=0.5, ρ=0, scattered",1001,abrupt,0.5,0.0,scattered,ADWIN,сырые,bh_window,0.01276595744680851,0.0851063829787234,0.42857142857142855,0.5,0.7,0.5833333333333334,476.625,631.4
"abrupt, Δ=0.5, ρ=0, scattered",1001,abrupt,0.5,0.0,scattered,ADWIN,сырые,LORD++,0.002127659574468085,0.02127659574468085,0.16666666666666666,0.3333333333333333,0.2,0.25,973.8,1391.4
"abrupt, Δ=0.5, ρ=0, scattered",1001,abrupt,0.5,0.0,scattered,ADWIN,остатки,bonferroni,0.010638297872340425,0.10638297872340426,0.4166666666666667,0.5,0.6,0.5454545454545454,489.2857142857143,751.4
"abrupt, Δ=0.5, ρ=0, scattered",1001,abrupt,0.5,0.0,scattered,ADWIN,остатки,bh_window,0.010638297872340425,0.0425531914893617,0.4166666666666667,0.5,0.6,0.5454545454545454,489.2857142857143,751.4
"abrupt, Δ=0.5, ρ=0, scattered",1001,abrupt,0.5,0.0,scattered,MeanShift(1),сырые,uncorrected,0.28297872340425534,0.9148936170212766,0.9300699300699301,0.06993006993006994,1.0,0.13071895424836602,171.4,171.4
"abrupt, Δ=0.5, ρ=0, scattered",1001,abrupt,0.5,0.0,scattered,MeanShift(1),сырые,bonferroni,0.00425531914893617,0.0425531914893617,0.2222222222222222,0.6666666666666666,0.6,0.631578947368421,323.2857142857143,781.4
"abrupt, Δ=0.5, ρ=0, scattered",1001,abrupt,0.5,0.0,scattered,MeanShift(1),сырые,bh_window,0.00425531914893617,0.0425531914893617,0.2,0.7,0.7,0.7,364.125,541.4
"abrupt, Δ=0.5, ρ=0, scattered",1001,abrupt,0.5,0.0,scattered,MeanShift(1),сырые,LORD++,0.0,0.0,0.0,,0.0,0.0,,2241.4
"abrupt, Δ=0.5, ρ=0, scattered",1001,abrupt,0.5,0.0,scattered,MeanShift(1),остатки,bonferroni,0.002127659574468085,0.02127659574468085,0.16666666666666666,0.6666666666666666,0.4,0.5,430.6,1041.4
"abrupt, Δ=0.5, ρ=0, scattered",1001,abrupt,0.5,0.0,scattered,MeanShift(1),остатки,bh_window,0.002127659574468085,0.02127659574468085,0.14285714285714285,0.7142857142857143,0.5,0.588235294117647,467.1666666666667,801.4
"abrupt, Δ=0.5, ρ=0, scattered",1001,abrupt,0.5,0.0,scattered,MeanShift(3),сырые,uncorrected,0.15106382978723404,0.723404255319149,0.8875,0.1,0.8,0.1777777777777778,415.8888888888889,691.4
"abrupt, Δ=0.5, ρ=0, scattered",1001,abrupt,0.5,0.0,scattered,MeanShift(3),сырые,bonferroni,0.0,0.0,0.0,0.875,0.7,0.7777777777777777,576.625,711.4
"abrupt, Δ=0.5, ρ=0, scattered",1001,abrupt,0.5,0.0,scattered,MeanShift(3),сырые,bh_window,0.0,0.0,0.0,1.0,0.8,0.888888888888889,389.125,561.4
"abrupt, Δ=0.5, ρ=0, scattered",1001,abrupt,0.5,0.0,scattered,MeanShift(3),сырые,LORD++,0.0,0.0,0.0,,0.0,0.0,,2241.4
"abrupt, Δ=0.5, ρ=0, scattered",1001,abrupt,0.5,0.0,scattered,MeanShift(3),остатки,bonferroni,0.0,0.0,0.0,0.8571428571428571,0.6,0.7058823529411764,717.8571428571429,911.4
"abrupt, Δ=0.5, ρ=0, scattered",1001,abrupt,0.5,0.0,scattered,MeanShift(3),остатки,bh_window,0.0,0.0,0.0,1.0,0.7,0.8235294117647058,432.14285714285717,711.4
"abrupt, Δ=0.5, ρ=0, scattered",1001,abrupt,0.5,0.0,scattered,PH river по умолчанию,сырые,порог,0.7553191489361702,1.0,0.9726027397260274,0.0273972602739726,1.0,0.05333333333333332,161.4,161.4
"abrupt, Δ=0.5, ρ=0, clustered",1004,abrupt,0.5,0.0,clustered,PH,сырые,uncorrected,0.09787234042553192,0.46808510638297873,0.8363636363636363,0.16363636363636364,0.9,0.27692307692307694,209.55555555555554,383.5
"abrupt, Δ=0.5, ρ=0, clustered",1004,abrupt,0.5,0.0,clustered,PH,сырые,bonferroni,0.002127659574468085,0.02127659574468085,0.09090909090909091,0.7272727272727273,0.8,0.761904761904762,613.5,613.5
"abrupt, Δ=0.5, ρ=0, clustered",1004,abrupt,0.5,0.0,clustered,PH,сырые,bh_window,0.00425531914893617,0.0425531914893617,0.16666666666666666,0.6666666666666666,0.8,0.7272727272727272,583.5,583.5
"abrupt, Δ=0.5, ρ=0, clustered",1004,abrupt,0.5,0.0,clustered,PH,сырые,LORD++,0.0,0.0,0.0,,0.0,0.0,,1693.5
"abrupt, Δ=0.5, ρ=0, clustered",1004,abrupt,0.5,0.0,clustered,PH,остатки,bonferroni,0.0,0.0,0.0,0.8,0.4,0.5333333333333333,562.4,1153.5
"abrupt, Δ=0.5, ρ=0, clustered",1004,abrupt,0.5,0.0,clustered,PH,остатки,bh_window,0.0,0.0,0.0,0.7777777777777778,0.7,0.7368421052631577,676.2222222222222,803.5
"abrupt, Δ=0.5, ρ=0, clustered",1004,abrupt,0.5,0.0,clustered,KS,сырые,uncorrected,0.13404255319148936,0.7446808510638298,0.863013698630137,0.136986301369863,1.0,0.24096385542168672,333.5,333.5
"abrupt, Δ=0.5, ρ=0, clustered",1004,abrupt,0.5,0.0,clustered,KS,сырые,bonferroni,0.00425531914893617,0.0425531914893617,0.2,0.6,0.6,0.6,844.875,963.5
"abrupt, Δ=0.5, ρ=0, clustered",1004,abrupt,0.5,0.0,clustered,KS,сырые,bh_window,0.00425531914893617,0.0425531914893617,0.18181818181818182,0.7272727272727273,0.8,0.761904761904762,599.6666666666666,683.5
"abrupt, Δ=0.5, ρ=0, clustered",1004,abrupt,0.5,0.0,clustered,KS,сырые,LORD++,0.0,0.0,0.0,,0.0,0.0,,1693.5
"abrupt, Δ=0.5, ρ=0, clustered",1004,abrupt,0.5,0.0,clustered,KS,остатки,bonferroni,0.002127659574468085,0.02127659574468085,0.125,0.5,0.4,0.4444444444444445,885.5714285714286,1153.5
"abrupt, Δ=0.5, ρ=0, clustered",1004,abrupt,0.5,0.0,clustered,KS,остатки,bh_window,0.002127659574468085,0.02127659574468085,0.1111111111111111,0.5555555555555556,0.5,0.5263157894736842,806.0,983.5
"abrupt, Δ=0.5, ρ=0, clustered",1004,abrupt,0.5,0.0,clustered,ADWIN,сырые,uncorrected,0.22340425531914893,0.9361702127659575,0.9130434782608695,0.08695652173913043,1.0,0.16,193.5,193.5
"abrupt, Δ=0.5, ρ=0, clustered",1004,abrupt,0.5,0.0,clustered,ADWIN,сырые,bonferroni,0.019148936170212766,0.19148936170212766,0.47368421052631576,0.42105263157894735,0.8,0.5517241379310345,533.5,533.5
"abrupt, Δ=0.5, ρ=0, clustered",1004,abrupt,0.5,0.0,clustered,ADWIN,сырые,bh_window,0.02127659574468085,0.19148936170212766,0.5,0.4,0.8,0.5333333333333333,483.5,483.5
"abrupt, Δ=0.5, ρ=0, clustered",1004,abrupt,0.5,0.0,clustered,ADWIN,сырые,LORD++,0.002127659574468085,0.02127659574468085,1.0,0.0,0.0,0.0,,1693.5
"abrupt, Δ=0.5, ρ=0, clustered",1004,abrupt,0.5,0.0,clustered,ADWIN,остатки,bonferroni,0.02127659574468085,0.19148936170212766,0.5555555555555556,0.3333333333333333,0.6,0.42857142857142855,656.0,863.5
"abrupt, Δ=0.5, ρ=0, clustered",1004,abrupt,0.5,0.0,clustered,ADWIN,остатки,bh_window,0.02127659574468085,0.19148936170212766,0.5263157894736842,0.42105263157894735,0.8,0.5517241379310345,454.0,603.5
"abrupt, Δ=0.5, ρ=0, clustered",1004,abrupt,0.5,0.0,clustered,MeanShift(1),сырые,uncorrected,0.2723404255319149,0.9574468085106383,0.927536231884058,0.06521739130434782,0.9,0.12162162162162163,303.5,303.5
"abrupt, Δ=0.5, ρ=0, clustered",1004,abrupt,0.5,0.0,clustered,MeanShift(1),сырые,bonferroni,0.00425531914893617,0.0425531914893617,0.2,0.5,0.5,0.5,781.0,963.5
"abrupt, Δ=0.5, ρ=0, clustered",1004,abrupt,0.5,0.0,clustered,MeanShift(1),сырые,bh_window,0.00425531914893617,0.0425531914893617,0.2,0.6,0.6,0.6,593.5,813.5
"abrupt, Δ=0.5, ρ=0, clustered",1004,abrupt,0.5,0.0,clustered,MeanShift(1),сырые,LORD++,0.0,0.0,0.0,,0.0,0.0,,1693.5
"abrupt, Δ=0.5, ρ=0, clustered",1004,abrupt,0.5,0.0,clustered,MeanShift(1),остатки,bonferroni,0.00425531914893617,0.0425531914893617,0.2222222222222222,0.5555555555555556,0.5,0.5263157894736842,758.5714285714286,1013.5
"abrupt, Δ=0.5, ρ=0, clustered",1004,abrupt,0.5,0.0,clustered,MeanShift(1),остатки,bh_window,0.00425531914893617,0.0425531914893617,0.2,0.7,0.7,0.7,468.5,713.5
"abrupt, Δ=0.5, ρ=0, clustered",1004,abrupt,0.5,0.0,clustered,MeanShift(3),сырые,uncorrected,0.13191489361702127,0.7021276595744681,0.8732394366197183,0.1267605633802817,0.9,0.22222222222222224,276.22222222222223,443.5
"abrupt, Δ=0.5, ρ=0, clustered",1004,abrupt,0.5,0.0,clustered,MeanShift(3),сырые,bonferroni,0.00425531914893617,0.0425531914893617,0.18181818181818182,0.6363636363636364,0.7,0.6666666666666666,533.0,623.5
"abrupt, Δ=0.5, ρ=0, clustered",1004,abrupt,0.5,0.0,clustered,MeanShift(3),сырые,bh_window,0.00425531914893617,0.0425531914893617,0.18181818181818182,0.7272727272727273,0.8,0.761904761904762,433.0,533.5
"abrupt, Δ=0.5, ρ=0, clustered",1004,abrupt,0.5,0.0,clustered,MeanShift(3),сырые,LORD++,0.0,0.0,0.0,,0.0,0.0,,1693.5
"abrupt, Δ=0.5, ρ=0, clustered",1004,abrupt,0.5,0.0,clustered,MeanShift(3),остатки,bonferroni,0.002127659574468085,0.02127659574468085,0.125,0.75,0.6,0.6666666666666665,501.42857142857144,833.5
"abrupt, Δ=0.5, ρ=0, clustered",1004,abrupt,0.5,0.0,clustered,MeanShift(3),остатки,bh_window,0.00425531914893617,0.0425531914893617,0.2222222222222222,0.7777777777777778,0.7,0.7368421052631577,401.42857142857144,763.5
"abrupt, Δ=0.5, ρ=0, clustered",1004,abrupt,0.5,0.0,clustered,PH river по умолчанию,сырые,порог,0.7936170212765957,1.0,0.9738903394255874,0.02610966057441253,1.0,0.050890585241730284,143.5,143.5
"abrupt, Δ=0.5, ρ=0, clustered",1005,abrupt,0.5,0.0,clustered,PH,сырые,uncorrected,0.10425531914893617,0.5319148936170213,0.8305084745762712,0.1694915254237288,1.0,0.2898550724637681,192.0,192.0
"abrupt, Δ=0.5, ρ=0, clustered",1005,abrupt,0.5,0.0,clustered,PH,сырые,bonferroni,0.0,0.0,0.0,0.8888888888888888,0.8,0.8421052631578948,534.0,622.0
"abrupt, Δ=0.5, ρ=0, clustered",1005,abrupt,0.5,0.0,clustered,PH,сырые,bh_window,0.0,0.0,0.0,0.8888888888888888,0.8,0.8421052631578948,522.8888888888889,612.0
"abrupt, Δ=0.5, ρ=0, clustered",1005,abrupt,0.5,0.0,clustered,PH,сырые,LORD++,0.0,0.0,0.0,0.75,0.3,0.4285714285714285,841.0,1432.0
"abrupt, Δ=0.5, ρ=0, clustered",1005,abrupt,0.5,0.0,clustered,PH,остатки,bonferroni,0.0,0.0,0.0,1.0,0.8,0.888888888888889,457.0,772.0
"abrupt, Δ=0.5, ρ=0, clustered",1005,abrupt,0.5,0.0,clustered,PH,остатки,bh_window,0.0,0.0,0.0,0.8888888888888888,0.8,0.8421052631578948,534.0,622.0
"abrupt, Δ=0.5, ρ=0, clustered",1005,abrupt,0.5,0.0,clustered,KS,сырые,uncorrected,0.15106382978723404,0.7021276595744681,0.8765432098765432,0.12345679012345678,1.0,0.21978021978021975,332.0,332.0
"abrupt, Δ=0.5, ρ=0, clustered",1005,abrupt,0.5,0.0,clustered,KS,сырые,bonferroni,0.002127659574468085,0.02127659574468085,0.1,0.9,0.9,0.9,600.6666666666666,682.0
"abrupt, Δ=0.5, ρ=0, clustered",1005,abrupt,0.5,0.0,clustered,KS,сырые,bh_window,0.00425531914893617,0.0425531914893617,0.18181818181818182,0.8181818181818182,0.9,0.8571428571428572,545.1111111111111,632.0
"abrupt, Δ=0.5, ρ=0, clustered",1005,abrupt,0.5,0.0,clustered,KS,сырые,LORD++,0.0,0.0,0.0,0.5,0.1,0.16666666666666669,850.0,1672.0
"abrupt, Δ=0.5, ρ=0, clustered",1005,abrupt,0.5,0.0,clustered,KS,остатки,bonferroni,0.0,0.0,0.0,0.8888888888888888,0.8,0.8421052631578948,656.2222222222222,732.0
"abrupt, Δ=0.5, ρ=0, clustered",1005,abrupt,0.5,0.0,clustered,KS,остатки,bh_window,0.006382978723404255,0.06382978723404255,0.25,0.6666666666666666,0.8,0.7272727272727272,645.1111111111111,722.0
"abrupt, Δ=0.5, ρ=0, clustered",1005,abrupt,0.5,0.0,clustered,ADWIN,сырые,uncorrected,0.26595744680851063,0.9361702127659575,0.9259259259259259,0.07407407407407407,1.0,0.13793103448275862,162.0,162.0
"abrupt, Δ=0.5, ρ=0, clustered",1005,abrupt,0.5,0.0,clustered,ADWIN,сырые,bonferroni,0.01702127659574468,0.1702127659574468,0.47058823529411764,0.47058823529411764,0.8,0.5925925925925927,445.1111111111111,542.0
"abrupt, Δ=0.5, ρ=0, clustered",1005,abrupt,0.5,0.0,clustered,ADWIN,сырые,bh_window,0.02127659574468085,0.19148936170212766,0.5263157894736842,0.47368421052631576,0.9,0.6206896551724138,311.77777777777777,422.0
"abrupt, Δ=0.5, ρ=0, clustered",1005,abrupt,0.5,0.0,clustered,ADWIN,сырые,LORD++,0.0,0.0,0.0,1.0,0.7,0.8235294117647058,448.85714285714283,862.0
"abrupt, Δ=0.5, ρ=0, clustered",1005,abrupt,0.5,0.0,clustered,ADWIN,остатки,bonferroni,0.01702127659574468,0.1702127659574468,0.47058823529411764,0.47058823529411764,0.8,0.5925925925925927,467.3333333333333,562.0
"abrupt, Δ=0.5, ρ=0, clustered",1005,abrupt,0.5,0.0,clustered,ADWIN,остатки,bh_window,0.02553191489361702,0.2127659574468085,0.5714285714285714,0.42857142857142855,0.9,0.5806451612903225,334.0,442.0
"abrupt, Δ=0.5, ρ=0, clustered",1005,abrupt,0.5,0.0,clustered,MeanShift(1),сырые,uncorrected,0.28085106382978725,0.9148936170212766,0.9295774647887324,0.07042253521126761,1.0,0.13157894736842107,142.0,142.0
"abrupt, Δ=0.5, ρ=0, clustered",1005,abrupt,0.5,0.0,clustered,MeanShift(1),сырые,bonferroni,0.002127659574468085,0.02127659574468085,0.1111111111111111,0.8888888888888888,0.8,0.8421052631578948,344.5,682.0
"abrupt, Δ=0.5, ρ=0, clustered",1005,abrupt,0.5,0.0,clustered,MeanShift(1),сырые,bh_window,0.00425531914893617,0.0425531914893617,0.18181818181818182,0.7272727272727273,0.8,0.761904761904762,434.0,532.0
"abrupt, Δ=0.5, ρ=0, clustered",1005,abrupt,0.5,0.0,clustered,MeanShift(1),сырые,LORD++,0.0,0.0,0.0,,0.0,0.0,,2032.0
"abrupt, Δ=0.5, ρ=0, clustered",1005,abrupt,0.5,0.0,clustered,MeanShift(1),остатки,bonferroni,0.002127659574468085,0.02127659574468085,0.1111111111111111,0.8888888888888888,0.8,0.8421052631578948,432.0,752.0
"abrupt, Δ=0.5, ρ=0, clustered",1005,abrupt,0.5,0.0,clustered,MeanShift(1),остатки,bh_window,0.006382978723404255,0.06382978723404255,0.2727272727272727,0.7272727272727273,0.8,0.761904761904762,432.0,752.0
"abrupt, Δ=0.5, ρ=0, clustered",1005,abrupt,0.5,0.0,clustered,MeanShift(3),сырые,uncorrected,0.1276595744680851,0.6808510638297872,0.8571428571428571,0.14285714285714285,1.0,0.25,252.0,252.0
"abrupt, Δ=0.5, ρ=0, clustered",1005,abrupt,0.5,0.0,clustered,MeanShift(3),сырые,bonferroni,0.002127659574468085,0.02127659574468085,0.1,0.9,0.9,0.9,545.1111111111111,632.0
"abrupt, Δ=0.5, ρ=0, clustered",1005,abrupt,0.5,0.0,clustered,MeanShift(3),сырые,bh_window,0.002127659574468085,0.02127659574468085,0.1,0.9,0.9,0.9,500.6666666666667,592.0
"abrupt, Δ=0.5, ρ=0, clustered",1005,abrupt,0.5,0.0,clustered,MeanShift(3),сырые,LORD++,0.0,0.0,0.0,1.0,0.1,0.18181818181818182,750.0,1842.0
"abrupt, Δ=0.5, ρ=0, clustered",1005,abrupt,0.5,0.0,clustered,MeanShift(3),остатки,bonferroni,0.00425531914893617,0.0425531914893617,0.18181818181818182,0.8181818181818182,0.9,0.8571428571428572,534.0,622.0
"abrupt, Δ=0.5, ρ=0, clustered",1005,abrupt,0.5,0.0,clustered,MeanShift(3),остатки,bh_window,0.00425531914893617,0.0425531914893617,0.18181818181818182,0.8181818181818182,0.9,0.8571428571428572,500.6666666666667,592.0
"abrupt, Δ=0.5, ρ=0, clustered",1005,abrupt,0.5,0.0,clustered,PH river по умолчанию,сырые,порог,0.7106382978723405,1.0,0.9709302325581395,0.029069767441860465,1.0,0.05649717514124294,192.0,192.0
"abrupt, Δ=0.5, ρ=0, clustered",1007,abrupt,0.5,0.0,clustered,PH,сырые,uncorrected,0.09148936170212765,0.5106382978723404,0.8113207547169812,0.18867924528301888,1.0,0.3174603174603175,190.5,190.5
"abrupt, Δ=0.5, ρ=0, clustered",1007,abrupt,0.5,0.0,clustered,PH,сырые,bonferroni,0.0,0.0,0.0,0.7777777777777778,0.7,0.7368421052631577,701.3333333333334,970.5
"abrupt, Δ=0.5, ρ=0, clustered",1007,abrupt,0.5,0.0,clustered,PH,сырые,bh_window,0.0,0.0,0.0,1.0,0.9,0.9473684210526316,256.8888888888889,570.5
"abrupt, Δ=0.5, ρ=0, clustered",1007,abrupt,0.5,0.0,clustered,PH,сырые,LORD++,0.0,0.0,0.0,0.8,0.4,0.5333333333333333,741.0,1930.5
"abrupt, Δ=0.5, ρ=0, clustered",1007,abrupt,0.5,0.0,clustered,PH,остатки,bonferroni,0.0,0.0,0.0,0.8571428571428571,0.6,0.7058823529411764,498.7142857142857,1230.5
"abrupt, Δ=0.5, ρ=0, clustered",1007,abrupt,0.5,0.0,clustered,PH,остатки,bh_window,0.0,0.0,0.0,0.8571428571428571,0.6,0.7058823529411764,484.42857142857144,1220.5
"abrupt, Δ=0.5, ρ=0, clustered",1007,abrupt,0.5,0.0,clustered,KS,сырые,uncorrected,0.13404255319148936,0.723404255319149,0.863013698630137,0.136986301369863,1.0,0.24096385542168672,230.5,230.5
"abrupt, Δ=0.5, ρ=0, clustered",1007,abrupt,0.5,0.0,clustered,KS,сырые,bonferroni,0.00425531914893617,0.0425531914893617,0.18181818181818182,0.6363636363636364,0.7,0.6666666666666666,712.4444444444445,980.5
"abrupt, Δ=0.5, ρ=0, clustered",1007,abrupt,0.5,0.0,clustered,KS,сырые,bh_window,0.00425531914893617,0.0425531914893617,0.16666666666666666,0.6666666666666666,0.8,0.7272727272727272,700.5,700.5
"abrupt, Δ=0.5, ρ=0, clustered",1007,abrupt,0.5,0.0,clustered,KS,сырые,LORD++,0.0,0.0,0.0,0.6,0.3,0.4,1054.0,1950.5
"abrupt, Δ=0.5, ρ=0, clustered",1007,abrupt,0.5,0.0,clustered,KS,остатки,bonferroni,0.002127659574468085,0.02127659574468085,0.1111111111111111,0.5555555555555556,0.5,0.5263157894736842,823.0,1200.5
"abrupt, Δ=0.5, ρ=0, clustered",1007,abrupt,0.5,0.0,clustered,KS,остатки,bh_window,0.002127659574468085,0.02127659574468085,0.09090909090909091,0.6363636363636364,0.7,0.6666666666666666,810.5,810.5
"abrupt, Δ=0.5, ρ=0, clustered",1007,abrupt,0.5,0.0,clustered,ADWIN,сырые,uncorrected,0.26595744680851063,0.9361702127659575,0.9259259259259259,0.07407407407407407,1.0,0.13793103448275862,160.5,160.5
"abrupt, Δ=0.5, ρ=0, clustered",1007,abrupt,0.5,0.0,clustered,ADWIN,сырые,bonferroni,0.01276595744680851,0.1276595744680851,0.4,0.6,0.9,0.7200000000000001,290.22222222222223,600.5
"abrupt, Δ=0.5, ρ=0, clustered",1007,abrupt,0.5,0.0,clustered,ADWIN,сырые,bh_window,0.010638297872340425,0.0851063829787234,0.3333333333333333,0.6,0.9,0.7200000000000001,380.5,380.5
"abrupt, Δ=0.5, ρ=0, clustered",1007,abrupt,0.5,0.0,clustered,ADWIN,сырые,LORD++,0.0,0.0,0.0,0.7142857142857143,0.5,0.588235294117647,703.7142857142857,1510.5
"abrupt, Δ=0.5, ρ=0, clustered",1007,abrupt,0.5,0.0,clustered,ADWIN,остатки,bonferroni,0.01702127659574468,0.1702127659574468,0.47058823529411764,0.5294117647058824,0.9,0.6666666666666667,312.44444444444446,620.5
"abrupt, Δ=0.5, ρ=0, clustered",1007,abrupt,0.5,0.0,clustered,ADWIN,остатки,bh_window,0.01702127659574468,0.1276595744680851,0.47058823529411764,0.5294117647058824,0.9,0.6666666666666667,279.1111111111111,590.5
"abrupt, Δ=0.5, ρ=0, clustered",1007,abrupt,0.5,0.0,clustered,MeanShift(1),сырые,uncorrected,0.2936170212765957,0.9787234042553191,0.9324324324324325,0.06756756756756757,1.0,0.12658227848101267,120.5,120.5
"abrupt, Δ=0.5, ρ=0, clustered",1007,abrupt,0.5,0.0,clustered,MeanShift(1),сырые,bonferroni,0.006382978723404255,0.06382978723404255,0.2727272727272727,0.45454545454545453,0.5,0.47619047619047616,885.5,1250.5
"abrupt, Δ=0.5, ρ=0, clustered",1007,abrupt,0.5,0.0,clustered,MeanShift(1),сырые,bh_window,0.00851063829787234,0.0851063829787234,0.3333333333333333,0.5833333333333334,0.7,0.6363636363636365,685.5,1090.5
"abrupt, Δ=0.5, ρ=0, clustered",1007,abrupt,0.5,0.0,clustered,MeanShift(1),сырые,LORD++,0.0,0.0,0.0,1.0,0.1,0.18181818181818182,428.0,2550.5
"abrupt, Δ=0.5, ρ=0, clustered",1007,abrupt,0.5,0.0,clustered,MeanShift(1),остатки,bonferroni,0.00425531914893617,0.0425531914893617,0.25,0.375,0.3,0.33333333333333326,1010.5,1690.5
"abrupt, Δ=0.5, ρ=0, clustered",1007,abrupt,0.5,0.0,clustered,MeanShift(1),остатки,bh_window,0.006382978723404255,0.06382978723404255,0.3,0.6,0.6,0.6,513.0,1240.5
"abrupt, Δ=0.5, ρ=0, clustered",1007,abrupt,0.5,0.0,clustered,MeanShift(3),сырые,uncorrected,0.13617021276595745,0.7021276595744681,0.8648648648648649,0.13513513513513514,1.0,0.2380952380952381,250.5,250.5
"abrupt, Δ=0.5, ρ=0, clustered",1007,abrupt,0.5,0.0,clustered,MeanShift(3),сырые,bonferroni,0.0,0.0,0.0,1.0,1.0,1.0,390.5,390.5
"abrupt, Δ=0.5, ρ=0, clustered",1007,abrupt,0.5,0.0,clustered,MeanShift(3),сырые,bh_window,0.002127659574468085,0.02127659574468085,0.09090909090909091,0.9090909090909091,1.0,0.9523809523809523,290.5,290.5
"abrupt, Δ=0.5, ρ=0, clustered",1007,abrupt,0.5,0.0,clustered,MeanShift(3),сырые,LORD++,0.0,0.0,0.0,,0.0,0.0,,2710.5
"abrupt, Δ=0.5, ρ=0, clustered",1007,abrupt,0.5,0.0,clustered,MeanShift(3),остатки,bonferroni,0.0,0.0,0.0,0.8,0.8,0.8000000000000002,640.5,640.5
"abrupt, Δ=0.5, ρ=0, clustered",1007,abrupt,0.5,0.0,clustered,MeanShift(3),остатки,bh_window,0.0,0.0,0.0,0.9,0.9,0.9,380.5,380.5
"abrupt, Δ=0.5, ρ=0, clustered",1007,abrupt,0.5,0.0,clustered,PH river по умолчанию,сырые,порог,0.7617021276595745,0.9787234042553191,0.9728260869565217,0.02717391304347826,1.0,0.05291005291005291,150.5,150.5
"abrupt, Δ=0.5, ρ=0, clustered",1006,abrupt,0.5,0.0,clustered,PH,сырые,uncorrected,0.10638297872340426,0.6170212765957447,0.8333333333333334,0.16666666666666666,1.0,0.2857142857142857,219.5,219.5
"abrupt, Δ=0.5, ρ=0, clustered",1006,abrupt,0.5,0.0,clustered,PH,сырые,bonferroni,0.002127659574468085,0.02127659574468085,0.1111111111111111,0.7777777777777778,0.7,0.7368421052631577,664.5,909.5
"abrupt, Δ=0.5, ρ=0, clustered",1006,abrupt,0.5,0.0,clustered,PH,сырые,bh_window,0.002127659574468085,0.02127659574468085,0.1111111111111111,0.8888888888888888,0.8,0.8421052631578948,427.0,719.5
"abrupt, Δ=0.5, ρ=0, clustered",1006,abrupt,0.5,0.0,clustered,PH,сырые,LORD++,0.0,0.0,0.0,,0.0,0.0,,1889.5
"abrupt, Δ=0.5, ρ=0, clustered",1006,abrupt,0.5,0.0,clustered,PH,остатки,bonferroni,0.00425531914893617,0.0425531914893617,0.2,0.7,0.7,0.7,652.0,899.5
"abrupt, Δ=0.5, ρ=0, clustered",1006,abrupt,0.5,0.0,clustered,PH,остатки,bh_window,0.00425531914893617,0.0425531914893617,0.2,0.8,0.8,0.8000000000000002,452.0,739.5
"abrupt, Δ=0.5, ρ=0, clustered",1006,abrupt,0.5,0.0,clustered,KS,сырые,uncorrected,0.15531914893617021,0.8297872340425532,0.8795180722891566,0.12048192771084337,1.0,0.21505376344086022,319.5,319.5
"abrupt, Δ=0.5, ρ=0, clustered",1006,abrupt,0.5,0.0,clustered,KS,сырые,bonferroni,0.00425531914893617,0.0425531914893617,0.2,0.7,0.7,0.7,677.0,919.5
"abrupt, Δ=0.5, ρ=0, clustered",1006,abrupt,0.5,0.0,clustered,KS,сырые,bh_window,0.00425531914893617,0.0425531914893617,0.2,0.8,0.8,0.8000000000000002,502.0,779.5
"abrupt, Δ=0.5, ρ=0, clustered",1006,abrupt,0.5,0.0,clustered,KS,сырые,LORD++,0.0,0.0,0.0,,0.0,0.0,,1889.5
"abrupt, Δ=0.5, ρ=0, clustered",1006,abrupt,0.5,0.0,clustered,KS,остатки,bonferroni,0.002127659574468085,0.02127659574468085,0.1111111111111111,0.8888888888888888,0.8,0.8421052631578948,614.5,869.5
"abrupt, Δ=0.5, ρ=0, clustered",1006,abrupt,0.5,0.0,clustered,KS,остатки,bh_window,0.00425531914893617,0.0425531914893617,0.2,0.8,0.8,0.8000000000000002,552.0,819.5
"abrupt, Δ=0.5, ρ=0, clustered",1006,abrupt,0.5,0.0,clustered,ADWIN,сырые,uncorrected,0.2978723404255319,0.9787234042553191,0.9333333333333333,0.06666666666666667,1.0,0.125,199.5,199.5
"abrupt, Δ=0.5, ρ=0, clustered",1006,abrupt,0.5,0.0,clustered,ADWIN,сырые,bonferroni,0.01276595744680851,0.1276595744680851,0.4,0.5333333333333333,0.8,0.64,421.55555555555554,529.5
"abrupt, Δ=0.5, ρ=0, clustered",1006,abrupt,0.5,0.0,clustered,ADWIN,сырые,bh_window,0.014893617021276596,0.14893617021276595,0.4375,0.5625,0.9,0.6923076923076923,343.77777777777777,459.5
"abrupt, Δ=0.5, ρ=0, clustered",1006,abrupt,0.5,0.0,clustered,ADWIN,сырые,LORD++,0.0,0.0,0.0,0.7142857142857143,0.5,0.588235294117647,648.2857142857143,1059.5
"abrupt, Δ=0.5, ρ=0, clustered",1006,abrupt,0.5,0.0,clustered,ADWIN,остатки,bonferroni,0.010638297872340425,0.10638297872340426,0.38461538461538464,0.5384615384615384,0.7,0.608695652173913,389.5,689.5
"abrupt, Δ=0.5, ρ=0, clustered",1006,abrupt,0.5,0.0,clustered,ADWIN,остатки,bh_window,0.01702127659574468,0.14893617021276595,0.5,0.5,0.8,0.6153846153846154,377.0,679.5
"abrupt, Δ=0.5, ρ=0, clustered",1006,abrupt,0.5,0.0,clustered,MeanShift(1),сырые,uncorrected,0.28297872340425534,1.0,0.9300699300699301,0.06293706293706294,0.9,0.11764705882352942,279.5,279.5
"abrupt, Δ=0.5, ρ=0, clustered",1006,abrupt,0.5,0.0,clustered,MeanShift(1),сырые,bonferroni,0.00425531914893617,0.0425531914893617,0.2,0.5,0.5,0.5,727.0,959.5
"abrupt, Δ=0.5, ρ=0, clustered",1006,abrupt,0.5,0.0,clustered,MeanShift(1),сырые,bh_window,0.006382978723404255,0.06382978723404255,0.2727272727272727,0.7272727272727273,0.8,0.761904761904762,364.5,669.5
"abrupt, Δ=0.5, ρ=0, clustered",1006,abrupt,0.5,0.0,clustered,MeanShift(1),сырые,LORD++,0.0,0.0,0.0,,0.0,0.0,,1889.5
"abrupt, Δ=0.5, ρ=0, clustered",1006,abrupt,0.5,0.0,clustered,MeanShift(1),остатки,bonferroni,0.00425531914893617,0.0425531914893617,0.2222222222222222,0.5555555555555556,0.5,0.5263157894736842,745.0,1049.5
"abrupt, Δ=0.5, ρ=0, clustered",1006,abrupt,0.5,0.0,clustered,MeanShift(1),остатки,bh_window,0.00425531914893617,0.0425531914893617,0.2222222222222222,0.6666666666666666,0.6,0.631578947368421,573.5714285714286,929.5
"abrupt, Δ=0.5, ρ=0, clustered",1006,abrupt,0.5,0.0,clustered,MeanShift(3),сырые,uncorrected,0.14893617021276595,0.7446808510638298,0.875,0.125,1.0,0.2222222222222222,269.5,269.5
"abrupt, Δ=0.5, ρ=0, clustered",1006,abrupt,0.5,0.0,clustered,MeanShift(3),сырые,bonferroni,0.0,0.0,0.0,0.875,0.7,0.7777777777777777,517.375,869.5
"abrupt, Δ=0.5, ρ=0, clustered",1006,abrupt,0.5,0.0,clustered,MeanShift(3),сырые,bh_window,0.0,0.0,0.0,0.7777777777777778,0.7,0.7368421052631577,613.0,779.5
"abrupt, Δ=0.5, ρ=0, clustered",1006,abrupt,0.5,0.0,clustered,MeanShift(3),сырые,LORD++,0.0,0.0,0.0,,0.0,0.0,,1889.5
"abrupt, Δ=0.5, ρ=0, clustered",1006,abrupt,0.5,0.0,clustered,MeanShift(3),остатки,bonferroni,0.0,0.0,0.0,0.875,0.7,0.7777777777777777,579.875,919.5
"abrupt, Δ=0.5, ρ=0, clustered",1006,abrupt,0.5,0.0,clustered,MeanShift(3),остатки,bh_window,0.0,0.0,0.0,0.875,0.7,0.7777777777777777,479.875,839.5
"abrupt, Δ=0.5, ρ=0, clustered",1006,abrupt,0.5,0.0,clustered,PH river по умолчанию,сырые,порог,0.725531914893617,1.0,0.9715099715099715,0.02849002849002849,1.0,0.0554016620498615,139.5,139.5
"abrupt, Δ=0.5, ρ=0.3, scattered",1010,abrupt,0.5,0.3,scattered,PH,сырые,uncorrected,0.0574468085106383,0.2978723404255319,0.7297297297297297,0.2702702702702703,1.0,0.4255319148936171,228.9,228.9
"abrupt, Δ=0.5, ρ=0.3, scattered",1010,abrupt,0.5,0.3,scattered,PH,сырые,bonferroni,0.0,0.0,0.0,1.0,0.7,0.8235294117647058,526.1428571428571,998.9
"abrupt, Δ=0.5, ρ=0.3, scattered",1010,abrupt,0.5,0.3,scattered,PH,сырые,bh_window,0.0,0.0,0.0,0.8888888888888888,0.8,0.8421052631578948,565.4444444444445,848.9
"abrupt, Δ=0.5, ρ=0.3, scattered",1010,abrupt,0.5,0.3,scattered,PH,сырые,LORD++,0.0,0.0,0.0,,0.0,0.0,,2388.9
"abrupt, Δ=0.5, ρ=0.3, scattered",1010,abrupt,0.5,0.3,scattered,PH,остатки,bonferroni,0.002127659574468085,0.02127659574468085,0.125,0.75,0.6,0.6666666666666665,554.7142857142857,1018.9
"abrupt, Δ=0.5, ρ=0.3, scattered",1010,abrupt,0.5,0.3,scattered,PH,остатки,bh_window,0.00425531914893617,0.0425531914893617,0.2222222222222222,0.7777777777777778,0.7,0.7368421052631577,397.57142857142856,908.9
"abrupt, Δ=0.5, ρ=0.3, scattered",1010,abrupt,0.5,0.3,scattered,KS,сырые,uncorrected,0.11063829787234042,0.6382978723404256,0.8387096774193549,0.16129032258064516,1.0,0.27777777777777773,308.9,308.9
"abrupt, Δ=0.5, ρ=0.3, scattered",1010,abrupt,0.5,0.3,scattered,KS,сырые,bonferroni,0.002127659574468085,0.02127659574468085,0.1111111111111111,0.6666666666666666,0.6,0.631578947368421,872.875,988.9
"abrupt, Δ=0.5, ρ=0.3, scattered",1010,abrupt,0.5,0.3,scattered,KS,сырые,bh_window,0.002127659574468085,0.02127659574468085,0.1111111111111111,0.6666666666666666,0.6,0.631578947368421,860.375,978.9
"abrupt, Δ=0.5, ρ=0.3, scattered",1010,abrupt,0.5,0.3,scattered,KS,сырые,LORD++,0.0,0.0,0.0,0.4,0.2,0.26666666666666666,1255.4,1518.9
"abrupt, Δ=0.5, ρ=0.3, scattered",1010,abrupt,0.5,0.3,scattered,KS,остатки,bonferroni,0.0,0.0,0.0,0.8571428571428571,0.6,0.7058823529411764,669.0,1098.9
"abrupt, Δ=0.5, ρ=0.3, scattered",1010,abrupt,0.5,0.3,scattered,KS,остатки,bh_window,0.0,0.0,0.0,1.0,0.7,0.8235294117647058,483.2857142857143,968.9
"abrupt, Δ=0.5, ρ=0.3, scattered",1010,abrupt,0.5,0.3,scattered,ADWIN,сырые,uncorrected,0.25957446808510637,0.8936170212765957,0.9242424242424242,0.07575757575757576,1.0,0.14084507042253522,198.9,198.9
"abrupt, Δ=0.5, ρ=0.3, scattered",1010,abrupt,0.5,0.3,scattered,ADWIN,сырые,bonferroni,0.002127659574468085,0.02127659574468085,0.1,0.6,0.6,0.6,676.5555555555555,948.9
"abrupt, Δ=0.5, ρ=0.3, scattered",1010,abrupt,0.5,0.3,scattered,ADWIN,сырые,bh_window,0.00425531914893617,0.0425531914893617,0.18181818181818182,0.5454545454545454,0.6,0.5714285714285713,654.3333333333334,928.9
"abrupt, Δ=0.5, ρ=0.3, scattered",1010,abrupt,0.5,0.3,scattered,ADWIN,сырые,LORD++,0.0,0.0,0.0,1.0,0.4,0.5714285714285715,444.25,1408.9
"abrupt, Δ=0.5, ρ=0.3, scattered",1010,abrupt,0.5,0.3,scattered,ADWIN,остатки,bonferroni,0.00851063829787234,0.0851063829787234,0.3076923076923077,0.6923076923076923,0.9,0.7826086956521738,454.3333333333333,748.9
"abrupt, Δ=0.5, ρ=0.3, scattered",1010,abrupt,0.5,0.3,scattered,ADWIN,остатки,bh_window,0.01276595744680851,0.0851063829787234,0.4,0.6,0.9,0.7200000000000001,387.6666666666667,688.9
"abrupt, Δ=0.5, ρ=0.3, scattered",1010,abrupt,0.5,0.3,scattered,MeanShift(1),сырые,uncorrected,0.27872340425531916,0.5957446808510638,0.9357142857142857,0.06428571428571428,0.9,0.11999999999999998,174.66666666666666,288.9
"abrupt, Δ=0.5, ρ=0.3, scattered",1010,abrupt,0.5,0.3,scattered,MeanShift(1),сырые,bonferroni,0.002127659574468085,0.02127659574468085,0.09090909090909091,0.6363636363636364,0.7,0.6666666666666666,758.9,758.9
"abrupt, Δ=0.5, ρ=0.3, scattered",1010,abrupt,0.5,0.3,scattered,MeanShift(1),сырые,bh_window,0.014893617021276596,0.06382978723404255,0.4117647058823529,0.47058823529411764,0.8,0.5925925925925927,568.9,568.9
"abrupt, Δ=0.5, ρ=0.3, scattered",1010,abrupt,0.5,0.3,scattered,MeanShift(1),сырые,LORD++,0.0,0.0,0.0,,0.0,0.0,,2388.9
"abrupt, Δ=0.5, ρ=0.3, scattered",1010,abrupt,0.5,0.3,scattered,MeanShift(1),остатки,bonferroni,0.00425531914893617,0.0425531914893617,0.2857142857142857,0.7142857142857143,0.5,0.588235294117647,420.0,1338.9
"abrupt, Δ=0.5, ρ=0.3, scattered",1010,abrupt,0.5,0.3,scattered,MeanShift(1),остатки,bh_window,0.00425531914893617,0.0425531914893617,0.2,0.5,0.5,0.5,746.5,1068.9
"abrupt, Δ=0.5, ρ=0.3, scattered",1010,abrupt,0.5,0.3,scattered,MeanShift(3),сырые,uncorrected,0.07872340425531915,0.3617021276595745,0.7872340425531915,0.2127659574468085,1.0,0.3508771929824561,448.9,448.9
"abrupt, Δ=0.5, ρ=0.3, scattered",1010,abrupt,0.5,0.3,scattered,MeanShift(3),сырые,bonferroni,0.0,0.0,0.0,0.8333333333333334,0.5,0.625,694.8333333333334,1268.9
"abrupt, Δ=0.5, ρ=0.3, scattered",1010,abrupt,0.5,0.3,scattered,MeanShift(3),сырые,bh_window,0.0,0.0,0.0,1.0,0.6,0.7499999999999999,461.5,1128.9
"abrupt, Δ=0.5, ρ=0.3, scattered",1010,abrupt,0.5,0.3,scattered,MeanShift(3),сырые,LORD++,0.0,0.0,0.0,,0.0,0.0,,2388.9
"abrupt, Δ=0.5, ρ=0.3, scattered",1010,abrupt,0.5,0.3,scattered,MeanShift(3),остатки,bonferroni,0.0,0.0,0.0,0.75,0.6,0.6666666666666665,670.75,978.9
"abrupt, Δ=0.5, ρ=0.3, scattered",1010,abrupt,0.5,0.3,scattered,MeanShift(3),остатки,bh_window,0.002127659574468085,0.02127659574468085,0.1111111111111111,0.7777777777777778,0.7,0.7368421052631577,495.75,838.9
"abrupt, Δ=0.5, ρ=0.3, scattered",1010,abrupt,0.5,0.3,scattered,PH river по умолчанию,сырые,порог,0.7510638297872341,0.9361702127659575,0.9724517906336089,0.027548209366391185,1.0,0.05361930294906166,158.9,158.9
"abrupt, Δ=0.5, ρ=0.3, scattered",1009,abrupt,0.5,0.3,scattered,PH,сырые,uncorrected,0.13191489361702127,0.5106382978723404,0.8611111111111112,0.1388888888888889,1.0,0.24390243902439027,214.4,214.4
"abrupt, Δ=0.5, ρ=0.3, scattered",1009,abrupt,0.5,0.3,scattered,PH,сырые,bonferroni,0.00425531914893617,0.0425531914893617,0.2,0.8,0.8,0.8000000000000002,293.625,684.4
"abrupt, Δ=0.5, ρ=0.3, scattered",1009,abrupt,0.5,0.3,scattered,PH,сырые,bh_window,0.006382978723404255,0.06382978723404255,0.25,0.75,0.9,0.8181818181818182,318.8888888888889,454.4
"abrupt, Δ=0.5, ρ=0.3, scattered",1009,abrupt,0.5,0.3,scattered,PH,сырые,LORD++,0.0,0.0,0.0,,0.0,0.0,,2364.4
"abrupt, Δ=0.5, ρ=0.3, scattered",1009,abrupt,0.5,0.3,scattered,PH,остатки,bonferroni,0.0,0.0,0.0,1.0,0.9,0.9473684210526316,352.22222222222223,484.4
"abrupt, Δ=0.5, ρ=0.3, scattered",1009,abrupt,0.5,0.3,scattered,PH,остатки,bh_window,0.002127659574468085,0.02127659574468085,0.1,0.9,0.9,0.9,330.0,464.4
"abrupt, Δ=0.5, ρ=0.3, scattered",1009,abrupt,0.5,0.3,scattered,KS,сырые,uncorrected,0.13404255319148936,0.5531914893617021,0.863013698630137,0.136986301369863,1.0,0.24096385542168672,304.4,304.4
"abrupt, Δ=0.5, ρ=0.3, scattered",1009,abrupt,0.5,0.3,scattered,KS,сырые,bonferroni,0.0,0.0,0.0,0.875,0.7,0.7777777777777777,488.5,974.4
"abrupt, Δ=0.5, ρ=0.3, scattered",1009,abrupt,0.5,0.3,scattered,KS,сырые,bh_window,0.0,0.0,0.0,0.9,0.9,0.9,634.4,634.4
"abrupt, Δ=0.5, ρ=0.3, scattered",1009,abrupt,0.5,0.3,scattered,KS,сырые,LORD++,0.0,0.0,0.0,0.3333333333333333,0.1,0.15384615384615383,890.3333333333334,1664.4
"abrupt, Δ=0.5, ρ=0.3, scattered",1009,abrupt,0.5,0.3,scattered,KS,остатки,bonferroni,0.0,0.0,0.0,0.8,0.8,0.8000000000000002,624.4,624.4
"abrupt, Δ=0.5, ρ=0.3, scattered",1009,abrupt,0.5,0.3,scattered,KS,остатки,bh_window,0.002127659574468085,0.02127659574468085,0.09090909090909091,0.7272727272727273,0.8,0.761904761904762,614.4,614.4
"abrupt, Δ=0.5, ρ=0.3, scattered",1009,abrupt,0.5,0.3,scattered,ADWIN,сырые,uncorrected,0.2765957446808511,0.8723404255319149,0.935251798561151,0.06474820143884892,0.9,0.12080536912751677,150.11111111111111,454.4
"abrupt, Δ=0.5, ρ=0.3, scattered",1009,abrupt,0.5,0.3,scattered,ADWIN,сырые,bonferroni,0.00851063829787234,0.0851063829787234,0.3333333333333333,0.6666666666666666,0.8,0.7272727272727272,231.125,634.4
"abrupt, Δ=0.5, ρ=0.3, scattered",1009,abrupt,0.5,0.3,scattered,ADWIN,сырые,bh_window,0.029787234042553193,0.0851063829787234,0.6363636363636364,0.36363636363636365,0.8,0.5000000000000001,231.125,634.4
"abrupt, Δ=0.5, ρ=0.3, scattered",1009,abrupt,0.5,0.3,scattered,ADWIN,сырые,LORD++,0.002127659574468085,0.02127659574468085,0.16666666666666666,0.6666666666666666,0.4,0.5,642.6,1474.4
"abrupt, Δ=0.5, ρ=0.3, scattered",1009,abrupt,0.5,0.3,scattered,ADWIN,остатки,bonferroni,0.01702127659574468,0.1702127659574468,0.47058823529411764,0.5294117647058824,0.9,0.6666666666666667,241.11111111111111,384.4
"abrupt, Δ=0.5, ρ=0.3, scattered",1009,abrupt,0.5,0.3,scattered,ADWIN,остатки,bh_window,0.02127659574468085,0.14893617021276595,0.5263157894736842,0.47368421052631576,0.9,0.6206896551724138,241.11111111111111,384.4
"abrupt, Δ=0.5, ρ=0.3, scattered",1009,abrupt,0.5,0.3,scattered,MeanShift(1),сырые,uncorrected,0.39361702127659576,0.7021276595744681,0.9487179487179487,0.05128205128205128,1.0,0.09756097560975609,134.4,134.4
"abrupt, Δ=0.5, ρ=0.3, scattered",1009,abrupt,0.5,0.3,scattered,MeanShift(1),сырые,bonferroni,0.00851063829787234,0.0425531914893617,0.3333333333333333,0.6666666666666666,0.8,0.7272727272727272,201.0,744.4
"abrupt, Δ=0.5, ρ=0.3, scattered",1009,abrupt,0.5,0.3,scattered,MeanShift(1),сырые,bh_window,0.07446808510638298,0.0425531914893617,0.7954545454545454,0.1590909090909091,0.7,0.25925925925925924,541.4444444444445,604.4
"abrupt, Δ=0.5, ρ=0.3, scattered",1009,abrupt,0.5,0.3,scattered,MeanShift(1),сырые,LORD++,0.0,0.0,0.0,,0.0,0.0,,2364.4
"abrupt, Δ=0.5, ρ=0.3, scattered",1009,abrupt,0.5,0.3,scattered,MeanShift(1),остатки,bonferroni,0.0,0.0,0.0,0.875,0.7,0.7777777777777777,544.875,764.4
"abrupt, Δ=0.5, ρ=0.3, scattered",1009,abrupt,0.5,0.3,scattered,MeanShift(1),остатки,bh_window,0.0,0.0,0.0,0.875,0.7,0.7777777777777777,444.875,684.4
"abrupt, Δ=0.5, ρ=0.3, scattered",1009,abrupt,0.5,0.3,scattered,MeanShift(3),сырые,uncorrected,0.16595744680851063,0.5531914893617021,0.8863636363636364,0.11363636363636363,1.0,0.20408163265306123,264.4,264.4
"abrupt, Δ=0.5, ρ=0.3, scattered",1009,abrupt,0.5,0.3,scattered,MeanShift(3),сырые,bonferroni,0.002127659574468085,0.02127659574468085,0.1111111111111111,0.6666666666666666,0.6,0.631578947368421,669.875,864.4
"abrupt, Δ=0.5, ρ=0.3, scattered",1009,abrupt,0.5,0.3,scattered,MeanShift(3),сырые,bh_window,0.00425531914893617,0.0425531914893617,0.16666666666666666,0.6666666666666666,0.8,0.7272727272727272,484.4,484.4
"abrupt, Δ=0.5, ρ=0.3, scattered",1009,abrupt,0.5,0.3,scattered,MeanShift(3),сырые,LORD++,0.0,0.0,0.0,,0.0,0.0,,2364.4
"abrupt, Δ=0.5, ρ=0.3, scattered",1009,abrupt,0.5,0.3,scattered,MeanShift(3),остатки,bonferroni,0.002127659574468085,0.02127659574468085,0.1,0.8,0.8,0.8000000000000002,492.55555555555554,604.4
"abrupt, Δ=0.5, ρ=0.3, scattered",1009,abrupt,0.5,0.3,scattered,MeanShift(3),остатки,bh_window,0.002127659574468085,0.02127659574468085,0.1,0.9,0.9,0.9,437.0,554.4
"abrupt, Δ=0.5, ρ=0.3, scattered",1009,abrupt,0.5,0.3,scattered,PH river по умолчанию,сырые,порог,0.823404255319149,0.9361702127659575,0.9772727272727273,0.022727272727272728,0.9,0.04433497536945813,116.77777777777777,424.4
"abrupt, Δ=0.5, ρ=0.3, scattered",1008,abrupt,0.5,0.3,scattered,PH,сырые,uncorrected,0.22127659574468084,0.5531914893617021,0.9122807017543859,0.08771929824561403,1.0,0.16129032258064516,200.2,200.2
"abrupt, Δ=0.5, ρ=0.3, scattered",1008,abrupt,0.5,0.3,scattered,PH,сырые,bonferroni,0.010638297872340425,0.06382978723404255,0.35714285714285715,0.5714285714285714,0.8,0.6666666666666666,580.7777777777778,650.2
"abrupt, Δ=0.5, ρ=0.3, scattered",1008,abrupt,0.5,0.3,scattered,PH,сырые,bh_window,0.05319148936170213,0.10638297872340426,0.7352941176470589,0.2647058823529412,0.9,0.40909090909090906,325.22222222222223,420.2
"abrupt, Δ=0.5, ρ=0.3, scattered",1008,abrupt,0.5,0.3,scattered,PH,сырые,LORD++,0.002127659574468085,0.02127659574468085,0.1111111111111111,0.5555555555555556,0.5,0.5263157894736842,1124.875,1360.2
"abrupt, Δ=0.5, ρ=0.3, scattered",1008,abrupt,0.5,0.3,scattered,PH,остатки,bonferroni,0.002127659574468085,0.02127659574468085,0.1111111111111111,0.7777777777777778,0.7,0.7368421052631577,524.375,900.2
"abrupt, Δ=0.5, ρ=0.3, scattered",1008,abrupt,0.5,0.3,scattered,PH,остатки,bh_window,0.002127659574468085,0.02127659574468085,0.1111111111111111,0.7777777777777778,0.7,0.7368421052631577,511.875,890.2
"abrupt, Δ=0.5, ρ=0.3, scattered",1008,abrupt,0.5,0.3,scattered,KS,сырые,uncorrected,0.2276595744680851,0.8085106382978723,0.9145299145299145,0.08547008547008547,1.0,0.15748031496062995,320.2,320.2
"abrupt, Δ=0.5, ρ=0.3, scattered",1008,abrupt,0.5,0.3,scattered,KS,сырые,bonferroni,0.00425531914893617,0.0425531914893617,0.16666666666666666,0.75,0.9,0.8181818181818182,650.2,650.2
"abrupt, Δ=0.5, ρ=0.3, scattered",1008,abrupt,0.5,0.3,scattered,KS,сырые,bh_window,0.00851063829787234,0.06382978723404255,0.2857142857142857,0.6428571428571429,0.9,0.75,540.2,540.2
"abrupt, Δ=0.5, ρ=0.3, scattered",1008,abrupt,0.5,0.3,scattered,KS,сырые,LORD++,0.002127659574468085,0.02127659574468085,0.1,0.4,0.4,0.4000000000000001,1570.3333333333333,1670.2
"abrupt, Δ=0.5, ρ=0.3, scattered",1008,abrupt,0.5,0.3,scattered,KS,остатки,bonferroni,0.0,0.0,0.0,1.0,0.6,0.7499999999999999,532.0,1230.2
"abrupt, Δ=0.5, ρ=0.3, scattered",1008,abrupt,0.5,0.3,scattered,KS,остатки,bh_window,0.002127659574468085,0.02127659574468085,0.125,0.875,0.7,0.7777777777777777,488.57142857142856,920.2
"abrupt, Δ=0.5, ρ=0.3, scattered",1008,abrupt,0.5,0.3,scattered,ADWIN,сырые,uncorrected,0.28936170212765955,0.7872340425531915,0.9315068493150684,0.0684931506849315,1.0,0.1282051282051282,190.2,190.2
"abrupt, Δ=0.5, ρ=0.3, scattered",1008,abrupt,0.5,0.3,scattered,ADWIN,сырые,bonferroni,0.006382978723404255,0.06382978723404255,0.25,0.6666666666666666,0.8,0.7272727272727272,408.22222222222223,700.2
"abrupt, Δ=0.5, ρ=0.3, scattered",1008,abrupt,0.5,0.3,scattered,ADWIN,сырые,bh_window,0.00851063829787234,0.06382978723404255,0.2857142857142857,0.5714285714285714,0.8,0.6666666666666666,590.2,590.2
"abrupt, Δ=0.5, ρ=0.3, scattered",1008,abrupt,0.5,0.3,scattered,ADWIN,сырые,LORD++,0.0,0.0,0.0,0.75,0.6,0.6666666666666665,712.375,1030.2
"abrupt, Δ=0.5, ρ=0.3, scattered",1008,abrupt,0.5,0.3,scattered,ADWIN,остатки,bonferroni,0.010638297872340425,0.10638297872340426,0.35714285714285715,0.6428571428571429,0.9,0.75,352.6666666666667,620.2
"abrupt, Δ=0.5, ρ=0.3, scattered",1008,abrupt,0.5,0.3,scattered,ADWIN,остатки,bh_window,0.014893617021276596,0.1276595744680851,0.4375,0.5625,0.9,0.6923076923076923,286.0,560.2
"abrupt, Δ=0.5, ρ=0.3, scattered",1008,abrupt,0.5,0.3,scattered,MeanShift(1),сырые,uncorrected,0.4106382978723404,0.6595744680851063,0.9507389162561576,0.04926108374384237,1.0,0.09389671361502348,130.2,130.2
"abrupt, Δ=0.5, ρ=0.3, scattered",1008,abrupt,0.5,0.3,scattered,MeanShift(1),сырые,bonferroni,0.01276595744680851,0.10638297872340426,0.4,0.5333333333333333,0.8,0.64,486.0,770.2
"abrupt, Δ=0.5, ρ=0.3, scattered",1008,abrupt,0.5,0.3,scattered,MeanShift(1),сырые,bh_window,0.05319148936170213,0.14893617021276595,0.7142857142857143,0.22857142857142856,0.8,0.3555555555555555,440.2,440.2
"abrupt, Δ=0.5, ρ=0.3, scattered",1008,abrupt,0.5,0.3,scattered,MeanShift(1),сырые,LORD++,0.0,0.0,0.0,,0.0,0.0,,2170.2
"abrupt, Δ=0.5, ρ=0.3, scattered",1008,abrupt,0.5,0.3,scattered,MeanShift(1),остатки,bonferroni,0.00425531914893617,0.0425531914893617,0.2222222222222222,0.7777777777777778,0.7,0.7368421052631577,438.14285714285717,1090.2
"abrupt, Δ=0.5, ρ=0.3, scattered",1008,abrupt,0.5,0.3,scattered,MeanShift(1),остатки,bh_window,0.006382978723404255,0.0425531914893617,0.3,0.7,0.7,0.7,438.14285714285717,1090.2
"abrupt, Δ=0.5, ρ=0.3, scattered",1008,abrupt,0.5,0.3,scattered,MeanShift(3),сырые,uncorrected,0.2957446808510638,0.6808510638297872,0.9328859060402684,0.06711409395973154,1.0,0.12578616352201258,250.2,250.2
"abrupt, Δ=0.5, ρ=0.3, scattered",1008,abrupt,0.5,0.3,scattered,MeanShift(3),сырые,bonferroni,0.010638297872340425,0.0425531914893617,0.3333333333333333,0.6,0.9,0.7200000000000001,400.2,400.2
"abrupt, Δ=0.5, ρ=0.3, scattered",1008,abrupt,0.5,0.3,scattered,MeanShift(3),сырые,bh_window,0.04042553191489362,0.0425531914893617,0.6551724137931034,0.3103448275862069,0.9,0.4615384615384615,390.2,390.2
"abrupt, Δ=0.5, ρ=0.3, scattered",1008,abrupt,0.5,0.3,scattered,MeanShift(3),сырые,LORD++,0.0,0.0,0.0,,0.0,0.0,,2170.2
"abrupt, Δ=0.5, ρ=0.3, scattered",1008,abrupt,0.5,0.3,scattered,MeanShift(3),остатки,bonferroni,0.0,0.0,0.0,1.0,0.6,0.7499999999999999,497.5,1200.2
"abrupt, Δ=0.5, ρ=0.3, scattered",1008,abrupt,0.5,0.3,scattered,MeanShift(3),остатки,bh_window,0.0,0.0,0.0,1.0,0.7,0.8235294117647058,459.0,890.2
"abrupt, Δ=0.5, ρ=0.3, scattered",1008,abrupt,0.5,0.3,scattered,PH river по умолчанию,сырые,порог,0.776595744680851,0.9361702127659575,0.9733333333333334,0.02666666666666667,1.0,0.05194805194805195,160.2,160.2
"abrupt, Δ=0.5, ρ=0.3, scattered",1011,abrupt,0.5,0.3,scattered,PH,сырые,uncorrected,0.1829787234042553,0.5106382978723404,0.8958333333333334,0.10416666666666667,1.0,0.18867924528301885,256.6,256.6
"abrupt, Δ=0.5, ρ=0.3, scattered",1011,abrupt,0.5,0.3,scattered,PH,сырые,bonferroni,0.006382978723404255,0.06382978723404255,0.25,0.75,0.9,0.8181818181818182,366.44444444444446,506.6
"abrupt, Δ=0.5, ρ=0.3, scattered",1011,abrupt,0.5,0.3,scattered,PH,сырые,bh_window,0.02127659574468085,0.06382978723404255,0.5,0.5,1.0,0.6666666666666666,386.6,386.6
"abrupt, Δ=0.5, ρ=0.3, scattered",1011,abrupt,0.5,0.3,scattered,PH,сырые,LORD++,0.0,0.0,0.0,,0.0,0.0,,2126.6
"abrupt, Δ=0.5, ρ=0.3, scattered",1011,abrupt,0.5,0.3,scattered,PH,остатки,bonferroni,0.002127659574468085,0.02127659574468085,0.1111111111111111,0.8888888888888888,0.8,0.8421052631578948,356.875,646.6
"abrupt, Δ=0.5, ρ=0.3, scattered",1011,abrupt,0.5,0.3,scattered,PH,остатки,bh_window,0.002127659574468085,0.02127659574468085,0.1111111111111111,0.8888888888888888,0.8,0.8421052631578948,331.875,626.6
"abrupt, Δ=0.5, ρ=0.3, scattered",1011,abrupt,0.5,0.3,scattered,KS,сырые,uncorrected,0.2297872340425532,0.7021276595744681,0.9152542372881356,0.0847457627118644,1.0,0.15625,316.6,316.6
"abrupt, Δ=0.5, ρ=0.3, scattered",1011,abrupt,0.5,0.3,scattered,KS,сырые,bonferroni,0.02127659574468085,0.14893617021276595,0.5,0.5,1.0,0.6666666666666666,436.6,436.6
"abrupt, Δ=0.5, ρ=0.3, scattered",1011,abrupt,0.5,0.3,scattered,KS,сырые,bh_window,0.031914893617021274,0.14893617021276595,0.6,0.4,1.0,0.5714285714285715,486.6,486.6
"abrupt, Δ=0.5, ρ=0.3, scattered",1011,abrupt,0.5,0.3,scattered,KS,сырые,LORD++,0.0,0.0,0.0,0.6666666666666666,0.4,0.5,997.5,1216.6
"abrupt, Δ=0.5, ρ=0.3, scattered",1011,abrupt,0.5,0.3,scattered,KS,остатки,bonferroni,0.0,0.0,0.0,1.0,0.8,0.888888888888889,456.875,726.6
"abrupt, Δ=0.5, ρ=0.3, scattered",1011,abrupt,0.5,0.3,scattered,KS,остатки,bh_window,0.006382978723404255,0.02127659574468085,0.2727272727272727,0.7272727272727273,0.8,0.761904761904762,481.875,746.6
"abrupt, Δ=0.5, ρ=0.3, scattered",1011,abrupt,0.5,0.3,scattered,ADWIN,сырые,uncorrected,0.32340425531914896,0.851063829787234,0.9382716049382716,0.06172839506172839,1.0,0.11627906976744184,196.6,196.6
"abrupt, Δ=0.5, ρ=0.3, scattered",1011,abrupt,0.5,0.3,scattered,ADWIN,сырые,bonferroni,0.03404255319148936,0.2553191489361702,0.6153846153846154,0.38461538461538464,1.0,0.5555555555555556,236.6,236.6
"abrupt, Δ=0.5, ρ=0.3, scattered",1011,abrupt,0.5,0.3,scattered,ADWIN,сырые,bh_window,0.08297872340425531,0.2765957446808511,0.7959183673469388,0.20408163265306123,1.0,0.3389830508474576,266.6,266.6
"abrupt, Δ=0.5, ρ=0.3, scattered",1011,abrupt,0.5,0.3,scattered,ADWIN,сырые,LORD++,0.01702127659574468,0.06382978723404255,0.5,0.5,0.8,0.6153846153846154,328.375,576.6
"abrupt, Δ=0.5, ρ=0.3, scattered",1011,abrupt,0.5,0.3,scattered,ADWIN,остатки,bonferroni,0.01702127659574468,0.14893617021276595,0.47058823529411764,0.5294117647058824,0.9,0.6666666666666667,269.22222222222223,426.6
"abrupt, Δ=0.5, ρ=0.3, scattered",1011,abrupt,0.5,0.3,scattered,ADWIN,остатки,bh_window,0.019148936170212766,0.1702127659574468,0.47368421052631576,0.5263157894736842,1.0,0.6896551724137931,256.6,256.6
"abrupt, Δ=0.5, ρ=0.3, scattered",1011,abrupt,0.5,0.3,scattered,MeanShift(1),сырые,uncorrected,0.3468085106382979,0.723404255319149,0.9421965317919075,0.057803468208092484,1.0,0.10928961748633878,166.6,166.6
"abrupt, Δ=0.5, ρ=0.3, scattered",1011,abrupt,0.5,0.3,scattered,MeanShift(1),сырые,bonferroni,0.027659574468085105,0.19148936170212766,0.5909090909090909,0.36363636363636365,0.8,0.5000000000000001,496.3333333333333,566.6
"abrupt, Δ=0.5, ρ=0.3, scattered",1011,abrupt,0.5,0.3,scattered,MeanShift(1),сырые,bh_window,0.0851063829787234,0.14893617021276595,0.8,0.16,0.8,0.26666666666666666,516.6,516.6
"abrupt, Δ=0.5, ρ=0.3, scattered",1011,abrupt,0.5,0.3,scattered,MeanShift(1),сырые,LORD++,0.0,0.0,0.0,,0.0,0.0,,2126.6
"abrupt, Δ=0.5, ρ=0.3, scattered",1011,abrupt,0.5,0.3,scattered,MeanShift(1),остатки,bonferroni,0.01276595744680851,0.10638297872340426,0.5454545454545454,0.45454545454545453,0.5,0.47619047619047616,335.2,1006.6
"abrupt, Δ=0.5, ρ=0.3, scattered",1011,abrupt,0.5,0.3,scattered,MeanShift(1),остатки,bh_window,0.01702127659574468,0.10638297872340426,0.6153846153846154,0.38461538461538464,0.5,0.4347826086956522,335.2,1006.6
"abrupt, Δ=0.5, ρ=0.3, scattered",1011,abrupt,0.5,0.3,scattered,MeanShift(3),сырые,uncorrected,0.24893617021276596,0.5319148936170213,0.9212598425196851,0.07874015748031496,1.0,0.145985401459854,336.6,336.6
"abrupt, Δ=0.5, ρ=0.3, scattered",1011,abrupt,0.5,0.3,scattered,MeanShift(3),сырые,bonferroni,0.02127659574468085,0.14893617021276595,0.5,0.5,1.0,0.6666666666666666,456.6,456.6
"abrupt, Δ=0.5, ρ=0.3, scattered",1011,abrupt,0.5,0.3,scattered,MeanShift(3),сырые,bh_window,0.05106382978723404,0.06382978723404255,0.7058823529411765,0.29411764705882354,1.0,0.45454545454545453,456.6,456.6
"abrupt, Δ=0.5, ρ=0.3, scattered",1011,abrupt,0.5,0.3,scattered,MeanShift(3),сырые,LORD++,0.0,0.0,0.0,0.75,0.3,0.4285714285714285,863.25,1526.6
"abrupt, Δ=0.5, ρ=0.3, scattered",1011,abrupt,0.5,0.3,scattered,MeanShift(3),остатки,bonferroni,0.002127659574468085,0.02127659574468085,0.1111111111111111,0.8888888888888888,0.8,0.8421052631578948,444.375,716.6
"abrupt, Δ=0.5, ρ=0.3, scattered",1011,abrupt,0.5,0.3,scattered,MeanShift(3),остатки,bh_window,0.002127659574468085,0.02127659574468085,0.1111111111111111,0.8888888888888888,0.8,0.8421052631578948,444.375,716.6
"abrupt, Δ=0.5, ρ=0.3, scattered",1011,abrupt,0.5,0.3,scattered,PH river по умолчанию,сырые,порог,0.7723404255319148,0.8723404255319149,0.9731903485254692,0.02680965147453083,1.0,0.05221932114882506,106.6,106.6
"abrupt, Δ=0.5, ρ=0.3, clustered",1012,abrupt,0.5,0.3,clustered,PH,сырые,uncorrected,0.04893617021276596,0.3404255319148936,0.696969696969697,0.30303030303030304,1.0,0.4651162790697675,228.5,228.5
"abrupt, Δ=0.5, ρ=0.3, clustered",1012,abrupt,0.5,0.3,clustered,PH,сырые,bonferroni,0.0,0.0,0.0,1.0,0.6,0.7499999999999999,525.1666666666666,1118.5
"abrupt, Δ=0.5, ρ=0.3, clustered",1012,abrupt,0.5,0.3,clustered,PH,сырые,bh_window,0.0,0.0,0.0,1.0,0.6,0.7499999999999999,475.1666666666667,1088.5
"abrupt, Δ=0.5, ρ=0.3, clustered",1012,abrupt,0.5,0.3,clustered,PH,сырые,LORD++,0.0,0.0,0.0,,0.0,0.0,,2008.5
"abrupt, Δ=0.5, ρ=0.3, clustered",1012,abrupt,0.5,0.3,clustered,PH,остатки,bonferroni,0.0,0.0,0.0,0.75,0.6,0.6666666666666665,721.0,978.5
"abrupt, Δ=0.5, ρ=0.3, clustered",1012,abrupt,0.5,0.3,clustered,PH,остатки,bh_window,0.0,0.0,0.0,0.75,0.6,0.6666666666666665,658.5,928.5
"abrupt, Δ=0.5, ρ=0.3, clustered",1012,abrupt,0.5,0.3,clustered,KS,сырые,uncorrected,0.09574468085106383,0.574468085106383,0.8181818181818182,0.18181818181818182,1.0,0.3076923076923077,368.5,368.5
"abrupt, Δ=0.5, ρ=0.3, clustered",1012,abrupt,0.5,0.3,clustered,KS,сырые,bonferroni,0.0,0.0,0.0,0.8333333333333334,0.5,0.625,606.0,1218.5
"abrupt, Δ=0.5, ρ=0.3, clustered",1012,abrupt,0.5,0.3,clustered,KS,сырые,bh_window,0.0,0.0,0.0,0.8333333333333334,0.5,0.625,572.6666666666666,1198.5
"abrupt, Δ=0.5, ρ=0.3, clustered",1012,abrupt,0.5,0.3,clustered,KS,сырые,LORD++,0.0,0.0,0.0,,0.0,0.0,,2008.5
"abrupt, Δ=0.5, ρ=0.3, clustered",1012,abrupt,0.5,0.3,clustered,KS,остатки,bonferroni,0.00425531914893617,0.0425531914893617,0.2222222222222222,0.7777777777777778,0.7,0.7368421052631577,500.2857142857143,978.5
"abrupt, Δ=0.5, ρ=0.3, clustered",1012,abrupt,0.5,0.3,clustered,KS,остатки,bh_window,0.00851063829787234,0.06382978723404255,0.36363636363636365,0.6363636363636364,0.7,0.6666666666666666,471.7142857142857,958.5
"abrupt, Δ=0.5, ρ=0.3, clustered",1012,abrupt,0.5,0.3,clustered,ADWIN,сырые,uncorrected,0.125531914893617,0.6808510638297872,0.855072463768116,0.14492753623188406,1.0,0.25316455696202533,228.5,228.5
"abrupt, Δ=0.5, ρ=0.3, clustered",1012,abrupt,0.5,0.3,clustered,ADWIN,сырые,bonferroni,0.0,0.0,0.0,1.0,0.5,0.6666666666666666,397.0,1228.5
"abrupt, Δ=0.5, ρ=0.3, clustered",1012,abrupt,0.5,0.3,clustered,ADWIN,сырые,bh_window,0.0,0.0,0.0,1.0,0.5,0.6666666666666666,397.0,1228.5
"abrupt, Δ=0.5, ρ=0.3, clustered",1012,abrupt,0.5,0.3,clustered,ADWIN,сырые,LORD++,0.0,0.0,0.0,1.0,0.1,0.18181818181818182,966.0,1878.5
"abrupt, Δ=0.5, ρ=0.3, clustered",1012,abrupt,0.5,0.3,clustered,ADWIN,остатки,bonferroni,0.019148936170212766,0.1702127659574468,0.5625,0.4375,0.7,0.5384615384615384,400.2857142857143,908.5
"abrupt, Δ=0.5, ρ=0.3, clustered",1012,abrupt,0.5,0.3,clustered,ADWIN,остатки,bh_window,0.02127659574468085,0.1702127659574468,0.5882352941176471,0.4117647058823529,0.7,0.5185185185185185,386.0,898.5
"abrupt, Δ=0.5, ρ=0.3, clustered",1012,abrupt,0.5,0.3,clustered,MeanShift(1),сырые,uncorrected,0.3191489361702128,0.723404255319149,0.9375,0.0625,1.0,0.11764705882352941,168.5,168.5
"abrupt, Δ=0.5, ρ=0.3, clustered",1012,abrupt,0.5,0.3,clustered,MeanShift(1),сырые,bonferroni,0.0,0.0,0.0,0.8,0.4,0.5333333333333333,697.0,1378.5
"abrupt, Δ=0.5, ρ=0.3, clustered",1012,abrupt,0.5,0.3,clustered,MeanShift(1),сырые,bh_window,0.00851063829787234,0.0425531914893617,0.3333333333333333,0.3333333333333333,0.4,0.3636363636363636,883.5,1108.5
"abrupt, Δ=0.5, ρ=0.3, clustered",1012,abrupt,0.5,0.3,clustered,MeanShift(1),сырые,LORD++,0.0,0.0,0.0,,0.0,0.0,,2008.5
"abrupt, Δ=0.5, ρ=0.3, clustered",1012,abrupt,0.5,0.3,clustered,MeanShift(1),остатки,bonferroni,0.006382978723404255,0.06382978723404255,0.3,0.6,0.6,0.6,643.1428571428571,1078.5
"abrupt, Δ=0.5, ρ=0.3, clustered",1012,abrupt,0.5,0.3,clustered,MeanShift(1),остатки,bh_window,0.00851063829787234,0.0851063829787234,0.36363636363636365,0.5454545454545454,0.6,0.5714285714285713,614.5714285714286,1058.5
"abrupt, Δ=0.5, ρ=0.3, clustered",1012,abrupt,0.5,0.3,clustered,MeanShift(3),сырые,uncorrected,0.1276595744680851,0.5106382978723404,0.8571428571428571,0.14285714285714285,1.0,0.25,348.5,348.5
"abrupt, Δ=0.5, ρ=0.3, clustered",1012,abrupt,0.5,0.3,clustered,MeanShift(3),сырые,bonferroni,0.0,0.0,0.0,0.6666666666666666,0.4,0.5,789.3333333333334,1328.5
"abrupt, Δ=0.5, ρ=0.3, clustered",1012,abrupt,0.5,0.3,clustered,MeanShift(3),сырые,bh_window,0.0,0.0,0.0,0.875,0.7,0.7777777777777777,571.0,858.5
"abrupt, Δ=0.5, ρ=0.3, clustered",1012,abrupt,0.5,0.3,clustered,MeanShift(3),сырые,LORD++,0.0,0.0,0.0,,0.0,0.0,,2008.5
"abrupt, Δ=0.5, ρ=0.3, clustered",1012,abrupt,0.5,0.3,clustered,MeanShift(3),остатки,bonferroni,0.0,0.0,0.0,0.8571428571428571,0.6,0.7058823529411764,600.2857142857143,1048.5
"abrupt, Δ=0.5, ρ=0.3, clustered",1012,abrupt,0.5,0.3,clustered,MeanShift(3),остатки,bh_window,0.0,0.0,0.0,0.8571428571428571,0.6,0.7058823529411764,543.1428571428571,1008.5
"abrupt, Δ=0.5, ρ=0.3, clustered",1012,abrupt,0.5,0.3,clustered,PH river по умолчанию,сырые,порог,0.776595744680851,0.9787234042553191,0.9733333333333334,0.02666666666666667,1.0,0.05194805194805195,108.5,108.5
"abrupt, Δ=0.5, ρ=0.3, clustered",1013,abrupt,0.5,0.3,clustered,PH,сырые,uncorrected,0.07872340425531915,0.48936170212765956,0.7872340425531915,0.2127659574468085,1.0,0.3508771929824561,193.5,193.5
"abrupt, Δ=0.5, ρ=0.3, clustered",1013,abrupt,0.5,0.3,clustered,PH,сырые,bonferroni,0.0,0.0,0.0,0.875,0.7,0.7777777777777777,736.0,973.5
"abrupt, Δ=0.5, ρ=0.3, clustered",1013,abrupt,0.5,0.3,clustered,PH,сырые,bh_window,0.002127659574468085,0.02127659574468085,0.09090909090909091,0.8181818181818182,0.9,0.8571428571428572,503.5,503.5
"abrupt, Δ=0.5, ρ=0.3, clustered",1013,abrupt,0.5,0.3,clustered,PH,сырые,LORD++,0.0,0.0,0.0,,0.0,0.0,,1923.5
"abrupt, Δ=0.5, ρ=0.3, clustered",1013,abrupt,0.5,0.3,clustered,PH,остатки,bonferroni,0.002127659574468085,0.02127659574468085,0.09090909090909091,0.8181818181818182,0.9,0.8571428571428572,613.5,613.5
"abrupt, Δ=0.5, ρ=0.3, clustered",1013,abrupt,0.5,0.3,clustered,PH,остатки,bh_window,0.002127659574468085,0.02127659574468085,0.09090909090909091,0.8181818181818182,0.9,0.8571428571428572,513.5,513.5
"abrupt, Δ=0.5, ρ=0.3, clustered",1013,abrupt,0.5,0.3,clustered,KS,сырые,uncorrected,0.07021276595744681,0.44680851063829785,0.7674418604651163,0.23255813953488372,1.0,0.37735849056603776,233.5,233.5
"abrupt, Δ=0.5, ρ=0.3, clustered",1013,abrupt,0.5,0.3,clustered,KS,сырые,bonferroni,0.002127659574468085,0.02127659574468085,0.1,0.8,0.8,0.8000000000000002,635.0,743.5
"abrupt, Δ=0.5, ρ=0.3, clustered",1013,abrupt,0.5,0.3,clustered,KS,сырые,bh_window,0.002127659574468085,0.02127659574468085,0.1,0.8,0.8,0.8000000000000002,601.6666666666666,713.5
"abrupt, Δ=0.5, ρ=0.3, clustered",1013,abrupt,0.5,0.3,clustered,KS,сырые,LORD++,0.0,0.0,0.0,,0.0,0.0,,1923.5
"abrupt, Δ=0.5, ρ=0.3, clustered",1013,abrupt,0.5,0.3,clustered,KS,остатки,bonferroni,0.00425531914893617,0.0425531914893617,0.16666666666666666,0.8333333333333334,1.0,0.9090909090909091,473.5,473.5
"abrupt, Δ=0.5, ρ=0.3, clustered",1013,abrupt,0.5,0.3,clustered,KS,остатки,bh_window,0.00851063829787234,0.0851063829787234,0.2857142857142857,0.7142857142857143,1.0,0.8333333333333333,423.5,423.5
"abrupt, Δ=0.5, ρ=0.3, clustered",1013,abrupt,0.5,0.3,clustered,ADWIN,сырые,uncorrected,0.12978723404255318,0.574468085106383,0.8591549295774648,0.14084507042253522,1.0,0.2469135802469136,233.5,233.5
"abrupt, Δ=0.5, ρ=0.3, clustered",1013,abrupt,0.5,0.3,clustered,ADWIN,сырые,bonferroni,0.00851063829787234,0.0851063829787234,0.3076923076923077,0.6153846153846154,0.8,0.6956521739130435,457.22222222222223,583.5
"abrupt, Δ=0.5, ρ=0.3, clustered",1013,abrupt,0.5,0.3,clustered,ADWIN,сырые,bh_window,0.010638297872340425,0.06382978723404255,0.38461538461538464,0.5384615384615384,0.7,0.608695652173913,449.375,703.5
"abrupt, Δ=0.5, ρ=0.3, clustered",1013,abrupt,0.5,0.3,clustered,ADWIN,сырые,LORD++,0.0,0.0,0.0,,0.0,0.0,,1923.5
"abrupt, Δ=0.5, ρ=0.3, clustered",1013,abrupt,0.5,0.3,clustered,ADWIN,остатки,bonferroni,0.010638297872340425,0.10638297872340426,0.3333333333333333,0.6666666666666666,1.0,0.8,283.5,283.5
"abrupt, Δ=0.5, ρ=0.3, clustered",1013,abrupt,0.5,0.3,clustered,ADWIN,остатки,bh_window,0.01702127659574468,0.14893617021276595,0.4444444444444444,0.5555555555555556,1.0,0.7142857142857143,243.5,243.5
"abrupt, Δ=0.5, ρ=0.3, clustered",1013,abrupt,0.5,0.3,clustered,MeanShift(1),сырые,uncorrected,0.2425531914893617,0.5106382978723404,0.9193548387096774,0.07258064516129033,0.9,0.13432835820895522,253.5,253.5
"abrupt, Δ=0.5, ρ=0.3, clustered",1013,abrupt,0.5,0.3,clustered,MeanShift(1),сырые,bonferroni,0.002127659574468085,0.02127659574468085,0.2,0.6,0.3,0.4,598.5,1393.5
"abrupt, Δ=0.5, ρ=0.3, clustered",1013,abrupt,0.5,0.3,clustered,MeanShift(1),сырые,bh_window,0.00851063829787234,0.0425531914893617,0.36363636363636365,0.6363636363636364,0.7,0.6666666666666666,352.57142857142856,803.5
"abrupt, Δ=0.5, ρ=0.3, clustered",1013,abrupt,0.5,0.3,clustered,MeanShift(1),сырые,LORD++,0.0,0.0,0.0,,0.0,0.0,,1923.5
"abrupt, Δ=0.5, ρ=0.3, clustered",1013,abrupt,0.5,0.3,clustered,MeanShift(1),остатки,bonferroni,0.00425531914893617,0.0425531914893617,0.2,0.7,0.7,0.7,411.875,673.5
"abrupt, Δ=0.5, ρ=0.3, clustered",1013,abrupt,0.5,0.3,clustered,MeanShift(1),остатки,bh_window,0.00425531914893617,0.0425531914893617,0.18181818181818182,0.7272727272727273,0.8,0.761904761904762,290.55555555555554,433.5
"abrupt, Δ=0.5, ρ=0.3, clustered",1013,abrupt,0.5,0.3,clustered,MeanShift(3),сырые,uncorrected,0.07659574468085106,0.44680851063829785,0.782608695652174,0.21739130434782608,1.0,0.3571428571428571,253.5,253.5
"abrupt, Δ=0.5, ρ=0.3, clustered",1013,abrupt,0.5,0.3,clustered,MeanShift(3),сырые,bonferroni,0.0,0.0,0.0,0.875,0.7,0.7777777777777777,648.5,903.5
"abrupt, Δ=0.5, ρ=0.3, clustered",1013,abrupt,0.5,0.3,clustered,MeanShift(3),сырые,bh_window,0.0,0.0,0.0,0.7777777777777778,0.7,0.7368421052631577,535.0,653.5
"abrupt, Δ=0.5, ρ=0.3, clustered",1013,abrupt,0.5,0.3,clustered,MeanShift(3),сырые,LORD++,0.0,0.0,0.0,,0.0,0.0,,1923.5
"abrupt, Δ=0.5, ρ=0.3, clustered",1013,abrupt,0.5,0.3,clustered,MeanShift(3),остатки,bonferroni,0.0,0.0,0.0,1.0,1.0,1.0,473.5,473.5
"abrupt, Δ=0.5, ρ=0.3, clustered",1013,abrupt,0.5,0.3,clustered,MeanShift(3),остатки,bh_window,0.0,0.0,0.0,1.0,1.0,1.0,373.5,373.5
"abrupt, Δ=0.5, ρ=0.3, clustered",1013,abrupt,0.5,0.3,clustered,PH river по умолчанию,сырые,порог,0.6978723404255319,0.9574468085106383,0.9704142011834319,0.029585798816568046,1.0,0.05747126436781609,173.5,173.5
"abrupt, Δ=0.5, ρ=0.3, clustered",1014,abrupt,0.5,0.3,clustered,PH,сырые,uncorrected,0.18085106382978725,0.6170212765957447,0.8947368421052632,0.10526315789473684,1.0,0.1904761904761905,253.0,253.0
"abrupt, Δ=0.5, ρ=0.3, clustered",1014,abrupt,0.5,0.3,clustered,PH,сырые,bonferroni,0.002127659574468085,0.02127659574468085,0.14285714285714285,0.8571428571428571,0.6,0.7058823529411764,576.0,1193.0
"abrupt, Δ=0.5, ρ=0.3, clustered",1014,abrupt,0.5,0.3,clustered,PH,сырые,bh_window,0.02553191489361702,0.02127659574468085,0.6,0.4,0.8,0.5333333333333333,353.0,713.0
"abrupt, Δ=0.5, ρ=0.3, clustered",1014,abrupt,0.5,0.3,clustered,PH,сырые,LORD++,0.0,0.0,0.0,,0.0,0.0,,2153.0
"abrupt, Δ=0.5, ρ=0.3, clustered",1014,abrupt,0.5,0.3,clustered,PH,остатки,bonferroni,0.0,0.0,0.0,1.0,0.7,0.8235294117647058,477.14285714285717,973.0
"abrupt, Δ=0.5, ρ=0.3, clustered",1014,abrupt,0.5,0.3,clustered,PH,остатки,bh_window,0.0,0.0,0.0,1.0,0.8,0.888888888888889,303.0,673.0
"abrupt, Δ=0.5, ρ=0.3, clustered",1014,abrupt,0.5,0.3,clustered,KS,сырые,uncorrected,0.18085106382978725,0.7872340425531915,0.8947368421052632,0.10526315789473684,1.0,0.1904761904761905,313.0,313.0
"abrupt, Δ=0.5, ρ=0.3, clustered",1014,abrupt,0.5,0.3,clustered,KS,сырые,bonferroni,0.00425531914893617,0.0425531914893617,0.25,0.75,0.6,0.6666666666666665,509.3333333333333,1153.0
"abrupt, Δ=0.5, ρ=0.3, clustered",1014,abrupt,0.5,0.3,clustered,KS,сырые,bh_window,0.01702127659574468,0.0425531914893617,0.5714285714285714,0.42857142857142855,0.6,0.5,426.0,1103.0
"abrupt, Δ=0.5, ρ=0.3, clustered",1014,abrupt,0.5,0.3,clustered,KS,сырые,LORD++,0.0,0.0,0.0,,0.0,0.0,,2153.0
"abrupt, Δ=0.5, ρ=0.3, clustered",1014,abrupt,0.5,0.3,clustered,KS,остатки,bonferroni,0.002127659574468085,0.02127659574468085,0.14285714285714285,0.8571428571428571,0.6,0.7058823529411764,492.6666666666667,1143.0
"abrupt, Δ=0.5, ρ=0.3, clustered",1014,abrupt,0.5,0.3,clustered,KS,остатки,bh_window,0.00851063829787234,0.0425531914893617,0.4,0.6,0.6,0.6,426.0,1103.0
"abrupt, Δ=0.5, ρ=0.3, clustered",1014,abrupt,0.5,0.3,clustered,ADWIN,сырые,uncorrected,0.2723404255319149,0.8297872340425532,0.927536231884058,0.07246376811594203,1.0,0.13513513513513511,203.0,203.0
"abrupt, Δ=0.5, ρ=0.3, clustered",1014,abrupt,0.5,0.3,clustered,ADWIN,сырые,bonferroni,0.014893617021276596,0.1276595744680851,0.5,0.5,0.7,0.5833333333333334,262.85714285714283,823.0
"abrupt, Δ=0.5, ρ=0.3, clustered",1014,abrupt,0.5,0.3,clustered,ADWIN,сырые,bh_window,0.019148936170212766,0.10638297872340426,0.5625,0.4375,0.7,0.5384615384615384,262.85714285714283,823.0
"abrupt, Δ=0.5, ρ=0.3, clustered",1014,abrupt,0.5,0.3,clustered,ADWIN,сырые,LORD++,0.0,0.0,0.0,1.0,0.7,0.8235294117647058,620.0,1073.0
"abrupt, Δ=0.5, ρ=0.3, clustered",1014,abrupt,0.5,0.3,clustered,ADWIN,остатки,bonferroni,0.006382978723404255,0.06382978723404255,0.3,0.7,0.7,0.7,305.7142857142857,853.0
"abrupt, Δ=0.5, ρ=0.3, clustered",1014,abrupt,0.5,0.3,clustered,ADWIN,остатки,bh_window,0.00851063829787234,0.06382978723404255,0.2857142857142857,0.7142857142857143,1.0,0.8333333333333333,273.0,273.0
"abrupt, Δ=0.5, ρ=0.3, clustered",1014,abrupt,0.5,0.3,clustered,MeanShift(1),сырые,uncorrected,0.34893617021276596,0.7659574468085106,0.9425287356321839,0.05747126436781609,1.0,0.10869565217391304,193.0,193.0
"abrupt, Δ=0.5, ρ=0.3, clustered",1014,abrupt,0.5,0.3,clustered,MeanShift(1),сырые,bonferroni,0.006382978723404255,0.0425531914893617,0.3,0.7,0.7,0.7,311.14285714285717,843.0
"abrupt, Δ=0.5, ρ=0.3, clustered",1014,abrupt,0.5,0.3,clustered,MeanShift(1),сырые,bh_window,0.036170212765957444,0.06382978723404255,0.7083333333333334,0.2916666666666667,0.7,0.4117647058823529,296.85714285714283,833.0
"abrupt, Δ=0.5, ρ=0.3, clustered",1014,abrupt,0.5,0.3,clustered,MeanShift(1),сырые,LORD++,0.0,0.0,0.0,,0.0,0.0,,2153.0
"abrupt, Δ=0.5, ρ=0.3, clustered",1014,abrupt,0.5,0.3,clustered,MeanShift(1),остатки,bonferroni,0.002127659574468085,0.02127659574468085,0.125,0.875,0.7,0.7777777777777777,348.57142857142856,883.0
"abrupt, Δ=0.5, ρ=0.3, clustered",1014,abrupt,0.5,0.3,clustered,MeanShift(1),остатки,bh_window,0.006382978723404255,0.0425531914893617,0.3,0.7,0.7,0.7,320.0,863.0
"abrupt, Δ=0.5, ρ=0.3, clustered",1014,abrupt,0.5,0.3,clustered,MeanShift(3),сырые,uncorrected,0.2297872340425532,0.574468085106383,0.9230769230769231,0.07692307692307693,0.9,0.14173228346456693,267.55555555555554,463.0
"abrupt, Δ=0.5, ρ=0.3, clustered",1014,abrupt,0.5,0.3,clustered,MeanShift(3),сырые,bonferroni,0.006382978723404255,0.0425531914893617,0.3333333333333333,0.6666666666666666,0.6,0.631578947368421,442.6666666666667,1113.0
"abrupt, Δ=0.5, ρ=0.3, clustered",1014,abrupt,0.5,0.3,clustered,MeanShift(3),сырые,bh_window,0.07021276595744681,0.0425531914893617,0.825,0.1,0.4,0.16000000000000003,905.7142857142857,1273.0
"abrupt, Δ=0.5, ρ=0.3, clustered",1014,abrupt,0.5,0.3,clustered,MeanShift(3),сырые,LORD++,0.0,0.0,0.0,,0.0,0.0,,2153.0
"abrupt, Δ=0.5, ρ=0.3, clustered",1014,abrupt,0.5,0.3,clustered,MeanShift(3),остатки,bonferroni,0.0,0.0,0.0,1.0,0.7,0.8235294117647058,520.0,1003.0
"abrupt, Δ=0.5, ρ=0.3, clustered",1014,abrupt,0.5,0.3,clustered,MeanShift(3),остатки,bh_window,0.0,0.0,0.0,1.0,0.7,0.8235294117647058,391.42857142857144,913.0
"abrupt, Δ=0.5, ρ=0.3, clustered",1014,abrupt,0.5,0.3,clustered,PH river по умолчанию,сырые,порог,0.723404255319149,0.8936170212765957,0.9714285714285714,0.02857142857142857,1.0,0.05555555555555556,153.0,153.0
"abrupt, Δ=0.5, ρ=0.3, clustered",1015,abrupt,0.5,0.3,clustered,PH,сырые,uncorrected,0.07659574468085106,0.3617021276595745,0.782608695652174,0.21739130434782608,1.0,0.3571428571428571,216.5,216.5
"abrupt, Δ=0.5, ρ=0.3, clustered",1015,abrupt,0.5,0.3,clustered,PH,сырые,bonferroni,0.0,0.0,0.0,0.6,0.3,0.4,970.0,1976.5
"abrupt, Δ=0.5, ρ=0.3, clustered",1015,abrupt,0.5,0.3,clustered,PH,сырые,bh_window,0.0,0.0,0.0,1.0,0.9,0.9473684210526316,675.1111111111111,876.5
"abrupt, Δ=0.5, ρ=0.3, clustered",1015,abrupt,0.5,0.3,clustered,PH,сырые,LORD++,0.0,0.0,0.0,,0.0,0.0,,3056.5
"abrupt, Δ=0.5, ρ=0.3, clustered",1015,abrupt,0.5,0.3,clustered,PH,остатки,bonferroni,0.0,0.0,0.0,0.6666666666666666,0.4,0.5,1139.8333333333333,1906.5
"abrupt, Δ=0.5, ρ=0.3, clustered",1015,abrupt,0.5,0.3,clustered,PH,остатки,bh_window,0.00425531914893617,0.0425531914893617,0.16666666666666666,0.5833333333333334,0.7,0.6363636363636365,826.5,826.5
"abrupt, Δ=0.5, ρ=0.3, clustered",1015,abrupt,0.5,0.3,clustered,KS,сырые,uncorrected,0.09148936170212765,0.5106382978723404,0.8113207547169812,0.18867924528301888,1.0,0.3174603174603175,356.5,356.5
"abrupt, Δ=0.5, ρ=0.3, clustered",1015,abrupt,0.5,0.3,clustered,KS,сырые,bonferroni,0.0,0.0,0.0,1.0,0.5,0.6666666666666666,610.0,1796.5
"abrupt, Δ=0.5, ρ=0.3, clustered",1015,abrupt,0.5,0.3,clustered,KS,сырые,bh_window,0.0,0.0,0.0,1.0,0.6,0.7499999999999999,495.6666666666667,1446.5
"abrupt, Δ=0.5, ρ=0.3, clustered",1015,abrupt,0.5,0.3,clustered,KS,сырые,LORD++,0.0,0.0,0.0,,0.0,0.0,,3056.5
"abrupt, Δ=0.5, ρ=0.3, clustered",1015,abrupt,0.5,0.3,clustered,KS,остатки,bonferroni,0.006382978723404255,0.0425531914893617,0.375,0.625,0.5,0.5555555555555556,570.0,1776.5
"abrupt, Δ=0.5, ρ=0.3, clustered",1015,abrupt,0.5,0.3,clustered,KS,остатки,bh_window,0.010638297872340425,0.06382978723404255,0.45454545454545453,0.5454545454545454,0.6,0.5714285714285713,429.0,1406.5
"abrupt, Δ=0.5, ρ=0.3, clustered",1015,abrupt,0.5,0.3,clustered,ADWIN,сырые,uncorrected,0.2404255319148936,0.8723404255319149,0.9186991869918699,0.08130081300813008,1.0,0.15037593984962405,176.5,176.5
"abrupt, Δ=0.5, ρ=0.3, clustered",1015,abrupt,0.5,0.3,clustered,ADWIN,сырые,bonferroni,0.00425531914893617,0.0425531914893617,0.2222222222222222,0.7777777777777778,0.7,0.7368421052631577,251.85714285714286,1056.5
"abrupt, Δ=0.5, ρ=0.3, clustered",1015,abrupt,0.5,0.3,clustered,ADWIN,сырые,bh_window,0.00851063829787234,0.0425531914893617,0.36363636363636365,0.6363636363636364,0.7,0.6666666666666666,237.57142857142858,1046.5
"abrupt, Δ=0.5, ρ=0.3, clustered",1015,abrupt,0.5,0.3,clustered,ADWIN,сырые,LORD++,0.0,0.0,0.0,,0.0,0.0,,3056.5
"abrupt, Δ=0.5, ρ=0.3, clustered",1015,abrupt,0.5,0.3,clustered,ADWIN,остатки,bonferroni,0.01276595744680851,0.1276595744680851,0.42857142857142855,0.42857142857142855,0.6,0.5,581.5,1076.5
"abrupt, Δ=0.5, ρ=0.3, clustered",1015,abrupt,0.5,0.3,clustered,ADWIN,остатки,bh_window,0.019148936170212766,0.1702127659574468,0.5294117647058824,0.4117647058823529,0.7,0.5185185185185185,394.0,926.5
"abrupt, Δ=0.5, ρ=0.3, clustered",1015,abrupt,0.5,0.3,clustered,MeanShift(1),сырые,uncorrected,0.19787234042553192,0.6382978723404256,0.9029126213592233,0.0970873786407767,1.0,0.17699115044247787,126.5,126.5
"abrupt, Δ=0.5, ρ=0.3, clustered",1015,abrupt,0.5,0.3,clustered,MeanShift(1),сырые,bonferroni,0.0,0.0,0.0,0.25,0.1,0.14285714285714288,1415.25,2326.5
"abrupt, Δ=0.5, ρ=0.3, clustered",1015,abrupt,0.5,0.3,clustered,MeanShift(1),сырые,bh_window,0.0,0.0,0.0,0.5,0.2,0.28571428571428575,940.25,2136.5
"abrupt, Δ=0.5, ρ=0.3, clustered",1015,abrupt,0.5,0.3,clustered,MeanShift(1),сырые,LORD++,0.0,0.0,0.0,,0.0,0.0,,3056.5
"abrupt, Δ=0.5, ρ=0.3, clustered",1015,abrupt,0.5,0.3,clustered,MeanShift(1),остатки,bonferroni,0.002127659574468085,0.02127659574468085,0.125,0.625,0.5,0.5555555555555556,923.2857142857143,1526.5
"abrupt, Δ=0.5, ρ=0.3, clustered",1015,abrupt,0.5,0.3,clustered,MeanShift(1),остатки,bh_window,0.002127659574468085,0.02127659574468085,0.125,0.625,0.5,0.5555555555555556,923.2857142857143,1526.5
"abrupt, Δ=0.5, ρ=0.3, clustered",1015,abrupt,0.5,0.3,clustered,MeanShift(3),сырые,uncorrected,0.1148936170212766,0.46808510638297873,0.84375,0.140625,0.9,0.24324324324324326,436.5,436.5
"abrupt, Δ=0.5, ρ=0.3, clustered",1015,abrupt,0.5,0.3,clustered,MeanShift(3),сырые,bonferroni,0.0,0.0,0.0,0.6666666666666666,0.4,0.5,789.8333333333334,1696.5
"abrupt, Δ=0.5, ρ=0.3, clustered",1015,abrupt,0.5,0.3,clustered,MeanShift(3),сырые,bh_window,0.0,0.0,0.0,0.6,0.6,0.6,706.5,706.5
"abrupt, Δ=0.5, ρ=0.3, clustered",1015,abrupt,0.5,0.3,clustered,MeanShift(3),сырые,LORD++,0.0,0.0,0.0,,0.0,0.0,,3056.5
"abrupt, Δ=0.5, ρ=0.3, clustered",1015,abrupt,0.5,0.3,clustered,MeanShift(3),остатки,bonferroni,0.0,0.0,0.0,0.5,0.4,0.4444444444444445,1385.875,1646.5
"abrupt, Δ=0.5, ρ=0.3, clustered",1015,abrupt,0.5,0.3,clustered,MeanShift(3),остатки,bh_window,0.0,0.0,0.0,0.8888888888888888,0.8,0.8421052631578948,675.1111111111111,876.5
"abrupt, Δ=0.5, ρ=0.3, clustered",1015,abrupt,0.5,0.3,clustered,PH river по умолчанию,сырые,порог,0.7191489361702128,0.9787234042553191,0.9712643678160919,0.02586206896551724,0.9,0.05027932960893855,376.5,376.5
"abrupt, Δ=0.5, ρ=0.6, scattered",1016,abrupt,0.5,0.6,scattered,PH,сырые,uncorrected,0.06808510638297872,0.3191489361702128,0.7804878048780488,0.21951219512195122,0.9,0.3529411764705882,191.11111111111111,368.0
"abrupt, Δ=0.5, ρ=0.6, scattered",1016,abrupt,0.5,0.6,scattered,PH,сырые,bonferroni,0.0,0.0,0.0,1.0,0.9,0.9473684210526316,418.44444444444446,638.0
"abrupt, Δ=0.5, ρ=0.6, scattered",1016,abrupt,0.5,0.6,scattered,PH,сырые,bh_window,0.0,0.0,0.0,1.0,0.9,0.9473684210526316,396.22222222222223,618.0
"abrupt, Δ=0.5, ρ=0.6, scattered",1016,abrupt,0.5,0.6,scattered,PH,сырые,LORD++,0.0,0.0,0.0,1.0,0.1,0.18181818181818182,410.0,2048.0
"abrupt, Δ=0.5, ρ=0.6, scattered",1016,abrupt,0.5,0.6,scattered,PH,остатки,bonferroni,0.0,0.0,0.0,1.0,1.0,1.0,278.0,278.0
"abrupt, Δ=0.5, ρ=0.6, scattered",1016,abrupt,0.5,0.6,scattered,PH,остатки,bh_window,0.0,0.0,0.0,1.0,1.0,1.0,258.0,258.0
"abrupt, Δ=0.5, ρ=0.6, scattered",1016,abrupt,0.5,0.6,scattered,KS,сырые,uncorrected,0.11702127659574468,0.5319148936170213,0.8461538461538461,0.15384615384615385,1.0,0.2666666666666667,218.0,218.0
"abrupt, Δ=0.5, ρ=0.6, scattered",1016,abrupt,0.5,0.6,scattered,KS,сырые,bonferroni,0.0,0.0,0.0,1.0,0.9,0.9473684210526316,496.22222222222223,708.0
"abrupt, Δ=0.5, ρ=0.6, scattered",1016,abrupt,0.5,0.6,scattered,KS,сырые,bh_window,0.0,0.0,0.0,1.0,0.9,0.9473684210526316,496.22222222222223,708.0
"abrupt, Δ=0.5, ρ=0.6, scattered",1016,abrupt,0.5,0.6,scattered,KS,сырые,LORD++,0.0,0.0,0.0,,0.0,0.0,,2248.0
"abrupt, Δ=0.5, ρ=0.6, scattered",1016,abrupt,0.5,0.6,scattered,KS,остатки,bonferroni,0.002127659574468085,0.02127659574468085,0.09090909090909091,0.9090909090909091,1.0,0.9523809523809523,358.0,358.0
"abrupt, Δ=0.5, ρ=0.6, scattered",1016,abrupt,0.5,0.6,scattered,KS,остатки,bh_window,0.002127659574468085,0.02127659574468085,0.09090909090909091,0.9090909090909091,1.0,0.9523809523809523,358.0,358.0
"abrupt, Δ=0.5, ρ=0.6, scattered",1016,abrupt,0.5,0.6,scattered,ADWIN,сырые,uncorrected,0.3021276595744681,0.48936170212765956,0.9466666666666667,0.04666666666666667,0.7,0.0875,322.125,708.0
"abrupt, Δ=0.5, ρ=0.6, scattered",1016,abrupt,0.5,0.6,scattered,ADWIN,сырые,bonferroni,0.01702127659574468,0.0425531914893617,0.4444444444444444,0.5,0.9,0.6428571428571429,498.0,498.0
"abrupt, Δ=0.5, ρ=0.6, scattered",1016,abrupt,0.5,0.6,scattered,ADWIN,сырые,bh_window,0.07234042553191489,0.0425531914893617,0.8292682926829268,0.14634146341463414,0.6,0.23529411764705882,497.42857142857144,1118.0
"abrupt, Δ=0.5, ρ=0.6, scattered",1016,abrupt,0.5,0.6,scattered,ADWIN,сырые,LORD++,0.0,0.0,0.0,0.875,0.7,0.7777777777777777,486.875,998.0
"abrupt, Δ=0.5, ρ=0.6, scattered",1016,abrupt,0.5,0.6,scattered,ADWIN,остатки,bonferroni,0.00851063829787234,0.0851063829787234,0.2857142857142857,0.7142857142857143,1.0,0.8333333333333333,188.0,188.0
"abrupt, Δ=0.5, ρ=0.6, scattered",1016,abrupt,0.5,0.6,scattered,ADWIN,остатки,bh_window,0.01702127659574468,0.1276595744680851,0.4444444444444444,0.5555555555555556,1.0,0.7142857142857143,168.0,168.0
"abrupt, Δ=0.5, ρ=0.6, scattered",1016,abrupt,0.5,0.6,scattered,MeanShift(1),сырые,uncorrected,0.274468085106383,0.425531914893617,0.9280575539568345,0.07194244604316546,1.0,0.1342281879194631,148.0,148.0
"abrupt, Δ=0.5, ρ=0.6, scattered",1016,abrupt,0.5,0.6,scattered,MeanShift(1),сырые,bonferroni,0.0,0.0,0.0,1.0,0.9,0.9473684210526316,340.6666666666667,568.0
"abrupt, Δ=0.5, ρ=0.6, scattered",1016,abrupt,0.5,0.6,scattered,MeanShift(1),сырые,bh_window,0.010638297872340425,0.02127659574468085,0.3333333333333333,0.6666666666666666,1.0,0.8,328.0,328.0
"abrupt, Δ=0.5, ρ=0.6, scattered",1016,abrupt,0.5,0.6,scattered,MeanShift(1),сырые,LORD++,0.0,0.0,0.0,,0.0,0.0,,2248.0
"abrupt, Δ=0.5, ρ=0.6, scattered",1016,abrupt,0.5,0.6,scattered,MeanShift(1),остатки,bonferroni,0.002127659574468085,0.02127659574468085,0.09090909090909091,0.9090909090909091,1.0,0.9523809523809523,178.0,178.0
"abrupt, Δ=0.5, ρ=0.6, scattered",1016,abrupt,0.5,0.6,scattered,MeanShift(1),остатки,bh_window,0.00425531914893617,0.0425531914893617,0.16666666666666666,0.8333333333333334,1.0,0.9090909090909091,178.0,178.0
"abrupt, Δ=0.5, ρ=0.6, scattered",1016,abrupt,0.5,0.6,scattered,MeanShift(3),сырые,uncorrected,0.1425531914893617,0.3617021276595745,0.881578947368421,0.11842105263157894,0.9,0.20930232558139536,211.33333333333334,378.0
"abrupt, Δ=0.5, ρ=0.6, scattered",1016,abrupt,0.5,0.6,scattered,MeanShift(3),сырые,bonferroni,0.0,0.0,0.0,0.9,0.9,0.9,468.0,468.0
"abrupt, Δ=0.5, ρ=0.6, scattered",1016,abrupt,0.5,0.6,scattered,MeanShift(3),сырые,bh_window,0.0,0.0,0.0,1.0,1.0,1.0,378.0,378.0
"abrupt, Δ=0.5, ρ=0.6, scattered",1016,abrupt,0.5,0.6,scattered,MeanShift(3),сырые,LORD++,0.0,0.0,0.0,,0.0,0.0,,2248.0
"abrupt, Δ=0.5, ρ=0.6, scattered",1016,abrupt,0.5,0.6,scattered,MeanShift(3),остатки,bonferroni,0.0,0.0,0.0,1.0,1.0,1.0,318.0,318.0
"abrupt, Δ=0.5, ρ=0.6, scattered",1016,abrupt,0.5,0.6,scattered,MeanShift(3),остатки,bh_window,0.0,0.0,0.0,1.0,1.0,1.0,308.0,308.0
"abrupt, Δ=0.5, ρ=0.6, scattered",1016,abrupt,0.5,0.6,scattered,PH river по умолчанию,сырые,порог,0.7617021276595745,0.7872340425531915,0.9728260869565217,0.02717391304347826,1.0,0.05291005291005291,128.0,128.0
"abrupt, Δ=0.5, ρ=0.6, scattered",1017,abrupt,0.5,0.6,scattered,PH,сырые,uncorrected,0.07872340425531915,0.2765957446808511,0.7872340425531915,0.2127659574468085,1.0,0.3508771929824561,210.2,210.2
"abrupt, Δ=0.5, ρ=0.6, scattered",1017,abrupt,0.5,0.6,scattered,PH,сырые,bonferroni,0.0,0.0,0.0,0.75,0.6,0.6666666666666665,788.625,1100.2
"abrupt, Δ=0.5, ρ=0.6, scattered",1017,abrupt,0.5,0.6,scattered,PH,сырые,bh_window,0.0,0.0,0.0,0.8888888888888888,0.8,0.8421052631578948,655.1111111111111,910.2
"abrupt, Δ=0.5, ρ=0.6, scattered",1017,abrupt,0.5,0.6,scattered,PH,сырые,LORD++,0.0,0.0,0.0,0.3333333333333333,0.1,0.15384615384615383,1420.3333333333333,2020.2
"abrupt, Δ=0.5, ρ=0.6, scattered",1017,abrupt,0.5,0.6,scattered,PH,остатки,bonferroni,0.0,0.0,0.0,1.0,1.0,1.0,310.2,310.2
"abrupt, Δ=0.5, ρ=0.6, scattered",1017,abrupt,0.5,0.6,scattered,PH,остатки,bh_window,0.0,0.0,0.0,1.0,1.0,1.0,300.2,300.2
"abrupt, Δ=0.5, ρ=0.6, scattered",1017,abrupt,0.5,0.6,scattered,KS,сырые,uncorrected,0.1574468085106383,0.5106382978723404,0.8809523809523809,0.09523809523809523,0.8,0.1702127659574468,660.2,660.2
"abrupt, Δ=0.5, ρ=0.6, scattered",1017,abrupt,0.5,0.6,scattered,KS,сырые,bonferroni,0.00425531914893617,0.0425531914893617,0.18181818181818182,0.7272727272727273,0.8,0.761904761904762,621.7777777777778,880.2
"abrupt, Δ=0.5, ρ=0.6, scattered",1017,abrupt,0.5,0.6,scattered,KS,сырые,bh_window,0.00425531914893617,0.0425531914893617,0.18181818181818182,0.7272727272727273,0.8,0.761904761904762,577.3333333333334,840.2
"abrupt, Δ=0.5, ρ=0.6, scattered",1017,abrupt,0.5,0.6,scattered,KS,сырые,LORD++,0.0,0.0,0.0,0.7142857142857143,0.5,0.588235294117647,863.2857142857143,1440.2
"abrupt, Δ=0.5, ρ=0.6, scattered",1017,abrupt,0.5,0.6,scattered,KS,остатки,bonferroni,0.00851063829787234,0.0851063829787234,0.2857142857142857,0.7142857142857143,1.0,0.8333333333333333,350.2,350.2
"abrupt, Δ=0.5, ρ=0.6, scattered",1017,abrupt,0.5,0.6,scattered,KS,остатки,bh_window,0.00851063829787234,0.06382978723404255,0.2857142857142857,0.7142857142857143,1.0,0.8333333333333333,350.2,350.2
"abrupt, Δ=0.5, ρ=0.6, scattered",1017,abrupt,0.5,0.6,scattered,ADWIN,сырые,uncorrected,0.4297872340425532,0.7446808510638298,0.957345971563981,0.04265402843601896,0.9,0.08144796380090498,227.22222222222223,540.2
"abrupt, Δ=0.5, ρ=0.6, scattered",1017,abrupt,0.5,0.6,scattered,ADWIN,сырые,bonferroni,0.02553191489361702,0.14893617021276595,0.5714285714285714,0.38095238095238093,0.8,0.5161290322580645,555.1111111111111,820.2
"abrupt, Δ=0.5, ρ=0.6, scattered",1017,abrupt,0.5,0.6,scattered,ADWIN,сырые,bh_window,0.11063829787234042,0.1702127659574468,0.8387096774193549,0.14516129032258066,0.9,0.25,450.2,450.2
"abrupt, Δ=0.5, ρ=0.6, scattered",1017,abrupt,0.5,0.6,scattered,ADWIN,сырые,LORD++,0.014893617021276596,0.0851063829787234,0.4375,0.375,0.6,0.4615384615384615,1261.888888888889,1410.2
"abrupt, Δ=0.5, ρ=0.6, scattered",1017,abrupt,0.5,0.6,scattered,ADWIN,остатки,bonferroni,0.01702127659574468,0.1702127659574468,0.4444444444444444,0.5555555555555556,1.0,0.7142857142857143,170.2,170.2
"abrupt, Δ=0.5, ρ=0.6, scattered",1017,abrupt,0.5,0.6,scattered,ADWIN,остатки,bh_window,0.023404255319148935,0.1702127659574468,0.5238095238095238,0.47619047619047616,1.0,0.6451612903225806,170.2,170.2
"abrupt, Δ=0.5, ρ=0.6, scattered",1017,abrupt,0.5,0.6,scattered,MeanShift(1),сырые,uncorrected,0.2978723404255319,0.46808510638297873,0.9333333333333333,0.06666666666666667,1.0,0.125,130.2,130.2
"abrupt, Δ=0.5, ρ=0.6, scattered",1017,abrupt,0.5,0.6,scattered,MeanShift(1),сырые,bonferroni,0.00425531914893617,0.02127659574468085,0.18181818181818182,0.7272727272727273,0.8,0.761904761904762,555.1111111111111,820.2
"abrupt, Δ=0.5, ρ=0.6, scattered",1017,abrupt,0.5,0.6,scattered,MeanShift(1),сырые,bh_window,0.014893617021276596,0.02127659574468085,0.4117647058823529,0.47058823529411764,0.8,0.5925925925925927,600.2,600.2
"abrupt, Δ=0.5, ρ=0.6, scattered",1017,abrupt,0.5,0.6,scattered,MeanShift(1),сырые,LORD++,0.0,0.0,0.0,,0.0,0.0,,2400.2
"abrupt, Δ=0.5, ρ=0.6, scattered",1017,abrupt,0.5,0.6,scattered,MeanShift(1),остатки,bonferroni,0.0,0.0,0.0,0.9,0.9,0.9,380.2,380.2
"abrupt, Δ=0.5, ρ=0.6, scattered",1017,abrupt,0.5,0.6,scattered,MeanShift(1),остатки,bh_window,0.0,0.0,0.0,0.9,0.9,0.9,360.2,360.2
"abrupt, Δ=0.5, ρ=0.6, scattered",1017,abrupt,0.5,0.6,scattered,MeanShift(3),сырые,uncorrected,0.08723404255319149,0.2765957446808511,0.803921568627451,0.19607843137254902,1.0,0.3278688524590164,280.2,280.2
"abrupt, Δ=0.5, ρ=0.6, scattered",1017,abrupt,0.5,0.6,scattered,MeanShift(3),сырые,bonferroni,0.0,0.0,0.0,0.8888888888888888,0.8,0.8421052631578948,610.6666666666666,870.2
"abrupt, Δ=0.5, ρ=0.6, scattered",1017,abrupt,0.5,0.6,scattered,MeanShift(3),сырые,bh_window,0.0,0.0,0.0,0.8888888888888888,0.8,0.8421052631578948,610.6666666666666,870.2
"abrupt, Δ=0.5, ρ=0.6, scattered",1017,abrupt,0.5,0.6,scattered,MeanShift(3),сырые,LORD++,0.0,0.0,0.0,,0.0,0.0,,2400.2
"abrupt, Δ=0.5, ρ=0.6, scattered",1017,abrupt,0.5,0.6,scattered,MeanShift(3),остатки,bonferroni,0.0,0.0,0.0,1.0,1.0,1.0,300.2,300.2
"abrupt, Δ=0.5, ρ=0.6, scattered",1017,abrupt,0.5,0.6,scattered,MeanShift(3),остатки,bh_window,0.0,0.0,0.0,1.0,1.0,1.0,300.2,300.2
"abrupt, Δ=0.5, ρ=0.6, scattered",1017,abrupt,0.5,0.6,scattered,PH river по умолчанию,сырые,порог,0.7553191489361702,0.7021276595744681,0.9726027397260274,0.0273972602739726,1.0,0.05333333333333332,150.2,150.2
"abrupt, Δ=0.5, ρ=0.6, scattered",1019,abrupt,0.5,0.6,scattered,PH,сырые,uncorrected,0.014893617021276596,0.0851063829787234,0.4117647058823529,0.5882352941176471,1.0,0.7407407407407407,245.4,245.4
"abrupt, Δ=0.5, ρ=0.6, scattered",1019,abrupt,0.5,0.6,scattered,PH,сырые,bonferroni,0.0,0.0,0.0,0.75,0.3,0.4285714285714285,652.5,1685.4
"abrupt, Δ=0.5, ρ=0.6, scattered",1019,abrupt,0.5,0.6,scattered,PH,сырые,bh_window,0.0,0.0,0.0,0.3333333333333333,0.3,0.3157894736842105,1124.0,1245.4
"abrupt, Δ=0.5, ρ=0.6, scattered",1019,abrupt,0.5,0.6,scattered,PH,сырые,LORD++,0.0,0.0,0.0,,0.0,0.0,,2305.4
"abrupt, Δ=0.5, ρ=0.6, scattered",1019,abrupt,0.5,0.6,scattered,PH,остатки,bonferroni,0.0,0.0,0.0,1.0,1.0,1.0,395.4,395.4
"abrupt, Δ=0.5, ρ=0.6, scattered",1019,abrupt,0.5,0.6,scattered,PH,остатки,bh_window,0.0,0.0,0.0,1.0,1.0,1.0,345.4,345.4
"abrupt, Δ=0.5, ρ=0.6, scattered",1019,abrupt,0.5,0.6,scattered,KS,сырые,uncorrected,0.19361702127659575,0.40425531914893614,0.900990099009901,0.09900990099009901,1.0,0.18018018018018017,335.4,335.4
"abrupt, Δ=0.5, ρ=0.6, scattered",1019,abrupt,0.5,0.6,scattered,KS,сырые,bonferroni,0.002127659574468085,0.02127659574468085,0.1111111111111111,0.3333333333333333,0.3,0.3157894736842105,1136.25,1365.4
"abrupt, Δ=0.5, ρ=0.6, scattered",1019,abrupt,0.5,0.6,scattered,KS,сырые,bh_window,0.09361702127659574,0.02127659574468085,0.8461538461538461,0.057692307692307696,0.3,0.0967741935483871,1073.375,1115.4
"abrupt, Δ=0.5, ρ=0.6, scattered",1019,abrupt,0.5,0.6,scattered,KS,сырые,LORD++,0.0,0.0,0.0,,0.0,0.0,,2305.4
"abrupt, Δ=0.5, ρ=0.6, scattered",1019,abrupt,0.5,0.6,scattered,KS,остатки,bonferroni,0.0,0.0,0.0,1.0,1.0,1.0,475.4,475.4
"abrupt, Δ=0.5, ρ=0.6, scattered",1019,abrupt,0.5,0.6,scattered,KS,остатки,bh_window,0.002127659574468085,0.02127659574468085,0.09090909090909091,0.9090909090909091,1.0,0.9523809523809523,455.4,455.4
"abrupt, Δ=0.5, ρ=0.6, scattered",1019,abrupt,0.5,0.6,scattered,ADWIN,сырые,uncorrected,0.16382978723404254,0.44680851063829785,0.8953488372093024,0.10465116279069768,0.9,0.1875,239.55555555555554,325.4
"abrupt, Δ=0.5, ρ=0.6, scattered",1019,abrupt,0.5,0.6,scattered,ADWIN,сырые,bonferroni,0.02127659574468085,0.14893617021276595,0.5882352941176471,0.35294117647058826,0.6,0.4444444444444445,470.2857142857143,1055.4
"abrupt, Δ=0.5, ρ=0.6, scattered",1019,abrupt,0.5,0.6,scattered,ADWIN,сырые,bh_window,0.03829787234042553,0.10638297872340426,0.6923076923076923,0.19230769230769232,0.5,0.2777777777777778,832.375,1035.4
"abrupt, Δ=0.5, ρ=0.6, scattered",1019,abrupt,0.5,0.6,scattered,ADWIN,сырые,LORD++,0.002127659574468085,0.02127659574468085,0.3333333333333333,0.3333333333333333,0.1,0.15384615384615383,924.0,2065.4
"abrupt, Δ=0.5, ρ=0.6, scattered",1019,abrupt,0.5,0.6,scattered,ADWIN,остатки,bonferroni,0.00851063829787234,0.0851063829787234,0.2857142857142857,0.7142857142857143,1.0,0.8333333333333333,235.4,235.4
"abrupt, Δ=0.5, ρ=0.6, scattered",1019,abrupt,0.5,0.6,scattered,ADWIN,остатки,bh_window,0.01276595744680851,0.1276595744680851,0.375,0.625,1.0,0.7692307692307693,195.4,195.4
"abrupt, Δ=0.5, ρ=0.6, scattered",1019,abrupt,0.5,0.6,scattered,MeanShift(1),сырые,uncorrected,0.10851063829787234,0.40425531914893614,0.8360655737704918,0.16393442622950818,1.0,0.28169014084507044,175.4,175.4
"abrupt, Δ=0.5, ρ=0.6, scattered",1019,abrupt,0.5,0.6,scattered,MeanShift(1),сырые,bonferroni,0.0,0.0,0.0,0.2857142857142857,0.2,0.23529411764705882,1161.5714285714287,1715.4
"abrupt, Δ=0.5, ρ=0.6, scattered",1019,abrupt,0.5,0.6,scattered,MeanShift(1),сырые,bh_window,0.0,0.0,0.0,0.3,0.3,0.3,1125.4,1125.4
"abrupt, Δ=0.5, ρ=0.6, scattered",1019,abrupt,0.5,0.6,scattered,MeanShift(1),сырые,LORD++,0.0,0.0,0.0,,0.0,0.0,,2305.4
"abrupt, Δ=0.5, ρ=0.6, scattered",1019,abrupt,0.5,0.6,scattered,MeanShift(1),остатки,bonferroni,0.0,0.0,0.0,0.9,0.9,0.9,495.4,495.4
"abrupt, Δ=0.5, ρ=0.6, scattered",1019,abrupt,0.5,0.6,scattered,MeanShift(1),остатки,bh_window,0.0,0.0,0.0,0.9,0.9,0.9,485.4,485.4
"abrupt, Δ=0.5, ρ=0.6, scattered",1019,abrupt,0.5,0.6,scattered,MeanShift(3),сырые,uncorrected,0.059574468085106386,0.3829787234042553,0.7368421052631579,0.2631578947368421,1.0,0.4166666666666667,295.4,295.4
"abrupt, Δ=0.5, ρ=0.6, scattered",1019,abrupt,0.5,0.6,scattered,MeanShift(3),сырые,bonferroni,0.0,0.0,0.0,0.8,0.4,0.5333333333333333,756.4,1545.4
"abrupt, Δ=0.5, ρ=0.6, scattered",1019,abrupt,0.5,0.6,scattered,MeanShift(3),сырые,bh_window,0.0,0.0,0.0,0.5555555555555556,0.5,0.5263157894736842,958.3333333333334,1095.4
"abrupt, Δ=0.5, ρ=0.6, scattered",1019,abrupt,0.5,0.6,scattered,MeanShift(3),сырые,LORD++,0.0,0.0,0.0,,0.0,0.0,,2305.4
"abrupt, Δ=0.5, ρ=0.6, scattered",1019,abrupt,0.5,0.6,scattered,MeanShift(3),остатки,bonferroni,0.00425531914893617,0.0425531914893617,0.16666666666666666,0.8333333333333334,1.0,0.9090909090909091,385.4,385.4
"abrupt, Δ=0.5, ρ=0.6, scattered",1019,abrupt,0.5,0.6,scattered,MeanShift(3),остатки,bh_window,0.006382978723404255,0.06382978723404255,0.23076923076923078,0.7692307692307693,1.0,0.8695652173913044,355.4,355.4
"abrupt, Δ=0.5, ρ=0.6, scattered",1019,abrupt,0.5,0.6,scattered,PH river по умолчанию,сырые,порог,0.4829787234042553,0.723404255319149,0.9578059071729957,0.04219409282700422,1.0,0.08097165991902834,135.4,135.4
"abrupt, Δ=0.5, ρ=0.6, scattered",1018,abrupt,0.5,0.6,scattered,PH,сырые,uncorrected,0.17872340425531916,0.5106382978723404,0.8936170212765957,0.10638297872340426,1.0,0.1923076923076923,250.9,250.9
"abrupt, Δ=0.5, ρ=0.6, scattered",1018,abrupt,0.5,0.6,scattered,PH,сырые,bonferroni,0.0,0.0,0.0,1.0,1.0,1.0,420.9,420.9
"abrupt, Δ=0.5, ρ=0.6, scattered",1018,abrupt,0.5,0.6,scattered,PH,сырые,bh_window,0.00425531914893617,0.02127659574468085,0.16666666666666666,0.8333333333333334,1.0,0.9090909090909091,410.9,410.9
"abrupt, Δ=0.5, ρ=0.6, scattered",1018,abrupt,0.5,0.6,scattered,PH,сырые,LORD++,0.0,0.0,0.0,,0.0,0.0,,1970.9
"abrupt, Δ=0.5, ρ=0.6, scattered",1018,abrupt,0.5,0.6,scattered,PH,остатки,bonferroni,0.0,0.0,0.0,1.0,1.0,1.0,290.9,290.9
"abrupt, Δ=0.5, ρ=0.6, scattered",1018,abrupt,0.5,0.6,scattered,PH,остатки,bh_window,0.0,0.0,0.0,1.0,1.0,1.0,290.9,290.9
"abrupt, Δ=0.5, ρ=0.6, scattered",1018,abrupt,0.5,0.6,scattered,KS,сырые,uncorrected,0.11702127659574468,0.425531914893617,0.8461538461538461,0.15384615384615385,1.0,0.2666666666666667,320.9,320.9
"abrupt, Δ=0.5, ρ=0.6, scattered",1018,abrupt,0.5,0.6,scattered,KS,сырые,bonferroni,0.002127659574468085,0.02127659574468085,0.09090909090909091,0.9090909090909091,1.0,0.9523809523809523,490.9,490.9
"abrupt, Δ=0.5, ρ=0.6, scattered",1018,abrupt,0.5,0.6,scattered,KS,сырые,bh_window,0.002127659574468085,0.02127659574468085,0.09090909090909091,0.9090909090909091,1.0,0.9523809523809523,470.9,470.9
"abrupt, Δ=0.5, ρ=0.6, scattered",1018,abrupt,0.5,0.6,scattered,KS,сырые,LORD++,0.0,0.0,0.0,0.3333333333333333,0.3,0.3157894736842105,1268.5555555555557,1280.9
"abrupt, Δ=0.5, ρ=0.6, scattered",1018,abrupt,0.5,0.6,scattered,KS,остатки,bonferroni,0.0,0.0,0.0,1.0,1.0,1.0,420.9,420.9
"abrupt, Δ=0.5, ρ=0.6, scattered",1018,abrupt,0.5,0.6,scattered,KS,остатки,bh_window,0.0,0.0,0.0,1.0,1.0,1.0,410.9,410.9
"abrupt, Δ=0.5, ρ=0.6, scattered",1018,abrupt,0.5,0.6,scattered,ADWIN,сырые,uncorrected,0.2957446808510638,0.5957446808510638,0.9328859060402684,0.06711409395973154,1.0,0.12578616352201258,210.9,210.9
"abrupt, Δ=0.5, ρ=0.6, scattered",1018,abrupt,0.5,0.6,scattered,ADWIN,сырые,bonferroni,0.014893617021276596,0.06382978723404255,0.4117647058823529,0.5882352941176471,1.0,0.7407407407407407,350.9,350.9
"abrupt, Δ=0.5, ρ=0.6, scattered",1018,abrupt,0.5,0.6,scattered,ADWIN,сырые,bh_window,0.05531914893617021,0.0851063829787234,0.7428571428571429,0.22857142857142856,0.8,0.3555555555555555,461.0,600.9
"abrupt, Δ=0.5, ρ=0.6, scattered",1018,abrupt,0.5,0.6,scattered,ADWIN,сырые,LORD++,0.002127659574468085,0.02127659574468085,0.1,0.9,0.9,0.9,479.6666666666667,570.9
"abrupt, Δ=0.5, ρ=0.6, scattered",1018,abrupt,0.5,0.6,scattered,ADWIN,остатки,bonferroni,0.00851063829787234,0.0851063829787234,0.2857142857142857,0.7142857142857143,1.0,0.8333333333333333,180.9,180.9
"abrupt, Δ=0.5, ρ=0.6, scattered",1018,abrupt,0.5,0.6,scattered,ADWIN,остатки,bh_window,0.00851063829787234,0.0851063829787234,0.2857142857142857,0.7142857142857143,1.0,0.8333333333333333,160.9,160.9
"abrupt, Δ=0.5, ρ=0.6, scattered",1018,abrupt,0.5,0.6,scattered,MeanShift(1),сырые,uncorrected,0.4127659574468085,0.574468085106383,0.9509803921568627,0.049019607843137254,1.0,0.09345794392523364,220.9,220.9
"abrupt, Δ=0.5, ρ=0.6, scattered",1018,abrupt,0.5,0.6,scattered,MeanShift(1),сырые,bonferroni,0.010638297872340425,0.10638297872340426,0.35714285714285715,0.5714285714285714,0.8,0.6666666666666666,435.22222222222223,530.9
"abrupt, Δ=0.5, ρ=0.6, scattered",1018,abrupt,0.5,0.6,scattered,MeanShift(1),сырые,bh_window,0.12127659574468085,0.02127659574468085,0.8507462686567164,0.13432835820895522,0.9,0.23376623376623376,470.9,470.9
"abrupt, Δ=0.5, ρ=0.6, scattered",1018,abrupt,0.5,0.6,scattered,MeanShift(1),сырые,LORD++,0.0,0.0,0.0,0.2,0.1,0.13333333333333333,1829.4,1670.9
"abrupt, Δ=0.5, ρ=0.6, scattered",1018,abrupt,0.5,0.6,scattered,MeanShift(1),остатки,bonferroni,0.0,0.0,0.0,1.0,0.9,0.9473684210526316,188.44444444444446,350.9
"abrupt, Δ=0.5, ρ=0.6, scattered",1018,abrupt,0.5,0.6,scattered,MeanShift(1),остатки,bh_window,0.0,0.0,0.0,1.0,0.9,0.9473684210526316,188.44444444444446,350.9
"abrupt, Δ=0.5, ρ=0.6, scattered",1018,abrupt,0.5,0.6,scattered,MeanShift(3),сырые,uncorrected,0.26595744680851063,0.5319148936170213,0.9259259259259259,0.07407407407407407,1.0,0.13793103448275862,290.9,290.9
"abrupt, Δ=0.5, ρ=0.6, scattered",1018,abrupt,0.5,0.6,scattered,MeanShift(3),сырые,bonferroni,0.002127659574468085,0.02127659574468085,0.09090909090909091,0.9090909090909091,1.0,0.9523809523809523,510.9,510.9
"abrupt, Δ=0.5, ρ=0.6, scattered",1018,abrupt,0.5,0.6,scattered,MeanShift(3),сырые,bh_window,0.019148936170212766,0.0425531914893617,0.47368421052631576,0.5263157894736842,1.0,0.6896551724137931,500.9,500.9
"abrupt, Δ=0.5, ρ=0.6, scattered",1018,abrupt,0.5,0.6,scattered,MeanShift(3),сырые,LORD++,0.0,0.0,0.0,,0.0,0.0,,1970.9
"abrupt, Δ=0.5, ρ=0.6, scattered",1018,abrupt,0.5,0.6,scattered,MeanShift(3),остатки,bonferroni,0.0,0.0,0.0,1.0,1.0,1.0,340.9,340.9
"abrupt, Δ=0.5, ρ=0.6, scattered",1018,abrupt,0.5,0.6,scattered,MeanShift(3),остатки,bh_window,0.0,0.0,0.0,1.0,1.0,1.0,340.9,340.9
"abrupt, Δ=0.5, ρ=0.6, scattered",1018,abrupt,0.5,0.6,scattered,PH river по умолчанию,сырые,порог,0.8191489361702128,0.9361702127659575,0.9746835443037974,0.02531645569620253,1.0,0.04938271604938272,150.9,150.9
"abrupt, Δ=0.5, ρ=0.6, clustered",1020,abrupt,0.5,0.6,clustered,PH,сырые,uncorrected,0.019148936170212766,0.0851063829787234,0.47368421052631576,0.5263157894736842,1.0,0.6896551724137931,259.5,259.5
"abrupt, Δ=0.5, ρ=0.6, clustered",1020,abrupt,0.5,0.6,clustered,PH,сырые,bonferroni,0.0,0.0,0.0,0.6,0.3,0.4,731.6,1849.5
"abrupt, Δ=0.5, ρ=0.6, clustered",1020,abrupt,0.5,0.6,clustered,PH,сырые,bh_window,0.002127659574468085,0.02127659574468085,0.09090909090909091,0.6363636363636364,0.7,0.6666666666666666,649.5,649.5
"abrupt, Δ=0.5, ρ=0.6, clustered",1020,abrupt,0.5,0.6,clustered,PH,сырые,LORD++,0.0,0.0,0.0,,0.0,0.0,,2889.5
"abrupt, Δ=0.5, ρ=0.6, clustered",1020,abrupt,0.5,0.6,clustered,PH,остатки,bonferroni,0.0,0.0,0.0,1.0,1.0,1.0,269.5,269.5
"abrupt, Δ=0.5, ρ=0.6, clustered",1020,abrupt,0.5,0.6,clustered,PH,остатки,bh_window,0.0,0.0,0.0,1.0,1.0,1.0,259.5,259.5
"abrupt, Δ=0.5, ρ=0.6, clustered",1020,abrupt,0.5,0.6,clustered,KS,сырые,uncorrected,0.09787234042553192,0.44680851063829785,0.8214285714285714,0.17857142857142858,1.0,0.30303030303030304,409.5,409.5
"abrupt, Δ=0.5, ρ=0.6, clustered",1020,abrupt,0.5,0.6,clustered,KS,сырые,bonferroni,0.002127659574468085,0.02127659574468085,0.125,0.5,0.4,0.4444444444444445,859.4285714285714,1429.5
"abrupt, Δ=0.5, ρ=0.6, clustered",1020,abrupt,0.5,0.6,clustered,KS,сырые,bh_window,0.002127659574468085,0.02127659574468085,0.1,0.8,0.8,0.8000000000000002,710.5555555555555,889.5
"abrupt, Δ=0.5, ρ=0.6, clustered",1020,abrupt,0.5,0.6,clustered,KS,сырые,LORD++,0.0,0.0,0.0,,0.0,0.0,,2889.5
"abrupt, Δ=0.5, ρ=0.6, clustered",1020,abrupt,0.5,0.6,clustered,KS,остатки,bonferroni,0.0,0.0,0.0,1.0,1.0,1.0,369.5,369.5
"abrupt, Δ=0.5, ρ=0.6, clustered",1020,abrupt,0.5,0.6,clustered,KS,остатки,bh_window,0.0,0.0,0.0,1.0,1.0,1.0,339.5,339.5
"abrupt, Δ=0.5, ρ=0.6, clustered",1020,abrupt,0.5,0.6,clustered,ADWIN,сырые,uncorrected,0.2404255319148936,0.6170212765957447,0.9186991869918699,0.08130081300813008,1.0,0.15037593984962405,199.5,199.5
"abrupt, Δ=0.5, ρ=0.6, clustered",1020,abrupt,0.5,0.6,clustered,ADWIN,сырые,bonferroni,0.006382978723404255,0.02127659574468085,0.23076923076923078,0.5384615384615384,0.7,0.608695652173913,619.5,619.5
"abrupt, Δ=0.5, ρ=0.6, clustered",1020,abrupt,0.5,0.6,clustered,ADWIN,сырые,bh_window,0.02553191489361702,0.02127659574468085,0.5454545454545454,0.36363636363636365,0.8,0.5000000000000001,569.5,569.5
"abrupt, Δ=0.5, ρ=0.6, clustered",1020,abrupt,0.5,0.6,clustered,ADWIN,сырые,LORD++,0.002127659574468085,0.02127659574468085,0.1111111111111111,0.6666666666666666,0.6,0.631578947368421,579.625,1119.5
"abrupt, Δ=0.5, ρ=0.6, clustered",1020,abrupt,0.5,0.6,clustered,ADWIN,остатки,bonferroni,0.010638297872340425,0.10638297872340426,0.3333333333333333,0.6666666666666666,1.0,0.8,159.5,159.5
"abrupt, Δ=0.5, ρ=0.6, clustered",1020,abrupt,0.5,0.6,clustered,ADWIN,остатки,bh_window,0.019148936170212766,0.14893617021276595,0.47368421052631576,0.5263157894736842,1.0,0.6896551724137931,139.5,139.5
"abrupt, Δ=0.5, ρ=0.6, clustered",1020,abrupt,0.5,0.6,clustered,MeanShift(1),сырые,uncorrected,0.14893617021276595,0.2553191489361702,0.875,0.125,1.0,0.2222222222222222,159.5,159.5
"abrupt, Δ=0.5, ρ=0.6, clustered",1020,abrupt,0.5,0.6,clustered,MeanShift(1),сырые,bonferroni,0.0,0.0,0.0,1.0,0.4,0.5714285714285715,489.5,1929.5
"abrupt, Δ=0.5, ρ=0.6, clustered",1020,abrupt,0.5,0.6,clustered,MeanShift(1),сырые,bh_window,0.0,0.0,0.0,1.0,0.8,0.888888888888889,536.875,929.5
"abrupt, Δ=0.5, ρ=0.6, clustered",1020,abrupt,0.5,0.6,clustered,MeanShift(1),сырые,LORD++,0.0,0.0,0.0,,0.0,0.0,,2889.5
"abrupt, Δ=0.5, ρ=0.6, clustered",1020,abrupt,0.5,0.6,clustered,MeanShift(1),остатки,bonferroni,0.002127659574468085,0.02127659574468085,0.09090909090909091,0.9090909090909091,1.0,0.9523809523809523,219.5,219.5
"abrupt, Δ=0.5, ρ=0.6, clustered",1020,abrupt,0.5,0.6,clustered,MeanShift(1),остатки,bh_window,0.002127659574468085,0.02127659574468085,0.09090909090909091,0.9090909090909091,1.0,0.9523809523809523,139.5,139.5
"abrupt, Δ=0.5, ρ=0.6, clustered",1020,abrupt,0.5,0.6,clustered,MeanShift(3),сырые,uncorrected,0.02127659574468085,0.0851063829787234,0.5,0.5,1.0,0.6666666666666666,319.5,319.5
"abrupt, Δ=0.5, ρ=0.6, clustered",1020,abrupt,0.5,0.6,clustered,MeanShift(3),сырые,bonferroni,0.0,0.0,0.0,0.5,0.3,0.37499999999999994,872.8333333333334,1679.5
"abrupt, Δ=0.5, ρ=0.6, clustered",1020,abrupt,0.5,0.6,clustered,MeanShift(3),сырые,bh_window,0.002127659574468085,0.02127659574468085,0.1,0.4,0.4,0.4000000000000001,743.8888888888889,919.5
"abrupt, Δ=0.5, ρ=0.6, clustered",1020,abrupt,0.5,0.6,clustered,MeanShift(3),сырые,LORD++,0.0,0.0,0.0,,0.0,0.0,,2889.5
"abrupt, Δ=0.5, ρ=0.6, clustered",1020,abrupt,0.5,0.6,clustered,MeanShift(3),остатки,bonferroni,0.0,0.0,0.0,1.0,1.0,1.0,309.5,309.5
"abrupt, Δ=0.5, ρ=0.6, clustered",1020,abrupt,0.5,0.6,clustered,MeanShift(3),остатки,bh_window,0.002127659574468085,0.02127659574468085,0.09090909090909091,0.9090909090909091,1.0,0.9523809523809523,289.5,289.5
"abrupt, Δ=0.5, ρ=0.6, clustered",1020,abrupt,0.5,0.6,clustered,PH river по умолчанию,сырые,порог,0.5106382978723404,0.7872340425531915,0.96,0.04,1.0,0.07692307692307693,159.5,159.5
"abrupt, Δ=0.5, ρ=0.6, clustered",1022,abrupt,0.5,0.6,clustered,PH,сырые,uncorrected,0.05319148936170213,0.2978723404255319,0.7142857142857143,0.2857142857142857,1.0,0.4444444444444445,248.5,248.5
"abrupt, Δ=0.5, ρ=0.6, clustered",1022,abrupt,0.5,0.6,clustered,PH,сырые,bonferroni,0.0,0.0,0.0,0.5,0.2,0.28571428571428575,1118.5,1598.5
"abrupt, Δ=0.5, ρ=0.6, clustered",1022,abrupt,0.5,0.6,clustered,PH,сырые,bh_window,0.0,0.0,0.0,0.6,0.3,0.4,657.8,1258.5
"abrupt, Δ=0.5, ρ=0.6, clustered",1022,abrupt,0.5,0.6,clustered,PH,сырые,LORD++,0.0,0.0,0.0,,0.0,0.0,,1918.5
"abrupt, Δ=0.5, ρ=0.6, clustered",1022,abrupt,0.5,0.6,clustered,PH,остатки,bonferroni,0.0,0.0,0.0,0.8888888888888888,0.8,0.8421052631578948,418.1111111111111,538.5
"abrupt, Δ=0.5, ρ=0.6, clustered",1022,abrupt,0.5,0.6,clustered,PH,остатки,bh_window,0.0,0.0,0.0,1.0,1.0,1.0,278.5,278.5
"abrupt, Δ=0.5, ρ=0.6, clustered",1022,abrupt,0.5,0.6,clustered,KS,сырые,uncorrected,0.09361702127659574,0.48936170212765956,0.8148148148148148,0.14814814814814814,0.8,0.25,718.5,718.5
"abrupt, Δ=0.5, ρ=0.6, clustered",1022,abrupt,0.5,0.6,clustered,KS,сырые,bonferroni,0.0,0.0,0.0,0.4,0.2,0.26666666666666666,1177.8,1518.5
"abrupt, Δ=0.5, ρ=0.6, clustered",1022,abrupt,0.5,0.6,clustered,KS,сырые,bh_window,0.0,0.0,0.0,0.5714285714285714,0.4,0.47058823529411764,1190.4285714285713,1438.5
"abrupt, Δ=0.5, ρ=0.6, clustered",1022,abrupt,0.5,0.6,clustered,KS,сырые,LORD++,0.0,0.0,0.0,,0.0,0.0,,1918.5
"abrupt, Δ=0.5, ρ=0.6, clustered",1022,abrupt,0.5,0.6,clustered,KS,остатки,bonferroni,0.002127659574468085,0.02127659574468085,0.09090909090909091,0.9090909090909091,1.0,0.9523809523809523,408.5,408.5
"abrupt, Δ=0.5, ρ=0.6, clustered",1022,abrupt,0.5,0.6,clustered,KS,остатки,bh_window,0.002127659574468085,0.02127659574468085,0.09090909090909091,0.9090909090909091,1.0,0.9523809523809523,348.5,348.5
"abrupt, Δ=0.5, ρ=0.6, clustered",1022,abrupt,0.5,0.6,clustered,ADWIN,сырые,uncorrected,0.15531914893617021,0.5106382978723404,0.8902439024390244,0.0975609756097561,0.8,0.1739130434782609,340.3333333333333,468.5
"abrupt, Δ=0.5, ρ=0.6, clustered",1022,abrupt,0.5,0.6,clustered,ADWIN,сырые,bonferroni,0.002127659574468085,0.02127659574468085,0.16666666666666666,0.3333333333333333,0.2,0.25,1059.2,1518.5
"abrupt, Δ=0.5, ρ=0.6, clustered",1022,abrupt,0.5,0.6,clustered,ADWIN,сырые,bh_window,0.00425531914893617,0.0425531914893617,0.2857142857142857,0.2857142857142857,0.2,0.23529411764705882,1059.2,1518.5
"abrupt, Δ=0.5, ρ=0.6, clustered",1022,abrupt,0.5,0.6,clustered,ADWIN,сырые,LORD++,0.0,0.0,0.0,,0.0,0.0,,1918.5
"abrupt, Δ=0.5, ρ=0.6, clustered",1022,abrupt,0.5,0.6,clustered,ADWIN,остатки,bonferroni,0.023404255319148935,0.23404255319148937,0.5238095238095238,0.47619047619047616,1.0,0.6451612903225806,208.5,208.5
"abrupt, Δ=0.5, ρ=0.6, clustered",1022,abrupt,0.5,0.6,clustered,ADWIN,остатки,bh_window,0.023404255319148935,0.2127659574468085,0.5238095238095238,0.47619047619047616,1.0,0.6451612903225806,158.5,158.5
"abrupt, Δ=0.5, ρ=0.6, clustered",1022,abrupt,0.5,0.6,clustered,MeanShift(1),сырые,uncorrected,0.11702127659574468,0.2765957446808511,0.8461538461538461,0.15384615384615385,1.0,0.2666666666666667,158.5,158.5
"abrupt, Δ=0.5, ρ=0.6, clustered",1022,abrupt,0.5,0.6,clustered,MeanShift(1),сырые,bonferroni,0.0,0.0,0.0,,0.0,0.0,,1918.5
"abrupt, Δ=0.5, ρ=0.6, clustered",1022,abrupt,0.5,0.6,clustered,MeanShift(1),сырые,bh_window,0.0,0.0,0.0,0.2857142857142857,0.2,0.23529411764705882,1104.7142857142858,1378.5
"abrupt, Δ=0.5, ρ=0.6, clustered",1022,abrupt,0.5,0.6,clustered,MeanShift(1),сырые,LORD++,0.0,0.0,0.0,,0.0,0.0,,1918.5
"abrupt, Δ=0.5, ρ=0.6, clustered",1022,abrupt,0.5,0.6,clustered,MeanShift(1),остатки,bonferroni,0.006382978723404255,0.06382978723404255,0.25,0.6666666666666666,0.8,0.7272727272727272,307.0,438.5
"abrupt, Δ=0.5, ρ=0.6, clustered",1022,abrupt,0.5,0.6,clustered,MeanShift(1),остатки,bh_window,0.006382978723404255,0.06382978723404255,0.23076923076923078,0.6153846153846154,0.8,0.6956521739130435,408.5,408.5
"abrupt, Δ=0.5, ρ=0.6, clustered",1022,abrupt,0.5,0.6,clustered,MeanShift(3),сырые,uncorrected,0.07446808510638298,0.2553191489361702,0.7777777777777778,0.2222222222222222,1.0,0.3636363636363636,378.5,378.5
"abrupt, Δ=0.5, ρ=0.6, clustered",1022,abrupt,0.5,0.6,clustered,MeanShift(3),сырые,bonferroni,0.0,0.0,0.0,0.25,0.1,0.14285714285714288,1541.75,1708.5
"abrupt, Δ=0.5, ρ=0.6, clustered",1022,abrupt,0.5,0.6,clustered,MeanShift(3),сырые,bh_window,0.0,0.0,0.0,0.125,0.1,0.11111111111111112,1680.125,1668.5
"abrupt, Δ=0.5, ρ=0.6, clustered",1022,abrupt,0.5,0.6,clustered,MeanShift(3),сырые,LORD++,0.0,0.0,0.0,,0.0,0.0,,1918.5
"abrupt, Δ=0.5, ρ=0.6, clustered",1022,abrupt,0.5,0.6,clustered,MeanShift(3),остатки,bonferroni,0.002127659574468085,0.02127659574468085,0.09090909090909091,0.9090909090909091,1.0,0.9523809523809523,348.5,348.5
"abrupt, Δ=0.5, ρ=0.6, clustered",1022,abrupt,0.5,0.6,clustered,MeanShift(3),остатки,bh_window,0.002127659574468085,0.02127659574468085,0.09090909090909091,0.9090909090909091,1.0,0.9523809523809523,328.5,328.5
"abrupt, Δ=0.5, ρ=0.6, clustered",1022,abrupt,0.5,0.6,clustered,PH river по умолчанию,сырые,порог,0.825531914893617,0.8723404255319149,0.9748743718592965,0.02512562814070352,1.0,0.049019607843137254,128.5,128.5
"abrupt, Δ=0.5, ρ=0.6, clustered",1023,abrupt,0.5,0.6,clustered,PH,сырые,uncorrected,0.04893617021276596,0.2127659574468085,0.696969696969697,0.30303030303030304,1.0,0.4651162790697675,231.0,231.0
"abrupt, Δ=0.5, ρ=0.6, clustered",1023,abrupt,0.5,0.6,clustered,PH,сырые,bonferroni,0.0,0.0,0.0,0.6666666666666666,0.4,0.5,637.0,971.0
"abrupt, Δ=0.5, ρ=0.6, clustered",1023,abrupt,0.5,0.6,clustered,PH,сырые,bh_window,0.0,0.0,0.0,0.6,0.6,0.6,621.0,621.0
"abrupt, Δ=0.5, ρ=0.6, clustered",1023,abrupt,0.5,0.6,clustered,PH,сырые,LORD++,0.0,0.0,0.0,,0.0,0.0,,1501.0
"abrupt, Δ=0.5, ρ=0.6, clustered",1023,abrupt,0.5,0.6,clustered,PH,остатки,bonferroni,0.002127659574468085,0.02127659574468085,0.09090909090909091,0.9090909090909091,1.0,0.9523809523809523,261.0,261.0
"abrupt, Δ=0.5, ρ=0.6, clustered",1023,abrupt,0.5,0.6,clustered,PH,остатки,bh_window,0.002127659574468085,0.02127659574468085,0.09090909090909091,0.9090909090909091,1.0,0.9523809523809523,231.0,231.0
"abrupt, Δ=0.5, ρ=0.6, clustered",1023,abrupt,0.5,0.6,clustered,KS,сырые,uncorrected,0.06808510638297872,0.3617021276595745,0.7619047619047619,0.23809523809523808,1.0,0.3846153846153846,351.0,351.0
"abrupt, Δ=0.5, ρ=0.6, clustered",1023,abrupt,0.5,0.6,clustered,KS,сырые,bonferroni,0.0,0.0,0.0,0.6666666666666666,0.4,0.5,870.3333333333334,1111.0
"abrupt, Δ=0.5, ρ=0.6, clustered",1023,abrupt,0.5,0.6,clustered,KS,сырые,bh_window,0.0,0.0,0.0,0.5714285714285714,0.4,0.47058823529411764,780.7142857142857,991.0
"abrupt, Δ=0.5, ρ=0.6, clustered",1023,abrupt,0.5,0.6,clustered,KS,сырые,LORD++,0.0,0.0,0.0,,0.0,0.0,,1501.0
"abrupt, Δ=0.5, ρ=0.6, clustered",1023,abrupt,0.5,0.6,clustered,KS,остатки,bonferroni,0.00425531914893617,0.0425531914893617,0.16666666666666666,0.8333333333333334,1.0,0.9090909090909091,341.0,341.0
"abrupt, Δ=0.5, ρ=0.6, clustered",1023,abrupt,0.5,0.6,clustered,KS,остатки,bh_window,0.00851063829787234,0.0851063829787234,0.2857142857142857,0.7142857142857143,1.0,0.8333333333333333,281.0,281.0
"abrupt, Δ=0.5, ρ=0.6, clustered",1023,abrupt,0.5,0.6,clustered,ADWIN,сырые,uncorrected,0.2170212765957447,0.6808510638297872,0.9107142857142857,0.08928571428571429,1.0,0.1639344262295082,191.0,191.0
"abrupt, Δ=0.5, ρ=0.6, clustered",1023,abrupt,0.5,0.6,clustered,ADWIN,сырые,bonferroni,0.00425531914893617,0.0425531914893617,0.18181818181818182,0.7272727272727273,0.8,0.761904761904762,407.44444444444446,511.0
"abrupt, Δ=0.5, ρ=0.6, clustered",1023,abrupt,0.5,0.6,clustered,ADWIN,сырые,bh_window,0.01702127659574468,0.06382978723404255,0.4444444444444444,0.5555555555555556,1.0,0.7142857142857143,301.0,301.0
"abrupt, Δ=0.5, ρ=0.6, clustered",1023,abrupt,0.5,0.6,clustered,ADWIN,сырые,LORD++,0.0,0.0,0.0,,0.0,0.0,,1501.0
"abrupt, Δ=0.5, ρ=0.6, clustered",1023,abrupt,0.5,0.6,clustered,ADWIN,остатки,bonferroni,0.01276595744680851,0.1276595744680851,0.375,0.625,1.0,0.7692307692307693,181.0,181.0
"abrupt, Δ=0.5, ρ=0.6, clustered",1023,abrupt,0.5,0.6,clustered,ADWIN,остатки,bh_window,0.01276595744680851,0.1276595744680851,0.375,0.625,1.0,0.7692307692307693,151.0,151.0
"abrupt, Δ=0.5, ρ=0.6, clustered",1023,abrupt,0.5,0.6,clustered,MeanShift(1),сырые,uncorrected,0.24893617021276596,0.40425531914893614,0.9285714285714286,0.07142857142857142,0.9,0.1323529411764706,174.11111111111111,301.0
"abrupt, Δ=0.5, ρ=0.6, clustered",1023,abrupt,0.5,0.6,clustered,MeanShift(1),сырые,bonferroni,0.0,0.0,0.0,0.8333333333333334,0.5,0.625,417.6666666666667,851.0
"abrupt, Δ=0.5, ρ=0.6, clustered",1023,abrupt,0.5,0.6,clustered,MeanShift(1),сырые,bh_window,0.006382978723404255,0.02127659574468085,0.23076923076923078,0.7692307692307693,1.0,0.8695652173913044,301.0,301.0
"abrupt, Δ=0.5, ρ=0.6, clustered",1023,abrupt,0.5,0.6,clustered,MeanShift(1),сырые,LORD++,0.0,0.0,0.0,,0.0,0.0,,1501.0
"abrupt, Δ=0.5, ρ=0.6, clustered",1023,abrupt,0.5,0.6,clustered,MeanShift(1),остатки,bonferroni,0.002127659574468085,0.02127659574468085,0.09090909090909091,0.9090909090909091,1.0,0.9523809523809523,231.0,231.0
"abrupt, Δ=0.5, ρ=0.6, clustered",1023,abrupt,0.5,0.6,clustered,MeanShift(1),остатки,bh_window,0.00425531914893617,0.0425531914893617,0.16666666666666666,0.8333333333333334,1.0,0.9090909090909091,111.0,111.0
"abrupt, Δ=0.5, ρ=0.6, clustered",1023,abrupt,0.5,0.6,clustered,MeanShift(3),сырые,uncorrected,0.10638297872340426,0.2765957446808511,0.8333333333333334,0.16666666666666666,1.0,0.2857142857142857,301.0,301.0
"abrupt, Δ=0.5, ρ=0.6, clustered",1023,abrupt,0.5,0.6,clustered,MeanShift(3),сырые,bonferroni,0.0,0.0,0.0,0.14285714285714285,0.1,0.11764705882352941,1009.2857142857143,1151.0
"abrupt, Δ=0.5, ρ=0.6, clustered",1023,abrupt,0.5,0.6,clustered,MeanShift(3),сырые,bh_window,0.0,0.0,0.0,0.6666666666666666,0.6,0.631578947368421,674.1111111111111,751.0
"abrupt, Δ=0.5, ρ=0.6, clustered",1023,abrupt,0.5,0.6,clustered,MeanShift(3),сырые,LORD++,0.0,0.0,0.0,,0.0,0.0,,1501.0
"abrupt, Δ=0.5, ρ=0.6, clustered",1023,abrupt,0.5,0.6,clustered,MeanShift(3),остатки,bonferroni,0.002127659574468085,0.02127659574468085,0.09090909090909091,0.9090909090909091,1.0,0.9523809523809523,301.0,301.0
"abrupt, Δ=0.5, ρ=0.6, clustered",1023,abrupt,0.5,0.6,clustered,MeanShift(3),остатки,bh_window,0.002127659574468085,0.02127659574468085,0.09090909090909091,0.9090909090909091,1.0,0.9523809523809523,291.0,291.0
"abrupt, Δ=0.5, ρ=0.6, clustered",1023,abrupt,0.5,0.6,clustered,PH river по умолчанию,сырые,порог,0.8276595744680851,0.8297872340425532,0.974937343358396,0.02506265664160401,1.0,0.0488997555012225,151.0,151.0
"abrupt, Δ=0.5, ρ=0.6, clustered",1021,abrupt,0.5,0.6,clustered,PH,сырые,uncorrected,0.01702127659574468,0.1276595744680851,0.4444444444444444,0.5555555555555556,1.0,0.7142857142857143,340.0,340.0
"abrupt, Δ=0.5, ρ=0.6, clustered",1021,abrupt,0.5,0.6,clustered,PH,сырые,bonferroni,0.0,0.0,0.0,1.0,0.1,0.18181818181818182,564.0,2110.0
"abrupt, Δ=0.5, ρ=0.6, clustered",1021,abrupt,0.5,0.6,clustered,PH,сырые,bh_window,0.0,0.0,0.0,1.0,0.4,0.5714285714285715,464.0,1320.0
"abrupt, Δ=0.5, ρ=0.6, clustered",1021,abrupt,0.5,0.6,clustered,PH,сырые,LORD++,0.0,0.0,0.0,,0.0,0.0,,2360.0
"abrupt, Δ=0.5, ρ=0.6, clustered",1021,abrupt,0.5,0.6,clustered,PH,остатки,bonferroni,0.0,0.0,0.0,1.0,1.0,1.0,300.0,300.0
"abrupt, Δ=0.5, ρ=0.6, clustered",1021,abrupt,0.5,0.6,clustered,PH,остатки,bh_window,0.0,0.0,0.0,1.0,1.0,1.0,250.0,250.0
"abrupt, Δ=0.5, ρ=0.6, clustered",1021,abrupt,0.5,0.6,clustered,KS,сырые,uncorrected,0.2765957446808511,0.5531914893617021,0.9285714285714286,0.07142857142857142,1.0,0.13333333333333333,420.0,420.0
"abrupt, Δ=0.5, ρ=0.6, clustered",1021,abrupt,0.5,0.6,clustered,KS,сырые,bonferroni,0.01276595744680851,0.06382978723404255,0.6,0.4,0.4,0.4000000000000001,564.0,1360.0
"abrupt, Δ=0.5, ρ=0.6, clustered",1021,abrupt,0.5,0.6,clustered,KS,сырые,bh_window,0.07659574468085106,0.0425531914893617,0.8780487804878049,0.12195121951219512,0.5,0.19607843137254902,522.4,1230.0
"abrupt, Δ=0.5, ρ=0.6, clustered",1021,abrupt,0.5,0.6,clustered,KS,сырые,LORD++,0.0,0.0,0.0,,0.0,0.0,,2360.0
"abrupt, Δ=0.5, ρ=0.6, clustered",1021,abrupt,0.5,0.6,clustered,KS,остатки,bonferroni,0.002127659574468085,0.02127659574468085,0.09090909090909091,0.9090909090909091,1.0,0.9523809523809523,390.0,390.0
"abrupt, Δ=0.5, ρ=0.6, clustered",1021,abrupt,0.5,0.6,clustered,KS,остатки,bh_window,0.00425531914893617,0.0425531914893617,0.16666666666666666,0.8333333333333334,1.0,0.9090909090909091,370.0,370.0
"abrupt, Δ=0.5, ρ=0.6, clustered",1021,abrupt,0.5,0.6,clustered,ADWIN,сырые,uncorrected,0.6340425531914894,0.7021276595744681,0.9706840390879479,0.029315960912052116,0.9,0.05678233438485804,138.22222222222223,290.0
"abrupt, Δ=0.5, ρ=0.6, clustered",1021,abrupt,0.5,0.6,clustered,ADWIN,сырые,bonferroni,0.04468085106382979,0.1276595744680851,0.75,0.21428571428571427,0.6,0.3157894736842105,461.7142857142857,820.0
"abrupt, Δ=0.5, ρ=0.6, clustered",1021,abrupt,0.5,0.6,clustered,ADWIN,сырые,bh_window,0.24893617021276596,0.1276595744680851,0.936,0.064,0.8,0.11851851851851851,261.0,540.0
"abrupt, Δ=0.5, ρ=0.6, clustered",1021,abrupt,0.5,0.6,clustered,ADWIN,сырые,LORD++,0.0,0.0,0.0,,0.0,0.0,,2360.0
"abrupt, Δ=0.5, ρ=0.6, clustered",1021,abrupt,0.5,0.6,clustered,ADWIN,остатки,bonferroni,0.010638297872340425,0.10638297872340426,0.3333333333333333,0.6666666666666666,1.0,0.8,160.0,160.0
"abrupt, Δ=0.5, ρ=0.6, clustered",1021,abrupt,0.5,0.6,clustered,ADWIN,остатки,bh_window,0.01702127659574468,0.1276595744680851,0.4444444444444444,0.5555555555555556,1.0,0.7142857142857143,140.0,140.0
"abrupt, Δ=0.5, ρ=0.6, clustered",1021,abrupt,0.5,0.6,clustered,MeanShift(1),сырые,uncorrected,0.09148936170212765,0.14893617021276595,0.8113207547169812,0.18867924528301888,1.0,0.3174603174603175,260.0,260.0
"abrupt, Δ=0.5, ρ=0.6, clustered",1021,abrupt,0.5,0.6,clustered,MeanShift(1),сырые,bonferroni,0.0,0.0,0.0,1.0,0.5,0.6666666666666666,560.8,1390.0
"abrupt, Δ=0.5, ρ=0.6, clustered",1021,abrupt,0.5,0.6,clustered,MeanShift(1),сырые,bh_window,0.00425531914893617,0.02127659574468085,0.18181818181818182,0.6363636363636364,0.7,0.6666666666666666,916.0,990.0
"abrupt, Δ=0.5, ρ=0.6, clustered",1021,abrupt,0.5,0.6,clustered,MeanShift(1),сырые,LORD++,0.0,0.0,0.0,,0.0,0.0,,2360.0
"abrupt, Δ=0.5, ρ=0.6, clustered",1021,abrupt,0.5,0.6,clustered,MeanShift(1),остатки,bonferroni,0.002127659574468085,0.02127659574468085,0.09090909090909091,0.9090909090909091,1.0,0.9523809523809523,240.0,240.0
"abrupt, Δ=0.5, ρ=0.6, clustered",1021,abrupt,0.5,0.6,clustered,MeanShift(1),остатки,bh_window,0.002127659574468085,0.02127659574468085,0.09090909090909091,0.9090909090909091,1.0,0.9523809523809523,190.0,190.0
"abrupt, Δ=0.5, ρ=0.6, clustered",1021,abrupt,0.5,0.6,clustered,MeanShift(3),сырые,uncorrected,0.027659574468085105,0.10638297872340426,0.5652173913043478,0.43478260869565216,1.0,0.6060606060606061,340.0,340.0
"abrupt, Δ=0.5, ρ=0.6, clustered",1021,abrupt,0.5,0.6,clustered,MeanShift(3),сырые,bonferroni,0.0,0.0,0.0,0.8,0.4,0.5333333333333333,844.0,1250.0
"abrupt, Δ=0.5, ρ=0.6, clustered",1021,abrupt,0.5,0.6,clustered,MeanShift(3),сырые,bh_window,0.0,0.0,0.0,1.0,0.5,0.6666666666666666,544.0,1100.0
"abrupt, Δ=0.5, ρ=0.6, clustered",1021,abrupt,0.5,0.6,clustered,MeanShift(3),сырые,LORD++,0.0,0.0,0.0,,0.0,0.0,,2360.0
"abrupt, Δ=0.5, ρ=0.6, clustered",1021,abrupt,0.5,0.6,clustered,MeanShift(3),остатки,bonferroni,0.002127659574468085,0.02127659574468085,0.09090909090909091,0.9090909090909091,1.0,0.9523809523809523,370.0,370.0
"abrupt, Δ=0.5, ρ=0.6, clustered",1021,abrupt,0.5,0.6,clustered,MeanShift(3),остатки,bh_window,0.002127659574468085,0.02127659574468085,0.09090909090909091,0.9090909090909091,1.0,0.9523809523809523,350.0,350.0
"abrupt, Δ=0.5, ρ=0.6, clustered",1021,abrupt,0.5,0.6,clustered,PH river по умолчанию,сырые,порог,0.4574468085106383,0.5531914893617021,0.9555555555555556,0.044444444444444446,1.0,0.0851063829787234,130.0,130.0
"abrupt, Δ=1, ρ=0, scattered",1024,abrupt,1.0,0.0,scattered,PH,сырые,uncorrected,0.1148936170212766,0.6595744680851063,0.84375,0.15625,1.0,0.2702702702702703,111.2,111.2
"abrupt, Δ=1, ρ=0, scattered",1024,abrupt,1.0,0.0,scattered,PH,сырые,bonferroni,0.0,0.0,0.0,1.0,1.0,1.0,211.2,211.2
"abrupt, Δ=1, ρ=0, scattered",1024,abrupt,1.0,0.0,scattered,PH,сырые,bh_window,0.0,0.0,0.0,1.0,1.0,1.0,211.2,211.2
"abrupt, Δ=1, ρ=0, scattered",1024,abrupt,1.0,0.0,scattered,PH,сырые,LORD++,0.0,0.0,0.0,1.0,1.0,1.0,321.2,321.2
"abrupt, Δ=1, ρ=0, scattered",1024,abrupt,1.0,0.0,scattered,PH,остатки,bonferroni,0.0,0.0,0.0,1.0,1.0,1.0,221.2,221.2
"abrupt, Δ=1, ρ=0, scattered",1024,abrupt,1.0,0.0,scattered,PH,остатки,bh_window,0.0,0.0,0.0,1.0,1.0,1.0,221.2,221.2
"abrupt, Δ=1, ρ=0, scattered",1024,abrupt,1.0,0.0,scattered,KS,сырые,uncorrected,0.14042553191489363,0.8085106382978723,0.868421052631579,0.13157894736842105,1.0,0.23255813953488372,161.2,161.2
"abrupt, Δ=1, ρ=0, scattered",1024,abrupt,1.0,0.0,scattered,KS,сырые,bonferroni,0.0,0.0,0.0,1.0,1.0,1.0,271.2,271.2
"abrupt, Δ=1, ρ=0, scattered",1024,abrupt,1.0,0.0,scattered,KS,сырые,bh_window,0.0,0.0,0.0,1.0,1.0,1.0,271.2,271.2
"abrupt, Δ=1, ρ=0, scattered",1024,abrupt,1.0,0.0,scattered,KS,сырые,LORD++,0.0,0.0,0.0,1.0,1.0,1.0,401.2,401.2
"abrupt, Δ=1, ρ=0, scattered",1024,abrupt,1.0,0.0,scattered,KS,остатки,bonferroni,0.00425531914893617,0.0425531914893617,0.16666666666666666,0.8333333333333334,1.0,0.9090909090909091,311.2,311.2
"abrupt, Δ=1, ρ=0, scattered",1024,abrupt,1.0,0.0,scattered,KS,остатки,bh_window,0.006382978723404255,0.06382978723404255,0.23076923076923078,0.7692307692307693,1.0,0.8695652173913044,301.2,301.2
"abrupt, Δ=1, ρ=0, scattered",1024,abrupt,1.0,0.0,scattered,ADWIN,сырые,uncorrected,0.26382978723404255,0.9787234042553191,0.9253731343283582,0.07462686567164178,1.0,0.13888888888888887,151.2,151.2
"abrupt, Δ=1, ρ=0, scattered",1024,abrupt,1.0,0.0,scattered,ADWIN,сырые,bonferroni,0.00851063829787234,0.0851063829787234,0.2857142857142857,0.7142857142857143,1.0,0.8333333333333333,141.2,141.2
"abrupt, Δ=1, ρ=0, scattered",1024,abrupt,1.0,0.0,scattered,ADWIN,сырые,bh_window,0.00851063829787234,0.0851063829787234,0.2857142857142857,0.7142857142857143,1.0,0.8333333333333333,141.2,141.2
"abrupt, Δ=1, ρ=0, scattered",1024,abrupt,1.0,0.0,scattered,ADWIN,сырые,LORD++,0.002127659574468085,0.02127659574468085,0.09090909090909091,0.9090909090909091,1.0,0.9523809523809523,171.2,171.2
"abrupt, Δ=1, ρ=0, scattered",1024,abrupt,1.0,0.0,scattered,ADWIN,остатки,bonferroni,0.014893617021276596,0.1276595744680851,0.4117647058823529,0.5882352941176471,1.0,0.7407407407407407,141.2,141.2
"abrupt, Δ=1, ρ=0, scattered",1024,abrupt,1.0,0.0,scattered,ADWIN,остатки,bh_window,0.01702127659574468,0.1276595744680851,0.4444444444444444,0.5555555555555556,1.0,0.7142857142857143,141.2,141.2
"abrupt, Δ=1, ρ=0, scattered",1024,abrupt,1.0,0.0,scattered,MeanShift(1),сырые,uncorrected,0.2127659574468085,0.851063829787234,0.9090909090909091,0.08181818181818182,0.9,0.15,231.2,231.2
"abrupt, Δ=1, ρ=0, scattered",1024,abrupt,1.0,0.0,scattered,MeanShift(1),сырые,bonferroni,0.0,0.0,0.0,1.0,1.0,1.0,131.2,131.2
"abrupt, Δ=1, ρ=0, scattered",1024,abrupt,1.0,0.0,scattered,MeanShift(1),сырые,bh_window,0.002127659574468085,0.02127659574468085,0.09090909090909091,0.9090909090909091,1.0,0.9523809523809523,131.2,131.2
"abrupt, Δ=1, ρ=0, scattered",1024,abrupt,1.0,0.0,scattered,MeanShift(1),сырые,LORD++,0.0,0.0,0.0,0.8,0.8,0.8000000000000002,511.2,511.2
"abrupt, Δ=1, ρ=0, scattered",1024,abrupt,1.0,0.0,scattered,MeanShift(1),остатки,bonferroni,0.0,0.0,0.0,1.0,1.0,1.0,151.2,151.2
"abrupt, Δ=1, ρ=0, scattered",1024,abrupt,1.0,0.0,scattered,MeanShift(1),остатки,bh_window,0.0,0.0,0.0,1.0,1.0,1.0,151.2,151.2
"abrupt, Δ=1, ρ=0, scattered",1024,abrupt,1.0,0.0,scattered,MeanShift(3),сырые,uncorrected,0.1574468085106383,0.8723404255319149,0.891566265060241,0.10843373493975904,0.9,0.19354838709677422,248.66666666666666,431.2
"abrupt, Δ=1, ρ=0, scattered",1024,abrupt,1.0,0.0,scattered,MeanShift(3),сырые,bonferroni,0.0,0.0,0.0,1.0,1.0,1.0,311.2,311.2
"abrupt, Δ=1, ρ=0, scattered",1024,abrupt,1.0,0.0,scattered,MeanShift(3),сырые,bh_window,0.0,0.0,0.0,1.0,1.0,1.0,311.2,311.2
"abrupt, Δ=1, ρ=0, scattered",1024,abrupt,1.0,0.0,scattered,MeanShift(3),сырые,LORD++,0.0,0.0,0.0,0.9,0.9,0.9,431.2,431.2
"abrupt, Δ=1, ρ=0, scattered",1024,abrupt,1.0,0.0,scattered,MeanShift(3),остатки,bonferroni,0.0,0.0,0.0,1.0,1.0,1.0,311.2,311.2
"abrupt, Δ=1, ρ=0, scattered",1024,abrupt,1.0,0.0,scattered,MeanShift(3),остатки,bh_window,0.0,0.0,0.0,1.0,1.0,1.0,311.2,311.2
"abrupt, Δ=1, ρ=0, scattered",1024,abrupt,1.0,0.0,scattered,PH river по умолчанию,сырые,порог,0.7212765957446808,1.0,0.9713467048710601,0.02865329512893983,1.0,0.05571030640668524,111.2,111.2
"abrupt, Δ=1, ρ=0, scattered",1025,abrupt,1.0,0.0,scattered,PH,сырые,uncorrected,0.08085106382978724,0.5531914893617021,0.7916666666666666,0.20833333333333334,1.0,0.3448275862068966,133.7,133.7
"abrupt, Δ=1, ρ=0, scattered",1025,abrupt,1.0,0.0,scattered,PH,сырые,bonferroni,0.006382978723404255,0.06382978723404255,0.23076923076923078,0.7692307692307693,1.0,0.8695652173913044,233.7,233.7
"abrupt, Δ=1, ρ=0, scattered",1025,abrupt,1.0,0.0,scattered,PH,сырые,bh_window,0.006382978723404255,0.06382978723404255,0.23076923076923078,0.7692307692307693,1.0,0.8695652173913044,223.7,223.7
"abrupt, Δ=1, ρ=0, scattered",1025,abrupt,1.0,0.0,scattered,PH,сырые,LORD++,0.0,0.0,0.0,0.8,0.8,0.8000000000000002,603.7,603.7
"abrupt, Δ=1, ρ=0, scattered",1025,abrupt,1.0,0.0,scattered,PH,остатки,bonferroni,0.00425531914893617,0.0425531914893617,0.16666666666666666,0.8333333333333334,1.0,0.9090909090909091,253.7,253.7
"abrupt, Δ=1, ρ=0, scattered",1025,abrupt,1.0,0.0,scattered,PH,остатки,bh_window,0.00425531914893617,0.0425531914893617,0.16666666666666666,0.8333333333333334,1.0,0.9090909090909091,253.7,253.7
"abrupt, Δ=1, ρ=0, scattered",1025,abrupt,1.0,0.0,scattered,KS,сырые,uncorrected,0.12978723404255318,0.6595744680851063,0.8591549295774648,0.14084507042253522,1.0,0.2469135802469136,203.7,203.7
"abrupt, Δ=1, ρ=0, scattered",1025,abrupt,1.0,0.0,scattered,KS,сырые,bonferroni,0.00425531914893617,0.0425531914893617,0.16666666666666666,0.8333333333333334,1.0,0.9090909090909091,353.7,353.7
"abrupt, Δ=1, ρ=0, scattered",1025,abrupt,1.0,0.0,scattered,KS,сырые,bh_window,0.00425531914893617,0.0425531914893617,0.16666666666666666,0.8333333333333334,1.0,0.9090909090909091,343.7,343.7
"abrupt, Δ=1, ρ=0, scattered",1025,abrupt,1.0,0.0,scattered,KS,сырые,LORD++,0.0,0.0,0.0,1.0,1.0,1.0,433.7,433.7
"abrupt, Δ=1, ρ=0, scattered",1025,abrupt,1.0,0.0,scattered,KS,остатки,bonferroni,0.002127659574468085,0.02127659574468085,0.09090909090909091,0.9090909090909091,1.0,0.9523809523809523,353.7,353.7
"abrupt, Δ=1, ρ=0, scattered",1025,abrupt,1.0,0.0,scattered,KS,остатки,bh_window,0.00851063829787234,0.0425531914893617,0.2857142857142857,0.7142857142857143,1.0,0.8333333333333333,353.7,353.7
"abrupt, Δ=1, ρ=0, scattered",1025,abrupt,1.0,0.0,scattered,ADWIN,сырые,uncorrected,0.23617021276595745,0.9787234042553191,0.9173553719008265,0.08264462809917356,1.0,0.15267175572519084,93.7,93.7
"abrupt, Δ=1, ρ=0, scattered",1025,abrupt,1.0,0.0,scattered,ADWIN,сырые,bonferroni,0.002127659574468085,0.02127659574468085,0.09090909090909091,0.9090909090909091,1.0,0.9523809523809523,133.7,133.7
"abrupt, Δ=1, ρ=0, scattered",1025,abrupt,1.0,0.0,scattered,ADWIN,сырые,bh_window,0.002127659574468085,0.02127659574468085,0.09090909090909091,0.9090909090909091,1.0,0.9523809523809523,123.7,123.7
"abrupt, Δ=1, ρ=0, scattered",1025,abrupt,1.0,0.0,scattered,ADWIN,сырые,LORD++,0.0,0.0,0.0,1.0,1.0,1.0,173.7,173.7
"abrupt, Δ=1, ρ=0, scattered",1025,abrupt,1.0,0.0,scattered,ADWIN,остатки,bonferroni,0.006382978723404255,0.06382978723404255,0.23076923076923078,0.7692307692307693,1.0,0.8695652173913044,143.7,143.7
"abrupt, Δ=1, ρ=0, scattered",1025,abrupt,1.0,0.0,scattered,ADWIN,остатки,bh_window,0.010638297872340425,0.10638297872340426,0.3333333333333333,0.6666666666666666,1.0,0.8,143.7,143.7
"abrupt, Δ=1, ρ=0, scattered",1025,abrupt,1.0,0.0,scattered,MeanShift(1),сырые,uncorrected,0.2574468085106383,0.9148936170212766,0.9236641221374046,0.07633587786259542,1.0,0.14184397163120568,83.7,83.7
"abrupt, Δ=1, ρ=0, scattered",1025,abrupt,1.0,0.0,scattered,MeanShift(1),сырые,bonferroni,0.00425531914893617,0.0425531914893617,0.16666666666666666,0.8333333333333334,1.0,0.9090909090909091,133.7,133.7
"abrupt, Δ=1, ρ=0, scattered",1025,abrupt,1.0,0.0,scattered,MeanShift(1),сырые,bh_window,0.00425531914893617,0.0425531914893617,0.16666666666666666,0.8333333333333334,1.0,0.9090909090909091,133.7,133.7
"abrupt, Δ=1, ρ=0, scattered",1025,abrupt,1.0,0.0,scattered,MeanShift(1),сырые,LORD++,0.0,0.0,0.0,0.5,0.5,0.5,1003.7,1003.7
"abrupt, Δ=1, ρ=0, scattered",1025,abrupt,1.0,0.0,scattered,MeanShift(1),остатки,bonferroni,0.002127659574468085,0.02127659574468085,0.09090909090909091,0.9090909090909091,1.0,0.9523809523809523,163.7,163.7
"abrupt, Δ=1, ρ=0, scattered",1025,abrupt,1.0,0.0,scattered,MeanShift(1),остатки,bh_window,0.00425531914893617,0.0425531914893617,0.16666666666666666,0.8333333333333334,1.0,0.9090909090909091,163.7,163.7
"abrupt, Δ=1, ρ=0, scattered",1025,abrupt,1.0,0.0,scattered,MeanShift(3),сырые,uncorrected,0.11914893617021277,0.7446808510638298,0.8484848484848485,0.15151515151515152,1.0,0.2631578947368421,253.7,253.7
"abrupt, Δ=1, ρ=0, scattered",1025,abrupt,1.0,0.0,scattered,MeanShift(3),сырые,bonferroni,0.0,0.0,0.0,1.0,1.0,1.0,313.7,313.7
"abrupt, Δ=1, ρ=0, scattered",1025,abrupt,1.0,0.0,scattered,MeanShift(3),сырые,bh_window,0.002127659574468085,0.02127659574468085,0.09090909090909091,0.9090909090909091,1.0,0.9523809523809523,303.7,303.7
"abrupt, Δ=1, ρ=0, scattered",1025,abrupt,1.0,0.0,scattered,MeanShift(3),сырые,LORD++,0.0,0.0,0.0,0.9,0.9,0.9,493.7,493.7
"abrupt, Δ=1, ρ=0, scattered",1025,abrupt,1.0,0.0,scattered,MeanShift(3),остатки,bonferroni,0.0,0.0,0.0,1.0,1.0,1.0,313.7,313.7
"abrupt, Δ=1, ρ=0, scattered",1025,abrupt,1.0,0.0,scattered,MeanShift(3),остатки,bh_window,0.0,0.0,0.0,1.0,1.0,1.0,303.7,303.7
"abrupt, Δ=1, ρ=0, scattered",1025,abrupt,1.0,0.0,scattered,PH river по умолчанию,сырые,порог,0.774468085106383,1.0,0.9732620320855615,0.026737967914438502,1.0,0.05208333333333333,153.7,153.7
"abrupt, Δ=1, ρ=0, scattered",1026,abrupt,1.0,0.0,scattered,PH,сырые,uncorrected,0.1,0.5957446808510638,0.8245614035087719,0.17543859649122806,1.0,0.29850746268656714,116.8,116.8
"abrupt, Δ=1, ρ=0, scattered",1026,abrupt,1.0,0.0,scattered,PH,сырые,bonferroni,0.002127659574468085,0.02127659574468085,0.09090909090909091,0.9090909090909091,1.0,0.9523809523809523,226.8,226.8
"abrupt, Δ=1, ρ=0, scattered",1026,abrupt,1.0,0.0,scattered,PH,сырые,bh_window,0.002127659574468085,0.02127659574468085,0.09090909090909091,0.9090909090909091,1.0,0.9523809523809523,226.8,226.8
"abrupt, Δ=1, ρ=0, scattered",1026,abrupt,1.0,0.0,scattered,PH,сырые,LORD++,0.0,0.0,0.0,1.0,1.0,1.0,376.8,376.8
"abrupt, Δ=1, ρ=0, scattered",1026,abrupt,1.0,0.0,scattered,PH,остатки,bonferroni,0.0,0.0,0.0,1.0,1.0,1.0,226.8,226.8
"abrupt, Δ=1, ρ=0, scattered",1026,abrupt,1.0,0.0,scattered,PH,остатки,bh_window,0.0,0.0,0.0,1.0,1.0,1.0,226.8,226.8
"abrupt, Δ=1, ρ=0, scattered",1026,abrupt,1.0,0.0,scattered,KS,сырые,uncorrected,0.13404255319148936,0.723404255319149,0.863013698630137,0.136986301369863,1.0,0.24096385542168672,196.8,196.8
"abrupt, Δ=1, ρ=0, scattered",1026,abrupt,1.0,0.0,scattered,KS,сырые,bonferroni,0.0,0.0,0.0,1.0,1.0,1.0,336.8,336.8
"abrupt, Δ=1, ρ=0, scattered",1026,abrupt,1.0,0.0,scattered,KS,сырые,bh_window,0.0,0.0,0.0,1.0,1.0,1.0,316.8,316.8
"abrupt, Δ=1, ρ=0, scattered",1026,abrupt,1.0,0.0,scattered,KS,сырые,LORD++,0.0,0.0,0.0,1.0,1.0,1.0,426.8,426.8
"abrupt, Δ=1, ρ=0, scattered",1026,abrupt,1.0,0.0,scattered,KS,остатки,bonferroni,0.0,0.0,0.0,1.0,1.0,1.0,356.8,356.8
"abrupt, Δ=1, ρ=0, scattered",1026,abrupt,1.0,0.0,scattered,KS,остатки,bh_window,0.0,0.0,0.0,1.0,1.0,1.0,356.8,356.8
"abrupt, Δ=1, ρ=0, scattered",1026,abrupt,1.0,0.0,scattered,ADWIN,сырые,uncorrected,0.2425531914893617,0.9148936170212766,0.9193548387096774,0.08064516129032258,1.0,0.1492537313432836,106.8,106.8
"abrupt, Δ=1, ρ=0, scattered",1026,abrupt,1.0,0.0,scattered,ADWIN,сырые,bonferroni,0.010638297872340425,0.10638297872340426,0.3333333333333333,0.6666666666666666,1.0,0.8,126.8,126.8
"abrupt, Δ=1, ρ=0, scattered",1026,abrupt,1.0,0.0,scattered,ADWIN,сырые,bh_window,0.010638297872340425,0.10638297872340426,0.3333333333333333,0.6666666666666666,1.0,0.8,126.8,126.8
"abrupt, Δ=1, ρ=0, scattered",1026,abrupt,1.0,0.0,scattered,ADWIN,сырые,LORD++,0.002127659574468085,0.02127659574468085,0.09090909090909091,0.9090909090909091,1.0,0.9523809523809523,136.8,136.8
"abrupt, Δ=1, ρ=0, scattered",1026,abrupt,1.0,0.0,scattered,ADWIN,остатки,bonferroni,0.01702127659574468,0.14893617021276595,0.4444444444444444,0.5555555555555556,1.0,0.7142857142857143,126.8,126.8
"abrupt, Δ=1, ρ=0, scattered",1026,abrupt,1.0,0.0,scattered,ADWIN,остатки,bh_window,0.02127659574468085,0.14893617021276595,0.5,0.5,1.0,0.6666666666666666,126.8,126.8
"abrupt, Δ=1, ρ=0, scattered",1026,abrupt,1.0,0.0,scattered,MeanShift(1),сырые,uncorrected,0.28936170212765955,0.9574468085106383,0.9315068493150684,0.0684931506849315,1.0,0.1282051282051282,116.8,116.8
"abrupt, Δ=1, ρ=0, scattered",1026,abrupt,1.0,0.0,scattered,MeanShift(1),сырые,bonferroni,0.006382978723404255,0.06382978723404255,0.23076923076923078,0.7692307692307693,1.0,0.8695652173913044,136.8,136.8
"abrupt, Δ=1, ρ=0, scattered",1026,abrupt,1.0,0.0,scattered,MeanShift(1),сырые,bh_window,0.006382978723404255,0.06382978723404255,0.23076923076923078,0.7692307692307693,1.0,0.8695652173913044,136.8,136.8
"abrupt, Δ=1, ρ=0, scattered",1026,abrupt,1.0,0.0,scattered,MeanShift(1),сырые,LORD++,0.0,0.0,0.0,0.8,0.8,0.8000000000000002,586.8,586.8
"abrupt, Δ=1, ρ=0, scattered",1026,abrupt,1.0,0.0,scattered,MeanShift(1),остатки,bonferroni,0.002127659574468085,0.02127659574468085,0.09090909090909091,0.9090909090909091,1.0,0.9523809523809523,136.8,136.8
"abrupt, Δ=1, ρ=0, scattered",1026,abrupt,1.0,0.0,scattered,MeanShift(1),остатки,bh_window,0.002127659574468085,0.02127659574468085,0.09090909090909091,0.9090909090909091,1.0,0.9523809523809523,136.8,136.8
"abrupt, Δ=1, ρ=0, scattered",1026,abrupt,1.0,0.0,scattered,MeanShift(3),сырые,uncorrected,0.15319148936170213,0.7446808510638298,0.8780487804878049,0.12195121951219512,1.0,0.21739130434782605,226.8,226.8
"abrupt, Δ=1, ρ=0, scattered",1026,abrupt,1.0,0.0,scattered,MeanShift(3),сырые,bonferroni,0.0,0.0,0.0,1.0,1.0,1.0,306.8,306.8
"abrupt, Δ=1, ρ=0, scattered",1026,abrupt,1.0,0.0,scattered,MeanShift(3),сырые,bh_window,0.0,0.0,0.0,1.0,1.0,1.0,306.8,306.8
"abrupt, Δ=1, ρ=0, scattered",1026,abrupt,1.0,0.0,scattered,MeanShift(3),сырые,LORD++,0.0,0.0,0.0,1.0,1.0,1.0,376.8,376.8
"abrupt, Δ=1, ρ=0, scattered",1026,abrupt,1.0,0.0,scattered,MeanShift(3),остатки,bonferroni,0.0,0.0,0.0,1.0,1.0,1.0,306.8,306.8
"abrupt, Δ=1, ρ=0, scattered",1026,abrupt,1.0,0.0,scattered,MeanShift(3),остатки,bh_window,0.0,0.0,0.0,1.0,1.0,1.0,306.8,306.8
"abrupt, Δ=1, ρ=0, scattered",1026,abrupt,1.0,0.0,scattered,PH river по умолчанию,сырые,порог,0.7425531914893617,1.0,0.9721448467966574,0.027855153203342618,1.0,0.05420054200542005,116.8,116.8
"abrupt, Δ=1, ρ=0, scattered",1027,abrupt,1.0,0.0,scattered,PH,сырые,uncorrected,0.1127659574468085,0.6808510638297872,0.8412698412698413,0.15873015873015872,1.0,0.27397260273972607,120.0,120.0
"abrupt, Δ=1, ρ=0, scattered",1027,abrupt,1.0,0.0,scattered,PH,сырые,bonferroni,0.002127659574468085,0.02127659574468085,0.09090909090909091,0.9090909090909091,1.0,0.9523809523809523,200.0,200.0
"abrupt, Δ=1, ρ=0, scattered",1027,abrupt,1.0,0.0,scattered,PH,сырые,bh_window,0.002127659574468085,0.02127659574468085,0.09090909090909091,0.9090909090909091,1.0,0.9523809523809523,180.0,180.0
"abrupt, Δ=1, ρ=0, scattered",1027,abrupt,1.0,0.0,scattered,PH,сырые,LORD++,0.0,0.0,0.0,1.0,1.0,1.0,260.0,260.0
"abrupt, Δ=1, ρ=0, scattered",1027,abrupt,1.0,0.0,scattered,PH,остатки,bonferroni,0.002127659574468085,0.02127659574468085,0.09090909090909091,0.9090909090909091,1.0,0.9523809523809523,210.0,210.0
"abrupt, Δ=1, ρ=0, scattered",1027,abrupt,1.0,0.0,scattered,PH,остатки,bh_window,0.002127659574468085,0.02127659574468085,0.09090909090909091,0.9090909090909091,1.0,0.9523809523809523,210.0,210.0
"abrupt, Δ=1, ρ=0, scattered",1027,abrupt,1.0,0.0,scattered,KS,сырые,uncorrected,0.14893617021276595,0.723404255319149,0.875,0.125,1.0,0.2222222222222222,190.0,190.0
"abrupt, Δ=1, ρ=0, scattered",1027,abrupt,1.0,0.0,scattered,KS,сырые,bonferroni,0.00425531914893617,0.0425531914893617,0.16666666666666666,0.8333333333333334,1.0,0.9090909090909091,290.0,290.0
"abrupt, Δ=1, ρ=0, scattered",1027,abrupt,1.0,0.0,scattered,KS,сырые,bh_window,0.00425531914893617,0.0425531914893617,0.16666666666666666,0.8333333333333334,1.0,0.9090909090909091,280.0,280.0
"abrupt, Δ=1, ρ=0, scattered",1027,abrupt,1.0,0.0,scattered,KS,сырые,LORD++,0.0,0.0,0.0,1.0,1.0,1.0,380.0,380.0
"abrupt, Δ=1, ρ=0, scattered",1027,abrupt,1.0,0.0,scattered,KS,остатки,bonferroni,0.00425531914893617,0.0425531914893617,0.16666666666666666,0.8333333333333334,1.0,0.9090909090909091,290.0,290.0
"abrupt, Δ=1, ρ=0, scattered",1027,abrupt,1.0,0.0,scattered,KS,остатки,bh_window,0.00425531914893617,0.0425531914893617,0.16666666666666666,0.8333333333333334,1.0,0.9090909090909091,290.0,290.0
"abrupt, Δ=1, ρ=0, scattered",1027,abrupt,1.0,0.0,scattered,ADWIN,сырые,uncorrected,0.2851063829787234,0.9361702127659575,0.9305555555555556,0.06944444444444445,1.0,0.12987012987012989,160.0,160.0
"abrupt, Δ=1, ρ=0, scattered",1027,abrupt,1.0,0.0,scattered,ADWIN,сырые,bonferroni,0.006382978723404255,0.06382978723404255,0.23076923076923078,0.7692307692307693,1.0,0.8695652173913044,120.0,120.0
"abrupt, Δ=1, ρ=0, scattered",1027,abrupt,1.0,0.0,scattered,ADWIN,сырые,bh_window,0.014893617021276596,0.1276595744680851,0.4117647058823529,0.5882352941176471,1.0,0.7407407407407407,100.0,100.0
"abrupt, Δ=1, ρ=0, scattered",1027,abrupt,1.0,0.0,scattered,ADWIN,сырые,LORD++,0.002127659574468085,0.02127659574468085,0.09090909090909091,0.9090909090909091,1.0,0.9523809523809523,150.0,150.0
"abrupt, Δ=1, ρ=0, scattered",1027,abrupt,1.0,0.0,scattered,ADWIN,остатки,bonferroni,0.006382978723404255,0.06382978723404255,0.23076923076923078,0.7692307692307693,1.0,0.8695652173913044,130.0,130.0
"abrupt, Δ=1, ρ=0, scattered",1027,abrupt,1.0,0.0,scattered,ADWIN,остатки,bh_window,0.01276595744680851,0.10638297872340426,0.375,0.625,1.0,0.7692307692307693,100.0,100.0
"abrupt, Δ=1, ρ=0, scattered",1027,abrupt,1.0,0.0,scattered,MeanShift(1),сырые,uncorrected,0.24468085106382978,0.851063829787234,0.92,0.08,1.0,0.14814814814814814,160.0,160.0
"abrupt, Δ=1, ρ=0, scattered",1027,abrupt,1.0,0.0,scattered,MeanShift(1),сырые,bonferroni,0.010638297872340425,0.10638297872340426,0.3333333333333333,0.6666666666666666,1.0,0.8,120.0,120.0
"abrupt, Δ=1, ρ=0, scattered",1027,abrupt,1.0,0.0,scattered,MeanShift(1),сырые,bh_window,0.010638297872340425,0.10638297872340426,0.3333333333333333,0.6666666666666666,1.0,0.8,100.0,100.0
"abrupt, Δ=1, ρ=0, scattered",1027,abrupt,1.0,0.0,scattered,MeanShift(1),сырые,LORD++,0.0,0.0,0.0,0.9,0.9,0.9,270.0,270.0
"abrupt, Δ=1, ρ=0, scattered",1027,abrupt,1.0,0.0,scattered,MeanShift(1),остатки,bonferroni,0.00425531914893617,0.0425531914893617,0.16666666666666666,0.8333333333333334,1.0,0.9090909090909091,130.0,130.0
"abrupt, Δ=1, ρ=0, scattered",1027,abrupt,1.0,0.0,scattered,MeanShift(1),остатки,bh_window,0.006382978723404255,0.06382978723404255,0.23076923076923078,0.7692307692307693,1.0,0.8695652173913044,120.0,120.0
"abrupt, Δ=1, ρ=0, scattered",1027,abrupt,1.0,0.0,scattered,MeanShift(3),сырые,uncorrected,0.15106382978723404,0.7872340425531915,0.8765432098765432,0.12345679012345678,1.0,0.21978021978021975,320.0,320.0
"abrupt, Δ=1, ρ=0, scattered",1027,abrupt,1.0,0.0,scattered,MeanShift(3),сырые,bonferroni,0.00425531914893617,0.0425531914893617,0.16666666666666666,0.8333333333333334,1.0,0.9090909090909091,290.0,290.0
"abrupt, Δ=1, ρ=0, scattered",1027,abrupt,1.0,0.0,scattered,MeanShift(3),сырые,bh_window,0.00425531914893617,0.0425531914893617,0.16666666666666666,0.8333333333333334,1.0,0.9090909090909091,290.0,290.0
"abrupt, Δ=1, ρ=0, scattered",1027,abrupt,1.0,0.0,scattered,MeanShift(3),сырые,LORD++,0.0,0.0,0.0,1.0,1.0,1.0,330.0,330.0
"abrupt, Δ=1, ρ=0, scattered",1027,abrupt,1.0,0.0,scattered,MeanShift(3),остатки,bonferroni,0.00425531914893617,0.0425531914893617,0.16666666666666666,0.8333333333333334,1.0,0.9090909090909091,290.0,290.0
"abrupt, Δ=1, ρ=0, scattered",1027,abrupt,1.0,0.0,scattered,MeanShift(3),остатки,bh_window,0.00425531914893617,0.0425531914893617,0.16666666666666666,0.8333333333333334,1.0,0.9090909090909091,290.0,290.0
"abrupt, Δ=1, ρ=0, scattered",1027,abrupt,1.0,0.0,scattered,PH river по умолчанию,сырые,порог,0.7319148936170212,1.0,0.9717514124293786,0.02824858757062147,1.0,0.054945054945054944,120.0,120.0
"abrupt, Δ=1, ρ=0, clustered",1028,abrupt,1.0,0.0,clustered,PH,сырые,uncorrected,0.10425531914893617,0.5957446808510638,0.8305084745762712,0.1694915254237288,1.0,0.2898550724637681,117.0,117.0
"abrupt, Δ=1, ρ=0, clustered",1028,abrupt,1.0,0.0,clustered,PH,сырые,bonferroni,0.0,0.0,0.0,1.0,1.0,1.0,187.0,187.0
"abrupt, Δ=1, ρ=0, clustered",1028,abrupt,1.0,0.0,clustered,PH,сырые,bh_window,0.0,0.0,0.0,1.0,1.0,1.0,177.0,177.0
"abrupt, Δ=1, ρ=0, clustered",1028,abrupt,1.0,0.0,clustered,PH,сырые,LORD++,0.0,0.0,0.0,1.0,1.0,1.0,257.0,257.0
"abrupt, Δ=1, ρ=0, clustered",1028,abrupt,1.0,0.0,clustered,PH,остатки,bonferroni,0.0,0.0,0.0,1.0,1.0,1.0,227.0,227.0
"abrupt, Δ=1, ρ=0, clustered",1028,abrupt,1.0,0.0,clustered,PH,остатки,bh_window,0.0,0.0,0.0,1.0,1.0,1.0,187.0,187.0
"abrupt, Δ=1, ρ=0, clustered",1028,abrupt,1.0,0.0,clustered,KS,сырые,uncorrected,0.17446808510638298,0.8085106382978723,0.8913043478260869,0.10869565217391304,1.0,0.19607843137254902,187.0,187.0
"abrupt, Δ=1, ρ=0, clustered",1028,abrupt,1.0,0.0,clustered,KS,сырые,bonferroni,0.002127659574468085,0.02127659574468085,0.1,0.9,0.9,0.9,296.1111111111111,407.0
"abrupt, Δ=1, ρ=0, clustered",1028,abrupt,1.0,0.0,clustered,KS,сырые,bh_window,0.002127659574468085,0.02127659574468085,0.1,0.9,0.9,0.9,285.0,397.0
"abrupt, Δ=1, ρ=0, clustered",1028,abrupt,1.0,0.0,clustered,KS,сырые,LORD++,0.0,0.0,0.0,1.0,1.0,1.0,397.0,397.0
"abrupt, Δ=1, ρ=0, clustered",1028,abrupt,1.0,0.0,clustered,KS,остатки,bonferroni,0.00425531914893617,0.0425531914893617,0.16666666666666666,0.8333333333333334,1.0,0.9090909090909091,307.0,307.0
"abrupt, Δ=1, ρ=0, clustered",1028,abrupt,1.0,0.0,clustered,KS,остатки,bh_window,0.00425531914893617,0.02127659574468085,0.16666666666666666,0.8333333333333334,1.0,0.9090909090909091,307.0,307.0
"abrupt, Δ=1, ρ=0, clustered",1028,abrupt,1.0,0.0,clustered,ADWIN,сырые,uncorrected,0.2574468085106383,0.9361702127659575,0.9236641221374046,0.07633587786259542,1.0,0.14184397163120568,117.0,117.0
"abrupt, Δ=1, ρ=0, clustered",1028,abrupt,1.0,0.0,clustered,ADWIN,сырые,bonferroni,0.00851063829787234,0.0851063829787234,0.2857142857142857,0.7142857142857143,1.0,0.8333333333333333,117.0,117.0
"abrupt, Δ=1, ρ=0, clustered",1028,abrupt,1.0,0.0,clustered,ADWIN,сырые,bh_window,0.010638297872340425,0.10638297872340426,0.3333333333333333,0.6666666666666666,1.0,0.8,107.0,107.0
"abrupt, Δ=1, ρ=0, clustered",1028,abrupt,1.0,0.0,clustered,ADWIN,сырые,LORD++,0.002127659574468085,0.02127659574468085,0.09090909090909091,0.9090909090909091,1.0,0.9523809523809523,107.0,107.0
"abrupt, Δ=1, ρ=0, clustered",1028,abrupt,1.0,0.0,clustered,ADWIN,остатки,bonferroni,0.01276595744680851,0.1276595744680851,0.375,0.625,1.0,0.7692307692307693,117.0,117.0
"abrupt, Δ=1, ρ=0, clustered",1028,abrupt,1.0,0.0,clustered,ADWIN,остатки,bh_window,0.01276595744680851,0.1276595744680851,0.375,0.625,1.0,0.7692307692307693,107.0,107.0
"abrupt, Δ=1, ρ=0, clustered",1028,abrupt,1.0,0.0,clustered,MeanShift(1),сырые,uncorrected,0.2872340425531915,0.9361702127659575,0.9310344827586207,0.06896551724137931,1.0,0.12903225806451613,117.0,117.0
"abrupt, Δ=1, ρ=0, clustered",1028,abrupt,1.0,0.0,clustered,MeanShift(1),сырые,bonferroni,0.00851063829787234,0.06382978723404255,0.3076923076923077,0.6923076923076923,0.9,0.7826086956521738,107.22222222222223,237.0
"abrupt, Δ=1, ρ=0, clustered",1028,abrupt,1.0,0.0,clustered,MeanShift(1),сырые,bh_window,0.00851063829787234,0.06382978723404255,0.3076923076923077,0.6923076923076923,0.9,0.7826086956521738,96.11111111111111,227.0
"abrupt, Δ=1, ρ=0, clustered",1028,abrupt,1.0,0.0,clustered,MeanShift(1),сырые,LORD++,0.0,0.0,0.0,1.0,1.0,1.0,107.0,107.0
"abrupt, Δ=1, ρ=0, clustered",1028,abrupt,1.0,0.0,clustered,MeanShift(1),остатки,bonferroni,0.002127659574468085,0.02127659574468085,0.09090909090909091,0.9090909090909091,1.0,0.9523809523809523,107.0,107.0
"abrupt, Δ=1, ρ=0, clustered",1028,abrupt,1.0,0.0,clustered,MeanShift(1),остатки,bh_window,0.006382978723404255,0.0425531914893617,0.25,0.75,0.9,0.8181818181818182,107.22222222222223,237.0
"abrupt, Δ=1, ρ=0, clustered",1028,abrupt,1.0,0.0,clustered,MeanShift(3),сырые,uncorrected,0.15531914893617021,0.7659574468085106,0.8795180722891566,0.12048192771084337,1.0,0.21505376344086022,287.0,287.0
"abrupt, Δ=1, ρ=0, clustered",1028,abrupt,1.0,0.0,clustered,MeanShift(3),сырые,bonferroni,0.002127659574468085,0.02127659574468085,0.09090909090909091,0.9090909090909091,1.0,0.9523809523809523,267.0,267.0
"abrupt, Δ=1, ρ=0, clustered",1028,abrupt,1.0,0.0,clustered,MeanShift(3),сырые,bh_window,0.002127659574468085,0.02127659574468085,0.09090909090909091,0.9090909090909091,1.0,0.9523809523809523,267.0,267.0
"abrupt, Δ=1, ρ=0, clustered",1028,abrupt,1.0,0.0,clustered,MeanShift(3),сырые,LORD++,0.0,0.0,0.0,1.0,1.0,1.0,297.0,297.0
"abrupt, Δ=1, ρ=0, clustered",1028,abrupt,1.0,0.0,clustered,MeanShift(3),остатки,bonferroni,0.002127659574468085,0.02127659574468085,0.09090909090909091,0.9090909090909091,1.0,0.9523809523809523,297.0,297.0
"abrupt, Δ=1, ρ=0, clustered",1028,abrupt,1.0,0.0,clustered,MeanShift(3),остатки,bh_window,0.002127659574468085,0.02127659574468085,0.09090909090909091,0.9090909090909091,1.0,0.9523809523809523,297.0,297.0
"abrupt, Δ=1, ρ=0, clustered",1028,abrupt,1.0,0.0,clustered,PH river по умолчанию,сырые,порог,0.7829787234042553,1.0,0.9735449735449735,0.026455026455026454,1.0,0.05154639175257732,97.0,97.0
"abrupt, Δ=1, ρ=0, clustered",1029,abrupt,1.0,0.0,clustered,PH,сырые,uncorrected,0.07872340425531915,0.5319148936170213,0.7872340425531915,0.2127659574468085,1.0,0.3508771929824561,136.0,136.0
"abrupt, Δ=1, ρ=0, clustered",1029,abrupt,1.0,0.0,clustered,PH,сырые,bonferroni,0.006382978723404255,0.06382978723404255,0.23076923076923078,0.7692307692307693,1.0,0.8695652173913044,236.0,236.0
"abrupt, Δ=1, ρ=0, clustered",1029,abrupt,1.0,0.0,clustered,PH,сырые,bh_window,0.006382978723404255,0.06382978723404255,0.23076923076923078,0.7692307692307693,1.0,0.8695652173913044,216.0,216.0
"abrupt, Δ=1, ρ=0, clustered",1029,abrupt,1.0,0.0,clustered,PH,сырые,LORD++,0.0,0.0,0.0,0.9,0.9,0.9,516.0,516.0
"abrupt, Δ=1, ρ=0, clustered",1029,abrupt,1.0,0.0,clustered,PH,остатки,bonferroni,0.002127659574468085,0.02127659574468085,0.09090909090909091,0.9090909090909091,1.0,0.9523809523809523,256.0,256.0
"abrupt, Δ=1, ρ=0, clustered",1029,abrupt,1.0,0.0,clustered,PH,остатки,bh_window,0.002127659574468085,0.02127659574468085,0.09090909090909091,0.9090909090909091,1.0,0.9523809523809523,226.0,226.0
"abrupt, Δ=1, ρ=0, clustered",1029,abrupt,1.0,0.0,clustered,KS,сырые,uncorrected,0.13404255319148936,0.7446808510638298,0.863013698630137,0.136986301369863,1.0,0.24096385542168672,216.0,216.0
"abrupt, Δ=1, ρ=0, clustered",1029,abrupt,1.0,0.0,clustered,KS,сырые,bonferroni,0.00425531914893617,0.0425531914893617,0.16666666666666666,0.8333333333333334,1.0,0.9090909090909091,316.0,316.0
"abrupt, Δ=1, ρ=0, clustered",1029,abrupt,1.0,0.0,clustered,KS,сырые,bh_window,0.00425531914893617,0.0425531914893617,0.16666666666666666,0.8333333333333334,1.0,0.9090909090909091,296.0,296.0
"abrupt, Δ=1, ρ=0, clustered",1029,abrupt,1.0,0.0,clustered,KS,сырые,LORD++,0.0,0.0,0.0,1.0,1.0,1.0,386.0,386.0
"abrupt, Δ=1, ρ=0, clustered",1029,abrupt,1.0,0.0,clustered,KS,остатки,bonferroni,0.006382978723404255,0.06382978723404255,0.23076923076923078,0.7692307692307693,1.0,0.8695652173913044,336.0,336.0
"abrupt, Δ=1, ρ=0, clustered",1029,abrupt,1.0,0.0,clustered,KS,остатки,bh_window,0.00851063829787234,0.0851063829787234,0.2857142857142857,0.7142857142857143,1.0,0.8333333333333333,306.0,306.0
"abrupt, Δ=1, ρ=0, clustered",1029,abrupt,1.0,0.0,clustered,ADWIN,сырые,uncorrected,0.24680851063829787,0.9574468085106383,0.9206349206349206,0.07936507936507936,1.0,0.14705882352941177,96.0,96.0
"abrupt, Δ=1, ρ=0, clustered",1029,abrupt,1.0,0.0,clustered,ADWIN,сырые,bonferroni,0.023404255319148935,0.2127659574468085,0.5238095238095238,0.47619047619047616,1.0,0.6451612903225806,116.0,116.0
"abrupt, Δ=1, ρ=0, clustered",1029,abrupt,1.0,0.0,clustered,ADWIN,сырые,bh_window,0.02553191489361702,0.2127659574468085,0.5454545454545454,0.45454545454545453,1.0,0.625,106.0,106.0
"abrupt, Δ=1, ρ=0, clustered",1029,abrupt,1.0,0.0,clustered,ADWIN,сырые,LORD++,0.00425531914893617,0.0425531914893617,0.16666666666666666,0.8333333333333334,1.0,0.9090909090909091,146.0,146.0
"abrupt, Δ=1, ρ=0, clustered",1029,abrupt,1.0,0.0,clustered,ADWIN,остатки,bonferroni,0.023404255319148935,0.23404255319148937,0.5238095238095238,0.47619047619047616,1.0,0.6451612903225806,116.0,116.0
"abrupt, Δ=1, ρ=0, clustered",1029,abrupt,1.0,0.0,clustered,ADWIN,остатки,bh_window,0.027659574468085105,0.19148936170212766,0.5652173913043478,0.43478260869565216,1.0,0.6060606060606061,106.0,106.0
"abrupt, Δ=1, ρ=0, clustered",1029,abrupt,1.0,0.0,clustered,MeanShift(1),сырые,uncorrected,0.26595744680851063,0.9361702127659575,0.9259259259259259,0.07407407407407407,1.0,0.13793103448275862,66.0,66.0
"abrupt, Δ=1, ρ=0, clustered",1029,abrupt,1.0,0.0,clustered,MeanShift(1),сырые,bonferroni,0.014893617021276596,0.14893617021276595,0.4117647058823529,0.5882352941176471,1.0,0.7407407407407407,136.0,136.0
"abrupt, Δ=1, ρ=0, clustered",1029,abrupt,1.0,0.0,clustered,MeanShift(1),сырые,bh_window,0.01276595744680851,0.1276595744680851,0.375,0.625,1.0,0.7692307692307693,106.0,106.0
"abrupt, Δ=1, ρ=0, clustered",1029,abrupt,1.0,0.0,clustered,MeanShift(1),сырые,LORD++,0.0,0.0,0.0,1.0,0.9,0.9473684210526316,175.66666666666666,416.0
"abrupt, Δ=1, ρ=0, clustered",1029,abrupt,1.0,0.0,clustered,MeanShift(1),остатки,bonferroni,0.00425531914893617,0.0425531914893617,0.16666666666666666,0.75,0.9,0.8181818181818182,316.0,316.0
"abrupt, Δ=1, ρ=0, clustered",1029,abrupt,1.0,0.0,clustered,MeanShift(1),остатки,bh_window,0.006382978723404255,0.06382978723404255,0.23076923076923078,0.6923076923076923,0.9,0.7826086956521738,196.0,196.0
"abrupt, Δ=1, ρ=0, clustered",1029,abrupt,1.0,0.0,clustered,MeanShift(3),сырые,uncorrected,0.18723404255319148,0.8297872340425532,0.8979591836734694,0.10204081632653061,1.0,0.1851851851851852,276.0,276.0
"abrupt, Δ=1, ρ=0, clustered",1029,abrupt,1.0,0.0,clustered,MeanShift(3),сырые,bonferroni,0.00425531914893617,0.0425531914893617,0.16666666666666666,0.8333333333333334,1.0,0.9090909090909091,266.0,266.0
"abrupt, Δ=1, ρ=0, clustered",1029,abrupt,1.0,0.0,clustered,MeanShift(3),сырые,bh_window,0.006382978723404255,0.0425531914893617,0.23076923076923078,0.7692307692307693,1.0,0.8695652173913044,266.0,266.0
"abrupt, Δ=1, ρ=0, clustered",1029,abrupt,1.0,0.0,clustered,MeanShift(3),сырые,LORD++,0.0,0.0,0.0,1.0,1.0,1.0,316.0,316.0
"abrupt, Δ=1, ρ=0, clustered",1029,abrupt,1.0,0.0,clustered,MeanShift(3),остатки,bonferroni,0.0,0.0,0.0,1.0,1.0,1.0,276.0,276.0
"abrupt, Δ=1, ρ=0, clustered",1029,abrupt,1.0,0.0,clustered,MeanShift(3),остатки,bh_window,0.0,0.0,0.0,1.0,1.0,1.0,266.0,266.0
"abrupt, Δ=1, ρ=0, clustered",1029,abrupt,1.0,0.0,clustered,PH river по умолчанию,сырые,порог,0.7659574468085106,1.0,0.972972972972973,0.02702702702702703,1.0,0.052631578947368425,126.0,126.0
"abrupt, Δ=1, ρ=0, clustered",1030,abrupt,1.0,0.0,clustered,PH,сырые,uncorrected,0.08723404255319149,0.5106382978723404,0.803921568627451,0.19607843137254902,1.0,0.3278688524590164,122.5,122.5
"abrupt, Δ=1, ρ=0, clustered",1030,abrupt,1.0,0.0,clustered,PH,сырые,bonferroni,0.002127659574468085,0.02127659574468085,0.09090909090909091,0.9090909090909091,1.0,0.9523809523809523,212.5,212.5
"abrupt, Δ=1, ρ=0, clustered",1030,abrupt,1.0,0.0,clustered,PH,сырые,bh_window,0.00425531914893617,0.0425531914893617,0.16666666666666666,0.8333333333333334,1.0,0.9090909090909091,192.5,192.5
"abrupt, Δ=1, ρ=0, clustered",1030,abrupt,1.0,0.0,clustered,PH,сырые,LORD++,0.0,0.0,0.0,1.0,1.0,1.0,272.5,272.5
"abrupt, Δ=1, ρ=0, clustered",1030,abrupt,1.0,0.0,clustered,PH,остатки,bonferroni,0.0,0.0,0.0,1.0,1.0,1.0,242.5,242.5
"abrupt, Δ=1, ρ=0, clustered",1030,abrupt,1.0,0.0,clustered,PH,остатки,bh_window,0.0,0.0,0.0,1.0,1.0,1.0,202.5,202.5
"abrupt, Δ=1, ρ=0, clustered",1030,abrupt,1.0,0.0,clustered,KS,сырые,uncorrected,0.10851063829787234,0.6808510638297872,0.8360655737704918,0.16393442622950818,1.0,0.28169014084507044,182.5,182.5
"abrupt, Δ=1, ρ=0, clustered",1030,abrupt,1.0,0.0,clustered,KS,сырые,bonferroni,0.002127659574468085,0.02127659574468085,0.09090909090909091,0.9090909090909091,1.0,0.9523809523809523,282.5,282.5
"abrupt, Δ=1, ρ=0, clustered",1030,abrupt,1.0,0.0,clustered,KS,сырые,bh_window,0.002127659574468085,0.02127659574468085,0.09090909090909091,0.9090909090909091,1.0,0.9523809523809523,272.5,272.5
"abrupt, Δ=1, ρ=0, clustered",1030,abrupt,1.0,0.0,clustered,KS,сырые,LORD++,0.0,0.0,0.0,1.0,1.0,1.0,412.5,412.5
"abrupt, Δ=1, ρ=0, clustered",1030,abrupt,1.0,0.0,clustered,KS,остатки,bonferroni,0.0,0.0,0.0,1.0,1.0,1.0,302.5,302.5
"abrupt, Δ=1, ρ=0, clustered",1030,abrupt,1.0,0.0,clustered,KS,остатки,bh_window,0.0,0.0,0.0,1.0,1.0,1.0,282.5,282.5
"abrupt, Δ=1, ρ=0, clustered",1030,abrupt,1.0,0.0,clustered,ADWIN,сырые,uncorrected,0.2957446808510638,0.9148936170212766,0.9328859060402684,0.06711409395973154,1.0,0.12578616352201258,112.5,112.5
"abrupt, Δ=1, ρ=0, clustered",1030,abrupt,1.0,0.0,clustered,ADWIN,сырые,bonferroni,0.02127659574468085,0.1702127659574468,0.5,0.5,1.0,0.6666666666666666,112.5,112.5
"abrupt, Δ=1, ρ=0, clustered",1030,abrupt,1.0,0.0,clustered,ADWIN,сырые,bh_window,0.036170212765957444,0.1702127659574468,0.6296296296296297,0.37037037037037035,1.0,0.5405405405405406,112.5,112.5
"abrupt, Δ=1, ρ=0, clustered",1030,abrupt,1.0,0.0,clustered,ADWIN,сырые,LORD++,0.006382978723404255,0.0425531914893617,0.23076923076923078,0.7692307692307693,1.0,0.8695652173913044,152.5,152.5
"abrupt, Δ=1, ρ=0, clustered",1030,abrupt,1.0,0.0,clustered,ADWIN,остатки,bonferroni,0.01702127659574468,0.1702127659574468,0.4444444444444444,0.5555555555555556,1.0,0.7142857142857143,132.5,132.5
"abrupt, Δ=1, ρ=0, clustered",1030,abrupt,1.0,0.0,clustered,ADWIN,остатки,bh_window,0.023404255319148935,0.19148936170212766,0.5238095238095238,0.47619047619047616,1.0,0.6451612903225806,112.5,112.5
"abrupt, Δ=1, ρ=0, clustered",1030,abrupt,1.0,0.0,clustered,MeanShift(1),сырые,uncorrected,0.30425531914893617,0.9574468085106383,0.934640522875817,0.06535947712418301,1.0,0.1226993865030675,112.5,112.5
"abrupt, Δ=1, ρ=0, clustered",1030,abrupt,1.0,0.0,clustered,MeanShift(1),сырые,bonferroni,0.00425531914893617,0.0425531914893617,0.16666666666666666,0.8333333333333334,1.0,0.9090909090909091,112.5,112.5
"abrupt, Δ=1, ρ=0, clustered",1030,abrupt,1.0,0.0,clustered,MeanShift(1),сырые,bh_window,0.006382978723404255,0.06382978723404255,0.23076923076923078,0.7692307692307693,1.0,0.8695652173913044,112.5,112.5
"abrupt, Δ=1, ρ=0, clustered",1030,abrupt,1.0,0.0,clustered,MeanShift(1),сырые,LORD++,0.002127659574468085,0.02127659574468085,0.09090909090909091,0.9090909090909091,1.0,0.9523809523809523,182.5,182.5
"abrupt, Δ=1, ρ=0, clustered",1030,abrupt,1.0,0.0,clustered,MeanShift(1),остатки,bonferroni,0.00425531914893617,0.0425531914893617,0.16666666666666666,0.8333333333333334,1.0,0.9090909090909091,112.5,112.5
"abrupt, Δ=1, ρ=0, clustered",1030,abrupt,1.0,0.0,clustered,MeanShift(1),остатки,bh_window,0.00425531914893617,0.0425531914893617,0.16666666666666666,0.8333333333333334,1.0,0.9090909090909091,112.5,112.5
"abrupt, Δ=1, ρ=0, clustered",1030,abrupt,1.0,0.0,clustered,MeanShift(3),сырые,uncorrected,0.12978723404255318,0.6382978723404256,0.8591549295774648,0.14084507042253522,1.0,0.2469135802469136,262.5,262.5
"abrupt, Δ=1, ρ=0, clustered",1030,abrupt,1.0,0.0,clustered,MeanShift(3),сырые,bonferroni,0.0,0.0,0.0,1.0,1.0,1.0,312.5,312.5
"abrupt, Δ=1, ρ=0, clustered",1030,abrupt,1.0,0.0,clustered,MeanShift(3),сырые,bh_window,0.00425531914893617,0.0425531914893617,0.16666666666666666,0.8333333333333334,1.0,0.9090909090909091,272.5,272.5
"abrupt, Δ=1, ρ=0, clustered",1030,abrupt,1.0,0.0,clustered,MeanShift(3),сырые,LORD++,0.0,0.0,0.0,1.0,1.0,1.0,312.5,312.5
"abrupt, Δ=1, ρ=0, clustered",1030,abrupt,1.0,0.0,clustered,MeanShift(3),остатки,bonferroni,0.0,0.0,0.0,1.0,1.0,1.0,312.5,312.5
"abrupt, Δ=1, ρ=0, clustered",1030,abrupt,1.0,0.0,clustered,MeanShift(3),остатки,bh_window,0.002127659574468085,0.02127659574468085,0.09090909090909091,0.9090909090909091,1.0,0.9523809523809523,292.5,292.5
"abrupt, Δ=1, ρ=0, clustered",1030,abrupt,1.0,0.0,clustered,PH river по умолчанию,сырые,порог,0.7361702127659574,1.0,0.9719101123595506,0.028089887640449437,1.0,0.0546448087431694,112.5,112.5
"abrupt, Δ=1, ρ=0, clustered",1031,abrupt,1.0,0.0,clustered,PH,сырые,uncorrected,0.08723404255319149,0.5531914893617021,0.803921568627451,0.19607843137254902,1.0,0.3278688524590164,141.0,141.0
"abrupt, Δ=1, ρ=0, clustered",1031,abrupt,1.0,0.0,clustered,PH,сырые,bonferroni,0.002127659574468085,0.02127659574468085,0.09090909090909091,0.9090909090909091,1.0,0.9523809523809523,241.0,241.0
"abrupt, Δ=1, ρ=0, clustered",1031,abrupt,1.0,0.0,clustered,PH,сырые,bh_window,0.002127659574468085,0.02127659574468085,0.09090909090909091,0.9090909090909091,1.0,0.9523809523809523,211.0,211.0
"abrupt, Δ=1, ρ=0, clustered",1031,abrupt,1.0,0.0,clustered,PH,сырые,LORD++,0.0,0.0,0.0,1.0,1.0,1.0,341.0,341.0
"abrupt, Δ=1, ρ=0, clustered",1031,abrupt,1.0,0.0,clustered,PH,остатки,bonferroni,0.0,0.0,0.0,1.0,1.0,1.0,261.0,261.0
"abrupt, Δ=1, ρ=0, clustered",1031,abrupt,1.0,0.0,clustered,PH,остатки,bh_window,0.0,0.0,0.0,1.0,1.0,1.0,221.0,221.0
"abrupt, Δ=1, ρ=0, clustered",1031,abrupt,1.0,0.0,clustered,KS,сырые,uncorrected,0.10851063829787234,0.5957446808510638,0.8360655737704918,0.16393442622950818,1.0,0.28169014084507044,201.0,201.0
"abrupt, Δ=1, ρ=0, clustered",1031,abrupt,1.0,0.0,clustered,KS,сырые,bonferroni,0.0,0.0,0.0,1.0,1.0,1.0,331.0,331.0
"abrupt, Δ=1, ρ=0, clustered",1031,abrupt,1.0,0.0,clustered,KS,сырые,bh_window,0.0,0.0,0.0,1.0,1.0,1.0,311.0,311.0
"abrupt, Δ=1, ρ=0, clustered",1031,abrupt,1.0,0.0,clustered,KS,сырые,LORD++,0.002127659574468085,0.02127659574468085,0.09090909090909091,0.9090909090909091,1.0,0.9523809523809523,411.0,411.0
"abrupt, Δ=1, ρ=0, clustered",1031,abrupt,1.0,0.0,clustered,KS,остатки,bonferroni,0.002127659574468085,0.02127659574468085,0.09090909090909091,0.9090909090909091,1.0,0.9523809523809523,341.0,341.0
"abrupt, Δ=1, ρ=0, clustered",1031,abrupt,1.0,0.0,clustered,KS,остатки,bh_window,0.01276595744680851,0.0425531914893617,0.375,0.625,1.0,0.7692307692307693,321.0,321.0
"abrupt, Δ=1, ρ=0, clustered",1031,abrupt,1.0,0.0,clustered,ADWIN,сырые,uncorrected,0.2404255319148936,0.8936170212765957,0.9186991869918699,0.08130081300813008,1.0,0.15037593984962405,91.0,91.0
"abrupt, Δ=1, ρ=0, clustered",1031,abrupt,1.0,0.0,clustered,ADWIN,сырые,bonferroni,0.00851063829787234,0.0851063829787234,0.2857142857142857,0.7142857142857143,1.0,0.8333333333333333,131.0,131.0
"abrupt, Δ=1, ρ=0, clustered",1031,abrupt,1.0,0.0,clustered,ADWIN,сырые,bh_window,0.01276595744680851,0.10638297872340426,0.375,0.625,1.0,0.7692307692307693,111.0,111.0
"abrupt, Δ=1, ρ=0, clustered",1031,abrupt,1.0,0.0,clustered,ADWIN,сырые,LORD++,0.002127659574468085,0.02127659574468085,0.09090909090909091,0.9090909090909091,1.0,0.9523809523809523,161.0,161.0
"abrupt, Δ=1, ρ=0, clustered",1031,abrupt,1.0,0.0,clustered,ADWIN,остатки,bonferroni,0.01702127659574468,0.1702127659574468,0.4444444444444444,0.5555555555555556,1.0,0.7142857142857143,131.0,131.0
"abrupt, Δ=1, ρ=0, clustered",1031,abrupt,1.0,0.0,clustered,ADWIN,остатки,bh_window,0.02127659574468085,0.2127659574468085,0.5,0.5,1.0,0.6666666666666666,131.0,131.0
"abrupt, Δ=1, ρ=0, clustered",1031,abrupt,1.0,0.0,clustered,MeanShift(1),сырые,uncorrected,0.2765957446808511,0.9574468085106383,0.9285714285714286,0.07142857142857142,1.0,0.13333333333333333,91.0,91.0
"abrupt, Δ=1, ρ=0, clustered",1031,abrupt,1.0,0.0,clustered,MeanShift(1),сырые,bonferroni,0.0,0.0,0.0,1.0,1.0,1.0,151.0,151.0
"abrupt, Δ=1, ρ=0, clustered",1031,abrupt,1.0,0.0,clustered,MeanShift(1),сырые,bh_window,0.002127659574468085,0.02127659574468085,0.09090909090909091,0.9090909090909091,1.0,0.9523809523809523,91.0,91.0
"abrupt, Δ=1, ρ=0, clustered",1031,abrupt,1.0,0.0,clustered,MeanShift(1),сырые,LORD++,0.0,0.0,0.0,1.0,1.0,1.0,551.0,551.0
"abrupt, Δ=1, ρ=0, clustered",1031,abrupt,1.0,0.0,clustered,MeanShift(1),остатки,bonferroni,0.0,0.0,0.0,1.0,1.0,1.0,151.0,151.0
"abrupt, Δ=1, ρ=0, clustered",1031,abrupt,1.0,0.0,clustered,MeanShift(1),остатки,bh_window,0.002127659574468085,0.02127659574468085,0.09090909090909091,0.9090909090909091,1.0,0.9523809523809523,131.0,131.0
"abrupt, Δ=1, ρ=0, clustered",1031,abrupt,1.0,0.0,clustered,MeanShift(3),сырые,uncorrected,0.13829787234042554,0.6382978723404256,0.8666666666666667,0.13333333333333333,1.0,0.23529411764705882,261.0,261.0
"abrupt, Δ=1, ρ=0, clustered",1031,abrupt,1.0,0.0,clustered,MeanShift(3),сырые,bonferroni,0.0,0.0,0.0,1.0,1.0,1.0,291.0,291.0
"abrupt, Δ=1, ρ=0, clustered",1031,abrupt,1.0,0.0,clustered,MeanShift(3),сырые,bh_window,0.0,0.0,0.0,1.0,1.0,1.0,291.0,291.0
"abrupt, Δ=1, ρ=0, clustered",1031,abrupt,1.0,0.0,clustered,MeanShift(3),сырые,LORD++,0.0,0.0,0.0,1.0,1.0,1.0,341.0,341.0
"abrupt, Δ=1, ρ=0, clustered",1031,abrupt,1.0,0.0,clustered,MeanShift(3),остатки,bonferroni,0.0,0.0,0.0,1.0,1.0,1.0,351.0,351.0
"abrupt, Δ=1, ρ=0, clustered",1031,abrupt,1.0,0.0,clustered,MeanShift(3),остатки,bh_window,0.002127659574468085,0.02127659574468085,0.09090909090909091,0.9090909090909091,1.0,0.9523809523809523,291.0,291.0
"abrupt, Δ=1, ρ=0, clustered",1031,abrupt,1.0,0.0,clustered,PH river по умолчанию,сырые,порог,0.7340425531914894,1.0,0.971830985915493,0.028169014084507043,1.0,0.05479452054794521,91.0,91.0
"abrupt, Δ=1, ρ=0.3, scattered",1032,abrupt,1.0,0.3,scattered,PH,сырые,uncorrected,0.12127659574468085,0.44680851063829785,0.8507462686567164,0.14925373134328357,1.0,0.2597402597402597,129.6,129.6
"abrupt, Δ=1, ρ=0.3, scattered",1032,abrupt,1.0,0.3,scattered,PH,сырые,bonferroni,0.002127659574468085,0.02127659574468085,0.09090909090909091,0.9090909090909091,1.0,0.9523809523809523,209.6,209.6
"abrupt, Δ=1, ρ=0.3, scattered",1032,abrupt,1.0,0.3,scattered,PH,сырые,bh_window,0.002127659574468085,0.02127659574468085,0.09090909090909091,0.9090909090909091,1.0,0.9523809523809523,199.6,199.6
"abrupt, Δ=1, ρ=0.3, scattered",1032,abrupt,1.0,0.3,scattered,PH,сырые,LORD++,0.0,0.0,0.0,1.0,1.0,1.0,379.6,379.6
"abrupt, Δ=1, ρ=0.3, scattered",1032,abrupt,1.0,0.3,scattered,PH,остатки,bonferroni,0.002127659574468085,0.02127659574468085,0.09090909090909091,0.9090909090909091,1.0,0.9523809523809523,189.6,189.6
"abrupt, Δ=1, ρ=0.3, scattered",1032,abrupt,1.0,0.3,scattered,PH,остатки,bh_window,0.00425531914893617,0.02127659574468085,0.16666666666666666,0.8333333333333334,1.0,0.9090909090909091,199.6,199.6
"abrupt, Δ=1, ρ=0.3, scattered",1032,abrupt,1.0,0.3,scattered,KS,сырые,uncorrected,0.1148936170212766,0.574468085106383,0.84375,0.15625,1.0,0.2702702702702703,179.6,179.6
"abrupt, Δ=1, ρ=0.3, scattered",1032,abrupt,1.0,0.3,scattered,KS,сырые,bonferroni,0.002127659574468085,0.02127659574468085,0.09090909090909091,0.9090909090909091,1.0,0.9523809523809523,309.6,309.6
"abrupt, Δ=1, ρ=0.3, scattered",1032,abrupt,1.0,0.3,scattered,KS,сырые,bh_window,0.002127659574468085,0.02127659574468085,0.09090909090909091,0.9090909090909091,1.0,0.9523809523809523,299.6,299.6
"abrupt, Δ=1, ρ=0.3, scattered",1032,abrupt,1.0,0.3,scattered,KS,сырые,LORD++,0.002127659574468085,0.02127659574468085,0.09090909090909091,0.8181818181818182,0.9,0.8571428571428572,539.6,539.6
"abrupt, Δ=1, ρ=0.3, scattered",1032,abrupt,1.0,0.3,scattered,KS,остатки,bonferroni,0.00851063829787234,0.0851063829787234,0.2857142857142857,0.7142857142857143,1.0,0.8333333333333333,269.6,269.6
"abrupt, Δ=1, ρ=0.3, scattered",1032,abrupt,1.0,0.3,scattered,KS,остатки,bh_window,0.00851063829787234,0.0851063829787234,0.2857142857142857,0.7142857142857143,1.0,0.8333333333333333,269.6,269.6
"abrupt, Δ=1, ρ=0.3, scattered",1032,abrupt,1.0,0.3,scattered,ADWIN,сырые,uncorrected,0.28297872340425534,0.8936170212765957,0.9300699300699301,0.06993006993006994,1.0,0.13071895424836602,179.6,179.6
"abrupt, Δ=1, ρ=0.3, scattered",1032,abrupt,1.0,0.3,scattered,ADWIN,сырые,bonferroni,0.010638297872340425,0.10638297872340426,0.3333333333333333,0.6666666666666666,1.0,0.8,109.6,109.6
"abrupt, Δ=1, ρ=0.3, scattered",1032,abrupt,1.0,0.3,scattered,ADWIN,сырые,bh_window,0.01276595744680851,0.0851063829787234,0.375,0.625,1.0,0.7692307692307693,109.6,109.6
"abrupt, Δ=1, ρ=0.3, scattered",1032,abrupt,1.0,0.3,scattered,ADWIN,сырые,LORD++,0.00425531914893617,0.0425531914893617,0.16666666666666666,0.8333333333333334,1.0,0.9090909090909091,129.6,129.6
"abrupt, Δ=1, ρ=0.3, scattered",1032,abrupt,1.0,0.3,scattered,ADWIN,остатки,bonferroni,0.01276595744680851,0.10638297872340426,0.375,0.625,1.0,0.7692307692307693,99.6,99.6
"abrupt, Δ=1, ρ=0.3, scattered",1032,abrupt,1.0,0.3,scattered,ADWIN,остатки,bh_window,0.019148936170212766,0.1702127659574468,0.47368421052631576,0.5263157894736842,1.0,0.6896551724137931,89.6,89.6
"abrupt, Δ=1, ρ=0.3, scattered",1032,abrupt,1.0,0.3,scattered,MeanShift(1),сырые,uncorrected,0.2765957446808511,0.6382978723404256,0.9285714285714286,0.07142857142857142,1.0,0.13333333333333333,149.6,149.6
"abrupt, Δ=1, ρ=0.3, scattered",1032,abrupt,1.0,0.3,scattered,MeanShift(1),сырые,bonferroni,0.00425531914893617,0.0425531914893617,0.16666666666666666,0.8333333333333334,1.0,0.9090909090909091,99.6,99.6
"abrupt, Δ=1, ρ=0.3, scattered",1032,abrupt,1.0,0.3,scattered,MeanShift(1),сырые,bh_window,0.02127659574468085,0.0425531914893617,0.5,0.5,1.0,0.6666666666666666,89.6,89.6
"abrupt, Δ=1, ρ=0.3, scattered",1032,abrupt,1.0,0.3,scattered,MeanShift(1),сырые,LORD++,0.002127659574468085,0.02127659574468085,0.09090909090909091,0.9090909090909091,1.0,0.9523809523809523,329.6,329.6
"abrupt, Δ=1, ρ=0.3, scattered",1032,abrupt,1.0,0.3,scattered,MeanShift(1),остатки,bonferroni,0.010638297872340425,0.10638297872340426,0.3333333333333333,0.6666666666666666,1.0,0.8,99.6,99.6
"abrupt, Δ=1, ρ=0.3, scattered",1032,abrupt,1.0,0.3,scattered,MeanShift(1),остатки,bh_window,0.01276595744680851,0.10638297872340426,0.375,0.625,1.0,0.7692307692307693,99.6,99.6
"abrupt, Δ=1, ρ=0.3, scattered",1032,abrupt,1.0,0.3,scattered,MeanShift(3),сырые,uncorrected,0.15319148936170213,0.5106382978723404,0.8780487804878049,0.12195121951219512,1.0,0.21739130434782605,259.6,259.6
"abrupt, Δ=1, ρ=0.3, scattered",1032,abrupt,1.0,0.3,scattered,MeanShift(3),сырые,bonferroni,0.002127659574468085,0.02127659574468085,0.09090909090909091,0.9090909090909091,1.0,0.9523809523809523,299.6,299.6
"abrupt, Δ=1, ρ=0.3, scattered",1032,abrupt,1.0,0.3,scattered,MeanShift(3),сырые,bh_window,0.00425531914893617,0.0425531914893617,0.16666666666666666,0.8333333333333334,1.0,0.9090909090909091,299.6,299.6
"abrupt, Δ=1, ρ=0.3, scattered",1032,abrupt,1.0,0.3,scattered,MeanShift(3),сырые,LORD++,0.002127659574468085,0.02127659574468085,0.09090909090909091,0.9090909090909091,1.0,0.9523809523809523,289.6,289.6
"abrupt, Δ=1, ρ=0.3, scattered",1032,abrupt,1.0,0.3,scattered,MeanShift(3),остатки,bonferroni,0.0,0.0,0.0,1.0,1.0,1.0,279.6,279.6
"abrupt, Δ=1, ρ=0.3, scattered",1032,abrupt,1.0,0.3,scattered,MeanShift(3),остатки,bh_window,0.0,0.0,0.0,1.0,1.0,1.0,279.6,279.6
"abrupt, Δ=1, ρ=0.3, scattered",1032,abrupt,1.0,0.3,scattered,PH river по умолчанию,сырые,порог,0.6957446808510638,0.9361702127659575,0.9703264094955489,0.02967359050445104,1.0,0.05763688760806917,169.6,169.6
"abrupt, Δ=1, ρ=0.3, scattered",1033,abrupt,1.0,0.3,scattered,PH,сырые,uncorrected,0.19787234042553192,0.574468085106383,0.9029126213592233,0.0970873786407767,1.0,0.17699115044247787,156.2,156.2
"abrupt, Δ=1, ρ=0.3, scattered",1033,abrupt,1.0,0.3,scattered,PH,сырые,bonferroni,0.0,0.0,0.0,1.0,1.0,1.0,196.2,196.2
"abrupt, Δ=1, ρ=0.3, scattered",1033,abrupt,1.0,0.3,scattered,PH,сырые,bh_window,0.02553191489361702,0.0425531914893617,0.5454545454545454,0.45454545454545453,1.0,0.625,216.2,216.2
"abrupt, Δ=1, ρ=0.3, scattered",1033,abrupt,1.0,0.3,scattered,PH,сырые,LORD++,0.0,0.0,0.0,1.0,1.0,1.0,336.2,336.2
"abrupt, Δ=1, ρ=0.3, scattered",1033,abrupt,1.0,0.3,scattered,PH,остатки,bonferroni,0.0,0.0,0.0,1.0,1.0,1.0,196.2,196.2
"abrupt, Δ=1, ρ=0.3, scattered",1033,abrupt,1.0,0.3,scattered,PH,остатки,bh_window,0.0,0.0,0.0,1.0,1.0,1.0,196.2,196.2
"abrupt, Δ=1, ρ=0.3, scattered",1033,abrupt,1.0,0.3,scattered,KS,сырые,uncorrected,0.13617021276595745,0.5957446808510638,0.8648648648648649,0.13513513513513514,1.0,0.2380952380952381,226.2,226.2
"abrupt, Δ=1, ρ=0.3, scattered",1033,abrupt,1.0,0.3,scattered,KS,сырые,bonferroni,0.0,0.0,0.0,1.0,1.0,1.0,276.2,276.2
"abrupt, Δ=1, ρ=0.3, scattered",1033,abrupt,1.0,0.3,scattered,KS,сырые,bh_window,0.0,0.0,0.0,1.0,1.0,1.0,266.2,266.2
"abrupt, Δ=1, ρ=0.3, scattered",1033,abrupt,1.0,0.3,scattered,KS,сырые,LORD++,0.0,0.0,0.0,1.0,1.0,1.0,376.2,376.2
"abrupt, Δ=1, ρ=0.3, scattered",1033,abrupt,1.0,0.3,scattered,KS,остатки,bonferroni,0.002127659574468085,0.02127659574468085,0.09090909090909091,0.9090909090909091,1.0,0.9523809523809523,266.2,266.2
"abrupt, Δ=1, ρ=0.3, scattered",1033,abrupt,1.0,0.3,scattered,KS,остатки,bh_window,0.006382978723404255,0.0425531914893617,0.23076923076923078,0.7692307692307693,1.0,0.8695652173913044,266.2,266.2
"abrupt, Δ=1, ρ=0.3, scattered",1033,abrupt,1.0,0.3,scattered,ADWIN,сырые,uncorrected,0.3,0.9148936170212766,0.9337748344370861,0.06622516556291391,1.0,0.12422360248447208,86.2,86.2
"abrupt, Δ=1, ρ=0.3, scattered",1033,abrupt,1.0,0.3,scattered,ADWIN,сырые,bonferroni,0.010638297872340425,0.10638297872340426,0.3333333333333333,0.6666666666666666,1.0,0.8,126.2,126.2
"abrupt, Δ=1, ρ=0.3, scattered",1033,abrupt,1.0,0.3,scattered,ADWIN,сырые,bh_window,0.036170212765957444,0.0851063829787234,0.6296296296296297,0.37037037037037035,1.0,0.5405405405405406,136.2,136.2
"abrupt, Δ=1, ρ=0.3, scattered",1033,abrupt,1.0,0.3,scattered,ADWIN,сырые,LORD++,0.0,0.0,0.0,1.0,1.0,1.0,176.2,176.2
"abrupt, Δ=1, ρ=0.3, scattered",1033,abrupt,1.0,0.3,scattered,ADWIN,остатки,bonferroni,0.023404255319148935,0.2127659574468085,0.55,0.45,0.9,0.6,109.0,296.2
"abrupt, Δ=1, ρ=0.3, scattered",1033,abrupt,1.0,0.3,scattered,ADWIN,остатки,bh_window,0.023404255319148935,0.1702127659574468,0.55,0.45,0.9,0.6,109.0,296.2
"abrupt, Δ=1, ρ=0.3, scattered",1033,abrupt,1.0,0.3,scattered,MeanShift(1),сырые,uncorrected,0.42340425531914894,0.7021276595744681,0.9521531100478469,0.04784688995215311,1.0,0.091324200913242,86.2,86.2
"abrupt, Δ=1, ρ=0.3, scattered",1033,abrupt,1.0,0.3,scattered,MeanShift(1),сырые,bonferroni,0.0,0.0,0.0,1.0,1.0,1.0,156.2,156.2
"abrupt, Δ=1, ρ=0.3, scattered",1033,abrupt,1.0,0.3,scattered,MeanShift(1),сырые,bh_window,0.06595744680851064,0.06382978723404255,0.7560975609756098,0.24390243902439024,1.0,0.39215686274509803,156.2,156.2
"abrupt, Δ=1, ρ=0.3, scattered",1033,abrupt,1.0,0.3,scattered,MeanShift(1),сырые,LORD++,0.0,0.0,0.0,1.0,0.8,0.888888888888889,407.5,666.2
"abrupt, Δ=1, ρ=0.3, scattered",1033,abrupt,1.0,0.3,scattered,MeanShift(1),остатки,bonferroni,0.0,0.0,0.0,1.0,1.0,1.0,136.2,136.2
"abrupt, Δ=1, ρ=0.3, scattered",1033,abrupt,1.0,0.3,scattered,MeanShift(1),остатки,bh_window,0.002127659574468085,0.02127659574468085,0.09090909090909091,0.9090909090909091,1.0,0.9523809523809523,126.2,126.2
"abrupt, Δ=1, ρ=0.3, scattered",1033,abrupt,1.0,0.3,scattered,MeanShift(3),сырые,uncorrected,0.20212765957446807,0.6595744680851063,0.9134615384615384,0.08653846153846154,0.9,0.15789473684210525,267.22222222222223,476.2
"abrupt, Δ=1, ρ=0.3, scattered",1033,abrupt,1.0,0.3,scattered,MeanShift(3),сырые,bonferroni,0.0,0.0,0.0,1.0,1.0,1.0,256.2,256.2
"abrupt, Δ=1, ρ=0.3, scattered",1033,abrupt,1.0,0.3,scattered,MeanShift(3),сырые,bh_window,0.0,0.0,0.0,1.0,1.0,1.0,256.2,256.2
"abrupt, Δ=1, ρ=0.3, scattered",1033,abrupt,1.0,0.3,scattered,MeanShift(3),сырые,LORD++,0.002127659574468085,0.02127659574468085,0.09090909090909091,0.9090909090909091,1.0,0.9523809523809523,346.2,346.2
"abrupt, Δ=1, ρ=0.3, scattered",1033,abrupt,1.0,0.3,scattered,MeanShift(3),остатки,bonferroni,0.002127659574468085,0.02127659574468085,0.09090909090909091,0.9090909090909091,1.0,0.9523809523809523,276.2,276.2
"abrupt, Δ=1, ρ=0.3, scattered",1033,abrupt,1.0,0.3,scattered,MeanShift(3),остатки,bh_window,0.002127659574468085,0.02127659574468085,0.09090909090909091,0.9090909090909091,1.0,0.9523809523809523,276.2,276.2
"abrupt, Δ=1, ρ=0.3, scattered",1033,abrupt,1.0,0.3,scattered,PH river по умолчанию,сырые,порог,0.9319148936170213,0.9787234042553191,0.9776785714285714,0.022321428571428572,1.0,0.043668122270742356,116.2,116.2
"abrupt, Δ=1, ρ=0.3, scattered",1034,abrupt,1.0,0.3,scattered,PH,сырые,uncorrected,0.04468085106382979,0.2765957446808511,0.6774193548387096,0.3225806451612903,1.0,0.4878048780487805,125.6,125.6
"abrupt, Δ=1, ρ=0.3, scattered",1034,abrupt,1.0,0.3,scattered,PH,сырые,bonferroni,0.0,0.0,0.0,1.0,1.0,1.0,195.6,195.6
"abrupt, Δ=1, ρ=0.3, scattered",1034,abrupt,1.0,0.3,scattered,PH,сырые,bh_window,0.0,0.0,0.0,1.0,1.0,1.0,195.6,195.6
"abrupt, Δ=1, ρ=0.3, scattered",1034,abrupt,1.0,0.3,scattered,PH,сырые,LORD++,0.0,0.0,0.0,0.9,0.9,0.9,355.6,355.6
"abrupt, Δ=1, ρ=0.3, scattered",1034,abrupt,1.0,0.3,scattered,PH,остатки,bonferroni,0.0,0.0,0.0,1.0,1.0,1.0,195.6,195.6
"abrupt, Δ=1, ρ=0.3, scattered",1034,abrupt,1.0,0.3,scattered,PH,остатки,bh_window,0.0,0.0,0.0,1.0,1.0,1.0,175.6,175.6
"abrupt, Δ=1, ρ=0.3, scattered",1034,abrupt,1.0,0.3,scattered,KS,сырые,uncorrected,0.1425531914893617,0.6170212765957447,0.8701298701298701,0.12987012987012986,1.0,0.22988505747126434,205.6,205.6
"abrupt, Δ=1, ρ=0.3, scattered",1034,abrupt,1.0,0.3,scattered,KS,сырые,bonferroni,0.00425531914893617,0.0425531914893617,0.16666666666666666,0.8333333333333334,1.0,0.9090909090909091,315.6,315.6
"abrupt, Δ=1, ρ=0.3, scattered",1034,abrupt,1.0,0.3,scattered,KS,сырые,bh_window,0.00851063829787234,0.0425531914893617,0.2857142857142857,0.7142857142857143,1.0,0.8333333333333333,295.6,295.6
"abrupt, Δ=1, ρ=0.3, scattered",1034,abrupt,1.0,0.3,scattered,KS,сырые,LORD++,0.0,0.0,0.0,1.0,1.0,1.0,415.6,415.6
"abrupt, Δ=1, ρ=0.3, scattered",1034,abrupt,1.0,0.3,scattered,KS,остатки,bonferroni,0.00425531914893617,0.0425531914893617,0.16666666666666666,0.8333333333333334,1.0,0.9090909090909091,285.6,285.6
"abrupt, Δ=1, ρ=0.3, scattered",1034,abrupt,1.0,0.3,scattered,KS,остатки,bh_window,0.00425531914893617,0.0425531914893617,0.16666666666666666,0.8333333333333334,1.0,0.9090909090909091,275.6,275.6
"abrupt, Δ=1, ρ=0.3, scattered",1034,abrupt,1.0,0.3,scattered,ADWIN,сырые,uncorrected,0.30638297872340425,0.8297872340425532,0.935064935064935,0.06493506493506493,1.0,0.12195121951219512,75.6,75.6
"abrupt, Δ=1, ρ=0.3, scattered",1034,abrupt,1.0,0.3,scattered,ADWIN,сырые,bonferroni,0.01702127659574468,0.14893617021276595,0.4444444444444444,0.5555555555555556,1.0,0.7142857142857143,125.6,125.6
"abrupt, Δ=1, ρ=0.3, scattered",1034,abrupt,1.0,0.3,scattered,ADWIN,сырые,bh_window,0.019148936170212766,0.1276595744680851,0.47368421052631576,0.5263157894736842,1.0,0.6896551724137931,115.6,115.6
"abrupt, Δ=1, ρ=0.3, scattered",1034,abrupt,1.0,0.3,scattered,ADWIN,сырые,LORD++,0.00425531914893617,0.0425531914893617,0.16666666666666666,0.8333333333333334,1.0,0.9090909090909091,135.6,135.6
"abrupt, Δ=1, ρ=0.3, scattered",1034,abrupt,1.0,0.3,scattered,ADWIN,остатки,bonferroni,0.014893617021276596,0.14893617021276595,0.4117647058823529,0.5882352941176471,1.0,0.7407407407407407,95.6,95.6
"abrupt, Δ=1, ρ=0.3, scattered",1034,abrupt,1.0,0.3,scattered,ADWIN,остатки,bh_window,0.019148936170212766,0.14893617021276595,0.47368421052631576,0.5263157894736842,1.0,0.6896551724137931,85.6,85.6
"abrupt, Δ=1, ρ=0.3, scattered",1034,abrupt,1.0,0.3,scattered,MeanShift(1),сырые,uncorrected,0.19574468085106383,0.5531914893617021,0.9019607843137255,0.09803921568627451,1.0,0.17857142857142855,65.6,65.6
"abrupt, Δ=1, ρ=0.3, scattered",1034,abrupt,1.0,0.3,scattered,MeanShift(1),сырые,bonferroni,0.002127659574468085,0.02127659574468085,0.09090909090909091,0.9090909090909091,1.0,0.9523809523809523,115.6,115.6
"abrupt, Δ=1, ρ=0.3, scattered",1034,abrupt,1.0,0.3,scattered,MeanShift(1),сырые,bh_window,0.00425531914893617,0.0425531914893617,0.16666666666666666,0.8333333333333334,1.0,0.9090909090909091,105.6,105.6
"abrupt, Δ=1, ρ=0.3, scattered",1034,abrupt,1.0,0.3,scattered,MeanShift(1),сырые,LORD++,0.0,0.0,0.0,1.0,1.0,1.0,175.6,175.6
"abrupt, Δ=1, ρ=0.3, scattered",1034,abrupt,1.0,0.3,scattered,MeanShift(1),остатки,bonferroni,0.0,0.0,0.0,1.0,1.0,1.0,115.6,115.6
"abrupt, Δ=1, ρ=0.3, scattered",1034,abrupt,1.0,0.3,scattered,MeanShift(1),остатки,bh_window,0.00425531914893617,0.0425531914893617,0.16666666666666666,0.8333333333333334,1.0,0.9090909090909091,95.6,95.6
"abrupt, Δ=1, ρ=0.3, scattered",1034,abrupt,1.0,0.3,scattered,MeanShift(3),сырые,uncorrected,0.06808510638297872,0.3829787234042553,0.7619047619047619,0.23809523809523808,1.0,0.3846153846153846,265.6,265.6
"abrupt, Δ=1, ρ=0.3, scattered",1034,abrupt,1.0,0.3,scattered,MeanShift(3),сырые,bonferroni,0.002127659574468085,0.02127659574468085,0.09090909090909091,0.9090909090909091,1.0,0.9523809523809523,275.6,275.6
"abrupt, Δ=1, ρ=0.3, scattered",1034,abrupt,1.0,0.3,scattered,MeanShift(3),сырые,bh_window,0.002127659574468085,0.02127659574468085,0.09090909090909091,0.9090909090909091,1.0,0.9523809523809523,275.6,275.6
"abrupt, Δ=1, ρ=0.3, scattered",1034,abrupt,1.0,0.3,scattered,MeanShift(3),сырые,LORD++,0.002127659574468085,0.02127659574468085,0.09090909090909091,0.9090909090909091,1.0,0.9523809523809523,335.6,335.6
"abrupt, Δ=1, ρ=0.3, scattered",1034,abrupt,1.0,0.3,scattered,MeanShift(3),остатки,bonferroni,0.00425531914893617,0.0425531914893617,0.16666666666666666,0.8333333333333334,1.0,0.9090909090909091,275.6,275.6
"abrupt, Δ=1, ρ=0.3, scattered",1034,abrupt,1.0,0.3,scattered,MeanShift(3),остатки,bh_window,0.00425531914893617,0.0425531914893617,0.16666666666666666,0.8333333333333334,1.0,0.9090909090909091,275.6,275.6
"abrupt, Δ=1, ρ=0.3, scattered",1034,abrupt,1.0,0.3,scattered,PH river по умолчанию,сырые,порог,0.5723404255319149,0.8297872340425532,0.96415770609319,0.035842293906810034,1.0,0.06920415224913495,95.6,95.6
"abrupt, Δ=1, ρ=0.3, scattered",1035,abrupt,1.0,0.3,scattered,PH,сырые,uncorrected,0.06595744680851064,0.3404255319148936,0.7560975609756098,0.24390243902439024,1.0,0.39215686274509803,106.4,106.4
"abrupt, Δ=1, ρ=0.3, scattered",1035,abrupt,1.0,0.3,scattered,PH,сырые,bonferroni,0.0,0.0,0.0,1.0,1.0,1.0,206.4,206.4
"abrupt, Δ=1, ρ=0.3, scattered",1035,abrupt,1.0,0.3,scattered,PH,сырые,bh_window,0.0,0.0,0.0,1.0,1.0,1.0,206.4,206.4
"abrupt, Δ=1, ρ=0.3, scattered",1035,abrupt,1.0,0.3,scattered,PH,сырые,LORD++,0.0,0.0,0.0,1.0,1.0,1.0,316.4,316.4
"abrupt, Δ=1, ρ=0.3, scattered",1035,abrupt,1.0,0.3,scattered,PH,остатки,bonferroni,0.002127659574468085,0.02127659574468085,0.09090909090909091,0.9090909090909091,1.0,0.9523809523809523,206.4,206.4
"abrupt, Δ=1, ρ=0.3, scattered",1035,abrupt,1.0,0.3,scattered,PH,остатки,bh_window,0.002127659574468085,0.02127659574468085,0.09090909090909091,0.9090909090909091,1.0,0.9523809523809523,206.4,206.4
"abrupt, Δ=1, ρ=0.3, scattered",1035,abrupt,1.0,0.3,scattered,KS,сырые,uncorrected,0.18085106382978725,0.7021276595744681,0.9042553191489362,0.09574468085106383,0.9,0.17307692307692307,167.77777777777777,436.4
"abrupt, Δ=1, ρ=0.3, scattered",1035,abrupt,1.0,0.3,scattered,KS,сырые,bonferroni,0.002127659574468085,0.02127659574468085,0.09090909090909091,0.9090909090909091,1.0,0.9523809523809523,326.4,326.4
"abrupt, Δ=1, ρ=0.3, scattered",1035,abrupt,1.0,0.3,scattered,KS,сырые,bh_window,0.00425531914893617,0.0425531914893617,0.16666666666666666,0.8333333333333334,1.0,0.9090909090909091,316.4,316.4
"abrupt, Δ=1, ρ=0.3, scattered",1035,abrupt,1.0,0.3,scattered,KS,сырые,LORD++,0.002127659574468085,0.02127659574468085,0.09090909090909091,0.9090909090909091,1.0,0.9523809523809523,446.4,446.4
"abrupt, Δ=1, ρ=0.3, scattered",1035,abrupt,1.0,0.3,scattered,KS,остатки,bonferroni,0.00851063829787234,0.0851063829787234,0.2857142857142857,0.7142857142857143,1.0,0.8333333333333333,306.4,306.4
"abrupt, Δ=1, ρ=0.3, scattered",1035,abrupt,1.0,0.3,scattered,KS,остатки,bh_window,0.00851063829787234,0.0851063829787234,0.2857142857142857,0.7142857142857143,1.0,0.8333333333333333,296.4,296.4
"abrupt, Δ=1, ρ=0.3, scattered",1035,abrupt,1.0,0.3,scattered,ADWIN,сырые,uncorrected,0.251063829787234,0.8936170212765957,0.921875,0.078125,1.0,0.14492753623188406,136.4,136.4
"abrupt, Δ=1, ρ=0.3, scattered",1035,abrupt,1.0,0.3,scattered,ADWIN,сырые,bonferroni,0.019148936170212766,0.19148936170212766,0.47368421052631576,0.5263157894736842,1.0,0.6896551724137931,106.4,106.4
"abrupt, Δ=1, ρ=0.3, scattered",1035,abrupt,1.0,0.3,scattered,ADWIN,сырые,bh_window,0.019148936170212766,0.14893617021276595,0.47368421052631576,0.5263157894736842,1.0,0.6896551724137931,106.4,106.4
"abrupt, Δ=1, ρ=0.3, scattered",1035,abrupt,1.0,0.3,scattered,ADWIN,сырые,LORD++,0.0,0.0,0.0,1.0,1.0,1.0,126.4,126.4
"abrupt, Δ=1, ρ=0.3, scattered",1035,abrupt,1.0,0.3,scattered,ADWIN,остатки,bonferroni,0.02127659574468085,0.19148936170212766,0.5,0.5,1.0,0.6666666666666666,106.4,106.4
"abrupt, Δ=1, ρ=0.3, scattered",1035,abrupt,1.0,0.3,scattered,ADWIN,остатки,bh_window,0.023404255319148935,0.14893617021276595,0.5238095238095238,0.47619047619047616,1.0,0.6451612903225806,106.4,106.4
"abrupt, Δ=1, ρ=0.3, scattered",1035,abrupt,1.0,0.3,scattered,MeanShift(1),сырые,uncorrected,0.20425531914893616,0.574468085106383,0.9056603773584906,0.09433962264150944,1.0,0.1724137931034483,86.4,86.4
"abrupt, Δ=1, ρ=0.3, scattered",1035,abrupt,1.0,0.3,scattered,MeanShift(1),сырые,bonferroni,0.002127659574468085,0.02127659574468085,0.09090909090909091,0.9090909090909091,1.0,0.9523809523809523,126.4,126.4
"abrupt, Δ=1, ρ=0.3, scattered",1035,abrupt,1.0,0.3,scattered,MeanShift(1),сырые,bh_window,0.002127659574468085,0.02127659574468085,0.09090909090909091,0.9090909090909091,1.0,0.9523809523809523,126.4,126.4
"abrupt, Δ=1, ρ=0.3, scattered",1035,abrupt,1.0,0.3,scattered,MeanShift(1),сырые,LORD++,0.0,0.0,0.0,1.0,1.0,1.0,326.4,326.4
"abrupt, Δ=1, ρ=0.3, scattered",1035,abrupt,1.0,0.3,scattered,MeanShift(1),остатки,bonferroni,0.00425531914893617,0.0425531914893617,0.16666666666666666,0.8333333333333334,1.0,0.9090909090909091,106.4,106.4
"abrupt, Δ=1, ρ=0.3, scattered",1035,abrupt,1.0,0.3,scattered,MeanShift(1),остатки,bh_window,0.00425531914893617,0.0425531914893617,0.16666666666666666,0.8333333333333334,1.0,0.9090909090909091,106.4,106.4
"abrupt, Δ=1, ρ=0.3, scattered",1035,abrupt,1.0,0.3,scattered,MeanShift(3),сырые,uncorrected,0.0851063829787234,0.3829787234042553,0.8,0.2,1.0,0.33333333333333337,256.4,256.4
"abrupt, Δ=1, ρ=0.3, scattered",1035,abrupt,1.0,0.3,scattered,MeanShift(3),сырые,bonferroni,0.0,0.0,0.0,1.0,1.0,1.0,306.4,306.4
"abrupt, Δ=1, ρ=0.3, scattered",1035,abrupt,1.0,0.3,scattered,MeanShift(3),сырые,bh_window,0.0,0.0,0.0,1.0,1.0,1.0,306.4,306.4
"abrupt, Δ=1, ρ=0.3, scattered",1035,abrupt,1.0,0.3,scattered,MeanShift(3),сырые,LORD++,0.0,0.0,0.0,1.0,1.0,1.0,436.4,436.4
"abrupt, Δ=1, ρ=0.3, scattered",1035,abrupt,1.0,0.3,scattered,MeanShift(3),остатки,bonferroni,0.0,0.0,0.0,1.0,1.0,1.0,296.4,296.4
"abrupt, Δ=1, ρ=0.3, scattered",1035,abrupt,1.0,0.3,scattered,MeanShift(3),остатки,bh_window,0.0,0.0,0.0,1.0,1.0,1.0,296.4,296.4
"abrupt, Δ=1, ρ=0.3, scattered",1035,abrupt,1.0,0.3,scattered,PH river по умолчанию,сырые,порог,0.5893617021276596,0.9574468085106383,0.9651567944250871,0.03484320557491289,1.0,0.06734006734006734,146.4,146.4
"abrupt, Δ=1, ρ=0.3, clustered",1036,abrupt,1.0,0.3,clustered,PH,сырые,uncorrected,0.031914893617021274,0.2127659574468085,0.6,0.4,1.0,0.5714285714285715,145.0,145.0
"abrupt, Δ=1, ρ=0.3, clustered",1036,abrupt,1.0,0.3,clustered,PH,сырые,bonferroni,0.0,0.0,0.0,1.0,1.0,1.0,225.0,225.0
"abrupt, Δ=1, ρ=0.3, clustered",1036,abrupt,1.0,0.3,clustered,PH,сырые,bh_window,0.0,0.0,0.0,1.0,1.0,1.0,205.0,205.0
"abrupt, Δ=1, ρ=0.3, clustered",1036,abrupt,1.0,0.3,clustered,PH,сырые,LORD++,0.0,0.0,0.0,1.0,1.0,1.0,305.0,305.0
"abrupt, Δ=1, ρ=0.3, clustered",1036,abrupt,1.0,0.3,clustered,PH,остатки,bonferroni,0.0,0.0,0.0,1.0,1.0,1.0,195.0,195.0
"abrupt, Δ=1, ρ=0.3, clustered",1036,abrupt,1.0,0.3,clustered,PH,остатки,bh_window,0.0,0.0,0.0,1.0,1.0,1.0,185.0,185.0
"abrupt, Δ=1, ρ=0.3, clustered",1036,abrupt,1.0,0.3,clustered,KS,сырые,uncorrected,0.11063829787234042,0.6170212765957447,0.8387096774193549,0.16129032258064516,1.0,0.27777777777777773,215.0,215.0
"abrupt, Δ=1, ρ=0.3, clustered",1036,abrupt,1.0,0.3,clustered,KS,сырые,bonferroni,0.0,0.0,0.0,1.0,1.0,1.0,325.0,325.0
"abrupt, Δ=1, ρ=0.3, clustered",1036,abrupt,1.0,0.3,clustered,KS,сырые,bh_window,0.0,0.0,0.0,1.0,1.0,1.0,315.0,315.0
"abrupt, Δ=1, ρ=0.3, clustered",1036,abrupt,1.0,0.3,clustered,KS,сырые,LORD++,0.0,0.0,0.0,1.0,1.0,1.0,425.0,425.0
"abrupt, Δ=1, ρ=0.3, clustered",1036,abrupt,1.0,0.3,clustered,KS,остатки,bonferroni,0.0,0.0,0.0,1.0,1.0,1.0,305.0,305.0
"abrupt, Δ=1, ρ=0.3, clustered",1036,abrupt,1.0,0.3,clustered,KS,остатки,bh_window,0.0,0.0,0.0,1.0,1.0,1.0,295.0,295.0
"abrupt, Δ=1, ρ=0.3, clustered",1036,abrupt,1.0,0.3,clustered,ADWIN,сырые,uncorrected,0.2574468085106383,0.851063829787234,0.9236641221374046,0.07633587786259542,1.0,0.14184397163120568,115.0,115.0
"abrupt, Δ=1, ρ=0.3, clustered",1036,abrupt,1.0,0.3,clustered,ADWIN,сырые,bonferroni,0.010638297872340425,0.10638297872340426,0.3333333333333333,0.6666666666666666,1.0,0.8,135.0,135.0
"abrupt, Δ=1, ρ=0.3, clustered",1036,abrupt,1.0,0.3,clustered,ADWIN,сырые,bh_window,0.010638297872340425,0.10638297872340426,0.3333333333333333,0.6666666666666666,1.0,0.8,135.0,135.0
"abrupt, Δ=1, ρ=0.3, clustered",1036,abrupt,1.0,0.3,clustered,ADWIN,сырые,LORD++,0.002127659574468085,0.02127659574468085,0.09090909090909091,0.9090909090909091,1.0,0.9523809523809523,155.0,155.0
"abrupt, Δ=1, ρ=0.3, clustered",1036,abrupt,1.0,0.3,clustered,ADWIN,остатки,bonferroni,0.010638297872340425,0.10638297872340426,0.3333333333333333,0.6666666666666666,1.0,0.8,125.0,125.0
"abrupt, Δ=1, ρ=0.3, clustered",1036,abrupt,1.0,0.3,clustered,ADWIN,остатки,bh_window,0.019148936170212766,0.1276595744680851,0.47368421052631576,0.5263157894736842,1.0,0.6896551724137931,115.0,115.0
"abrupt, Δ=1, ρ=0.3, clustered",1036,abrupt,1.0,0.3,clustered,MeanShift(1),сырые,uncorrected,0.1851063829787234,0.5106382978723404,0.8969072164948454,0.10309278350515463,1.0,0.18691588785046725,105.0,105.0
"abrupt, Δ=1, ρ=0.3, clustered",1036,abrupt,1.0,0.3,clustered,MeanShift(1),сырые,bonferroni,0.002127659574468085,0.02127659574468085,0.09090909090909091,0.9090909090909091,1.0,0.9523809523809523,145.0,145.0
"abrupt, Δ=1, ρ=0.3, clustered",1036,abrupt,1.0,0.3,clustered,MeanShift(1),сырые,bh_window,0.002127659574468085,0.02127659574468085,0.09090909090909091,0.9090909090909091,1.0,0.9523809523809523,135.0,135.0
"abrupt, Δ=1, ρ=0.3, clustered",1036,abrupt,1.0,0.3,clustered,MeanShift(1),сырые,LORD++,0.0,0.0,0.0,0.5555555555555556,0.5,0.5263157894736842,1002.8888888888889,1005.0
"abrupt, Δ=1, ρ=0.3, clustered",1036,abrupt,1.0,0.3,clustered,MeanShift(1),остатки,bonferroni,0.002127659574468085,0.02127659574468085,0.09090909090909091,0.9090909090909091,1.0,0.9523809523809523,135.0,135.0
"abrupt, Δ=1, ρ=0.3, clustered",1036,abrupt,1.0,0.3,clustered,MeanShift(1),остатки,bh_window,0.002127659574468085,0.02127659574468085,0.09090909090909091,0.9090909090909091,1.0,0.9523809523809523,115.0,115.0
"abrupt, Δ=1, ρ=0.3, clustered",1036,abrupt,1.0,0.3,clustered,MeanShift(3),сырые,uncorrected,0.10638297872340426,0.46808510638297873,0.8333333333333334,0.16666666666666666,1.0,0.2857142857142857,265.0,265.0
"abrupt, Δ=1, ρ=0.3, clustered",1036,abrupt,1.0,0.3,clustered,MeanShift(3),сырые,bonferroni,0.002127659574468085,0.02127659574468085,0.09090909090909091,0.9090909090909091,1.0,0.9523809523809523,305.0,305.0
"abrupt, Δ=1, ρ=0.3, clustered",1036,abrupt,1.0,0.3,clustered,MeanShift(3),сырые,bh_window,0.002127659574468085,0.02127659574468085,0.09090909090909091,0.9090909090909091,1.0,0.9523809523809523,305.0,305.0
"abrupt, Δ=1, ρ=0.3, clustered",1036,abrupt,1.0,0.3,clustered,MeanShift(3),сырые,LORD++,0.0,0.0,0.0,1.0,1.0,1.0,355.0,355.0
"abrupt, Δ=1, ρ=0.3, clustered",1036,abrupt,1.0,0.3,clustered,MeanShift(3),остатки,bonferroni,0.0,0.0,0.0,1.0,1.0,1.0,305.0,305.0
"abrupt, Δ=1, ρ=0.3, clustered",1036,abrupt,1.0,0.3,clustered,MeanShift(3),остатки,bh_window,0.0,0.0,0.0,1.0,1.0,1.0,295.0,295.0
"abrupt, Δ=1, ρ=0.3, clustered",1036,abrupt,1.0,0.3,clustered,PH river по умолчанию,сырые,порог,0.7382978723404255,0.9574468085106383,0.9719887955182073,0.028011204481792718,1.0,0.054495912806539516,125.0,125.0
"abrupt, Δ=1, ρ=0.3, clustered",1037,abrupt,1.0,0.3,clustered,PH,сырые,uncorrected,0.04893617021276596,0.2553191489361702,0.696969696969697,0.30303030303030304,1.0,0.4651162790697675,138.0,138.0
"abrupt, Δ=1, ρ=0.3, clustered",1037,abrupt,1.0,0.3,clustered,PH,сырые,bonferroni,0.0,0.0,0.0,1.0,1.0,1.0,238.0,238.0
"abrupt, Δ=1, ρ=0.3, clustered",1037,abrupt,1.0,0.3,clustered,PH,сырые,bh_window,0.0,0.0,0.0,1.0,1.0,1.0,228.0,228.0
"abrupt, Δ=1, ρ=0.3, clustered",1037,abrupt,1.0,0.3,clustered,PH,сырые,LORD++,0.0,0.0,0.0,1.0,1.0,1.0,358.0,358.0
"abrupt, Δ=1, ρ=0.3, clustered",1037,abrupt,1.0,0.3,clustered,PH,остатки,bonferroni,0.006382978723404255,0.06382978723404255,0.23076923076923078,0.7692307692307693,1.0,0.8695652173913044,168.0,168.0
"abrupt, Δ=1, ρ=0.3, clustered",1037,abrupt,1.0,0.3,clustered,PH,остатки,bh_window,0.006382978723404255,0.06382978723404255,0.23076923076923078,0.7692307692307693,1.0,0.8695652173913044,168.0,168.0
"abrupt, Δ=1, ρ=0.3, clustered",1037,abrupt,1.0,0.3,clustered,KS,сырые,uncorrected,0.1,0.5106382978723404,0.8245614035087719,0.17543859649122806,1.0,0.29850746268656714,208.0,208.0
"abrupt, Δ=1, ρ=0.3, clustered",1037,abrupt,1.0,0.3,clustered,KS,сырые,bonferroni,0.0,0.0,0.0,1.0,1.0,1.0,358.0,358.0
"abrupt, Δ=1, ρ=0.3, clustered",1037,abrupt,1.0,0.3,clustered,KS,сырые,bh_window,0.0,0.0,0.0,1.0,1.0,1.0,328.0,328.0
"abrupt, Δ=1, ρ=0.3, clustered",1037,abrupt,1.0,0.3,clustered,KS,сырые,LORD++,0.0,0.0,0.0,1.0,1.0,1.0,468.0,468.0
"abrupt, Δ=1, ρ=0.3, clustered",1037,abrupt,1.0,0.3,clustered,KS,остатки,bonferroni,0.00425531914893617,0.0425531914893617,0.16666666666666666,0.8333333333333334,1.0,0.9090909090909091,278.0,278.0
"abrupt, Δ=1, ρ=0.3, clustered",1037,abrupt,1.0,0.3,clustered,KS,остатки,bh_window,0.00425531914893617,0.0425531914893617,0.16666666666666666,0.8333333333333334,1.0,0.9090909090909091,218.0,218.0
"abrupt, Δ=1, ρ=0.3, clustered",1037,abrupt,1.0,0.3,clustered,ADWIN,сырые,uncorrected,0.28085106382978725,0.7446808510638298,0.9295774647887324,0.07042253521126761,1.0,0.13157894736842107,88.0,88.0
"abrupt, Δ=1, ρ=0.3, clustered",1037,abrupt,1.0,0.3,clustered,ADWIN,сырые,bonferroni,0.00425531914893617,0.0425531914893617,0.16666666666666666,0.8333333333333334,1.0,0.9090909090909091,98.0,98.0
"abrupt, Δ=1, ρ=0.3, clustered",1037,abrupt,1.0,0.3,clustered,ADWIN,сырые,bh_window,0.00851063829787234,0.06382978723404255,0.2857142857142857,0.7142857142857143,1.0,0.8333333333333333,98.0,98.0
"abrupt, Δ=1, ρ=0.3, clustered",1037,abrupt,1.0,0.3,clustered,ADWIN,сырые,LORD++,0.0,0.0,0.0,1.0,1.0,1.0,168.0,168.0
"abrupt, Δ=1, ρ=0.3, clustered",1037,abrupt,1.0,0.3,clustered,ADWIN,остатки,bonferroni,0.027659574468085105,0.2765957446808511,0.5652173913043478,0.43478260869565216,1.0,0.6060606060606061,98.0,98.0
"abrupt, Δ=1, ρ=0.3, clustered",1037,abrupt,1.0,0.3,clustered,ADWIN,остатки,bh_window,0.029787234042553193,0.23404255319148937,0.5833333333333334,0.4166666666666667,1.0,0.5882352941176471,88.0,88.0
"abrupt, Δ=1, ρ=0.3, clustered",1037,abrupt,1.0,0.3,clustered,MeanShift(1),сырые,uncorrected,0.22340425531914893,0.5319148936170213,0.9130434782608695,0.08695652173913043,1.0,0.16,88.0,88.0
"abrupt, Δ=1, ρ=0.3, clustered",1037,abrupt,1.0,0.3,clustered,MeanShift(1),сырые,bonferroni,0.002127659574468085,0.02127659574468085,0.09090909090909091,0.9090909090909091,1.0,0.9523809523809523,118.0,118.0
"abrupt, Δ=1, ρ=0.3, clustered",1037,abrupt,1.0,0.3,clustered,MeanShift(1),сырые,bh_window,0.002127659574468085,0.02127659574468085,0.09090909090909091,0.9090909090909091,1.0,0.9523809523809523,118.0,118.0
"abrupt, Δ=1, ρ=0.3, clustered",1037,abrupt,1.0,0.3,clustered,MeanShift(1),сырые,LORD++,0.0,0.0,0.0,0.9,0.9,0.9,588.0,588.0
"abrupt, Δ=1, ρ=0.3, clustered",1037,abrupt,1.0,0.3,clustered,MeanShift(1),остатки,bonferroni,0.00851063829787234,0.0851063829787234,0.2857142857142857,0.7142857142857143,1.0,0.8333333333333333,118.0,118.0
"abrupt, Δ=1, ρ=0.3, clustered",1037,abrupt,1.0,0.3,clustered,MeanShift(1),остатки,bh_window,0.010638297872340425,0.10638297872340426,0.3333333333333333,0.6666666666666666,1.0,0.8,108.0,108.0
"abrupt, Δ=1, ρ=0.3, clustered",1037,abrupt,1.0,0.3,clustered,MeanShift(3),сырые,uncorrected,0.07872340425531915,0.425531914893617,0.7872340425531915,0.2127659574468085,1.0,0.3508771929824561,288.0,288.0
"abrupt, Δ=1, ρ=0.3, clustered",1037,abrupt,1.0,0.3,clustered,MeanShift(3),сырые,bonferroni,0.0,0.0,0.0,1.0,1.0,1.0,288.0,288.0
"abrupt, Δ=1, ρ=0.3, clustered",1037,abrupt,1.0,0.3,clustered,MeanShift(3),сырые,bh_window,0.0,0.0,0.0,1.0,1.0,1.0,278.0,278.0
"abrupt, Δ=1, ρ=0.3, clustered",1037,abrupt,1.0,0.3,clustered,MeanShift(3),сырые,LORD++,0.0,0.0,0.0,1.0,1.0,1.0,428.0,428.0
"abrupt, Δ=1, ρ=0.3, clustered",1037,abrupt,1.0,0.3,clustered,MeanShift(3),остатки,bonferroni,0.002127659574468085,0.02127659574468085,0.09090909090909091,0.9090909090909091,1.0,0.9523809523809523,278.0,278.0
"abrupt, Δ=1, ρ=0.3, clustered",1037,abrupt,1.0,0.3,clustered,MeanShift(3),остатки,bh_window,0.002127659574468085,0.02127659574468085,0.09090909090909091,0.9090909090909091,1.0,0.9523809523809523,278.0,278.0
"abrupt, Δ=1, ρ=0.3, clustered",1037,abrupt,1.0,0.3,clustered,PH river по умолчанию,сырые,порог,0.7404255319148936,0.9148936170212766,0.9720670391061452,0.027932960893854747,1.0,0.05434782608695652,118.0,118.0
"abrupt, Δ=1, ρ=0.3, clustered",1038,abrupt,1.0,0.3,clustered,PH,сырые,uncorrected,0.03829787234042553,0.2553191489361702,0.6428571428571429,0.35714285714285715,1.0,0.5263157894736842,130.5,130.5
"abrupt, Δ=1, ρ=0.3, clustered",1038,abrupt,1.0,0.3,clustered,PH,сырые,bonferroni,0.0,0.0,0.0,1.0,1.0,1.0,230.5,230.5
"abrupt, Δ=1, ρ=0.3, clustered",1038,abrupt,1.0,0.3,clustered,PH,сырые,bh_window,0.0,0.0,0.0,1.0,1.0,1.0,220.5,220.5
"abrupt, Δ=1, ρ=0.3, clustered",1038,abrupt,1.0,0.3,clustered,PH,сырые,LORD++,0.0,0.0,0.0,1.0,1.0,1.0,280.5,280.5
"abrupt, Δ=1, ρ=0.3, clustered",1038,abrupt,1.0,0.3,clustered,PH,остатки,bonferroni,0.0,0.0,0.0,1.0,1.0,1.0,200.5,200.5
"abrupt, Δ=1, ρ=0.3, clustered",1038,abrupt,1.0,0.3,clustered,PH,остатки,bh_window,0.0,0.0,0.0,1.0,1.0,1.0,190.5,190.5
"abrupt, Δ=1, ρ=0.3, clustered",1038,abrupt,1.0,0.3,clustered,KS,сырые,uncorrected,0.10638297872340426,0.5957446808510638,0.8333333333333334,0.16666666666666666,1.0,0.2857142857142857,190.5,190.5
"abrupt, Δ=1, ρ=0.3, clustered",1038,abrupt,1.0,0.3,clustered,KS,сырые,bonferroni,0.002127659574468085,0.02127659574468085,0.09090909090909091,0.9090909090909091,1.0,0.9523809523809523,290.5,290.5
"abrupt, Δ=1, ρ=0.3, clustered",1038,abrupt,1.0,0.3,clustered,KS,сырые,bh_window,0.002127659574468085,0.02127659574468085,0.09090909090909091,0.9090909090909091,1.0,0.9523809523809523,270.5,270.5
"abrupt, Δ=1, ρ=0.3, clustered",1038,abrupt,1.0,0.3,clustered,KS,сырые,LORD++,0.0,0.0,0.0,1.0,1.0,1.0,370.5,370.5
"abrupt, Δ=1, ρ=0.3, clustered",1038,abrupt,1.0,0.3,clustered,KS,остатки,bonferroni,0.0,0.0,0.0,1.0,1.0,1.0,320.5,320.5
"abrupt, Δ=1, ρ=0.3, clustered",1038,abrupt,1.0,0.3,clustered,KS,остатки,bh_window,0.00425531914893617,0.02127659574468085,0.16666666666666666,0.8333333333333334,1.0,0.9090909090909091,280.5,280.5
"abrupt, Δ=1, ρ=0.3, clustered",1038,abrupt,1.0,0.3,clustered,ADWIN,сырые,uncorrected,0.25957446808510637,0.8936170212765957,0.9242424242424242,0.07575757575757576,1.0,0.14084507042253522,90.5,90.5
"abrupt, Δ=1, ρ=0.3, clustered",1038,abrupt,1.0,0.3,clustered,ADWIN,сырые,bonferroni,0.00851063829787234,0.0851063829787234,0.2857142857142857,0.7142857142857143,1.0,0.8333333333333333,130.5,130.5
"abrupt, Δ=1, ρ=0.3, clustered",1038,abrupt,1.0,0.3,clustered,ADWIN,сырые,bh_window,0.01276595744680851,0.0851063829787234,0.375,0.625,1.0,0.7692307692307693,130.5,130.5
"abrupt, Δ=1, ρ=0.3, clustered",1038,abrupt,1.0,0.3,clustered,ADWIN,сырые,LORD++,0.0,0.0,0.0,1.0,1.0,1.0,160.5,160.5
"abrupt, Δ=1, ρ=0.3, clustered",1038,abrupt,1.0,0.3,clustered,ADWIN,остатки,bonferroni,0.010638297872340425,0.10638297872340426,0.3333333333333333,0.6666666666666666,1.0,0.8,120.5,120.5
"abrupt, Δ=1, ρ=0.3, clustered",1038,abrupt,1.0,0.3,clustered,ADWIN,остатки,bh_window,0.01702127659574468,0.14893617021276595,0.4444444444444444,0.5555555555555556,1.0,0.7142857142857143,110.5,110.5
"abrupt, Δ=1, ρ=0.3, clustered",1038,abrupt,1.0,0.3,clustered,MeanShift(1),сырые,uncorrected,0.2553191489361702,0.574468085106383,0.9230769230769231,0.07692307692307693,1.0,0.14285714285714288,120.5,120.5
"abrupt, Δ=1, ρ=0.3, clustered",1038,abrupt,1.0,0.3,clustered,MeanShift(1),сырые,bonferroni,0.0,0.0,0.0,1.0,1.0,1.0,140.5,140.5
"abrupt, Δ=1, ρ=0.3, clustered",1038,abrupt,1.0,0.3,clustered,MeanShift(1),сырые,bh_window,0.0,0.0,0.0,1.0,1.0,1.0,120.5,120.5
"abrupt, Δ=1, ρ=0.3, clustered",1038,abrupt,1.0,0.3,clustered,MeanShift(1),сырые,LORD++,0.0,0.0,0.0,1.0,1.0,1.0,170.5,170.5
"abrupt, Δ=1, ρ=0.3, clustered",1038,abrupt,1.0,0.3,clustered,MeanShift(1),остатки,bonferroni,0.002127659574468085,0.02127659574468085,0.09090909090909091,0.9090909090909091,1.0,0.9523809523809523,120.5,120.5
"abrupt, Δ=1, ρ=0.3, clustered",1038,abrupt,1.0,0.3,clustered,MeanShift(1),остатки,bh_window,0.002127659574468085,0.02127659574468085,0.09090909090909091,0.9090909090909091,1.0,0.9523809523809523,120.5,120.5
"abrupt, Δ=1, ρ=0.3, clustered",1038,abrupt,1.0,0.3,clustered,MeanShift(3),сырые,uncorrected,0.09787234042553192,0.48936170212765956,0.8214285714285714,0.17857142857142858,1.0,0.30303030303030304,260.5,260.5
"abrupt, Δ=1, ρ=0.3, clustered",1038,abrupt,1.0,0.3,clustered,MeanShift(3),сырые,bonferroni,0.0,0.0,0.0,1.0,1.0,1.0,310.5,310.5
"abrupt, Δ=1, ρ=0.3, clustered",1038,abrupt,1.0,0.3,clustered,MeanShift(3),сырые,bh_window,0.0,0.0,0.0,1.0,1.0,1.0,310.5,310.5
"abrupt, Δ=1, ρ=0.3, clustered",1038,abrupt,1.0,0.3,clustered,MeanShift(3),сырые,LORD++,0.0,0.0,0.0,1.0,1.0,1.0,330.5,330.5
"abrupt, Δ=1, ρ=0.3, clustered",1038,abrupt,1.0,0.3,clustered,MeanShift(3),остатки,bonferroni,0.0,0.0,0.0,1.0,1.0,1.0,300.5,300.5
"abrupt, Δ=1, ρ=0.3, clustered",1038,abrupt,1.0,0.3,clustered,MeanShift(3),остатки,bh_window,0.0,0.0,0.0,1.0,1.0,1.0,300.5,300.5
"abrupt, Δ=1, ρ=0.3, clustered",1038,abrupt,1.0,0.3,clustered,PH river по умолчанию,сырые,порог,0.6702127659574468,0.8723404255319149,0.9692307692307692,0.03076923076923077,1.0,0.059701492537313446,110.5,110.5
"abrupt, Δ=1, ρ=0.3, clustered",1039,abrupt,1.0,0.3,clustered,PH,сырые,uncorrected,0.06595744680851064,0.40425531914893614,0.7560975609756098,0.24390243902439024,1.0,0.39215686274509803,140.5,140.5
"abrupt, Δ=1, ρ=0.3, clustered",1039,abrupt,1.0,0.3,clustered,PH,сырые,bonferroni,0.002127659574468085,0.02127659574468085,0.09090909090909091,0.9090909090909091,1.0,0.9523809523809523,250.5,250.5
"abrupt, Δ=1, ρ=0.3, clustered",1039,abrupt,1.0,0.3,clustered,PH,сырые,bh_window,0.002127659574468085,0.02127659574468085,0.09090909090909091,0.9090909090909091,1.0,0.9523809523809523,220.5,220.5
"abrupt, Δ=1, ρ=0.3, clustered",1039,abrupt,1.0,0.3,clustered,PH,сырые,LORD++,0.002127659574468085,0.02127659574468085,0.09090909090909091,0.9090909090909091,1.0,0.9523809523809523,310.5,310.5
"abrupt, Δ=1, ρ=0.3, clustered",1039,abrupt,1.0,0.3,clustered,PH,остатки,bonferroni,0.00425531914893617,0.0425531914893617,0.16666666666666666,0.8333333333333334,1.0,0.9090909090909091,180.5,180.5
"abrupt, Δ=1, ρ=0.3, clustered",1039,abrupt,1.0,0.3,clustered,PH,остатки,bh_window,0.00425531914893617,0.02127659574468085,0.16666666666666666,0.8333333333333334,1.0,0.9090909090909091,170.5,170.5
"abrupt, Δ=1, ρ=0.3, clustered",1039,abrupt,1.0,0.3,clustered,KS,сырые,uncorrected,0.125531914893617,0.5957446808510638,0.855072463768116,0.14492753623188406,1.0,0.25316455696202533,190.5,190.5
"abrupt, Δ=1, ρ=0.3, clustered",1039,abrupt,1.0,0.3,clustered,KS,сырые,bonferroni,0.0,0.0,0.0,1.0,1.0,1.0,330.5,330.5
"abrupt, Δ=1, ρ=0.3, clustered",1039,abrupt,1.0,0.3,clustered,KS,сырые,bh_window,0.002127659574468085,0.02127659574468085,0.09090909090909091,0.9090909090909091,1.0,0.9523809523809523,310.5,310.5
"abrupt, Δ=1, ρ=0.3, clustered",1039,abrupt,1.0,0.3,clustered,KS,сырые,LORD++,0.0,0.0,0.0,1.0,1.0,1.0,440.5,440.5
"abrupt, Δ=1, ρ=0.3, clustered",1039,abrupt,1.0,0.3,clustered,KS,остатки,bonferroni,0.00425531914893617,0.0425531914893617,0.16666666666666666,0.8333333333333334,1.0,0.9090909090909091,280.5,280.5
"abrupt, Δ=1, ρ=0.3, clustered",1039,abrupt,1.0,0.3,clustered,KS,остатки,bh_window,0.00425531914893617,0.0425531914893617,0.16666666666666666,0.8333333333333334,1.0,0.9090909090909091,240.5,240.5
"abrupt, Δ=1, ρ=0.3, clustered",1039,abrupt,1.0,0.3,clustered,ADWIN,сырые,uncorrected,0.225531914893617,0.8723404255319149,0.9137931034482759,0.08620689655172414,1.0,0.15873015873015872,60.5,60.5
"abrupt, Δ=1, ρ=0.3, clustered",1039,abrupt,1.0,0.3,clustered,ADWIN,сырые,bonferroni,0.010638297872340425,0.10638297872340426,0.3333333333333333,0.6666666666666666,1.0,0.8,110.5,110.5
"abrupt, Δ=1, ρ=0.3, clustered",1039,abrupt,1.0,0.3,clustered,ADWIN,сырые,bh_window,0.01276595744680851,0.1276595744680851,0.375,0.625,1.0,0.7692307692307693,100.5,100.5
"abrupt, Δ=1, ρ=0.3, clustered",1039,abrupt,1.0,0.3,clustered,ADWIN,сырые,LORD++,0.006382978723404255,0.06382978723404255,0.23076923076923078,0.7692307692307693,1.0,0.8695652173913044,160.5,160.5
"abrupt, Δ=1, ρ=0.3, clustered",1039,abrupt,1.0,0.3,clustered,ADWIN,остатки,bonferroni,0.010638297872340425,0.10638297872340426,0.3333333333333333,0.6666666666666666,1.0,0.8,90.5,90.5
"abrupt, Δ=1, ρ=0.3, clustered",1039,abrupt,1.0,0.3,clustered,ADWIN,остатки,bh_window,0.01702127659574468,0.10638297872340426,0.4444444444444444,0.5555555555555556,1.0,0.7142857142857143,70.5,70.5
"abrupt, Δ=1, ρ=0.3, clustered",1039,abrupt,1.0,0.3,clustered,MeanShift(1),сырые,uncorrected,0.2531914893617021,0.5106382978723404,0.9224806201550387,0.07751937984496124,1.0,0.14388489208633096,60.5,60.5
"abrupt, Δ=1, ρ=0.3, clustered",1039,abrupt,1.0,0.3,clustered,MeanShift(1),сырые,bonferroni,0.00425531914893617,0.02127659574468085,0.16666666666666666,0.8333333333333334,1.0,0.9090909090909091,180.5,180.5
"abrupt, Δ=1, ρ=0.3, clustered",1039,abrupt,1.0,0.3,clustered,MeanShift(1),сырые,bh_window,0.00425531914893617,0.02127659574468085,0.16666666666666666,0.8333333333333334,1.0,0.9090909090909091,130.5,130.5
"abrupt, Δ=1, ρ=0.3, clustered",1039,abrupt,1.0,0.3,clustered,MeanShift(1),сырые,LORD++,0.002127659574468085,0.02127659574468085,0.09090909090909091,0.9090909090909091,1.0,0.9523809523809523,330.5,330.5
"abrupt, Δ=1, ρ=0.3, clustered",1039,abrupt,1.0,0.3,clustered,MeanShift(1),остатки,bonferroni,0.002127659574468085,0.02127659574468085,0.09090909090909091,0.9090909090909091,1.0,0.9523809523809523,130.5,130.5
"abrupt, Δ=1, ρ=0.3, clustered",1039,abrupt,1.0,0.3,clustered,MeanShift(1),остатки,bh_window,0.002127659574468085,0.02127659574468085,0.09090909090909091,0.9090909090909091,1.0,0.9523809523809523,80.5,80.5
"abrupt, Δ=1, ρ=0.3, clustered",1039,abrupt,1.0,0.3,clustered,MeanShift(3),сырые,uncorrected,0.15531914893617021,0.6170212765957447,0.8795180722891566,0.12048192771084337,1.0,0.21505376344086022,260.5,260.5
"abrupt, Δ=1, ρ=0.3, clustered",1039,abrupt,1.0,0.3,clustered,MeanShift(3),сырые,bonferroni,0.00425531914893617,0.0425531914893617,0.16666666666666666,0.8333333333333334,1.0,0.9090909090909091,280.5,280.5
"abrupt, Δ=1, ρ=0.3, clustered",1039,abrupt,1.0,0.3,clustered,MeanShift(3),сырые,bh_window,0.00425531914893617,0.0425531914893617,0.16666666666666666,0.8333333333333334,1.0,0.9090909090909091,260.5,260.5
"abrupt, Δ=1, ρ=0.3, clustered",1039,abrupt,1.0,0.3,clustered,MeanShift(3),сырые,LORD++,0.0,0.0,0.0,1.0,1.0,1.0,370.5,370.5
"abrupt, Δ=1, ρ=0.3, clustered",1039,abrupt,1.0,0.3,clustered,MeanShift(3),остатки,bonferroni,0.0,0.0,0.0,1.0,1.0,1.0,260.5,260.5
"abrupt, Δ=1, ρ=0.3, clustered",1039,abrupt,1.0,0.3,clustered,MeanShift(3),остатки,bh_window,0.002127659574468085,0.02127659574468085,0.09090909090909091,0.9090909090909091,1.0,0.9523809523809523,260.5,260.5
"abrupt, Δ=1, ρ=0.3, clustered",1039,abrupt,1.0,0.3,clustered,PH river по умолчанию,сырые,порог,0.725531914893617,0.8936170212765957,0.9715099715099715,0.02849002849002849,1.0,0.0554016620498615,150.5,150.5
"abrupt, Δ=1, ρ=0.6, scattered",1040,abrupt,1.0,0.6,scattered,PH,сырые,uncorrected,0.031914893617021274,0.1702127659574468,0.6,0.4,1.0,0.5714285714285715,130.7,130.7
"abrupt, Δ=1, ρ=0.6, scattered",1040,abrupt,1.0,0.6,scattered,PH,сырые,bonferroni,0.0,0.0,0.0,1.0,1.0,1.0,220.7,220.7
"abrupt, Δ=1, ρ=0.6, scattered",1040,abrupt,1.0,0.6,scattered,PH,сырые,bh_window,0.0,0.0,0.0,1.0,1.0,1.0,220.7,220.7
"abrupt, Δ=1, ρ=0.6, scattered",1040,abrupt,1.0,0.6,scattered,PH,сырые,LORD++,0.0,0.0,0.0,0.8,0.8,0.8000000000000002,660.7,660.7
"abrupt, Δ=1, ρ=0.6, scattered",1040,abrupt,1.0,0.6,scattered,PH,остатки,bonferroni,0.0,0.0,0.0,1.0,1.0,1.0,160.7,160.7
"abrupt, Δ=1, ρ=0.6, scattered",1040,abrupt,1.0,0.6,scattered,PH,остатки,bh_window,0.0,0.0,0.0,1.0,1.0,1.0,150.7,150.7
"abrupt, Δ=1, ρ=0.6, scattered",1040,abrupt,1.0,0.6,scattered,KS,сырые,uncorrected,0.26595744680851063,0.6595744680851063,0.9259259259259259,0.06666666666666667,0.9,0.12413793103448276,280.7,280.7
"abrupt, Δ=1, ρ=0.6, scattered",1040,abrupt,1.0,0.6,scattered,KS,сырые,bonferroni,0.00425531914893617,0.0425531914893617,0.16666666666666666,0.8333333333333334,1.0,0.9090909090909091,340.7,340.7
"abrupt, Δ=1, ρ=0.6, scattered",1040,abrupt,1.0,0.6,scattered,KS,сырые,bh_window,0.010638297872340425,0.0425531914893617,0.3333333333333333,0.6666666666666666,1.0,0.8,340.7,340.7
"abrupt, Δ=1, ρ=0.6, scattered",1040,abrupt,1.0,0.6,scattered,KS,сырые,LORD++,0.0,0.0,0.0,0.8,0.8,0.8000000000000002,670.7,670.7
"abrupt, Δ=1, ρ=0.6, scattered",1040,abrupt,1.0,0.6,scattered,KS,остатки,bonferroni,0.002127659574468085,0.02127659574468085,0.09090909090909091,0.9090909090909091,1.0,0.9523809523809523,220.7,220.7
"abrupt, Δ=1, ρ=0.6, scattered",1040,abrupt,1.0,0.6,scattered,KS,остатки,bh_window,0.002127659574468085,0.02127659574468085,0.09090909090909091,0.9090909090909091,1.0,0.9523809523809523,220.7,220.7
"abrupt, Δ=1, ρ=0.6, scattered",1040,abrupt,1.0,0.6,scattered,ADWIN,сырые,uncorrected,0.33191489361702126,0.7021276595744681,0.9397590361445783,0.060240963855421686,1.0,0.11363636363636363,70.7,70.7
"abrupt, Δ=1, ρ=0.6, scattered",1040,abrupt,1.0,0.6,scattered,ADWIN,сырые,bonferroni,0.00851063829787234,0.06382978723404255,0.2857142857142857,0.7142857142857143,1.0,0.8333333333333333,110.7,110.7
"abrupt, Δ=1, ρ=0.6, scattered",1040,abrupt,1.0,0.6,scattered,ADWIN,сырые,bh_window,0.014893617021276596,0.0851063829787234,0.4117647058823529,0.5882352941176471,1.0,0.7407407407407407,100.7,100.7
"abrupt, Δ=1, ρ=0.6, scattered",1040,abrupt,1.0,0.6,scattered,ADWIN,сырые,LORD++,0.0,0.0,0.0,1.0,1.0,1.0,160.7,160.7
"abrupt, Δ=1, ρ=0.6, scattered",1040,abrupt,1.0,0.6,scattered,ADWIN,остатки,bonferroni,0.014893617021276596,0.14893617021276595,0.4117647058823529,0.5882352941176471,1.0,0.7407407407407407,90.7,90.7
"abrupt, Δ=1, ρ=0.6, scattered",1040,abrupt,1.0,0.6,scattered,ADWIN,остатки,bh_window,0.023404255319148935,0.1702127659574468,0.5238095238095238,0.47619047619047616,1.0,0.6451612903225806,90.7,90.7
"abrupt, Δ=1, ρ=0.6, scattered",1040,abrupt,1.0,0.6,scattered,MeanShift(1),сырые,uncorrected,0.16170212765957448,0.40425531914893614,0.8837209302325582,0.11627906976744186,1.0,0.20833333333333334,90.7,90.7
"abrupt, Δ=1, ρ=0.6, scattered",1040,abrupt,1.0,0.6,scattered,MeanShift(1),сырые,bonferroni,0.0,0.0,0.0,1.0,1.0,1.0,130.7,130.7
"abrupt, Δ=1, ρ=0.6, scattered",1040,abrupt,1.0,0.6,scattered,MeanShift(1),сырые,bh_window,0.00425531914893617,0.02127659574468085,0.16666666666666666,0.8333333333333334,1.0,0.9090909090909091,130.7,130.7
"abrupt, Δ=1, ρ=0.6, scattered",1040,abrupt,1.0,0.6,scattered,MeanShift(1),сырые,LORD++,0.0,0.0,0.0,0.8,0.8,0.8000000000000002,520.7,520.7
"abrupt, Δ=1, ρ=0.6, scattered",1040,abrupt,1.0,0.6,scattered,MeanShift(1),остатки,bonferroni,0.006382978723404255,0.06382978723404255,0.23076923076923078,0.7692307692307693,1.0,0.8695652173913044,90.7,90.7
"abrupt, Δ=1, ρ=0.6, scattered",1040,abrupt,1.0,0.6,scattered,MeanShift(1),остатки,bh_window,0.006382978723404255,0.0425531914893617,0.23076923076923078,0.7692307692307693,1.0,0.8695652173913044,90.7,90.7
"abrupt, Δ=1, ρ=0.6, scattered",1040,abrupt,1.0,0.6,scattered,MeanShift(3),сырые,uncorrected,0.12340425531914893,0.23404255319148937,0.8529411764705882,0.14705882352941177,1.0,0.25641025641025644,280.7,280.7
"abrupt, Δ=1, ρ=0.6, scattered",1040,abrupt,1.0,0.6,scattered,MeanShift(3),сырые,bonferroni,0.0,0.0,0.0,1.0,1.0,1.0,300.7,300.7
"abrupt, Δ=1, ρ=0.6, scattered",1040,abrupt,1.0,0.6,scattered,MeanShift(3),сырые,bh_window,0.0,0.0,0.0,1.0,1.0,1.0,300.7,300.7
"abrupt, Δ=1, ρ=0.6, scattered",1040,abrupt,1.0,0.6,scattered,MeanShift(3),сырые,LORD++,0.0,0.0,0.0,0.9,0.9,0.9,480.7,480.7
"abrupt, Δ=1, ρ=0.6, scattered",1040,abrupt,1.0,0.6,scattered,MeanShift(3),остатки,bonferroni,0.0,0.0,0.0,1.0,1.0,1.0,290.7,290.7
"abrupt, Δ=1, ρ=0.6, scattered",1040,abrupt,1.0,0.6,scattered,MeanShift(3),остатки,bh_window,0.0,0.0,0.0,1.0,1.0,1.0,290.7,290.7
"abrupt, Δ=1, ρ=0.6, scattered",1040,abrupt,1.0,0.6,scattered,PH river по умолчанию,сырые,порог,0.44893617021276594,0.7446808510638298,0.9547511312217195,0.04524886877828054,1.0,0.08658008658008658,80.7,80.7
"abrupt, Δ=1, ρ=0.6, scattered",1042,abrupt,1.0,0.6,scattered,PH,сырые,uncorrected,0.2170212765957447,0.3617021276595745,0.9107142857142857,0.08928571428571429,1.0,0.1639344262295082,144.6,144.6
"abrupt, Δ=1, ρ=0.6, scattered",1042,abrupt,1.0,0.6,scattered,PH,сырые,bonferroni,0.0,0.0,0.0,1.0,1.0,1.0,194.6,194.6
"abrupt, Δ=1, ρ=0.6, scattered",1042,abrupt,1.0,0.6,scattered,PH,сырые,bh_window,0.00851063829787234,0.02127659574468085,0.2857142857142857,0.7142857142857143,1.0,0.8333333333333333,194.6,194.6
"abrupt, Δ=1, ρ=0.6, scattered",1042,abrupt,1.0,0.6,scattered,PH,сырые,LORD++,0.0,0.0,0.0,1.0,1.0,1.0,274.6,274.6
"abrupt, Δ=1, ρ=0.6, scattered",1042,abrupt,1.0,0.6,scattered,PH,остатки,bonferroni,0.0,0.0,0.0,1.0,1.0,1.0,174.6,174.6
"abrupt, Δ=1, ρ=0.6, scattered",1042,abrupt,1.0,0.6,scattered,PH,остатки,bh_window,0.0,0.0,0.0,1.0,1.0,1.0,174.6,174.6
"abrupt, Δ=1, ρ=0.6, scattered",1042,abrupt,1.0,0.6,scattered,KS,сырые,uncorrected,0.08297872340425531,0.3404255319148936,0.7959183673469388,0.20408163265306123,1.0,0.3389830508474576,184.6,184.6
"abrupt, Δ=1, ρ=0.6, scattered",1042,abrupt,1.0,0.6,scattered,KS,сырые,bonferroni,0.0,0.0,0.0,1.0,1.0,1.0,304.6,304.6
"abrupt, Δ=1, ρ=0.6, scattered",1042,abrupt,1.0,0.6,scattered,KS,сырые,bh_window,0.002127659574468085,0.02127659574468085,0.09090909090909091,0.9090909090909091,1.0,0.9523809523809523,304.6,304.6
"abrupt, Δ=1, ρ=0.6, scattered",1042,abrupt,1.0,0.6,scattered,KS,сырые,LORD++,0.0,0.0,0.0,1.0,1.0,1.0,444.6,444.6
"abrupt, Δ=1, ρ=0.6, scattered",1042,abrupt,1.0,0.6,scattered,KS,остатки,bonferroni,0.002127659574468085,0.02127659574468085,0.09090909090909091,0.9090909090909091,1.0,0.9523809523809523,234.6,234.6
"abrupt, Δ=1, ρ=0.6, scattered",1042,abrupt,1.0,0.6,scattered,KS,остатки,bh_window,0.006382978723404255,0.0425531914893617,0.23076923076923078,0.7692307692307693,1.0,0.8695652173913044,244.6,244.6
"abrupt, Δ=1, ρ=0.6, scattered",1042,abrupt,1.0,0.6,scattered,ADWIN,сырые,uncorrected,0.2702127659574468,0.6595744680851063,0.927007299270073,0.072992700729927,1.0,0.1360544217687075,84.6,84.6
"abrupt, Δ=1, ρ=0.6, scattered",1042,abrupt,1.0,0.6,scattered,ADWIN,сырые,bonferroni,0.006382978723404255,0.02127659574468085,0.23076923076923078,0.7692307692307693,1.0,0.8695652173913044,124.6,124.6
"abrupt, Δ=1, ρ=0.6, scattered",1042,abrupt,1.0,0.6,scattered,ADWIN,сырые,bh_window,0.00851063829787234,0.0425531914893617,0.2857142857142857,0.7142857142857143,1.0,0.8333333333333333,124.6,124.6
"abrupt, Δ=1, ρ=0.6, scattered",1042,abrupt,1.0,0.6,scattered,ADWIN,сырые,LORD++,0.0,0.0,0.0,1.0,1.0,1.0,174.6,174.6
"abrupt, Δ=1, ρ=0.6, scattered",1042,abrupt,1.0,0.6,scattered,ADWIN,остатки,bonferroni,0.023404255319148935,0.2127659574468085,0.5238095238095238,0.47619047619047616,1.0,0.6451612903225806,94.6,94.6
"abrupt, Δ=1, ρ=0.6, scattered",1042,abrupt,1.0,0.6,scattered,ADWIN,остатки,bh_window,0.027659574468085105,0.2127659574468085,0.5652173913043478,0.43478260869565216,1.0,0.6060606060606061,94.6,94.6
"abrupt, Δ=1, ρ=0.6, scattered",1042,abrupt,1.0,0.6,scattered,MeanShift(1),сырые,uncorrected,0.28085106382978725,0.40425531914893614,0.9295774647887324,0.07042253521126761,1.0,0.13157894736842107,94.6,94.6
"abrupt, Δ=1, ρ=0.6, scattered",1042,abrupt,1.0,0.6,scattered,MeanShift(1),сырые,bonferroni,0.0,0.0,0.0,1.0,1.0,1.0,134.6,134.6
"abrupt, Δ=1, ρ=0.6, scattered",1042,abrupt,1.0,0.6,scattered,MeanShift(1),сырые,bh_window,0.00851063829787234,0.0425531914893617,0.2857142857142857,0.7142857142857143,1.0,0.8333333333333333,114.6,114.6
"abrupt, Δ=1, ρ=0.6, scattered",1042,abrupt,1.0,0.6,scattered,MeanShift(1),сырые,LORD++,0.0,0.0,0.0,0.6,0.6,0.6,864.6,864.6
"abrupt, Δ=1, ρ=0.6, scattered",1042,abrupt,1.0,0.6,scattered,MeanShift(1),остатки,bonferroni,0.006382978723404255,0.06382978723404255,0.23076923076923078,0.7692307692307693,1.0,0.8695652173913044,94.6,94.6
"abrupt, Δ=1, ρ=0.6, scattered",1042,abrupt,1.0,0.6,scattered,MeanShift(1),остатки,bh_window,0.006382978723404255,0.06382978723404255,0.23076923076923078,0.7692307692307693,1.0,0.8695652173913044,94.6,94.6
"abrupt, Δ=1, ρ=0.6, scattered",1042,abrupt,1.0,0.6,scattered,MeanShift(3),сырые,uncorrected,0.2170212765957447,0.425531914893617,0.9107142857142857,0.08928571428571429,1.0,0.1639344262295082,284.6,284.6
"abrupt, Δ=1, ρ=0.6, scattered",1042,abrupt,1.0,0.6,scattered,MeanShift(3),сырые,bonferroni,0.002127659574468085,0.02127659574468085,0.09090909090909091,0.9090909090909091,1.0,0.9523809523809523,274.6,274.6
"abrupt, Δ=1, ρ=0.6, scattered",1042,abrupt,1.0,0.6,scattered,MeanShift(3),сырые,bh_window,0.010638297872340425,0.0425531914893617,0.3333333333333333,0.6666666666666666,1.0,0.8,274.6,274.6
"abrupt, Δ=1, ρ=0.6, scattered",1042,abrupt,1.0,0.6,scattered,MeanShift(3),сырые,LORD++,0.0,0.0,0.0,1.0,1.0,1.0,304.6,304.6
"abrupt, Δ=1, ρ=0.6, scattered",1042,abrupt,1.0,0.6,scattered,MeanShift(3),остатки,bonferroni,0.002127659574468085,0.02127659574468085,0.09090909090909091,0.9090909090909091,1.0,0.9523809523809523,274.6,274.6
"abrupt, Δ=1, ρ=0.6, scattered",1042,abrupt,1.0,0.6,scattered,MeanShift(3),остатки,bh_window,0.002127659574468085,0.02127659574468085,0.09090909090909091,0.9090909090909091,1.0,0.9523809523809523,274.6,274.6
"abrupt, Δ=1, ρ=0.6, scattered",1042,abrupt,1.0,0.6,scattered,PH river по умолчанию,сырые,порог,0.8042553191489362,0.7021276595744681,0.9742268041237113,0.02577319587628866,1.0,0.05025125628140704,114.6,114.6
"abrupt, Δ=1, ρ=0.6, scattered",1041,abrupt,1.0,0.6,scattered,PH,сырые,uncorrected,0.02553191489361702,0.0851063829787234,0.5454545454545454,0.45454545454545453,1.0,0.625,143.0,143.0
"abrupt, Δ=1, ρ=0.6, scattered",1041,abrupt,1.0,0.6,scattered,PH,сырые,bonferroni,0.0,0.0,0.0,1.0,1.0,1.0,303.0,303.0
"abrupt, Δ=1, ρ=0.6, scattered",1041,abrupt,1.0,0.6,scattered,PH,сырые,bh_window,0.0,0.0,0.0,1.0,1.0,1.0,303.0,303.0
"abrupt, Δ=1, ρ=0.6, scattered",1041,abrupt,1.0,0.6,scattered,PH,сырые,LORD++,0.0,0.0,0.0,0.8888888888888888,0.8,0.8421052631578948,583.4444444444445,653.0
"abrupt, Δ=1, ρ=0.6, scattered",1041,abrupt,1.0,0.6,scattered,PH,остатки,bonferroni,0.0,0.0,0.0,1.0,1.0,1.0,173.0,173.0
"abrupt, Δ=1, ρ=0.6, scattered",1041,abrupt,1.0,0.6,scattered,PH,остатки,bh_window,0.0,0.0,0.0,1.0,1.0,1.0,173.0,173.0
"abrupt, Δ=1, ρ=0.6, scattered",1041,abrupt,1.0,0.6,scattered,KS,сырые,uncorrected,0.21914893617021278,0.5531914893617021,0.911504424778761,0.08849557522123894,1.0,0.1626016260162602,203.0,203.0
"abrupt, Δ=1, ρ=0.6, scattered",1041,abrupt,1.0,0.6,scattered,KS,сырые,bonferroni,0.00425531914893617,0.0425531914893617,0.16666666666666666,0.8333333333333334,1.0,0.9090909090909091,383.0,383.0
"abrupt, Δ=1, ρ=0.6, scattered",1041,abrupt,1.0,0.6,scattered,KS,сырые,bh_window,0.010638297872340425,0.06382978723404255,0.3333333333333333,0.6666666666666666,1.0,0.8,383.0,383.0
"abrupt, Δ=1, ρ=0.6, scattered",1041,abrupt,1.0,0.6,scattered,KS,сырые,LORD++,0.0,0.0,0.0,1.0,1.0,1.0,473.0,473.0
"abrupt, Δ=1, ρ=0.6, scattered",1041,abrupt,1.0,0.6,scattered,KS,остатки,bonferroni,0.00425531914893617,0.0425531914893617,0.16666666666666666,0.8333333333333334,1.0,0.9090909090909091,273.0,273.0
"abrupt, Δ=1, ρ=0.6, scattered",1041,abrupt,1.0,0.6,scattered,KS,остатки,bh_window,0.006382978723404255,0.06382978723404255,0.23076923076923078,0.7692307692307693,1.0,0.8695652173913044,263.0,263.0
"abrupt, Δ=1, ρ=0.6, scattered",1041,abrupt,1.0,0.6,scattered,ADWIN,сырые,uncorrected,0.425531914893617,0.6595744680851063,0.9523809523809523,0.047619047619047616,1.0,0.0909090909090909,103.0,103.0
"abrupt, Δ=1, ρ=0.6, scattered",1041,abrupt,1.0,0.6,scattered,ADWIN,сырые,bonferroni,0.019148936170212766,0.1702127659574468,0.47368421052631576,0.5263157894736842,1.0,0.6896551724137931,153.0,153.0
"abrupt, Δ=1, ρ=0.6, scattered",1041,abrupt,1.0,0.6,scattered,ADWIN,сырые,bh_window,0.09574468085106383,0.0851063829787234,0.8181818181818182,0.18181818181818182,1.0,0.3076923076923077,123.0,123.0
"abrupt, Δ=1, ρ=0.6, scattered",1041,abrupt,1.0,0.6,scattered,ADWIN,сырые,LORD++,0.002127659574468085,0.02127659574468085,0.09090909090909091,0.9090909090909091,1.0,0.9523809523809523,203.0,203.0
"abrupt, Δ=1, ρ=0.6, scattered",1041,abrupt,1.0,0.6,scattered,ADWIN,остатки,bonferroni,0.010638297872340425,0.06382978723404255,0.3333333333333333,0.6666666666666666,1.0,0.8,103.0,103.0
"abrupt, Δ=1, ρ=0.6, scattered",1041,abrupt,1.0,0.6,scattered,ADWIN,остатки,bh_window,0.01276595744680851,0.0851063829787234,0.375,0.625,1.0,0.7692307692307693,103.0,103.0
"abrupt, Δ=1, ρ=0.6, scattered",1041,abrupt,1.0,0.6,scattered,MeanShift(1),сырые,uncorrected,0.12978723404255318,0.19148936170212766,0.8591549295774648,0.14084507042253522,1.0,0.2469135802469136,123.0,123.0
"abrupt, Δ=1, ρ=0.6, scattered",1041,abrupt,1.0,0.6,scattered,MeanShift(1),сырые,bonferroni,0.002127659574468085,0.02127659574468085,0.09090909090909091,0.9090909090909091,1.0,0.9523809523809523,183.0,183.0
"abrupt, Δ=1, ρ=0.6, scattered",1041,abrupt,1.0,0.6,scattered,MeanShift(1),сырые,bh_window,0.002127659574468085,0.02127659574468085,0.09090909090909091,0.9090909090909091,1.0,0.9523809523809523,183.0,183.0
"abrupt, Δ=1, ρ=0.6, scattered",1041,abrupt,1.0,0.6,scattered,MeanShift(1),сырые,LORD++,0.0,0.0,0.0,,0.0,0.0,,2393.0
"abrupt, Δ=1, ρ=0.6, scattered",1041,abrupt,1.0,0.6,scattered,MeanShift(1),остатки,bonferroni,0.0,0.0,0.0,1.0,1.0,1.0,103.0,103.0
"abrupt, Δ=1, ρ=0.6, scattered",1041,abrupt,1.0,0.6,scattered,MeanShift(1),остатки,bh_window,0.0,0.0,0.0,1.0,1.0,1.0,103.0,103.0
"abrupt, Δ=1, ρ=0.6, scattered",1041,abrupt,1.0,0.6,scattered,MeanShift(3),сырые,uncorrected,0.014893617021276596,0.06382978723404255,0.4117647058823529,0.5882352941176471,1.0,0.7407407407407407,273.0,273.0
"abrupt, Δ=1, ρ=0.6, scattered",1041,abrupt,1.0,0.6,scattered,MeanShift(3),сырые,bonferroni,0.0,0.0,0.0,1.0,1.0,1.0,303.0,303.0
"abrupt, Δ=1, ρ=0.6, scattered",1041,abrupt,1.0,0.6,scattered,MeanShift(3),сырые,bh_window,0.0,0.0,0.0,1.0,1.0,1.0,303.0,303.0
"abrupt, Δ=1, ρ=0.6, scattered",1041,abrupt,1.0,0.6,scattered,MeanShift(3),сырые,LORD++,0.0,0.0,0.0,0.8888888888888888,0.8,0.8421052631578948,650.1111111111111,713.0
"abrupt, Δ=1, ρ=0.6, scattered",1041,abrupt,1.0,0.6,scattered,MeanShift(3),остатки,bonferroni,0.0,0.0,0.0,1.0,1.0,1.0,283.0,283.0
"abrupt, Δ=1, ρ=0.6, scattered",1041,abrupt,1.0,0.6,scattered,MeanShift(3),остатки,bh_window,0.0,0.0,0.0,1.0,1.0,1.0,283.0,283.0
"abrupt, Δ=1, ρ=0.6, scattered",1041,abrupt,1.0,0.6,scattered,PH river по умолчанию,сырые,порог,0.6148936170212767,0.6595744680851063,0.9665551839464883,0.033444816053511704,1.0,0.06472491909385113,173.0,173.0
"abrupt, Δ=1, ρ=0.6, scattered",1043,abrupt,1.0,0.6,scattered,PH,сырые,uncorrected,0.1,0.40425531914893614,0.8245614035087719,0.17543859649122806,1.0,0.29850746268656714,115.5,115.5
"abrupt, Δ=1, ρ=0.6, scattered",1043,abrupt,1.0,0.6,scattered,PH,сырые,bonferroni,0.0,0.0,0.0,1.0,1.0,1.0,205.5,205.5
"abrupt, Δ=1, ρ=0.6, scattered",1043,abrupt,1.0,0.6,scattered,PH,сырые,bh_window,0.0,0.0,0.0,1.0,1.0,1.0,205.5,205.5
"abrupt, Δ=1, ρ=0.6, scattered",1043,abrupt,1.0,0.6,scattered,PH,сырые,LORD++,0.0,0.0,0.0,1.0,1.0,1.0,285.5,285.5
"abrupt, Δ=1, ρ=0.6, scattered",1043,abrupt,1.0,0.6,scattered,PH,остатки,bonferroni,0.0,0.0,0.0,1.0,1.0,1.0,155.5,155.5
"abrupt, Δ=1, ρ=0.6, scattered",1043,abrupt,1.0,0.6,scattered,PH,остатки,bh_window,0.0,0.0,0.0,1.0,1.0,1.0,155.5,155.5
"abrupt, Δ=1, ρ=0.6, scattered",1043,abrupt,1.0,0.6,scattered,KS,сырые,uncorrected,0.04680851063829787,0.2765957446808511,0.6875,0.3125,1.0,0.47619047619047616,205.5,205.5
"abrupt, Δ=1, ρ=0.6, scattered",1043,abrupt,1.0,0.6,scattered,KS,сырые,bonferroni,0.0,0.0,0.0,1.0,1.0,1.0,305.5,305.5
"abrupt, Δ=1, ρ=0.6, scattered",1043,abrupt,1.0,0.6,scattered,KS,сырые,bh_window,0.0,0.0,0.0,1.0,1.0,1.0,295.5,295.5
"abrupt, Δ=1, ρ=0.6, scattered",1043,abrupt,1.0,0.6,scattered,KS,сырые,LORD++,0.0,0.0,0.0,1.0,1.0,1.0,415.5,415.5
"abrupt, Δ=1, ρ=0.6, scattered",1043,abrupt,1.0,0.6,scattered,KS,остатки,bonferroni,0.006382978723404255,0.06382978723404255,0.23076923076923078,0.7692307692307693,1.0,0.8695652173913044,235.5,235.5
"abrupt, Δ=1, ρ=0.6, scattered",1043,abrupt,1.0,0.6,scattered,KS,остатки,bh_window,0.00851063829787234,0.0851063829787234,0.2857142857142857,0.7142857142857143,1.0,0.8333333333333333,235.5,235.5
"abrupt, Δ=1, ρ=0.6, scattered",1043,abrupt,1.0,0.6,scattered,ADWIN,сырые,uncorrected,0.27872340425531916,0.7021276595744681,0.9290780141843972,0.07092198581560284,1.0,0.13245033112582782,75.5,75.5
"abrupt, Δ=1, ρ=0.6, scattered",1043,abrupt,1.0,0.6,scattered,ADWIN,сырые,bonferroni,0.01276595744680851,0.10638297872340426,0.375,0.625,1.0,0.7692307692307693,155.5,155.5
"abrupt, Δ=1, ρ=0.6, scattered",1043,abrupt,1.0,0.6,scattered,ADWIN,сырые,bh_window,0.019148936170212766,0.10638297872340426,0.47368421052631576,0.5263157894736842,1.0,0.6896551724137931,155.5,155.5
"abrupt, Δ=1, ρ=0.6, scattered",1043,abrupt,1.0,0.6,scattered,ADWIN,сырые,LORD++,0.0,0.0,0.0,1.0,1.0,1.0,155.5,155.5
"abrupt, Δ=1, ρ=0.6, scattered",1043,abrupt,1.0,0.6,scattered,ADWIN,остатки,bonferroni,0.010638297872340425,0.0851063829787234,0.3333333333333333,0.6666666666666666,1.0,0.8,95.5,95.5
"abrupt, Δ=1, ρ=0.6, scattered",1043,abrupt,1.0,0.6,scattered,ADWIN,остатки,bh_window,0.010638297872340425,0.0851063829787234,0.3333333333333333,0.6666666666666666,1.0,0.8,85.5,85.5
"abrupt, Δ=1, ρ=0.6, scattered",1043,abrupt,1.0,0.6,scattered,MeanShift(1),сырые,uncorrected,0.37446808510638296,0.5319148936170213,0.9513513513513514,0.04864864864864865,0.9,0.09230769230769231,101.88888888888889,415.5
"abrupt, Δ=1, ρ=0.6, scattered",1043,abrupt,1.0,0.6,scattered,MeanShift(1),сырые,bonferroni,0.00851063829787234,0.02127659574468085,0.2857142857142857,0.7142857142857143,1.0,0.8333333333333333,145.5,145.5
"abrupt, Δ=1, ρ=0.6, scattered",1043,abrupt,1.0,0.6,scattered,MeanShift(1),сырые,bh_window,0.12340425531914893,0.0425531914893617,0.8529411764705882,0.14705882352941177,1.0,0.25641025641025644,145.5,145.5
"abrupt, Δ=1, ρ=0.6, scattered",1043,abrupt,1.0,0.6,scattered,MeanShift(1),сырые,LORD++,0.0,0.0,0.0,1.0,1.0,1.0,305.5,305.5
"abrupt, Δ=1, ρ=0.6, scattered",1043,abrupt,1.0,0.6,scattered,MeanShift(1),остатки,bonferroni,0.0,0.0,0.0,1.0,1.0,1.0,95.5,95.5
"abrupt, Δ=1, ρ=0.6, scattered",1043,abrupt,1.0,0.6,scattered,MeanShift(1),остатки,bh_window,0.0,0.0,0.0,1.0,1.0,1.0,95.5,95.5
"abrupt, Δ=1, ρ=0.6, scattered",1043,abrupt,1.0,0.6,scattered,MeanShift(3),сырые,uncorrected,0.09787234042553192,0.3404255319148936,0.8214285714285714,0.17857142857142858,1.0,0.30303030303030304,215.5,215.5
"abrupt, Δ=1, ρ=0.6, scattered",1043,abrupt,1.0,0.6,scattered,MeanShift(3),сырые,bonferroni,0.0,0.0,0.0,1.0,1.0,1.0,285.5,285.5
"abrupt, Δ=1, ρ=0.6, scattered",1043,abrupt,1.0,0.6,scattered,MeanShift(3),сырые,bh_window,0.0,0.0,0.0,1.0,1.0,1.0,285.5,285.5
"abrupt, Δ=1, ρ=0.6, scattered",1043,abrupt,1.0,0.6,scattered,MeanShift(3),сырые,LORD++,0.0,0.0,0.0,1.0,1.0,1.0,325.5,325.5
"abrupt, Δ=1, ρ=0.6, scattered",1043,abrupt,1.0,0.6,scattered,MeanShift(3),остатки,bonferroni,0.0,0.0,0.0,1.0,1.0,1.0,265.5,265.5
"abrupt, Δ=1, ρ=0.6, scattered",1043,abrupt,1.0,0.6,scattered,MeanShift(3),остатки,bh_window,0.0,0.0,0.0,1.0,1.0,1.0,265.5,265.5
"abrupt, Δ=1, ρ=0.6, scattered",1043,abrupt,1.0,0.6,scattered,PH river по умолчанию,сырые,порог,0.8851063829787233,0.6808510638297872,0.9765258215962441,0.023474178403755867,1.0,0.045871559633027525,175.5,175.5
"abrupt, Δ=1, ρ=0.6, clustered",1044,abrupt,1.0,0.6,clustered,PH,сырые,uncorrected,0.06382978723404255,0.2765957446808511,0.75,0.25,1.0,0.4,126.5,126.5
"abrupt, Δ=1, ρ=0.6, clustered",1044,abrupt,1.0,0.6,clustered,PH,сырые,bonferroni,0.0,0.0,0.0,1.0,1.0,1.0,286.5,286.5
"abrupt, Δ=1, ρ=0.6, clustered",1044,abrupt,1.0,0.6,clustered,PH,сырые,bh_window,0.0,0.0,0.0,1.0,1.0,1.0,246.5,246.5
"abrupt, Δ=1, ρ=0.6, clustered",1044,abrupt,1.0,0.6,clustered,PH,сырые,LORD++,0.0,0.0,0.0,1.0,1.0,1.0,426.5,426.5
"abrupt, Δ=1, ρ=0.6, clustered",1044,abrupt,1.0,0.6,clustered,PH,остатки,bonferroni,0.002127659574468085,0.02127659574468085,0.09090909090909091,0.9090909090909091,1.0,0.9523809523809523,146.5,146.5
"abrupt, Δ=1, ρ=0.6, clustered",1044,abrupt,1.0,0.6,clustered,PH,остатки,bh_window,0.002127659574468085,0.02127659574468085,0.09090909090909091,0.9090909090909091,1.0,0.9523809523809523,146.5,146.5
"abrupt, Δ=1, ρ=0.6, clustered",1044,abrupt,1.0,0.6,clustered,KS,сырые,uncorrected,0.1,0.425531914893617,0.8245614035087719,0.17543859649122806,1.0,0.29850746268656714,166.5,166.5
"abrupt, Δ=1, ρ=0.6, clustered",1044,abrupt,1.0,0.6,clustered,KS,сырые,bonferroni,0.0,0.0,0.0,1.0,1.0,1.0,366.5,366.5
"abrupt, Δ=1, ρ=0.6, clustered",1044,abrupt,1.0,0.6,clustered,KS,сырые,bh_window,0.0,0.0,0.0,1.0,1.0,1.0,336.5,336.5
"abrupt, Δ=1, ρ=0.6, clustered",1044,abrupt,1.0,0.6,clustered,KS,сырые,LORD++,0.0,0.0,0.0,1.0,1.0,1.0,446.5,446.5
"abrupt, Δ=1, ρ=0.6, clustered",1044,abrupt,1.0,0.6,clustered,KS,остатки,bonferroni,0.006382978723404255,0.06382978723404255,0.23076923076923078,0.7692307692307693,1.0,0.8695652173913044,236.5,236.5
"abrupt, Δ=1, ρ=0.6, clustered",1044,abrupt,1.0,0.6,clustered,KS,остатки,bh_window,0.006382978723404255,0.06382978723404255,0.23076923076923078,0.7692307692307693,1.0,0.8695652173913044,206.5,206.5
"abrupt, Δ=1, ρ=0.6, clustered",1044,abrupt,1.0,0.6,clustered,ADWIN,сырые,uncorrected,0.2574468085106383,0.6382978723404256,0.9236641221374046,0.07633587786259542,1.0,0.14184397163120568,106.5,106.5
"abrupt, Δ=1, ρ=0.6, clustered",1044,abrupt,1.0,0.6,clustered,ADWIN,сырые,bonferroni,0.002127659574468085,0.02127659574468085,0.09090909090909091,0.9090909090909091,1.0,0.9523809523809523,136.5,136.5
"abrupt, Δ=1, ρ=0.6, clustered",1044,abrupt,1.0,0.6,clustered,ADWIN,сырые,bh_window,0.00425531914893617,0.0425531914893617,0.16666666666666666,0.8333333333333334,1.0,0.9090909090909091,126.5,126.5
"abrupt, Δ=1, ρ=0.6, clustered",1044,abrupt,1.0,0.6,clustered,ADWIN,сырые,LORD++,0.0,0.0,0.0,1.0,1.0,1.0,176.5,176.5
"abrupt, Δ=1, ρ=0.6, clustered",1044,abrupt,1.0,0.6,clustered,ADWIN,остатки,bonferroni,0.014893617021276596,0.14893617021276595,0.4117647058823529,0.5882352941176471,1.0,0.7407407407407407,86.5,86.5
"abrupt, Δ=1, ρ=0.6, clustered",1044,abrupt,1.0,0.6,clustered,ADWIN,остатки,bh_window,0.019148936170212766,0.1702127659574468,0.47368421052631576,0.5263157894736842,1.0,0.6896551724137931,76.5,76.5
"abrupt, Δ=1, ρ=0.6, clustered",1044,abrupt,1.0,0.6,clustered,MeanShift(1),сырые,uncorrected,0.4702127659574468,0.3617021276595745,0.9567099567099567,0.04329004329004329,1.0,0.0829875518672199,76.5,76.5
"abrupt, Δ=1, ρ=0.6, clustered",1044,abrupt,1.0,0.6,clustered,MeanShift(1),сырые,bonferroni,0.002127659574468085,0.02127659574468085,0.09090909090909091,0.9090909090909091,1.0,0.9523809523809523,126.5,126.5
"abrupt, Δ=1, ρ=0.6, clustered",1044,abrupt,1.0,0.6,clustered,MeanShift(1),сырые,bh_window,0.16808510638297872,0.0425531914893617,0.8876404494382022,0.11235955056179775,1.0,0.20202020202020202,126.5,126.5
"abrupt, Δ=1, ρ=0.6, clustered",1044,abrupt,1.0,0.6,clustered,MeanShift(1),сырые,LORD++,0.002127659574468085,0.02127659574468085,0.09090909090909091,0.7272727272727273,0.8,0.761904761904762,496.5,496.5
"abrupt, Δ=1, ρ=0.6, clustered",1044,abrupt,1.0,0.6,clustered,MeanShift(1),остатки,bonferroni,0.0,0.0,0.0,1.0,1.0,1.0,96.5,96.5
"abrupt, Δ=1, ρ=0.6, clustered",1044,abrupt,1.0,0.6,clustered,MeanShift(1),остатки,bh_window,0.00425531914893617,0.02127659574468085,0.16666666666666666,0.8333333333333334,1.0,0.9090909090909091,56.5,56.5
"abrupt, Δ=1, ρ=0.6, clustered",1044,abrupt,1.0,0.6,clustered,MeanShift(3),сырые,uncorrected,0.125531914893617,0.3191489361702128,0.855072463768116,0.14492753623188406,1.0,0.25316455696202533,236.5,236.5
"abrupt, Δ=1, ρ=0.6, clustered",1044,abrupt,1.0,0.6,clustered,MeanShift(3),сырые,bonferroni,0.0,0.0,0.0,1.0,1.0,1.0,306.5,306.5
"abrupt, Δ=1, ρ=0.6, clustered",1044,abrupt,1.0,0.6,clustered,MeanShift(3),сырые,bh_window,0.0,0.0,0.0,1.0,1.0,1.0,296.5,296.5
"abrupt, Δ=1, ρ=0.6, clustered",1044,abrupt,1.0,0.6,clustered,MeanShift(3),сырые,LORD++,0.0,0.0,0.0,0.9,0.9,0.9,456.5,456.5
"abrupt, Δ=1, ρ=0.6, clustered",1044,abrupt,1.0,0.6,clustered,MeanShift(3),остатки,bonferroni,0.0,0.0,0.0,1.0,1.0,1.0,256.5,256.5
"abrupt, Δ=1, ρ=0.6, clustered",1044,abrupt,1.0,0.6,clustered,MeanShift(3),остатки,bh_window,0.0,0.0,0.0,1.0,1.0,1.0,256.5,256.5
"abrupt, Δ=1, ρ=0.6, clustered",1044,abrupt,1.0,0.6,clustered,PH river по умолчанию,сырые,порог,0.9319148936170213,0.851063829787234,0.9776785714285714,0.022321428571428572,1.0,0.043668122270742356,106.5,106.5
"abrupt, Δ=1, ρ=0.6, clustered",1045,abrupt,1.0,0.6,clustered,PH,сырые,uncorrected,0.031914893617021274,0.10638297872340426,0.6,0.4,1.0,0.5714285714285715,160.5,160.5
"abrupt, Δ=1, ρ=0.6, clustered",1045,abrupt,1.0,0.6,clustered,PH,сырые,bonferroni,0.0,0.0,0.0,1.0,1.0,1.0,270.5,270.5
"abrupt, Δ=1, ρ=0.6, clustered",1045,abrupt,1.0,0.6,clustered,PH,сырые,bh_window,0.0,0.0,0.0,1.0,1.0,1.0,250.5,250.5
"abrupt, Δ=1, ρ=0.6, clustered",1045,abrupt,1.0,0.6,clustered,PH,сырые,LORD++,0.0,0.0,0.0,1.0,1.0,1.0,490.5,490.5
"abrupt, Δ=1, ρ=0.6, clustered",1045,abrupt,1.0,0.6,clustered,PH,остатки,bonferroni,0.0,0.0,0.0,1.0,1.0,1.0,180.5,180.5
"abrupt, Δ=1, ρ=0.6, clustered",1045,abrupt,1.0,0.6,clustered,PH,остатки,bh_window,0.002127659574468085,0.02127659574468085,0.09090909090909091,0.9090909090909091,1.0,0.9523809523809523,120.5,120.5
"abrupt, Δ=1, ρ=0.6, clustered",1045,abrupt,1.0,0.6,clustered,KS,сырые,uncorrected,0.06808510638297872,0.40425531914893614,0.7619047619047619,0.23809523809523808,1.0,0.3846153846153846,220.5,220.5
"abrupt, Δ=1, ρ=0.6, clustered",1045,abrupt,1.0,0.6,clustered,KS,сырые,bonferroni,0.0,0.0,0.0,1.0,1.0,1.0,380.5,380.5
"abrupt, Δ=1, ρ=0.6, clustered",1045,abrupt,1.0,0.6,clustered,KS,сырые,bh_window,0.0,0.0,0.0,1.0,1.0,1.0,370.5,370.5
"abrupt, Δ=1, ρ=0.6, clustered",1045,abrupt,1.0,0.6,clustered,KS,сырые,LORD++,0.0,0.0,0.0,1.0,1.0,1.0,560.5,560.5
"abrupt, Δ=1, ρ=0.6, clustered",1045,abrupt,1.0,0.6,clustered,KS,остатки,bonferroni,0.002127659574468085,0.02127659574468085,0.09090909090909091,0.9090909090909091,1.0,0.9523809523809523,270.5,270.5
"abrupt, Δ=1, ρ=0.6, clustered",1045,abrupt,1.0,0.6,clustered,KS,остатки,bh_window,0.00425531914893617,0.0425531914893617,0.16666666666666666,0.8333333333333334,1.0,0.9090909090909091,240.5,240.5
"abrupt, Δ=1, ρ=0.6, clustered",1045,abrupt,1.0,0.6,clustered,ADWIN,сырые,uncorrected,0.2531914893617021,0.5106382978723404,0.9224806201550387,0.07751937984496124,1.0,0.14388489208633096,130.5,130.5
"abrupt, Δ=1, ρ=0.6, clustered",1045,abrupt,1.0,0.6,clustered,ADWIN,сырые,bonferroni,0.00425531914893617,0.0425531914893617,0.16666666666666666,0.8333333333333334,1.0,0.9090909090909091,150.5,150.5
"abrupt, Δ=1, ρ=0.6, clustered",1045,abrupt,1.0,0.6,clustered,ADWIN,сырые,bh_window,0.014893617021276596,0.0425531914893617,0.4117647058823529,0.5882352941176471,1.0,0.7407407407407407,150.5,150.5
"abrupt, Δ=1, ρ=0.6, clustered",1045,abrupt,1.0,0.6,clustered,ADWIN,сырые,LORD++,0.0,0.0,0.0,1.0,1.0,1.0,180.5,180.5
"abrupt, Δ=1, ρ=0.6, clustered",1045,abrupt,1.0,0.6,clustered,ADWIN,остатки,bonferroni,0.00425531914893617,0.0425531914893617,0.16666666666666666,0.8333333333333334,1.0,0.9090909090909091,110.5,110.5
"abrupt, Δ=1, ρ=0.6, clustered",1045,abrupt,1.0,0.6,clustered,ADWIN,остатки,bh_window,0.00425531914893617,0.0425531914893617,0.16666666666666666,0.8333333333333334,1.0,0.9090909090909091,110.5,110.5
"abrupt, Δ=1, ρ=0.6, clustered",1045,abrupt,1.0,0.6,clustered,MeanShift(1),сырые,uncorrected,0.2,0.425531914893617,0.9038461538461539,0.09615384615384616,1.0,0.17543859649122806,160.5,160.5
"abrupt, Δ=1, ρ=0.6, clustered",1045,abrupt,1.0,0.6,clustered,MeanShift(1),сырые,bonferroni,0.002127659574468085,0.02127659574468085,0.09090909090909091,0.9090909090909091,1.0,0.9523809523809523,150.5,150.5
"abrupt, Δ=1, ρ=0.6, clustered",1045,abrupt,1.0,0.6,clustered,MeanShift(1),сырые,bh_window,0.002127659574468085,0.02127659574468085,0.09090909090909091,0.9090909090909091,1.0,0.9523809523809523,130.5,130.5
"abrupt, Δ=1, ρ=0.6, clustered",1045,abrupt,1.0,0.6,clustered,MeanShift(1),сырые,LORD++,0.0,0.0,0.0,0.0,0.0,0.0,1530.5,1530.5
"abrupt, Δ=1, ρ=0.6, clustered",1045,abrupt,1.0,0.6,clustered,MeanShift(1),остатки,bonferroni,0.00425531914893617,0.0425531914893617,0.16666666666666666,0.8333333333333334,1.0,0.9090909090909091,110.5,110.5
"abrupt, Δ=1, ρ=0.6, clustered",1045,abrupt,1.0,0.6,clustered,MeanShift(1),остатки,bh_window,0.006382978723404255,0.06382978723404255,0.23076923076923078,0.7692307692307693,1.0,0.8695652173913044,110.5,110.5
"abrupt, Δ=1, ρ=0.6, clustered",1045,abrupt,1.0,0.6,clustered,MeanShift(3),сырые,uncorrected,0.06382978723404255,0.23404255319148937,0.75,0.25,1.0,0.4,300.5,300.5
"abrupt, Δ=1, ρ=0.6, clustered",1045,abrupt,1.0,0.6,clustered,MeanShift(3),сырые,bonferroni,0.0,0.0,0.0,1.0,1.0,1.0,310.5,310.5
"abrupt, Δ=1, ρ=0.6, clustered",1045,abrupt,1.0,0.6,clustered,MeanShift(3),сырые,bh_window,0.0,0.0,0.0,1.0,1.0,1.0,310.5,310.5
"abrupt, Δ=1, ρ=0.6, clustered",1045,abrupt,1.0,0.6,clustered,MeanShift(3),сырые,LORD++,0.0,0.0,0.0,1.0,1.0,1.0,520.5,520.5
"abrupt, Δ=1, ρ=0.6, clustered",1045,abrupt,1.0,0.6,clustered,MeanShift(3),остатки,bonferroni,0.0,0.0,0.0,1.0,1.0,1.0,310.5,310.5
"abrupt, Δ=1, ρ=0.6, clustered",1045,abrupt,1.0,0.6,clustered,MeanShift(3),остатки,bh_window,0.0,0.0,0.0,1.0,1.0,1.0,310.5,310.5
"abrupt, Δ=1, ρ=0.6, clustered",1045,abrupt,1.0,0.6,clustered,PH river по умолчанию,сырые,порог,0.7723404255319148,0.7021276595744681,0.9731903485254692,0.02680965147453083,1.0,0.05221932114882506,110.5,110.5
"abrupt, Δ=1, ρ=0.6, clustered",1046,abrupt,1.0,0.6,clustered,PH,сырые,uncorrected,0.22340425531914893,0.3829787234042553,0.9130434782608695,0.08695652173913043,1.0,0.16,124.5,124.5
"abrupt, Δ=1, ρ=0.6, clustered",1046,abrupt,1.0,0.6,clustered,PH,сырые,bonferroni,0.014893617021276596,0.0425531914893617,0.4117647058823529,0.5882352941176471,1.0,0.7407407407407407,174.5,174.5
"abrupt, Δ=1, ρ=0.6, clustered",1046,abrupt,1.0,0.6,clustered,PH,сырые,bh_window,0.13617021276595745,0.0425531914893617,0.8648648648648649,0.13513513513513514,1.0,0.2380952380952381,154.5,154.5
"abrupt, Δ=1, ρ=0.6, clustered",1046,abrupt,1.0,0.6,clustered,PH,сырые,LORD++,0.0,0.0,0.0,1.0,1.0,1.0,214.5,214.5
"abrupt, Δ=1, ρ=0.6, clustered",1046,abrupt,1.0,0.6,clustered,PH,остатки,bonferroni,0.0,0.0,0.0,1.0,1.0,1.0,134.5,134.5
"abrupt, Δ=1, ρ=0.6, clustered",1046,abrupt,1.0,0.6,clustered,PH,остатки,bh_window,0.0,0.0,0.0,1.0,1.0,1.0,134.5,134.5
"abrupt, Δ=1, ρ=0.6, clustered",1046,abrupt,1.0,0.6,clustered,KS,сырые,uncorrected,0.13404255319148936,0.5531914893617021,0.863013698630137,0.136986301369863,1.0,0.24096385542168672,194.5,194.5
"abrupt, Δ=1, ρ=0.6, clustered",1046,abrupt,1.0,0.6,clustered,KS,сырые,bonferroni,0.0,0.0,0.0,1.0,1.0,1.0,254.5,254.5
"abrupt, Δ=1, ρ=0.6, clustered",1046,abrupt,1.0,0.6,clustered,KS,сырые,bh_window,0.0425531914893617,0.02127659574468085,0.6666666666666666,0.3333333333333333,1.0,0.5,234.5,234.5
"abrupt, Δ=1, ρ=0.6, clustered",1046,abrupt,1.0,0.6,clustered,KS,сырые,LORD++,0.0,0.0,0.0,1.0,1.0,1.0,314.5,314.5
"abrupt, Δ=1, ρ=0.6, clustered",1046,abrupt,1.0,0.6,clustered,KS,остатки,bonferroni,0.00851063829787234,0.0851063829787234,0.2857142857142857,0.7142857142857143,1.0,0.8333333333333333,214.5,214.5
"abrupt, Δ=1, ρ=0.6, clustered",1046,abrupt,1.0,0.6,clustered,KS,остатки,bh_window,0.010638297872340425,0.10638297872340426,0.3333333333333333,0.6666666666666666,1.0,0.8,214.5,214.5
"abrupt, Δ=1, ρ=0.6, clustered",1046,abrupt,1.0,0.6,clustered,ADWIN,сырые,uncorrected,0.37659574468085105,0.7446808510638298,0.946524064171123,0.053475935828877004,1.0,0.10152284263959391,94.5,94.5
"abrupt, Δ=1, ρ=0.6, clustered",1046,abrupt,1.0,0.6,clustered,ADWIN,сырые,bonferroni,0.031914893617021274,0.10638297872340426,0.6,0.4,1.0,0.5714285714285715,124.5,124.5
"abrupt, Δ=1, ρ=0.6, clustered",1046,abrupt,1.0,0.6,clustered,ADWIN,сырые,bh_window,0.10851063829787234,0.0851063829787234,0.8360655737704918,0.16393442622950818,1.0,0.28169014084507044,124.5,124.5
"abrupt, Δ=1, ρ=0.6, clustered",1046,abrupt,1.0,0.6,clustered,ADWIN,сырые,LORD++,0.01276595744680851,0.0425531914893617,0.375,0.625,1.0,0.7692307692307693,144.5,144.5
"abrupt, Δ=1, ρ=0.6, clustered",1046,abrupt,1.0,0.6,clustered,ADWIN,остатки,bonferroni,0.010638297872340425,0.0851063829787234,0.3333333333333333,0.6666666666666666,1.0,0.8,84.5,84.5
"abrupt, Δ=1, ρ=0.6, clustered",1046,abrupt,1.0,0.6,clustered,ADWIN,остатки,bh_window,0.014893617021276596,0.10638297872340426,0.4117647058823529,0.5882352941176471,1.0,0.7407407407407407,84.5,84.5
"abrupt, Δ=1, ρ=0.6, clustered",1046,abrupt,1.0,0.6,clustered,MeanShift(1),сырые,uncorrected,0.3276595744680851,0.40425531914893614,0.9390243902439024,0.06097560975609756,1.0,0.11494252873563218,84.5,84.5
"abrupt, Δ=1, ρ=0.6, clustered",1046,abrupt,1.0,0.6,clustered,MeanShift(1),сырые,bonferroni,0.01276595744680851,0.0425531914893617,0.375,0.625,1.0,0.7692307692307693,104.5,104.5
"abrupt, Δ=1, ρ=0.6, clustered",1046,abrupt,1.0,0.6,clustered,MeanShift(1),сырые,bh_window,0.15106382978723404,0.0425531914893617,0.8765432098765432,0.12345679012345678,1.0,0.21978021978021975,124.5,124.5
"abrupt, Δ=1, ρ=0.6, clustered",1046,abrupt,1.0,0.6,clustered,MeanShift(1),сырые,LORD++,0.0,0.0,0.0,1.0,1.0,1.0,134.5,134.5
"abrupt, Δ=1, ρ=0.6, clustered",1046,abrupt,1.0,0.6,clustered,MeanShift(1),остатки,bonferroni,0.00425531914893617,0.0425531914893617,0.16666666666666666,0.8333333333333334,1.0,0.9090909090909091,104.5,104.5
"abrupt, Δ=1, ρ=0.6, clustered",1046,abrupt,1.0,0.6,clustered,MeanShift(1),остатки,bh_window,0.00425531914893617,0.0425531914893617,0.16666666666666666,0.8333333333333334,1.0,0.9090909090909091,84.5,84.5
"abrupt, Δ=1, ρ=0.6, clustered",1046,abrupt,1.0,0.6,clustered,MeanShift(3),сырые,uncorrected,0.2170212765957447,0.2765957446808511,0.9107142857142857,0.08928571428571429,1.0,0.1639344262295082,204.5,204.5
"abrupt, Δ=1, ρ=0.6, clustered",1046,abrupt,1.0,0.6,clustered,MeanShift(3),сырые,bonferroni,0.00851063829787234,0.0425531914893617,0.2857142857142857,0.7142857142857143,1.0,0.8333333333333333,294.5,294.5
"abrupt, Δ=1, ρ=0.6, clustered",1046,abrupt,1.0,0.6,clustered,MeanShift(3),сырые,bh_window,0.14468085106382977,0.0425531914893617,0.8717948717948718,0.1282051282051282,1.0,0.22727272727272727,274.5,274.5
"abrupt, Δ=1, ρ=0.6, clustered",1046,abrupt,1.0,0.6,clustered,MeanShift(3),сырые,LORD++,0.0,0.0,0.0,1.0,1.0,1.0,294.5,294.5
"abrupt, Δ=1, ρ=0.6, clustered",1046,abrupt,1.0,0.6,clustered,MeanShift(3),остатки,bonferroni,0.0,0.0,0.0,1.0,1.0,1.0,274.5,274.5
"abrupt, Δ=1, ρ=0.6, clustered",1046,abrupt,1.0,0.6,clustered,MeanShift(3),остатки,bh_window,0.0,0.0,0.0,1.0,1.0,1.0,264.5,264.5
"abrupt, Δ=1, ρ=0.6, clustered",1046,abrupt,1.0,0.6,clustered,PH river по умолчанию,сырые,порог,0.6936170212765957,0.6808510638297872,0.9702380952380952,0.02976190476190476,1.0,0.05780346820809249,94.5,94.5
"abrupt, Δ=1, ρ=0.6, clustered",1047,abrupt,1.0,0.6,clustered,PH,сырые,uncorrected,0.15531914893617021,0.19148936170212766,0.8795180722891566,0.12048192771084337,1.0,0.21505376344086022,141.0,141.0
"abrupt, Δ=1, ρ=0.6, clustered",1047,abrupt,1.0,0.6,clustered,PH,сырые,bonferroni,0.002127659574468085,0.02127659574468085,0.09090909090909091,0.9090909090909091,1.0,0.9523809523809523,211.0,211.0
"abrupt, Δ=1, ρ=0.6, clustered",1047,abrupt,1.0,0.6,clustered,PH,сырые,bh_window,0.07446808510638298,0.02127659574468085,0.7777777777777778,0.2222222222222222,1.0,0.3636363636363636,211.0,211.0
"abrupt, Δ=1, ρ=0.6, clustered",1047,abrupt,1.0,0.6,clustered,PH,сырые,LORD++,0.0,0.0,0.0,1.0,1.0,1.0,291.0,291.0
"abrupt, Δ=1, ρ=0.6, clustered",1047,abrupt,1.0,0.6,clustered,PH,остатки,bonferroni,0.0,0.0,0.0,1.0,1.0,1.0,161.0,161.0
"abrupt, Δ=1, ρ=0.6, clustered",1047,abrupt,1.0,0.6,clustered,PH,остатки,bh_window,0.0,0.0,0.0,1.0,1.0,1.0,141.0,141.0
"abrupt, Δ=1, ρ=0.6, clustered",1047,abrupt,1.0,0.6,clustered,KS,сырые,uncorrected,0.1127659574468085,0.425531914893617,0.8412698412698413,0.15873015873015872,1.0,0.27397260273972607,201.0,201.0
"abrupt, Δ=1, ρ=0.6, clustered",1047,abrupt,1.0,0.6,clustered,KS,сырые,bonferroni,0.002127659574468085,0.02127659574468085,0.09090909090909091,0.9090909090909091,1.0,0.9523809523809523,361.0,361.0
"abrupt, Δ=1, ρ=0.6, clustered",1047,abrupt,1.0,0.6,clustered,KS,сырые,bh_window,0.006382978723404255,0.02127659574468085,0.23076923076923078,0.7692307692307693,1.0,0.8695652173913044,301.0,301.0
"abrupt, Δ=1, ρ=0.6, clustered",1047,abrupt,1.0,0.6,clustered,KS,сырые,LORD++,0.0,0.0,0.0,1.0,1.0,1.0,441.0,441.0
"abrupt, Δ=1, ρ=0.6, clustered",1047,abrupt,1.0,0.6,clustered,KS,остатки,bonferroni,0.00425531914893617,0.0425531914893617,0.16666666666666666,0.8333333333333334,1.0,0.9090909090909091,231.0,231.0
"abrupt, Δ=1, ρ=0.6, clustered",1047,abrupt,1.0,0.6,clustered,KS,остатки,bh_window,0.006382978723404255,0.06382978723404255,0.23076923076923078,0.7692307692307693,1.0,0.8695652173913044,221.0,221.0
"abrupt, Δ=1, ρ=0.6, clustered",1047,abrupt,1.0,0.6,clustered,ADWIN,сырые,uncorrected,0.20212765957446807,0.5531914893617021,0.9047619047619048,0.09523809523809523,1.0,0.17391304347826084,81.0,81.0
"abrupt, Δ=1, ρ=0.6, clustered",1047,abrupt,1.0,0.6,clustered,ADWIN,сырые,bonferroni,0.002127659574468085,0.02127659574468085,0.09090909090909091,0.9090909090909091,1.0,0.9523809523809523,141.0,141.0
"abrupt, Δ=1, ρ=0.6, clustered",1047,abrupt,1.0,0.6,clustered,ADWIN,сырые,bh_window,0.002127659574468085,0.02127659574468085,0.09090909090909091,0.9090909090909091,1.0,0.9523809523809523,131.0,131.0
"abrupt, Δ=1, ρ=0.6, clustered",1047,abrupt,1.0,0.6,clustered,ADWIN,сырые,LORD++,0.0,0.0,0.0,1.0,1.0,1.0,151.0,151.0
"abrupt, Δ=1, ρ=0.6, clustered",1047,abrupt,1.0,0.6,clustered,ADWIN,остатки,bonferroni,0.01702127659574468,0.14893617021276595,0.4444444444444444,0.5555555555555556,1.0,0.7142857142857143,81.0,81.0
"abrupt, Δ=1, ρ=0.6, clustered",1047,abrupt,1.0,0.6,clustered,ADWIN,остатки,bh_window,0.019148936170212766,0.14893617021276595,0.47368421052631576,0.5263157894736842,1.0,0.6896551724137931,61.0,61.0
"abrupt, Δ=1, ρ=0.6, clustered",1047,abrupt,1.0,0.6,clustered,MeanShift(1),сырые,uncorrected,0.20212765957446807,0.3191489361702128,0.9047619047619048,0.09523809523809523,1.0,0.17391304347826084,101.0,101.0
"abrupt, Δ=1, ρ=0.6, clustered",1047,abrupt,1.0,0.6,clustered,MeanShift(1),сырые,bonferroni,0.00425531914893617,0.02127659574468085,0.16666666666666666,0.8333333333333334,1.0,0.9090909090909091,161.0,161.0
"abrupt, Δ=1, ρ=0.6, clustered",1047,abrupt,1.0,0.6,clustered,MeanShift(1),сырые,bh_window,0.00425531914893617,0.02127659574468085,0.16666666666666666,0.8333333333333334,1.0,0.9090909090909091,141.0,141.0
"abrupt, Δ=1, ρ=0.6, clustered",1047,abrupt,1.0,0.6,clustered,MeanShift(1),сырые,LORD++,0.0,0.0,0.0,1.0,1.0,1.0,321.0,321.0
"abrupt, Δ=1, ρ=0.6, clustered",1047,abrupt,1.0,0.6,clustered,MeanShift(1),остатки,bonferroni,0.002127659574468085,0.02127659574468085,0.09090909090909091,0.9090909090909091,1.0,0.9523809523809523,121.0,121.0
"abrupt, Δ=1, ρ=0.6, clustered",1047,abrupt,1.0,0.6,clustered,MeanShift(1),остатки,bh_window,0.002127659574468085,0.02127659574468085,0.09090909090909091,0.9090909090909091,1.0,0.9523809523809523,81.0,81.0
"abrupt, Δ=1, ρ=0.6, clustered",1047,abrupt,1.0,0.6,clustered,MeanShift(3),сырые,uncorrected,0.18936170212765957,0.40425531914893614,0.898989898989899,0.10101010101010101,1.0,0.1834862385321101,231.0,231.0
"abrupt, Δ=1, ρ=0.6, clustered",1047,abrupt,1.0,0.6,clustered,MeanShift(3),сырые,bonferroni,0.0,0.0,0.0,1.0,1.0,1.0,311.0,311.0
"abrupt, Δ=1, ρ=0.6, clustered",1047,abrupt,1.0,0.6,clustered,MeanShift(3),сырые,bh_window,0.0,0.0,0.0,1.0,1.0,1.0,301.0,301.0
"abrupt, Δ=1, ρ=0.6, clustered",1047,abrupt,1.0,0.6,clustered,MeanShift(3),сырые,LORD++,0.0,0.0,0.0,1.0,1.0,1.0,341.0,341.0
"abrupt, Δ=1, ρ=0.6, clustered",1047,abrupt,1.0,0.6,clustered,MeanShift(3),остатки,bonferroni,0.002127659574468085,0.02127659574468085,0.09090909090909091,0.9090909090909091,1.0,0.9523809523809523,261.0,261.0
"abrupt, Δ=1, ρ=0.6, clustered",1047,abrupt,1.0,0.6,clustered,MeanShift(3),остатки,bh_window,0.002127659574468085,0.02127659574468085,0.09090909090909091,0.9090909090909091,1.0,0.9523809523809523,251.0,251.0
"abrupt, Δ=1, ρ=0.6, clustered",1047,abrupt,1.0,0.6,clustered,PH river по умолчанию,сырые,порог,0.5595744680851064,0.7021276595744681,0.9633699633699634,0.03663003663003663,1.0,0.0706713780918728,101.0,101.0
"gradual, Δ=0.5, ρ=0, scattered",1048,gradual,0.5,0.0,scattered,PH,сырые,uncorrected,0.12340425531914893,0.6382978723404256,0.8055555555555556,0.1388888888888889,1.0,0.24390243902439027,472.0,472.0
"gradual, Δ=0.5, ρ=0, scattered",1048,gradual,0.5,0.0,scattered,PH,сырые,bonferroni,0.0,0.0,0.0,0.3333333333333333,0.2,0.25,1124.1666666666667,1552.0
"gradual, Δ=0.5, ρ=0, scattered",1048,gradual,0.5,0.0,scattered,PH,сырые,bh_window,0.0,0.0,0.0,0.42857142857142855,0.3,0.3529411764705882,1032.4285714285713,1322.0
"gradual, Δ=0.5, ρ=0, scattered",1048,gradual,0.5,0.0,scattered,PH,сырые,LORD++,0.0,0.0,0.0,0.0,0.0,0.0,2358.0,2392.0
"gradual, Δ=0.5, ρ=0, scattered",1048,gradual,0.5,0.0,scattered,PH,остатки,bonferroni,0.0,0.0,0.0,0.2857142857142857,0.2,0.23529411764705882,1403.857142857143,1582.0
"gradual, Δ=0.5, ρ=0, scattered",1048,gradual,0.5,0.0,scattered,PH,остатки,bh_window,0.0,0.0,0.0,0.2857142857142857,0.2,0.23529411764705882,1403.857142857143,1582.0
"gradual, Δ=0.5, ρ=0, scattered",1048,gradual,0.5,0.0,scattered,KS,сырые,uncorrected,0.13191489361702127,0.6808510638297872,0.8378378378378378,0.13513513513513514,1.0,0.2380952380952381,552.0,552.0
"gradual, Δ=0.5, ρ=0, scattered",1048,gradual,0.5,0.0,scattered,KS,сырые,bonferroni,0.0,0.0,0.0,0.42857142857142855,0.3,0.3529411764705882,1003.0,1452.0
"gradual, Δ=0.5, ρ=0, scattered",1048,gradual,0.5,0.0,scattered,KS,сырые,bh_window,0.0,0.0,0.0,0.42857142857142855,0.3,0.3529411764705882,874.4285714285714,1362.0
"gradual, Δ=0.5, ρ=0, scattered",1048,gradual,0.5,0.0,scattered,KS,сырые,LORD++,0.0,0.0,0.0,0.0,0.0,0.0,2458.0,2402.0
"gradual, Δ=0.5, ρ=0, scattered",1048,gradual,0.5,0.0,scattered,KS,остатки,bonferroni,0.002127659574468085,0.02127659574468085,0.14285714285714285,0.5714285714285714,0.4,0.47058823529411764,807.5,1362.0
"gradual, Δ=0.5, ρ=0, scattered",1048,gradual,0.5,0.0,scattered,KS,остатки,bh_window,0.002127659574468085,0.02127659574468085,0.14285714285714285,0.5714285714285714,0.4,0.47058823529411764,807.5,1362.0
"gradual, Δ=0.5, ρ=0, scattered",1048,gradual,0.5,0.0,scattered,ADWIN,сырые,uncorrected,0.2553191489361702,0.9574468085106383,0.9022556390977443,0.07518796992481203,1.0,0.13986013986013984,442.0,442.0
"gradual, Δ=0.5, ρ=0, scattered",1048,gradual,0.5,0.0,scattered,ADWIN,сырые,bonferroni,0.00851063829787234,0.0851063829787234,0.3333333333333333,0.3333333333333333,0.4,0.3636363636363636,900.375,1192.0
"gradual, Δ=0.5, ρ=0, scattered",1048,gradual,0.5,0.0,scattered,ADWIN,сырые,bh_window,0.00851063829787234,0.0851063829787234,0.3333333333333333,0.3333333333333333,0.4,0.3636363636363636,900.375,1192.0
"gradual, Δ=0.5, ρ=0, scattered",1048,gradual,0.5,0.0,scattered,ADWIN,сырые,LORD++,0.0,0.0,0.0,1.0,0.2,0.33333333333333337,685.5,1952.0
"gradual, Δ=0.5, ρ=0, scattered",1048,gradual,0.5,0.0,scattered,ADWIN,остатки,bonferroni,0.010638297872340425,0.10638297872340426,0.4166666666666667,0.4166666666666667,0.5,0.45454545454545453,703.0,1242.0
"gradual, Δ=0.5, ρ=0, scattered",1048,gradual,0.5,0.0,scattered,ADWIN,остатки,bh_window,0.01276595744680851,0.10638297872340426,0.46153846153846156,0.38461538461538464,0.5,0.4347826086956522,703.0,1242.0
"gradual, Δ=0.5, ρ=0, scattered",1048,gradual,0.5,0.0,scattered,MeanShift(1),сырые,uncorrected,0.26382978723404255,0.851063829787234,0.8857142857142857,0.07142857142857142,1.0,0.13333333333333333,482.0,482.0
"gradual, Δ=0.5, ρ=0, scattered",1048,gradual,0.5,0.0,scattered,MeanShift(1),сырые,bonferroni,0.002127659574468085,0.02127659574468085,0.14285714285714285,0.42857142857142855,0.3,0.3529411764705882,974.1666666666666,1462.0
"gradual, Δ=0.5, ρ=0, scattered",1048,gradual,0.5,0.0,scattered,MeanShift(1),сырые,bh_window,0.002127659574468085,0.02127659574468085,0.1111111111111111,0.4444444444444444,0.4,0.4210526315789474,1187.875,1422.0
"gradual, Δ=0.5, ρ=0, scattered",1048,gradual,0.5,0.0,scattered,MeanShift(1),сырые,LORD++,0.0,0.0,0.0,,0.0,0.0,,2482.0
"gradual, Δ=0.5, ρ=0, scattered",1048,gradual,0.5,0.0,scattered,MeanShift(1),остатки,bonferroni,0.0,0.0,0.0,0.5,0.3,0.37499999999999994,974.1666666666666,1462.0
"gradual, Δ=0.5, ρ=0, scattered",1048,gradual,0.5,0.0,scattered,MeanShift(1),остатки,bh_window,0.0,0.0,0.0,0.6666666666666666,0.4,0.5,940.8333333333334,1442.0
"gradual, Δ=0.5, ρ=0, scattered",1048,gradual,0.5,0.0,scattered,MeanShift(3),сырые,uncorrected,0.13829787234042554,0.7446808510638298,0.8227848101265823,0.12658227848101267,1.0,0.22471910112359553,452.0,452.0
"gradual, Δ=0.5, ρ=0, scattered",1048,gradual,0.5,0.0,scattered,MeanShift(3),сырые,bonferroni,0.002127659574468085,0.02127659574468085,0.125,0.375,0.3,0.33333333333333326,960.1428571428571,1422.0
"gradual, Δ=0.5, ρ=0, scattered",1048,gradual,0.5,0.0,scattered,MeanShift(3),сырые,bh_window,0.002127659574468085,0.02127659574468085,0.125,0.375,0.3,0.33333333333333326,960.1428571428571,1422.0
"gradual, Δ=0.5, ρ=0, scattered",1048,gradual,0.5,0.0,scattered,MeanShift(3),сырые,LORD++,0.0,0.0,0.0,,0.0,0.0,,2482.0
"gradual, Δ=0.5, ρ=0, scattered",1048,gradual,0.5,0.0,scattered,MeanShift(3),остатки,bonferroni,0.0,0.0,0.0,0.5,0.3,0.37499999999999994,974.1666666666666,1462.0
"gradual, Δ=0.5, ρ=0, scattered",1048,gradual,0.5,0.0,scattered,MeanShift(3),остатки,bh_window,0.0,0.0,0.0,0.42857142857142855,0.3,0.3529411764705882,988.7142857142857,1442.0
"gradual, Δ=0.5, ρ=0, scattered",1048,gradual,0.5,0.0,scattered,PH river по умолчанию,сырые,порог,0.7276595744680852,1.0,0.9447513812154696,0.027624309392265192,1.0,0.05376344086021505,322.0,322.0
"gradual, Δ=0.5, ρ=0, scattered",1049,gradual,0.5,0.0,scattered,PH,сырые,uncorrected,0.10212765957446808,0.574468085106383,0.8135593220338984,0.13559322033898305,0.8,0.23188405797101452,586.0,718.6
"gradual, Δ=0.5, ρ=0, scattered",1049,gradual,0.5,0.0,scattered,PH,сырые,bonferroni,0.0,0.0,0.0,0.6666666666666666,0.4,0.5,1081.0,1418.6
"gradual, Δ=0.5, ρ=0, scattered",1049,gradual,0.5,0.0,scattered,PH,сырые,bh_window,0.0,0.0,0.0,0.8333333333333334,0.5,0.625,947.6666666666666,1338.6
"gradual, Δ=0.5, ρ=0, scattered",1049,gradual,0.5,0.0,scattered,PH,сырые,LORD++,0.0,0.0,0.0,,0.0,0.0,,2328.6
"gradual, Δ=0.5, ρ=0, scattered",1049,gradual,0.5,0.0,scattered,PH,остатки,bonferroni,0.0,0.0,0.0,0.8,0.4,0.5333333333333333,1024.6,1558.6
"gradual, Δ=0.5, ρ=0, scattered",1049,gradual,0.5,0.0,scattered,PH,остатки,bh_window,0.0,0.0,0.0,0.8,0.4,0.5333333333333333,984.6,1538.6
"gradual, Δ=0.5, ρ=0, scattered",1049,gradual,0.5,0.0,scattered,KS,сырые,uncorrected,0.1148936170212766,0.6808510638297872,0.8307692307692308,0.13846153846153847,0.9,0.24,578.6,578.6
"gradual, Δ=0.5, ρ=0, scattered",1049,gradual,0.5,0.0,scattered,KS,сырые,bonferroni,0.002127659574468085,0.02127659574468085,0.14285714285714285,0.42857142857142855,0.3,0.3529411764705882,924.0,1388.6
"gradual, Δ=0.5, ρ=0, scattered",1049,gradual,0.5,0.0,scattered,KS,сырые,bh_window,0.00425531914893617,0.02127659574468085,0.2222222222222222,0.5555555555555556,0.5,0.5263157894736842,875.0,1178.6
"gradual, Δ=0.5, ρ=0, scattered",1049,gradual,0.5,0.0,scattered,KS,сырые,LORD++,0.0,0.0,0.0,0.0,0.0,0.0,1377.0,2198.6
"gradual, Δ=0.5, ρ=0, scattered",1049,gradual,0.5,0.0,scattered,KS,остатки,bonferroni,0.00425531914893617,0.0425531914893617,0.2857142857142857,0.42857142857142855,0.3,0.3529411764705882,861.0,1468.6
"gradual, Δ=0.5, ρ=0, scattered",1049,gradual,0.5,0.0,scattered,KS,остатки,bh_window,0.00425531914893617,0.02127659574468085,0.2857142857142857,0.42857142857142855,0.3,0.3529411764705882,861.0,1468.6
"gradual, Δ=0.5, ρ=0, scattered",1049,gradual,0.5,0.0,scattered,ADWIN,сырые,uncorrected,0.25957446808510637,0.9361702127659575,0.9384615384615385,0.046153846153846156,0.6,0.08571428571428573,505.0,1108.6
"gradual, Δ=0.5, ρ=0, scattered",1049,gradual,0.5,0.0,scattered,ADWIN,сырые,bonferroni,0.01276595744680851,0.1276595744680851,0.5,0.4166666666666667,0.5,0.45454545454545453,827.0,1338.6
"gradual, Δ=0.5, ρ=0, scattered",1049,gradual,0.5,0.0,scattered,ADWIN,сырые,bh_window,0.01276595744680851,0.1276595744680851,0.5,0.4166666666666667,0.5,0.45454545454545453,827.0,1338.6
"gradual, Δ=0.5, ρ=0, scattered",1049,gradual,0.5,0.0,scattered,ADWIN,сырые,LORD++,0.002127659574468085,0.02127659574468085,0.25,0.0,0.0,0.0,2063.6666666666665,2068.6
"gradual, Δ=0.5, ρ=0, scattered",1049,gradual,0.5,0.0,scattered,ADWIN,остатки,bonferroni,0.014893617021276596,0.14893617021276595,0.5833333333333334,0.4166666666666667,0.5,0.45454545454545453,784.6,1438.6
"gradual, Δ=0.5, ρ=0, scattered",1049,gradual,0.5,0.0,scattered,ADWIN,остатки,bh_window,0.02127659574468085,0.1702127659574468,0.6666666666666666,0.3333333333333333,0.5,0.4,784.6,1438.6
"gradual, Δ=0.5, ρ=0, scattered",1049,gradual,0.5,0.0,scattered,MeanShift(1),сырые,uncorrected,0.2574468085106383,0.9574468085106383,0.8962962962962963,0.07407407407407407,1.0,0.13793103448275862,428.6,428.6
"gradual, Δ=0.5, ρ=0, scattered",1049,gradual,0.5,0.0,scattered,MeanShift(1),сырые,bonferroni,0.010638297872340425,0.10638297872340426,0.45454545454545453,0.5454545454545454,0.6,0.5714285714285713,759.3333333333334,1128.6
"gradual, Δ=0.5, ρ=0, scattered",1049,gradual,0.5,0.0,scattered,MeanShift(1),сырые,bh_window,0.01702127659574468,0.10638297872340426,0.5714285714285714,0.42857142857142855,0.6,0.5,759.3333333333334,1128.6
"gradual, Δ=0.5, ρ=0, scattered",1049,gradual,0.5,0.0,scattered,MeanShift(1),сырые,LORD++,0.0,0.0,0.0,,0.0,0.0,,2328.6
"gradual, Δ=0.5, ρ=0, scattered",1049,gradual,0.5,0.0,scattered,MeanShift(1),остатки,bonferroni,0.006382978723404255,0.06382978723404255,0.3333333333333333,0.6666666666666666,0.6,0.631578947368421,759.3333333333334,1128.6
"gradual, Δ=0.5, ρ=0, scattered",1049,gradual,0.5,0.0,scattered,MeanShift(1),остатки,bh_window,0.01276595744680851,0.06382978723404255,0.5,0.5,0.6,0.5454545454545454,759.3333333333334,1128.6
"gradual, Δ=0.5, ρ=0, scattered",1049,gradual,0.5,0.0,scattered,MeanShift(3),сырые,uncorrected,0.1148936170212766,0.723404255319149,0.8307692307692308,0.13846153846153847,0.9,0.24,598.6,598.6
"gradual, Δ=0.5, ρ=0, scattered",1049,gradual,0.5,0.0,scattered,MeanShift(3),сырые,bonferroni,0.00425531914893617,0.0425531914893617,0.25,0.375,0.3,0.33333333333333326,990.6666666666666,1428.6
"gradual, Δ=0.5, ρ=0, scattered",1049,gradual,0.5,0.0,scattered,MeanShift(3),сырые,bh_window,0.00425531914893617,0.0425531914893617,0.25,0.5,0.4,0.4444444444444445,890.6666666666666,1368.6
"gradual, Δ=0.5, ρ=0, scattered",1049,gradual,0.5,0.0,scattered,MeanShift(3),сырые,LORD++,0.0,0.0,0.0,,0.0,0.0,,2328.6
"gradual, Δ=0.5, ρ=0, scattered",1049,gradual,0.5,0.0,scattered,MeanShift(3),остатки,bonferroni,0.002127659574468085,0.02127659574468085,0.16666666666666666,0.5,0.3,0.37499999999999994,1141.0,1608.6
"gradual, Δ=0.5, ρ=0, scattered",1049,gradual,0.5,0.0,scattered,MeanShift(3),остатки,bh_window,0.002127659574468085,0.02127659574468085,0.16666666666666666,0.5,0.3,0.37499999999999994,1141.0,1608.6
"gradual, Δ=0.5, ρ=0, scattered",1049,gradual,0.5,0.0,scattered,PH river по умолчанию,сырые,порог,0.7170212765957447,1.0,0.9439775910364145,0.028011204481792718,1.0,0.054495912806539516,318.6,318.6
"gradual, Δ=0.5, ρ=0, scattered",1050,gradual,0.5,0.0,scattered,PH,сырые,uncorrected,0.11914893617021277,0.6382978723404256,0.8115942028985508,0.13043478260869565,0.9,0.22784810126582278,429.6666666666667,527.7
"gradual, Δ=0.5, ρ=0, scattered",1050,gradual,0.5,0.0,scattered,PH,сырые,bonferroni,0.0,0.0,0.0,0.5,0.4,0.4444444444444445,1105.375,1447.7
"gradual, Δ=0.5, ρ=0, scattered",1050,gradual,0.5,0.0,scattered,PH,сырые,bh_window,0.0,0.0,0.0,0.625,0.5,0.5555555555555556,1042.875,1397.7
"gradual, Δ=0.5, ρ=0, scattered",1050,gradual,0.5,0.0,scattered,PH,сырые,LORD++,0.0,0.0,0.0,,0.0,0.0,,2507.7
"gradual, Δ=0.5, ρ=0, scattered",1050,gradual,0.5,0.0,scattered,PH,остатки,bonferroni,0.002127659574468085,0.02127659574468085,0.16666666666666666,0.5,0.3,0.37499999999999994,1248.8,1697.7
"gradual, Δ=0.5, ρ=0, scattered",1050,gradual,0.5,0.0,scattered,PH,остатки,bh_window,0.002127659574468085,0.02127659574468085,0.1111111111111111,0.5555555555555556,0.5,0.5263157894736842,1048.5,1307.7
"gradual, Δ=0.5, ρ=0, scattered",1050,gradual,0.5,0.0,scattered,KS,сырые,uncorrected,0.11702127659574468,0.6382978723404256,0.8461538461538461,0.15384615384615385,1.0,0.2666666666666667,557.7,557.7
"gradual, Δ=0.5, ρ=0, scattered",1050,gradual,0.5,0.0,scattered,KS,сырые,bonferroni,0.002127659574468085,0.02127659574468085,0.1111111111111111,0.5555555555555556,0.5,0.5263157894736842,943.0,1397.7
"gradual, Δ=0.5, ρ=0, scattered",1050,gradual,0.5,0.0,scattered,KS,сырые,bh_window,0.002127659574468085,0.02127659574468085,0.09090909090909091,0.5454545454545454,0.6,0.5714285714285713,1117.7,1117.7
"gradual, Δ=0.5, ρ=0, scattered",1050,gradual,0.5,0.0,scattered,KS,сырые,LORD++,0.0,0.0,0.0,,0.0,0.0,,2507.7
"gradual, Δ=0.5, ρ=0, scattered",1050,gradual,0.5,0.0,scattered,KS,остатки,bonferroni,0.002127659574468085,0.02127659574468085,0.14285714285714285,0.7142857142857143,0.5,0.588235294117647,867.5,1477.7
"gradual, Δ=0.5, ρ=0, scattered",1050,gradual,0.5,0.0,scattered,KS,остатки,bh_window,0.00425531914893617,0.0425531914893617,0.2222222222222222,0.5555555555555556,0.5,0.5263157894736842,1054.0,1347.7
"gradual, Δ=0.5, ρ=0, scattered",1050,gradual,0.5,0.0,scattered,ADWIN,сырые,uncorrected,0.3148936170212766,0.9361702127659575,0.9308176100628931,0.06289308176100629,1.0,0.1183431952662722,447.7,447.7
"gradual, Δ=0.5, ρ=0, scattered",1050,gradual,0.5,0.0,scattered,ADWIN,сырые,bonferroni,0.01702127659574468,0.14893617021276595,0.5,0.125,0.2,0.15384615384615385,1078.75,1477.7
"gradual, Δ=0.5, ρ=0, scattered",1050,gradual,0.5,0.0,scattered,ADWIN,сырые,bh_window,0.029787234042553193,0.14893617021276595,0.5833333333333334,0.16666666666666666,0.4,0.23529411764705882,1077.7,1077.7
"gradual, Δ=0.5, ρ=0, scattered",1050,gradual,0.5,0.0,scattered,ADWIN,сырые,LORD++,0.0,0.0,0.0,,0.0,0.0,,2507.7
"gradual, Δ=0.5, ρ=0, scattered",1050,gradual,0.5,0.0,scattered,ADWIN,остатки,bonferroni,0.010638297872340425,0.10638297872340426,0.45454545454545453,0.18181818181818182,0.2,0.1904761904761905,1131.8333333333333,1607.7
"gradual, Δ=0.5, ρ=0, scattered",1050,gradual,0.5,0.0,scattered,ADWIN,остатки,bh_window,0.027659574468085105,0.1702127659574468,0.6190476190476191,0.2857142857142857,0.6,0.3870967741935483,1117.25,1207.7
"gradual, Δ=0.5, ρ=0, scattered",1050,gradual,0.5,0.0,scattered,MeanShift(1),сырые,uncorrected,0.24680851063829787,0.9361702127659575,0.8854961832061069,0.07633587786259542,1.0,0.14184397163120568,397.7,397.7
"gradual, Δ=0.5, ρ=0, scattered",1050,gradual,0.5,0.0,scattered,MeanShift(1),сырые,bonferroni,0.0,0.0,0.0,0.6666666666666666,0.2,0.30769230769230765,939.6666666666666,2027.7
"gradual, Δ=0.5, ρ=0, scattered",1050,gradual,0.5,0.0,scattered,MeanShift(1),сырые,bh_window,0.0,0.0,0.0,0.5,0.2,0.28571428571428575,1032.5,1817.7
"gradual, Δ=0.5, ρ=0, scattered",1050,gradual,0.5,0.0,scattered,MeanShift(1),сырые,LORD++,0.0,0.0,0.0,,0.0,0.0,,2507.7
"gradual, Δ=0.5, ρ=0, scattered",1050,gradual,0.5,0.0,scattered,MeanShift(1),остатки,bonferroni,0.0,0.0,0.0,0.5,0.1,0.16666666666666669,979.5,2137.7
"gradual, Δ=0.5, ρ=0, scattered",1050,gradual,0.5,0.0,scattered,MeanShift(1),остатки,bh_window,0.0,0.0,0.0,0.5,0.1,0.16666666666666669,979.5,2137.7
"gradual, Δ=0.5, ρ=0, scattered",1050,gradual,0.5,0.0,scattered,MeanShift(3),сырые,uncorrected,0.13617021276595745,0.723404255319149,0.8311688311688312,0.12987012987012986,1.0,0.22988505747126434,457.7,457.7
"gradual, Δ=0.5, ρ=0, scattered",1050,gradual,0.5,0.0,scattered,MeanShift(3),сырые,bonferroni,0.002127659574468085,0.02127659574468085,0.1111111111111111,0.3333333333333333,0.3,0.3157894736842105,1267.25,1327.7
"gradual, Δ=0.5, ρ=0, scattered",1050,gradual,0.5,0.0,scattered,MeanShift(3),сырые,bh_window,0.002127659574468085,0.02127659574468085,0.1111111111111111,0.4444444444444444,0.4,0.4210526315789474,1242.25,1307.7
"gradual, Δ=0.5, ρ=0, scattered",1050,gradual,0.5,0.0,scattered,MeanShift(3),сырые,LORD++,0.0,0.0,0.0,,0.0,0.0,,2507.7
"gradual, Δ=0.5, ρ=0, scattered",1050,gradual,0.5,0.0,scattered,MeanShift(3),остатки,bonferroni,0.002127659574468085,0.02127659574468085,0.1111111111111111,0.3333333333333333,0.3,0.3157894736842105,1417.25,1447.7
"gradual, Δ=0.5, ρ=0, scattered",1050,gradual,0.5,0.0,scattered,MeanShift(3),остатки,bh_window,0.00425531914893617,0.02127659574468085,0.2,0.5,0.5,0.5,1154.75,1237.7
"gradual, Δ=0.5, ρ=0, scattered",1050,gradual,0.5,0.0,scattered,PH river по умолчанию,сырые,порог,0.6893617021276596,1.0,0.9446064139941691,0.029154518950437316,1.0,0.05665722379603399,307.7,307.7
"gradual, Δ=0.5, ρ=0, scattered",1051,gradual,0.5,0.0,scattered,PH,сырые,uncorrected,0.1276595744680851,0.6170212765957447,0.8108108108108109,0.13513513513513514,1.0,0.2380952380952381,427.0,427.0
"gradual, Δ=0.5, ρ=0, scattered",1051,gradual,0.5,0.0,scattered,PH,сырые,bonferroni,0.00851063829787234,0.0851063829787234,0.3333333333333333,0.5833333333333334,0.7,0.6363636363636365,766.25,1127.0
"gradual, Δ=0.5, ρ=0, scattered",1051,gradual,0.5,0.0,scattered,PH,сырые,bh_window,0.01276595744680851,0.10638297872340426,0.375,0.4375,0.7,0.5384615384615384,1027.0,1027.0
"gradual, Δ=0.5, ρ=0, scattered",1051,gradual,0.5,0.0,scattered,PH,сырые,LORD++,0.0,0.0,0.0,0.75,0.3,0.4285714285714285,1165.0,2077.0
"gradual, Δ=0.5, ρ=0, scattered",1051,gradual,0.5,0.0,scattered,PH,остатки,bonferroni,0.002127659574468085,0.02127659574468085,0.125,0.875,0.7,0.7777777777777777,668.8571428571429,1197.0
"gradual, Δ=0.5, ρ=0, scattered",1051,gradual,0.5,0.0,scattered,PH,остатки,bh_window,0.002127659574468085,0.02127659574468085,0.1111111111111111,0.7777777777777778,0.7,0.7368421052631577,733.25,1107.0
"gradual, Δ=0.5, ρ=0, scattered",1051,gradual,0.5,0.0,scattered,KS,сырые,uncorrected,0.1425531914893617,0.7659574468085106,0.8271604938271605,0.12345679012345678,1.0,0.21978021978021975,517.0,517.0
"gradual, Δ=0.5, ρ=0, scattered",1051,gradual,0.5,0.0,scattered,KS,сырые,bonferroni,0.00425531914893617,0.0425531914893617,0.2,0.6,0.6,0.6,820.25,1227.0
"gradual, Δ=0.5, ρ=0, scattered",1051,gradual,0.5,0.0,scattered,KS,сырые,bh_window,0.00425531914893617,0.0425531914893617,0.18181818181818182,0.5454545454545454,0.6,0.5714285714285713,878.6666666666666,1037.0
"gradual, Δ=0.5, ρ=0, scattered",1051,gradual,0.5,0.0,scattered,KS,сырые,LORD++,0.002127659574468085,0.02127659574468085,0.14285714285714285,0.14285714285714285,0.1,0.11764705882352941,1489.3333333333333,1947.0
"gradual, Δ=0.5, ρ=0, scattered",1051,gradual,0.5,0.0,scattered,KS,остатки,bonferroni,0.00425531914893617,0.0425531914893617,0.25,0.625,0.5,0.5555555555555556,789.3333333333334,1527.0
"gradual, Δ=0.5, ρ=0, scattered",1051,gradual,0.5,0.0,scattered,KS,остатки,bh_window,0.00425531914893617,0.0425531914893617,0.2222222222222222,0.5555555555555556,0.5,0.5263157894736842,882.5714285714286,1397.0
"gradual, Δ=0.5, ρ=0, scattered",1051,gradual,0.5,0.0,scattered,ADWIN,сырые,uncorrected,0.27872340425531916,0.9574468085106383,0.8972602739726028,0.06164383561643835,0.9,0.11538461538461538,507.0,507.0
"gradual, Δ=0.5, ρ=0, scattered",1051,gradual,0.5,0.0,scattered,ADWIN,сырые,bonferroni,0.01702127659574468,0.1702127659574468,0.5,0.375,0.6,0.4615384615384615,797.75,1237.0
"gradual, Δ=0.5, ρ=0, scattered",1051,gradual,0.5,0.0,scattered,ADWIN,сырые,bh_window,0.027659574468085105,0.2127659574468085,0.5909090909090909,0.3181818181818182,0.7,0.4375,847.1111111111111,1087.0
"gradual, Δ=0.5, ρ=0, scattered",1051,gradual,0.5,0.0,scattered,ADWIN,сырые,LORD++,0.002127659574468085,0.02127659574468085,0.14285714285714285,0.5714285714285714,0.4,0.47058823529411764,922.6666666666666,1607.0
"gradual, Δ=0.5, ρ=0, scattered",1051,gradual,0.5,0.0,scattered,ADWIN,остатки,bonferroni,0.014893617021276596,0.1276595744680851,0.5,0.42857142857142855,0.6,0.5,828.2857142857143,1387.0
"gradual, Δ=0.5, ρ=0, scattered",1051,gradual,0.5,0.0,scattered,ADWIN,остатки,bh_window,0.019148936170212766,0.14893617021276595,0.5625,0.375,0.6,0.4615384615384615,814.0,1377.0
"gradual, Δ=0.5, ρ=0, scattered",1051,gradual,0.5,0.0,scattered,MeanShift(1),сырые,uncorrected,0.28936170212765955,0.9361702127659575,0.9006622516556292,0.06622516556291391,1.0,0.12422360248447208,417.0,417.0
"gradual, Δ=0.5, ρ=0, scattered",1051,gradual,0.5,0.0,scattered,MeanShift(1),сырые,bonferroni,0.00425531914893617,0.0425531914893617,0.18181818181818182,0.5454545454545454,0.6,0.5714285714285713,967.5,1307.0
"gradual, Δ=0.5, ρ=0, scattered",1051,gradual,0.5,0.0,scattered,MeanShift(1),сырые,bh_window,0.00425531914893617,0.0425531914893617,0.18181818181818182,0.5454545454545454,0.6,0.5714285714285713,905.0,1257.0
"gradual, Δ=0.5, ρ=0, scattered",1051,gradual,0.5,0.0,scattered,MeanShift(1),сырые,LORD++,0.0,0.0,0.0,,0.0,0.0,,2407.0
"gradual, Δ=0.5, ρ=0, scattered",1051,gradual,0.5,0.0,scattered,MeanShift(1),остатки,bonferroni,0.00425531914893617,0.0425531914893617,0.2222222222222222,0.4444444444444444,0.4,0.4210526315789474,789.3333333333334,1527.0
"gradual, Δ=0.5, ρ=0, scattered",1051,gradual,0.5,0.0,scattered,MeanShift(1),остатки,bh_window,0.00425531914893617,0.0425531914893617,0.2,0.5,0.5,0.5,796.8571428571429,1337.0
"gradual, Δ=0.5, ρ=0, scattered",1051,gradual,0.5,0.0,scattered,MeanShift(3),сырые,uncorrected,0.15106382978723404,0.7659574468085106,0.8352941176470589,0.11764705882352941,1.0,0.21052631578947367,497.0,497.0
"gradual, Δ=0.5, ρ=0, scattered",1051,gradual,0.5,0.0,scattered,MeanShift(3),сырые,bonferroni,0.002127659574468085,0.02127659574468085,0.1111111111111111,0.7777777777777778,0.7,0.7368421052631577,868.0,1177.0
"gradual, Δ=0.5, ρ=0, scattered",1051,gradual,0.5,0.0,scattered,MeanShift(3),сырые,bh_window,0.002127659574468085,0.02127659574468085,0.1,0.7,0.7,0.7,820.6666666666666,947.0
"gradual, Δ=0.5, ρ=0, scattered",1051,gradual,0.5,0.0,scattered,MeanShift(3),сырые,LORD++,0.0,0.0,0.0,0.25,0.1,0.14285714285714288,1721.0,2257.0
"gradual, Δ=0.5, ρ=0, scattered",1051,gradual,0.5,0.0,scattered,MeanShift(3),остатки,bonferroni,0.002127659574468085,0.02127659574468085,0.1111111111111111,0.6666666666666666,0.6,0.631578947368421,993.0,1277.0
"gradual, Δ=0.5, ρ=0, scattered",1051,gradual,0.5,0.0,scattered,MeanShift(3),остатки,bh_window,0.002127659574468085,0.02127659574468085,0.1111111111111111,0.7777777777777778,0.7,0.7368421052631577,868.0,1177.0
"gradual, Δ=0.5, ρ=0, scattered",1051,gradual,0.5,0.0,scattered,PH river по умолчанию,сырые,порог,0.7085106382978723,1.0,0.9460227272727273,0.028409090909090908,1.0,0.05524861878453039,297.0,297.0
"gradual, Δ=0.5, ρ=0, clustered",1052,gradual,0.5,0.0,clustered,PH,сырые,uncorrected,0.1,0.5957446808510638,0.7966101694915254,0.1694915254237288,1.0,0.2898550724637681,517.5,517.5
"gradual, Δ=0.5, ρ=0, clustered",1052,gradual,0.5,0.0,clustered,PH,сырые,bonferroni,0.0,0.0,0.0,0.5714285714285714,0.4,0.47058823529411764,921.4285714285714,1187.5
"gradual, Δ=0.5, ρ=0, clustered",1052,gradual,0.5,0.0,clustered,PH,сырые,bh_window,0.0,0.0,0.0,0.5714285714285714,0.4,0.47058823529411764,821.4285714285714,1117.5
"gradual, Δ=0.5, ρ=0, clustered",1052,gradual,0.5,0.0,clustered,PH,сырые,LORD++,0.0,0.0,0.0,0.0,0.0,0.0,1185.0,1907.5
"gradual, Δ=0.5, ρ=0, clustered",1052,gradual,0.5,0.0,clustered,PH,остатки,bonferroni,0.0,0.0,0.0,0.5,0.3,0.37499999999999994,996.6666666666666,1267.5
"gradual, Δ=0.5, ρ=0, clustered",1052,gradual,0.5,0.0,clustered,PH,остатки,bh_window,0.0,0.0,0.0,0.6666666666666666,0.4,0.5,863.3333333333334,1187.5
"gradual, Δ=0.5, ρ=0, clustered",1052,gradual,0.5,0.0,clustered,KS,сырые,uncorrected,0.11702127659574468,0.6808510638297872,0.8333333333333334,0.15151515151515152,1.0,0.2631578947368421,547.5,547.5
"gradual, Δ=0.5, ρ=0, clustered",1052,gradual,0.5,0.0,clustered,KS,сырые,bonferroni,0.0,0.0,0.0,0.8333333333333334,0.5,0.625,777.5,1297.5
"gradual, Δ=0.5, ρ=0, clustered",1052,gradual,0.5,0.0,clustered,KS,сырые,bh_window,0.002127659574468085,0.02127659574468085,0.09090909090909091,0.7272727272727273,0.8,0.761904761904762,1087.5,1087.5
"gradual, Δ=0.5, ρ=0, clustered",1052,gradual,0.5,0.0,clustered,KS,сырые,LORD++,0.0,0.0,0.0,0.3333333333333333,0.1,0.15384615384615383,1313.3333333333333,1767.5
"gradual, Δ=0.5, ρ=0, clustered",1052,gradual,0.5,0.0,clustered,KS,остатки,bonferroni,0.0,0.0,0.0,0.6666666666666666,0.4,0.5,1027.5,1447.5
"gradual, Δ=0.5, ρ=0, clustered",1052,gradual,0.5,0.0,clustered,KS,остатки,bh_window,0.0,0.0,0.0,0.8333333333333334,0.5,0.625,794.1666666666666,1307.5
"gradual, Δ=0.5, ρ=0, clustered",1052,gradual,0.5,0.0,clustered,ADWIN,сырые,uncorrected,0.21063829787234042,0.8723404255319149,0.8839285714285714,0.08035714285714286,0.9,0.14754098360655737,547.5,547.5
"gradual, Δ=0.5, ρ=0, clustered",1052,gradual,0.5,0.0,clustered,ADWIN,сырые,bonferroni,0.01276595744680851,0.10638297872340426,0.5,0.3333333333333333,0.4,0.3636363636363636,846.6666666666666,1177.5
"gradual, Δ=0.5, ρ=0, clustered",1052,gradual,0.5,0.0,clustered,ADWIN,сырые,bh_window,0.01276595744680851,0.10638297872340426,0.5,0.3333333333333333,0.4,0.3636363636363636,846.6666666666666,1177.5
"gradual, Δ=0.5, ρ=0, clustered",1052,gradual,0.5,0.0,clustered,ADWIN,сырые,LORD++,0.002127659574468085,0.02127659574468085,0.25,0.5,0.2,0.28571428571428575,1013.3333333333334,1677.5
"gradual, Δ=0.5, ρ=0, clustered",1052,gradual,0.5,0.0,clustered,ADWIN,остатки,bonferroni,0.01276595744680851,0.10638297872340426,0.5454545454545454,0.36363636363636365,0.4,0.380952380952381,799.0,1357.5
"gradual, Δ=0.5, ρ=0, clustered",1052,gradual,0.5,0.0,clustered,ADWIN,остатки,bh_window,0.014893617021276596,0.1276595744680851,0.5384615384615384,0.3076923076923077,0.4,0.34782608695652173,896.6666666666666,1207.5
"gradual, Δ=0.5, ρ=0, clustered",1052,gradual,0.5,0.0,clustered,MeanShift(1),сырые,uncorrected,0.2723404255319149,0.9148936170212766,0.9014084507042254,0.07042253521126761,1.0,0.13157894736842107,497.5,497.5
"gradual, Δ=0.5, ρ=0, clustered",1052,gradual,0.5,0.0,clustered,MeanShift(1),сырые,bonferroni,0.00425531914893617,0.0425531914893617,0.2222222222222222,0.5555555555555556,0.5,0.5263157894736842,864.2857142857143,1147.5
"gradual, Δ=0.5, ρ=0, clustered",1052,gradual,0.5,0.0,clustered,MeanShift(1),сырые,bh_window,0.006382978723404255,0.06382978723404255,0.2727272727272727,0.5454545454545454,0.6,0.5714285714285713,802.5,1057.5
"gradual, Δ=0.5, ρ=0, clustered",1052,gradual,0.5,0.0,clustered,MeanShift(1),сырые,LORD++,0.0,0.0,0.0,,0.0,0.0,,2077.5
"gradual, Δ=0.5, ρ=0, clustered",1052,gradual,0.5,0.0,clustered,MeanShift(1),остатки,bonferroni,0.00425531914893617,0.0425531914893617,0.25,0.375,0.3,0.33333333333333326,980.0,1257.5
"gradual, Δ=0.5, ρ=0, clustered",1052,gradual,0.5,0.0,clustered,MeanShift(1),остатки,bh_window,0.00425531914893617,0.0425531914893617,0.2222222222222222,0.3333333333333333,0.3,0.3157894736842105,935.7142857142857,1197.5
"gradual, Δ=0.5, ρ=0, clustered",1052,gradual,0.5,0.0,clustered,MeanShift(3),сырые,uncorrected,0.13191489361702127,0.574468085106383,0.8266666666666667,0.13333333333333333,1.0,0.23529411764705882,487.5,487.5
"gradual, Δ=0.5, ρ=0, clustered",1052,gradual,0.5,0.0,clustered,MeanShift(3),сырые,bonferroni,0.00425531914893617,0.0425531914893617,0.2,0.4,0.4,0.4000000000000001,990.0,1207.5
"gradual, Δ=0.5, ρ=0, clustered",1052,gradual,0.5,0.0,clustered,MeanShift(3),сырые,bh_window,0.00425531914893617,0.0425531914893617,0.18181818181818182,0.36363636363636365,0.4,0.380952380952381,1011.6666666666666,1037.5
"gradual, Δ=0.5, ρ=0, clustered",1052,gradual,0.5,0.0,clustered,MeanShift(3),сырые,LORD++,0.0,0.0,0.0,,0.0,0.0,,2077.5
"gradual, Δ=0.5, ρ=0, clustered",1052,gradual,0.5,0.0,clustered,MeanShift(3),остатки,bonferroni,0.00425531914893617,0.0425531914893617,0.25,0.5,0.4,0.4444444444444445,944.1666666666666,1397.5
"gradual, Δ=0.5, ρ=0, clustered",1052,gradual,0.5,0.0,clustered,MeanShift(3),остатки,bh_window,0.00425531914893617,0.0425531914893617,0.18181818181818182,0.36363636363636365,0.4,0.380952380952381,1045.0,1067.5
"gradual, Δ=0.5, ρ=0, clustered",1052,gradual,0.5,0.0,clustered,PH river по умолчанию,сырые,порог,0.6893617021276596,1.0,0.9418604651162791,0.029069767441860465,1.0,0.05649717514124294,297.5,297.5
"gradual, Δ=0.5, ρ=0, clustered",1053,gradual,0.5,0.0,clustered,PH,сырые,uncorrected,0.10851063829787234,0.6170212765957447,0.8360655737704918,0.16393442622950818,1.0,0.28169014084507044,635.5,635.5
"gradual, Δ=0.5, ρ=0, clustered",1053,gradual,0.5,0.0,clustered,PH,сырые,bonferroni,0.002127659574468085,0.02127659574468085,0.1111111111111111,0.6666666666666666,0.6,0.631578947368421,880.5,1165.5
"gradual, Δ=0.5, ρ=0, clustered",1053,gradual,0.5,0.0,clustered,PH,сырые,bh_window,0.00851063829787234,0.06382978723404255,0.3333333333333333,0.5,0.6,0.5454545454545454,843.0,1135.5
"gradual, Δ=0.5, ρ=0, clustered",1053,gradual,0.5,0.0,clustered,PH,сырые,LORD++,0.0,0.0,0.0,,0.0,0.0,,2305.5
"gradual, Δ=0.5, ρ=0, clustered",1053,gradual,0.5,0.0,clustered,PH,остатки,bonferroni,0.002127659574468085,0.02127659574468085,0.125,0.625,0.5,0.5555555555555556,1163.5714285714287,1425.5
"gradual, Δ=0.5, ρ=0, clustered",1053,gradual,0.5,0.0,clustered,PH,остатки,bh_window,0.002127659574468085,0.02127659574468085,0.125,0.75,0.6,0.6666666666666665,877.8571428571429,1225.5
"gradual, Δ=0.5, ρ=0, clustered",1053,gradual,0.5,0.0,clustered,KS,сырые,uncorrected,0.1276595744680851,0.7021276595744681,0.8571428571428571,0.14285714285714285,1.0,0.25,595.5,595.5
"gradual, Δ=0.5, ρ=0, clustered",1053,gradual,0.5,0.0,clustered,KS,сырые,bonferroni,0.0,0.0,0.0,0.4444444444444444,0.4,0.4210526315789474,1139.5555555555557,1175.5
"gradual, Δ=0.5, ρ=0, clustered",1053,gradual,0.5,0.0,clustered,KS,сырые,bh_window,0.0,0.0,0.0,0.5,0.5,0.5,1025.5,1025.5
"gradual, Δ=0.5, ρ=0, clustered",1053,gradual,0.5,0.0,clustered,KS,сырые,LORD++,0.0,0.0,0.0,,0.0,0.0,,2305.5
"gradual, Δ=0.5, ρ=0, clustered",1053,gradual,0.5,0.0,clustered,KS,остатки,bonferroni,0.0,0.0,0.0,0.3333333333333333,0.2,0.25,1441.0,1625.5
"gradual, Δ=0.5, ρ=0, clustered",1053,gradual,0.5,0.0,clustered,KS,остатки,bh_window,0.0,0.0,0.0,0.6666666666666666,0.4,0.5,957.6666666666666,1335.5
"gradual, Δ=0.5, ρ=0, clustered",1053,gradual,0.5,0.0,clustered,ADWIN,сырые,uncorrected,0.2872340425531915,0.9574468085106383,0.9246575342465754,0.06164383561643835,0.9,0.11538461538461538,615.5,615.5
"gradual, Δ=0.5, ρ=0, clustered",1053,gradual,0.5,0.0,clustered,ADWIN,сырые,bonferroni,0.00851063829787234,0.0851063829787234,0.3076923076923077,0.5384615384615384,0.7,0.608695652173913,995.1111111111111,1045.5
"gradual, Δ=0.5, ρ=0, clustered",1053,gradual,0.5,0.0,clustered,ADWIN,сырые,bh_window,0.010638297872340425,0.0851063829787234,0.35714285714285715,0.5714285714285714,0.8,0.6666666666666666,872.8888888888889,935.5
"gradual, Δ=0.5, ρ=0, clustered",1053,gradual,0.5,0.0,clustered,ADWIN,сырые,LORD++,0.0,0.0,0.0,,0.0,0.0,,2305.5
"gradual, Δ=0.5, ρ=0, clustered",1053,gradual,0.5,0.0,clustered,ADWIN,остатки,bonferroni,0.01276595744680851,0.1276595744680851,0.46153846153846156,0.38461538461538464,0.5,0.4347826086956522,1249.2857142857142,1485.5
"gradual, Δ=0.5, ρ=0, clustered",1053,gradual,0.5,0.0,clustered,ADWIN,остатки,bh_window,0.01702127659574468,0.14893617021276595,0.5333333333333333,0.3333333333333333,0.5,0.4,1220.7142857142858,1465.5
"gradual, Δ=0.5, ρ=0, clustered",1053,gradual,0.5,0.0,clustered,MeanShift(1),сырые,uncorrected,0.2957446808510638,0.9361702127659575,0.9266666666666666,0.06666666666666667,1.0,0.125,525.5,525.5
"gradual, Δ=0.5, ρ=0, clustered",1053,gradual,0.5,0.0,clustered,MeanShift(1),сырые,bonferroni,0.00425531914893617,0.0425531914893617,0.2857142857142857,0.42857142857142855,0.3,0.3529411764705882,1032.0,1265.5
"gradual, Δ=0.5, ρ=0, clustered",1053,gradual,0.5,0.0,clustered,MeanShift(1),сырые,bh_window,0.010638297872340425,0.0851063829787234,0.38461538461538464,0.23076923076923078,0.3,0.2608695652173913,1144.625,1215.5
"gradual, Δ=0.5, ρ=0, clustered",1053,gradual,0.5,0.0,clustered,MeanShift(1),сырые,LORD++,0.0,0.0,0.0,,0.0,0.0,,2305.5
"gradual, Δ=0.5, ρ=0, clustered",1053,gradual,0.5,0.0,clustered,MeanShift(1),остатки,bonferroni,0.00425531914893617,0.0425531914893617,0.3333333333333333,0.5,0.3,0.37499999999999994,937.0,1435.5
"gradual, Δ=0.5, ρ=0, clustered",1053,gradual,0.5,0.0,clustered,MeanShift(1),остатки,bh_window,0.00425531914893617,0.0425531914893617,0.3333333333333333,0.5,0.3,0.37499999999999994,937.0,1435.5
"gradual, Δ=0.5, ρ=0, clustered",1053,gradual,0.5,0.0,clustered,MeanShift(3),сырые,uncorrected,0.15531914893617021,0.7659574468085106,0.8588235294117647,0.11764705882352941,1.0,0.21052631578947367,515.5,515.5
"gradual, Δ=0.5, ρ=0, clustered",1053,gradual,0.5,0.0,clustered,MeanShift(3),сырые,bonferroni,0.0,0.0,0.0,0.7142857142857143,0.5,0.588235294117647,1077.857142857143,1365.5
"gradual, Δ=0.5, ρ=0, clustered",1053,gradual,0.5,0.0,clustered,MeanShift(3),сырые,bh_window,0.0,0.0,0.0,0.7,0.7,0.7,1155.5,1155.5
"gradual, Δ=0.5, ρ=0, clustered",1053,gradual,0.5,0.0,clustered,MeanShift(3),сырые,LORD++,0.0,0.0,0.0,,0.0,0.0,,2305.5
"gradual, Δ=0.5, ρ=0, clustered",1053,gradual,0.5,0.0,clustered,MeanShift(3),остатки,bonferroni,0.002127659574468085,0.02127659574468085,0.125,0.5,0.4,0.4444444444444445,1306.4285714285713,1525.5
"gradual, Δ=0.5, ρ=0, clustered",1053,gradual,0.5,0.0,clustered,MeanShift(3),остатки,bh_window,0.002127659574468085,0.02127659574468085,0.125,0.5,0.4,0.4444444444444445,1306.4285714285713,1525.5
"gradual, Δ=0.5, ρ=0, clustered",1053,gradual,0.5,0.0,clustered,PH river по умолчанию,сырые,порог,0.6957446808510638,1.0,0.9478260869565217,0.028985507246376812,1.0,0.05633802816901409,385.5,385.5
"gradual, Δ=0.5, ρ=0, clustered",1054,gradual,0.5,0.0,clustered,PH,сырые,uncorrected,0.10425531914893617,0.6382978723404256,0.8032786885245902,0.16393442622950818,1.0,0.28169014084507044,485.5,485.5
"gradual, Δ=0.5, ρ=0, clustered",1054,gradual,0.5,0.0,clustered,PH,сырые,bonferroni,0.002127659574468085,0.02127659574468085,0.1111111111111111,0.5555555555555556,0.5,0.5263157894736842,988.0,1315.5
"gradual, Δ=0.5, ρ=0, clustered",1054,gradual,0.5,0.0,clustered,PH,сырые,bh_window,0.00425531914893617,0.0425531914893617,0.2,0.7,0.7,0.7,788.0,1155.5
"gradual, Δ=0.5, ρ=0, clustered",1054,gradual,0.5,0.0,clustered,PH,сырые,LORD++,0.0,0.0,0.0,,0.0,0.0,,2625.5
"gradual, Δ=0.5, ρ=0, clustered",1054,gradual,0.5,0.0,clustered,PH,остатки,bonferroni,0.0,0.0,0.0,0.375,0.3,0.33333333333333326,1175.5,1465.5
"gradual, Δ=0.5, ρ=0, clustered",1054,gradual,0.5,0.0,clustered,PH,остатки,bh_window,0.002127659574468085,0.02127659574468085,0.1111111111111111,0.7777777777777778,0.7,0.7368421052631577,788.0,1155.5
"gradual, Δ=0.5, ρ=0, clustered",1054,gradual,0.5,0.0,clustered,KS,сырые,uncorrected,0.10638297872340426,0.5957446808510638,0.7936507936507936,0.15873015873015872,1.0,0.27397260273972607,475.5,475.5
"gradual, Δ=0.5, ρ=0, clustered",1054,gradual,0.5,0.0,clustered,KS,сырые,bonferroni,0.0,0.0,0.0,0.75,0.6,0.6666666666666665,963.0,1295.5
"gradual, Δ=0.5, ρ=0, clustered",1054,gradual,0.5,0.0,clustered,KS,сырые,bh_window,0.002127659574468085,0.02127659574468085,0.1111111111111111,0.7777777777777778,0.7,0.7368421052631577,813.0,1175.5
"gradual, Δ=0.5, ρ=0, clustered",1054,gradual,0.5,0.0,clustered,KS,сырые,LORD++,0.0,0.0,0.0,,0.0,0.0,,2625.5
"gradual, Δ=0.5, ρ=0, clustered",1054,gradual,0.5,0.0,clustered,KS,остатки,bonferroni,0.0,0.0,0.0,0.5,0.4,0.4444444444444445,1175.5,1465.5
"gradual, Δ=0.5, ρ=0, clustered",1054,gradual,0.5,0.0,clustered,KS,остатки,bh_window,0.002127659574468085,0.02127659574468085,0.1111111111111111,0.6666666666666666,0.6,0.631578947368421,963.0,1295.5
"gradual, Δ=0.5, ρ=0, clustered",1054,gradual,0.5,0.0,clustered,ADWIN,сырые,uncorrected,0.2765957446808511,0.9574468085106383,0.9090909090909091,0.06993006993006994,1.0,0.13071895424836602,405.5,405.5
"gradual, Δ=0.5, ρ=0, clustered",1054,gradual,0.5,0.0,clustered,ADWIN,сырые,bonferroni,0.002127659574468085,0.02127659574468085,0.1111111111111111,0.6666666666666666,0.6,0.631578947368421,775.5,1145.5
"gradual, Δ=0.5, ρ=0, clustered",1054,gradual,0.5,0.0,clustered,ADWIN,сырые,bh_window,0.00425531914893617,0.0425531914893617,0.2,0.6,0.6,0.6,775.5,1145.5
"gradual, Δ=0.5, ρ=0, clustered",1054,gradual,0.5,0.0,clustered,ADWIN,сырые,LORD++,0.0,0.0,0.0,0.75,0.3,0.4285714285714285,865.25,1945.5
"gradual, Δ=0.5, ρ=0, clustered",1054,gradual,0.5,0.0,clustered,ADWIN,остатки,bonferroni,0.006382978723404255,0.0425531914893617,0.2727272727272727,0.6363636363636364,0.7,0.6666666666666666,750.5,1125.5
"gradual, Δ=0.5, ρ=0, clustered",1054,gradual,0.5,0.0,clustered,ADWIN,остатки,bh_window,0.006382978723404255,0.0425531914893617,0.2727272727272727,0.6363636363636364,0.7,0.6666666666666666,713.0,1095.5
"gradual, Δ=0.5, ρ=0, clustered",1054,gradual,0.5,0.0,clustered,MeanShift(1),сырые,uncorrected,0.24893617021276596,0.8936170212765957,0.8931297709923665,0.07633587786259542,1.0,0.14184397163120568,365.5,365.5
"gradual, Δ=0.5, ρ=0, clustered",1054,gradual,0.5,0.0,clustered,MeanShift(1),сырые,bonferroni,0.006382978723404255,0.06382978723404255,0.3333333333333333,0.3333333333333333,0.3,0.3157894736842105,918.6666666666666,1625.5
"gradual, Δ=0.5, ρ=0, clustered",1054,gradual,0.5,0.0,clustered,MeanShift(1),сырые,bh_window,0.010638297872340425,0.0851063829787234,0.4166666666666667,0.4166666666666667,0.5,0.45454545454545453,808.2857142857143,1365.5
"gradual, Δ=0.5, ρ=0, clustered",1054,gradual,0.5,0.0,clustered,MeanShift(1),сырые,LORD++,0.0,0.0,0.0,,0.0,0.0,,2625.5
"gradual, Δ=0.5, ρ=0, clustered",1054,gradual,0.5,0.0,clustered,MeanShift(1),остатки,bonferroni,0.006382978723404255,0.06382978723404255,0.3,0.4,0.4,0.4000000000000001,1079.7142857142858,1555.5
"gradual, Δ=0.5, ρ=0, clustered",1054,gradual,0.5,0.0,clustered,MeanShift(1),остатки,bh_window,0.006382978723404255,0.06382978723404255,0.3,0.5,0.5,0.5,951.1428571428571,1465.5
"gradual, Δ=0.5, ρ=0, clustered",1054,gradual,0.5,0.0,clustered,MeanShift(3),сырые,uncorrected,0.16170212765957448,0.7872340425531915,0.8735632183908046,0.11494252873563218,1.0,0.20618556701030927,565.5,565.5
"gradual, Δ=0.5, ρ=0, clustered",1054,gradual,0.5,0.0,clustered,MeanShift(3),сырые,bonferroni,0.002127659574468085,0.02127659574468085,0.1111111111111111,0.6666666666666666,0.6,0.631578947368421,875.5,1225.5
"gradual, Δ=0.5, ρ=0, clustered",1054,gradual,0.5,0.0,clustered,MeanShift(3),сырые,bh_window,0.00425531914893617,0.0425531914893617,0.18181818181818182,0.5454545454545454,0.6,0.5714285714285713,783.3333333333334,955.5
"gradual, Δ=0.5, ρ=0, clustered",1054,gradual,0.5,0.0,clustered,MeanShift(3),сырые,LORD++,0.0,0.0,0.0,,0.0,0.0,,2625.5
"gradual, Δ=0.5, ρ=0, clustered",1054,gradual,0.5,0.0,clustered,MeanShift(3),остатки,bonferroni,0.0,0.0,0.0,0.7142857142857143,0.5,0.588235294117647,1022.5714285714286,1515.5
"gradual, Δ=0.5, ρ=0, clustered",1054,gradual,0.5,0.0,clustered,MeanShift(3),остатки,bh_window,0.0,0.0,0.0,0.8571428571428571,0.6,0.7058823529411764,736.8571428571429,1315.5
"gradual, Δ=0.5, ρ=0, clustered",1054,gradual,0.5,0.0,clustered,PH river по умолчанию,сырые,порог,0.7085106382978723,1.0,0.9460227272727273,0.028409090909090908,1.0,0.05524861878453039,285.5,285.5
"gradual, Δ=0.5, ρ=0, clustered",1055,gradual,0.5,0.0,clustered,PH,сырые,uncorrected,0.10638297872340426,0.5319148936170213,0.8064516129032258,0.16129032258064516,1.0,0.27777777777777773,531.5,531.5
"gradual, Δ=0.5, ρ=0, clustered",1055,gradual,0.5,0.0,clustered,PH,сырые,bonferroni,0.0,0.0,0.0,0.875,0.7,0.7777777777777777,766.5,1301.5
"gradual, Δ=0.5, ρ=0, clustered",1055,gradual,0.5,0.0,clustered,PH,сырые,bh_window,0.00851063829787234,0.0425531914893617,0.3333333333333333,0.6666666666666666,0.8,0.7272727272727272,629.0,1191.5
"gradual, Δ=0.5, ρ=0, clustered",1055,gradual,0.5,0.0,clustered,PH,сырые,LORD++,0.0,0.0,0.0,0.0,0.0,0.0,2262.75,2981.5
"gradual, Δ=0.5, ρ=0, clustered",1055,gradual,0.5,0.0,clustered,PH,остатки,bonferroni,0.0,0.0,0.0,0.7142857142857143,0.5,0.588235294117647,961.8571428571429,1711.5
"gradual, Δ=0.5, ρ=0, clustered",1055,gradual,0.5,0.0,clustered,PH,остатки,bh_window,0.0,0.0,0.0,0.8571428571428571,0.6,0.7058823529411764,761.8571428571429,1571.5
"gradual, Δ=0.5, ρ=0, clustered",1055,gradual,0.5,0.0,clustered,KS,сырые,uncorrected,0.1702127659574468,0.7446808510638298,0.8791208791208791,0.10989010989010989,1.0,0.198019801980198,571.5,571.5
"gradual, Δ=0.5, ρ=0, clustered",1055,gradual,0.5,0.0,clustered,KS,сырые,bonferroni,0.0,0.0,0.0,0.5555555555555556,0.5,0.5263157894736842,1279.5555555555557,1501.5
"gradual, Δ=0.5, ρ=0, clustered",1055,gradual,0.5,0.0,clustered,KS,сырые,bh_window,0.002127659574468085,0.02127659574468085,0.09090909090909091,0.7272727272727273,0.8,0.761904761904762,991.5,991.5
"gradual, Δ=0.5, ρ=0, clustered",1055,gradual,0.5,0.0,clustered,KS,сырые,LORD++,0.0,0.0,0.0,0.0,0.0,0.0,2133.285714285714,2531.5
"gradual, Δ=0.5, ρ=0, clustered",1055,gradual,0.5,0.0,clustered,KS,остатки,bonferroni,0.0,0.0,0.0,0.5714285714285714,0.4,0.47058823529411764,1147.5714285714287,1841.5
"gradual, Δ=0.5, ρ=0, clustered",1055,gradual,0.5,0.0,clustered,KS,остатки,bh_window,0.006382978723404255,0.0425531914893617,0.23076923076923078,0.46153846153846156,0.6,0.5217391304347826,1251.5,1251.5
"gradual, Δ=0.5, ρ=0, clustered",1055,gradual,0.5,0.0,clustered,ADWIN,сырые,uncorrected,0.26595744680851063,0.8723404255319149,0.9259259259259259,0.07407407407407407,1.0,0.13793103448275862,571.5,571.5
"gradual, Δ=0.5, ρ=0, clustered",1055,gradual,0.5,0.0,clustered,ADWIN,сырые,bonferroni,0.014893617021276596,0.1276595744680851,0.4117647058823529,0.35294117647058826,0.6,0.4444444444444445,1011.5,1011.5
"gradual, Δ=0.5, ρ=0, clustered",1055,gradual,0.5,0.0,clustered,ADWIN,сырые,bh_window,0.023404255319148935,0.14893617021276595,0.5238095238095238,0.3333333333333333,0.7,0.45161290322580644,831.5,831.5
"gradual, Δ=0.5, ρ=0, clustered",1055,gradual,0.5,0.0,clustered,ADWIN,сырые,LORD++,0.0,0.0,0.0,0.8333333333333334,0.5,0.625,924.8333333333334,1931.5
"gradual, Δ=0.5, ρ=0, clustered",1055,gradual,0.5,0.0,clustered,ADWIN,остатки,bonferroni,0.019148936170212766,0.1702127659574468,0.5294117647058824,0.29411764705882354,0.5,0.37037037037037035,1041.5,1521.5
"gradual, Δ=0.5, ρ=0, clustered",1055,gradual,0.5,0.0,clustered,ADWIN,остатки,bh_window,0.023404255319148935,0.19148936170212766,0.55,0.35,0.7,0.4666666666666667,836.7777777777778,1091.5
"gradual, Δ=0.5, ρ=0, clustered",1055,gradual,0.5,0.0,clustered,MeanShift(1),сырые,uncorrected,0.23617021276595745,0.8936170212765957,0.8809523809523809,0.07936507936507936,1.0,0.14705882352941177,391.5,391.5
"gradual, Δ=0.5, ρ=0, clustered",1055,gradual,0.5,0.0,clustered,MeanShift(1),сырые,bonferroni,0.010638297872340425,0.10638297872340426,0.38461538461538464,0.5384615384615384,0.7,0.608695652173913,679.0,1231.5
"gradual, Δ=0.5, ρ=0, clustered",1055,gradual,0.5,0.0,clustered,MeanShift(1),сырые,bh_window,0.014893617021276596,0.1276595744680851,0.4375,0.5625,0.9,0.6923076923076923,547.8888888888889,831.5
"gradual, Δ=0.5, ρ=0, clustered",1055,gradual,0.5,0.0,clustered,MeanShift(1),сырые,LORD++,0.0,0.0,0.0,,0.0,0.0,,3441.5
"gradual, Δ=0.5, ρ=0, clustered",1055,gradual,0.5,0.0,clustered,MeanShift(1),остатки,bonferroni,0.006382978723404255,0.06382978723404255,0.3333333333333333,0.5555555555555556,0.5,0.5263157894736842,708.1666666666666,1801.5
"gradual, Δ=0.5, ρ=0, clustered",1055,gradual,0.5,0.0,clustered,MeanShift(1),остатки,bh_window,0.010638297872340425,0.10638297872340426,0.45454545454545453,0.5454545454545454,0.6,0.5714285714285713,541.5,1701.5
"gradual, Δ=0.5, ρ=0, clustered",1055,gradual,0.5,0.0,clustered,MeanShift(3),сырые,uncorrected,0.14042553191489363,0.723404255319149,0.8354430379746836,0.12658227848101267,1.0,0.22471910112359553,521.5,521.5
"gradual, Δ=0.5, ρ=0, clustered",1055,gradual,0.5,0.0,clustered,MeanShift(3),сырые,bonferroni,0.0,0.0,0.0,0.6666666666666666,0.6,0.631578947368421,1201.7777777777778,1431.5
"gradual, Δ=0.5, ρ=0, clustered",1055,gradual,0.5,0.0,clustered,MeanShift(3),сырые,bh_window,0.0,0.0,0.0,0.9,0.9,0.9,831.5,831.5
"gradual, Δ=0.5, ρ=0, clustered",1055,gradual,0.5,0.0,clustered,MeanShift(3),сырые,LORD++,0.0,0.0,0.0,1.0,0.3,0.4615384615384615,917.3333333333334,2701.5
"gradual, Δ=0.5, ρ=0, clustered",1055,gradual,0.5,0.0,clustered,MeanShift(3),остатки,bonferroni,0.002127659574468085,0.02127659574468085,0.1,0.6,0.6,0.6,1201.7777777777778,1431.5
"gradual, Δ=0.5, ρ=0, clustered",1055,gradual,0.5,0.0,clustered,MeanShift(3),остатки,bh_window,0.002127659574468085,0.02127659574468085,0.09090909090909091,0.6363636363636364,0.7,0.6666666666666666,1101.5,1101.5
"gradual, Δ=0.5, ρ=0, clustered",1055,gradual,0.5,0.0,clustered,PH river по умолчанию,сырые,порог,0.6468085106382979,1.0,0.9382716049382716,0.030864197530864196,1.0,0.059880239520958084,311.5,311.5
"gradual, Δ=0.5, ρ=0.3, scattered",1056,gradual,0.5,0.3,scattered,PH,сырые,uncorrected,0.06170212765957447,0.2553191489361702,0.7073170731707317,0.24390243902439024,1.0,0.39215686274509803,545.0,545.0
"gradual, Δ=0.5, ρ=0.3, scattered",1056,gradual,0.5,0.3,scattered,PH,сырые,bonferroni,0.0,0.0,0.0,0.2,0.1,0.13333333333333333,1312.8,1815.0
"gradual, Δ=0.5, ρ=0.3, scattered",1056,gradual,0.5,0.3,scattered,PH,сырые,bh_window,0.0,0.0,0.0,0.4,0.2,0.26666666666666666,1212.8,1765.0
"gradual, Δ=0.5, ρ=0.3, scattered",1056,gradual,0.5,0.3,scattered,PH,сырые,LORD++,0.0,0.0,0.0,,0.0,0.0,,2405.0
"gradual, Δ=0.5, ρ=0.3, scattered",1056,gradual,0.5,0.3,scattered,PH,остатки,bonferroni,0.002127659574468085,0.02127659574468085,0.1111111111111111,0.7777777777777778,0.7,0.7368421052631577,754.375,1125.0
"gradual, Δ=0.5, ρ=0.3, scattered",1056,gradual,0.5,0.3,scattered,PH,остатки,bh_window,0.002127659574468085,0.02127659574468085,0.1,0.7,0.7,0.7,874.1111111111111,1085.0
"gradual, Δ=0.5, ρ=0.3, scattered",1056,gradual,0.5,0.3,scattered,KS,сырые,uncorrected,0.14468085106382977,0.6595744680851063,0.8607594936708861,0.12658227848101267,1.0,0.22471910112359553,605.0,605.0
"gradual, Δ=0.5, ρ=0.3, scattered",1056,gradual,0.5,0.3,scattered,KS,сырые,bonferroni,0.006382978723404255,0.06382978723404255,0.3333333333333333,0.1111111111111111,0.1,0.10526315789473685,1584.0,1835.0
"gradual, Δ=0.5, ρ=0.3, scattered",1056,gradual,0.5,0.3,scattered,KS,сырые,bh_window,0.010638297872340425,0.06382978723404255,0.45454545454545453,0.09090909090909091,0.1,0.09523809523809525,1234.0,1625.0
"gradual, Δ=0.5, ρ=0.3, scattered",1056,gradual,0.5,0.3,scattered,KS,сырые,LORD++,0.0,0.0,0.0,,0.0,0.0,,2405.0
"gradual, Δ=0.5, ρ=0.3, scattered",1056,gradual,0.5,0.3,scattered,KS,остатки,bonferroni,0.006382978723404255,0.06382978723404255,0.25,0.6666666666666666,0.8,0.7272727272727272,806.5555555555555,975.0
"gradual, Δ=0.5, ρ=0.3, scattered",1056,gradual,0.5,0.3,scattered,KS,остатки,bh_window,0.006382978723404255,0.06382978723404255,0.25,0.6666666666666666,0.8,0.7272727272727272,717.6666666666666,895.0
"gradual, Δ=0.5, ρ=0.3, scattered",1056,gradual,0.5,0.3,scattered,ADWIN,сырые,uncorrected,0.33404255319148934,0.9148936170212766,0.9345238095238095,0.05952380952380952,1.0,0.11235955056179775,505.0,505.0
"gradual, Δ=0.5, ρ=0.3, scattered",1056,gradual,0.5,0.3,scattered,ADWIN,сырые,bonferroni,0.029787234042553193,0.19148936170212766,0.7,0.15,0.3,0.2,1200.6666666666667,1765.0
"gradual, Δ=0.5, ρ=0.3, scattered",1056,gradual,0.5,0.3,scattered,ADWIN,сырые,bh_window,0.0574468085106383,0.19148936170212766,0.7714285714285715,0.14285714285714285,0.5,0.22222222222222224,1209.75,1465.0
"gradual, Δ=0.5, ρ=0.3, scattered",1056,gradual,0.5,0.3,scattered,ADWIN,сырые,LORD++,0.0,0.0,0.0,0.0,0.0,0.0,2444.0,2345.0
"gradual, Δ=0.5, ρ=0.3, scattered",1056,gradual,0.5,0.3,scattered,ADWIN,остатки,bonferroni,0.01276595744680851,0.1276595744680851,0.42857142857142855,0.42857142857142855,0.6,0.5,822.25,1155.0
"gradual, Δ=0.5, ρ=0.3, scattered",1056,gradual,0.5,0.3,scattered,ADWIN,остатки,bh_window,0.019148936170212766,0.1702127659574468,0.5,0.3888888888888889,0.7,0.5,735.3333333333334,885.0
"gradual, Δ=0.5, ρ=0.3, scattered",1056,gradual,0.5,0.3,scattered,MeanShift(1),сырые,uncorrected,0.20851063829787234,0.5106382978723404,0.875,0.08928571428571429,1.0,0.1639344262295082,445.0,445.0
"gradual, Δ=0.5, ρ=0.3, scattered",1056,gradual,0.5,0.3,scattered,MeanShift(1),сырые,bonferroni,0.002127659574468085,0.02127659574468085,0.16666666666666666,0.3333333333333333,0.2,0.25,1252.8,1785.0
"gradual, Δ=0.5, ρ=0.3, scattered",1056,gradual,0.5,0.3,scattered,MeanShift(1),сырые,bh_window,0.00851063829787234,0.0425531914893617,0.4,0.2,0.2,0.20000000000000004,1142.5,1595.0
"gradual, Δ=0.5, ρ=0.3, scattered",1056,gradual,0.5,0.3,scattered,MeanShift(1),сырые,LORD++,0.0,0.0,0.0,,0.0,0.0,,2405.0
"gradual, Δ=0.5, ρ=0.3, scattered",1056,gradual,0.5,0.3,scattered,MeanShift(1),остатки,bonferroni,0.0,0.0,0.0,0.7142857142857143,0.5,0.588235294117647,926.7142857142857,1395.0
"gradual, Δ=0.5, ρ=0.3, scattered",1056,gradual,0.5,0.3,scattered,MeanShift(1),остатки,bh_window,0.0,0.0,0.0,0.625,0.5,0.5555555555555556,1072.25,1355.0
"gradual, Δ=0.5, ρ=0.3, scattered",1056,gradual,0.5,0.3,scattered,MeanShift(3),сырые,uncorrected,0.04893617021276596,0.2765957446808511,0.6571428571428571,0.2857142857142857,1.0,0.4444444444444445,545.0,545.0
"gradual, Δ=0.5, ρ=0.3, scattered",1056,gradual,0.5,0.3,scattered,MeanShift(3),сырые,bonferroni,0.0,0.0,0.0,0.5,0.3,0.37499999999999994,1209.1666666666667,1635.0
"gradual, Δ=0.5, ρ=0.3, scattered",1056,gradual,0.5,0.3,scattered,MeanShift(3),сырые,bh_window,0.0,0.0,0.0,0.6666666666666666,0.6,0.631578947368421,923.3333333333334,945.0
"gradual, Δ=0.5, ρ=0.3, scattered",1056,gradual,0.5,0.3,scattered,MeanShift(3),сырые,LORD++,0.0,0.0,0.0,,0.0,0.0,,2405.0
"gradual, Δ=0.5, ρ=0.3, scattered",1056,gradual,0.5,0.3,scattered,MeanShift(3),остатки,bonferroni,0.002127659574468085,0.02127659574468085,0.1,0.6,0.6,0.6,990.8888888888889,1115.0
"gradual, Δ=0.5, ρ=0.3, scattered",1056,gradual,0.5,0.3,scattered,MeanShift(3),остатки,bh_window,0.00425531914893617,0.02127659574468085,0.18181818181818182,0.8181818181818182,0.9,0.8571428571428572,790.8888888888889,935.0
"gradual, Δ=0.5, ρ=0.3, scattered",1056,gradual,0.5,0.3,scattered,PH river по умолчанию,сырые,порог,0.8,0.8936170212765957,0.9543147208121827,0.025380710659898477,1.0,0.04950495049504951,365.0,365.0
"gradual, Δ=0.5, ρ=0.3, scattered",1057,gradual,0.5,0.3,scattered,PH,сырые,uncorrected,0.06808510638297872,0.40425531914893614,0.7441860465116279,0.23255813953488372,1.0,0.37735849056603776,458.5,458.5
"gradual, Δ=0.5, ρ=0.3, scattered",1057,gradual,0.5,0.3,scattered,PH,сырые,bonferroni,0.0,0.0,0.0,0.8571428571428571,0.6,0.7058823529411764,720.7142857142857,938.5
"gradual, Δ=0.5, ρ=0.3, scattered",1057,gradual,0.5,0.3,scattered,PH,сырые,bh_window,0.002127659574468085,0.02127659574468085,0.1111111111111111,0.8888888888888888,0.8,0.8421052631578948,671.625,848.5
"gradual, Δ=0.5, ρ=0.3, scattered",1057,gradual,0.5,0.3,scattered,PH,сырые,LORD++,0.0,0.0,0.0,,0.0,0.0,,1988.5
"gradual, Δ=0.5, ρ=0.3, scattered",1057,gradual,0.5,0.3,scattered,PH,остатки,bonferroni,0.002127659574468085,0.02127659574468085,0.1111111111111111,0.6666666666666666,0.6,0.631578947368421,891.0,1058.5
"gradual, Δ=0.5, ρ=0.3, scattered",1057,gradual,0.5,0.3,scattered,PH,остатки,bh_window,0.002127659574468085,0.02127659574468085,0.1111111111111111,0.7777777777777778,0.7,0.7368421052631577,816.0,998.5
"gradual, Δ=0.5, ρ=0.3, scattered",1057,gradual,0.5,0.3,scattered,KS,сырые,uncorrected,0.10425531914893617,0.5957446808510638,0.7903225806451613,0.16129032258064516,1.0,0.27777777777777773,538.5,538.5
"gradual, Δ=0.5, ρ=0.3, scattered",1057,gradual,0.5,0.3,scattered,KS,сырые,bonferroni,0.002127659574468085,0.02127659574468085,0.1,0.9,0.9,0.9,772.7777777777778,898.5
"gradual, Δ=0.5, ρ=0.3, scattered",1057,gradual,0.5,0.3,scattered,KS,сырые,bh_window,0.00425531914893617,0.0425531914893617,0.18181818181818182,0.8181818181818182,0.9,0.8571428571428572,772.7777777777778,898.5
"gradual, Δ=0.5, ρ=0.3, scattered",1057,gradual,0.5,0.3,scattered,KS,сырые,LORD++,0.0,0.0,0.0,,0.0,0.0,,1988.5
"gradual, Δ=0.5, ρ=0.3, scattered",1057,gradual,0.5,0.3,scattered,KS,остатки,bonferroni,0.00425531914893617,0.0425531914893617,0.18181818181818182,0.6363636363636364,0.7,0.6666666666666666,906.1111111111111,1018.5
"gradual, Δ=0.5, ρ=0.3, scattered",1057,gradual,0.5,0.3,scattered,KS,остатки,bh_window,0.00851063829787234,0.06382978723404255,0.2857142857142857,0.5714285714285714,0.8,0.6666666666666666,898.5,898.5
"gradual, Δ=0.5, ρ=0.3, scattered",1057,gradual,0.5,0.3,scattered,ADWIN,сырые,uncorrected,0.2574468085106383,0.8297872340425532,0.9166666666666666,0.07575757575757576,1.0,0.14084507042253522,548.5,548.5
"gradual, Δ=0.5, ρ=0.3, scattered",1057,gradual,0.5,0.3,scattered,ADWIN,сырые,bonferroni,0.01276595744680851,0.1276595744680851,0.42857142857142855,0.5,0.7,0.5833333333333334,746.625,908.5
"gradual, Δ=0.5, ρ=0.3, scattered",1057,gradual,0.5,0.3,scattered,ADWIN,сырые,bh_window,0.014893617021276596,0.1276595744680851,0.4375,0.5625,0.9,0.6923076923076923,672.7777777777778,808.5
"gradual, Δ=0.5, ρ=0.3, scattered",1057,gradual,0.5,0.3,scattered,ADWIN,сырые,LORD++,0.0,0.0,0.0,0.5,0.3,0.37499999999999994,941.8333333333334,1158.5
"gradual, Δ=0.5, ρ=0.3, scattered",1057,gradual,0.5,0.3,scattered,ADWIN,остатки,bonferroni,0.01702127659574468,0.1702127659574468,0.5,0.4375,0.7,0.5384615384615384,757.625,968.5
"gradual, Δ=0.5, ρ=0.3, scattered",1057,gradual,0.5,0.3,scattered,ADWIN,остатки,bh_window,0.019148936170212766,0.19148936170212766,0.5294117647058824,0.4117647058823529,0.7,0.5185185185185185,707.625,928.5
"gradual, Δ=0.5, ρ=0.3, scattered",1057,gradual,0.5,0.3,scattered,MeanShift(1),сырые,uncorrected,0.26382978723404255,0.5957446808510638,0.9051094890510949,0.072992700729927,1.0,0.1360544217687075,398.5,398.5
"gradual, Δ=0.5, ρ=0.3, scattered",1057,gradual,0.5,0.3,scattered,MeanShift(1),сырые,bonferroni,0.0,0.0,0.0,0.75,0.6,0.6666666666666665,946.625,1068.5
"gradual, Δ=0.5, ρ=0.3, scattered",1057,gradual,0.5,0.3,scattered,MeanShift(1),сырые,bh_window,0.002127659574468085,0.02127659574468085,0.1,0.8,0.8,0.8000000000000002,659.125,838.5
"gradual, Δ=0.5, ρ=0.3, scattered",1057,gradual,0.5,0.3,scattered,MeanShift(1),сырые,LORD++,0.0,0.0,0.0,,0.0,0.0,,1988.5
"gradual, Δ=0.5, ρ=0.3, scattered",1057,gradual,0.5,0.3,scattered,MeanShift(1),остатки,bonferroni,0.006382978723404255,0.06382978723404255,0.3,0.5,0.5,0.5,806.5714285714286,1018.5
"gradual, Δ=0.5, ρ=0.3, scattered",1057,gradual,0.5,0.3,scattered,MeanShift(1),остатки,bh_window,0.006382978723404255,0.06382978723404255,0.3,0.5,0.5,0.5,806.5714285714286,1018.5
"gradual, Δ=0.5, ρ=0.3, scattered",1057,gradual,0.5,0.3,scattered,MeanShift(3),сырые,uncorrected,0.16382978723404254,0.5531914893617021,0.8850574712643678,0.11494252873563218,1.0,0.20618556701030927,508.5,508.5
"gradual, Δ=0.5, ρ=0.3, scattered",1057,gradual,0.5,0.3,scattered,MeanShift(3),сырые,bonferroni,0.0,0.0,0.0,0.875,0.7,0.7777777777777777,745.5,898.5
"gradual, Δ=0.5, ρ=0.3, scattered",1057,gradual,0.5,0.3,scattered,MeanShift(3),сырые,bh_window,0.0,0.0,0.0,1.0,0.8,0.888888888888889,695.5,858.5
"gradual, Δ=0.5, ρ=0.3, scattered",1057,gradual,0.5,0.3,scattered,MeanShift(3),сырые,LORD++,0.0,0.0,0.0,,0.0,0.0,,1988.5
"gradual, Δ=0.5, ρ=0.3, scattered",1057,gradual,0.5,0.3,scattered,MeanShift(3),остатки,bonferroni,0.002127659574468085,0.02127659574468085,0.125,0.875,0.7,0.7777777777777777,704.8571428571429,998.5
"gradual, Δ=0.5, ρ=0.3, scattered",1057,gradual,0.5,0.3,scattered,MeanShift(3),остатки,bh_window,0.002127659574468085,0.02127659574468085,0.1111111111111111,0.7777777777777778,0.7,0.7368421052631577,757.625,968.5
"gradual, Δ=0.5, ρ=0.3, scattered",1057,gradual,0.5,0.3,scattered,PH river по умолчанию,сырые,порог,0.7468085106382979,0.8936170212765957,0.9538043478260869,0.02717391304347826,1.0,0.05291005291005291,278.5,278.5
"gradual, Δ=0.5, ρ=0.3, scattered",1058,gradual,0.5,0.3,scattered,PH,сырые,uncorrected,0.059574468085106386,0.425531914893617,0.717948717948718,0.2564102564102564,1.0,0.4081632653061224,527.2,527.2
"gradual, Δ=0.5, ρ=0.3, scattered",1058,gradual,0.5,0.3,scattered,PH,сырые,bonferroni,0.0,0.0,0.0,0.4444444444444444,0.4,0.4210526315789474,1068.7777777777778,1117.2
"gradual, Δ=0.5, ρ=0.3, scattered",1058,gradual,0.5,0.3,scattered,PH,сырые,bh_window,0.0,0.0,0.0,0.5555555555555556,0.5,0.5263157894736842,924.3333333333334,987.2
"gradual, Δ=0.5, ρ=0.3, scattered",1058,gradual,0.5,0.3,scattered,PH,сырые,LORD++,0.0,0.0,0.0,,0.0,0.0,,2347.2
"gradual, Δ=0.5, ρ=0.3, scattered",1058,gradual,0.5,0.3,scattered,PH,остатки,bonferroni,0.0,0.0,0.0,1.0,0.9,0.9473684210526316,668.7777777777778,757.2
"gradual, Δ=0.5, ρ=0.3, scattered",1058,gradual,0.5,0.3,scattered,PH,остатки,bh_window,0.0,0.0,0.0,1.0,0.9,0.9473684210526316,657.6666666666666,747.2
"gradual, Δ=0.5, ρ=0.3, scattered",1058,gradual,0.5,0.3,scattered,KS,сырые,uncorrected,0.10851063829787234,0.574468085106383,0.8225806451612904,0.16129032258064516,1.0,0.27777777777777773,607.2,607.2
"gradual, Δ=0.5, ρ=0.3, scattered",1058,gradual,0.5,0.3,scattered,KS,сырые,bonferroni,0.0,0.0,0.0,0.75,0.6,0.6666666666666665,950.25,1037.2
"gradual, Δ=0.5, ρ=0.3, scattered",1058,gradual,0.5,0.3,scattered,KS,сырые,bh_window,0.002127659574468085,0.02127659574468085,0.1111111111111111,0.7777777777777778,0.7,0.7368421052631577,875.25,977.2
"gradual, Δ=0.5, ρ=0.3, scattered",1058,gradual,0.5,0.3,scattered,KS,сырые,LORD++,0.0,0.0,0.0,,0.0,0.0,,2347.2
"gradual, Δ=0.5, ρ=0.3, scattered",1058,gradual,0.5,0.3,scattered,KS,остатки,bonferroni,0.0,0.0,0.0,0.7777777777777778,0.7,0.7368421052631577,802.1111111111111,877.2
"gradual, Δ=0.5, ρ=0.3, scattered",1058,gradual,0.5,0.3,scattered,KS,остатки,bh_window,0.0,0.0,0.0,0.7777777777777778,0.7,0.7368421052631577,791.0,867.2
"gradual, Δ=0.5, ρ=0.3, scattered",1058,gradual,0.5,0.3,scattered,ADWIN,сырые,uncorrected,0.2148936170212766,0.7659574468085106,0.8782608695652174,0.08695652173913043,1.0,0.16,427.2,427.2
"gradual, Δ=0.5, ρ=0.3, scattered",1058,gradual,0.5,0.3,scattered,ADWIN,сырые,bonferroni,0.00425531914893617,0.0425531914893617,0.18181818181818182,0.45454545454545453,0.5,0.47619047619047616,957.6666666666666,1017.2
"gradual, Δ=0.5, ρ=0.3, scattered",1058,gradual,0.5,0.3,scattered,ADWIN,сырые,bh_window,0.006382978723404255,0.06382978723404255,0.25,0.5833333333333334,0.7,0.6363636363636365,757.6666666666666,837.2
"gradual, Δ=0.5, ρ=0.3, scattered",1058,gradual,0.5,0.3,scattered,ADWIN,сырые,LORD++,0.0,0.0,0.0,0.5,0.2,0.28571428571428575,1234.0,1647.2
"gradual, Δ=0.5, ρ=0.3, scattered",1058,gradual,0.5,0.3,scattered,ADWIN,остатки,bonferroni,0.010638297872340425,0.10638297872340426,0.38461538461538464,0.46153846153846156,0.6,0.5217391304347826,699.125,947.2
"gradual, Δ=0.5, ρ=0.3, scattered",1058,gradual,0.5,0.3,scattered,ADWIN,остатки,bh_window,0.01276595744680851,0.1276595744680851,0.4,0.4666666666666667,0.7,0.56,779.8888888888889,857.2
"gradual, Δ=0.5, ρ=0.3, scattered",1058,gradual,0.5,0.3,scattered,MeanShift(1),сырые,uncorrected,0.20851063829787234,0.5957446808510638,0.875,0.08928571428571429,1.0,0.1639344262295082,427.2,427.2
"gradual, Δ=0.5, ρ=0.3, scattered",1058,gradual,0.5,0.3,scattered,MeanShift(1),сырые,bonferroni,0.0,0.0,0.0,0.375,0.3,0.33333333333333326,1062.75,1127.2
"gradual, Δ=0.5, ρ=0.3, scattered",1058,gradual,0.5,0.3,scattered,MeanShift(1),сырые,bh_window,0.0,0.0,0.0,0.5,0.4,0.4444444444444445,987.75,1067.2
"gradual, Δ=0.5, ρ=0.3, scattered",1058,gradual,0.5,0.3,scattered,MeanShift(1),сырые,LORD++,0.0,0.0,0.0,,0.0,0.0,,2347.2
"gradual, Δ=0.5, ρ=0.3, scattered",1058,gradual,0.5,0.3,scattered,MeanShift(1),остатки,bonferroni,0.00425531914893617,0.0425531914893617,0.2,0.6,0.6,0.6,750.25,877.2
"gradual, Δ=0.5, ρ=0.3, scattered",1058,gradual,0.5,0.3,scattered,MeanShift(1),остатки,bh_window,0.00425531914893617,0.0425531914893617,0.2,0.6,0.6,0.6,737.75,867.2
"gradual, Δ=0.5, ρ=0.3, scattered",1058,gradual,0.5,0.3,scattered,MeanShift(3),сырые,uncorrected,0.0851063829787234,0.40425531914893614,0.7843137254901961,0.19607843137254902,1.0,0.3278688524590164,517.2,517.2
"gradual, Δ=0.5, ρ=0.3, scattered",1058,gradual,0.5,0.3,scattered,MeanShift(3),сырые,bonferroni,0.0,0.0,0.0,0.625,0.5,0.5555555555555556,1050.25,1117.2
"gradual, Δ=0.5, ρ=0.3, scattered",1058,gradual,0.5,0.3,scattered,MeanShift(3),сырые,bh_window,0.002127659574468085,0.02127659574468085,0.1,0.7,0.7,0.7,824.3333333333334,897.2
"gradual, Δ=0.5, ρ=0.3, scattered",1058,gradual,0.5,0.3,scattered,MeanShift(3),сырые,LORD++,0.0,0.0,0.0,,0.0,0.0,,2347.2
"gradual, Δ=0.5, ρ=0.3, scattered",1058,gradual,0.5,0.3,scattered,MeanShift(3),остатки,bonferroni,0.0,0.0,0.0,0.7777777777777778,0.7,0.7368421052631577,791.0,867.2
"gradual, Δ=0.5, ρ=0.3, scattered",1058,gradual,0.5,0.3,scattered,MeanShift(3),остатки,bh_window,0.0,0.0,0.0,0.7777777777777778,0.7,0.7368421052631577,768.7777777777778,847.2
"gradual, Δ=0.5, ρ=0.3, scattered",1058,gradual,0.5,0.3,scattered,PH river по умолчанию,сырые,порог,0.6957446808510638,0.9361702127659575,0.9450867052023122,0.028901734104046242,1.0,0.056179775280898875,317.2,317.2
"gradual, Δ=0.5, ρ=0.3, scattered",1059,gradual,0.5,0.3,scattered,PH,сырые,uncorrected,0.059574468085106386,0.2765957446808511,0.7,0.225,0.9,0.36000000000000004,647.2,647.2
"gradual, Δ=0.5, ρ=0.3, scattered",1059,gradual,0.5,0.3,scattered,PH,сырые,bonferroni,0.0,0.0,0.0,0.8,0.4,0.5333333333333333,820.4,1727.2
"gradual, Δ=0.5, ρ=0.3, scattered",1059,gradual,0.5,0.3,scattered,PH,сырые,bh_window,0.002127659574468085,0.02127659574468085,0.1111111111111111,0.6666666666666666,0.6,0.631578947368421,1129.625,1437.2
"gradual, Δ=0.5, ρ=0.3, scattered",1059,gradual,0.5,0.3,scattered,PH,сырые,LORD++,0.0,0.0,0.0,,0.0,0.0,,2217.2
"gradual, Δ=0.5, ρ=0.3, scattered",1059,gradual,0.5,0.3,scattered,PH,остатки,bonferroni,0.002127659574468085,0.02127659574468085,0.1,0.6,0.6,0.6,1125.5555555555557,1257.2
"gradual, Δ=0.5, ρ=0.3, scattered",1059,gradual,0.5,0.3,scattered,PH,остатки,bh_window,0.002127659574468085,0.02127659574468085,0.1,0.6,0.6,0.6,992.2222222222222,1137.2
"gradual, Δ=0.5, ρ=0.3, scattered",1059,gradual,0.5,0.3,scattered,KS,сырые,uncorrected,0.12340425531914893,0.574468085106383,0.8529411764705882,0.14705882352941177,1.0,0.25641025641025644,667.2,667.2
"gradual, Δ=0.5, ρ=0.3, scattered",1059,gradual,0.5,0.3,scattered,KS,сырые,bonferroni,0.002127659574468085,0.02127659574468085,0.2,0.4,0.2,0.26666666666666666,1016.5,1597.2
"gradual, Δ=0.5, ρ=0.3, scattered",1059,gradual,0.5,0.3,scattered,KS,сырые,bh_window,0.00425531914893617,0.0425531914893617,0.2222222222222222,0.2222222222222222,0.2,0.2105263157894737,1297.5714285714287,1567.2
"gradual, Δ=0.5, ρ=0.3, scattered",1059,gradual,0.5,0.3,scattered,KS,сырые,LORD++,0.0,0.0,0.0,,0.0,0.0,,2217.2
"gradual, Δ=0.5, ρ=0.3, scattered",1059,gradual,0.5,0.3,scattered,KS,остатки,bonferroni,0.00425531914893617,0.0425531914893617,0.16666666666666666,0.5833333333333334,0.7,0.6363636363636365,1047.2,1047.2
"gradual, Δ=0.5, ρ=0.3, scattered",1059,gradual,0.5,0.3,scattered,KS,остатки,bh_window,0.006382978723404255,0.06382978723404255,0.23076923076923078,0.5384615384615384,0.7,0.608695652173913,1037.2,1037.2
"gradual, Δ=0.5, ρ=0.3, scattered",1059,gradual,0.5,0.3,scattered,ADWIN,сырые,uncorrected,0.3,0.8085106382978723,0.9215686274509803,0.0457516339869281,0.7,0.08588957055214724,787.2,787.2
"gradual, Δ=0.5, ρ=0.3, scattered",1059,gradual,0.5,0.3,scattered,ADWIN,сырые,bonferroni,0.01276595744680851,0.1276595744680851,0.5,0.16666666666666666,0.2,0.1818181818181818,1187.6666666666667,1657.2
"gradual, Δ=0.5, ρ=0.3, scattered",1059,gradual,0.5,0.3,scattered,ADWIN,сырые,bh_window,0.019148936170212766,0.14893617021276595,0.6,0.2,0.3,0.24,1137.6666666666667,1627.2
"gradual, Δ=0.5, ρ=0.3, scattered",1059,gradual,0.5,0.3,scattered,ADWIN,сырые,LORD++,0.0,0.0,0.0,,0.0,0.0,,2217.2
"gradual, Δ=0.5, ρ=0.3, scattered",1059,gradual,0.5,0.3,scattered,ADWIN,остатки,bonferroni,0.014893617021276596,0.14893617021276595,0.4117647058823529,0.4117647058823529,0.7,0.5185185185185185,1037.2,1037.2
"gradual, Δ=0.5, ρ=0.3, scattered",1059,gradual,0.5,0.3,scattered,ADWIN,остатки,bh_window,0.019148936170212766,0.1702127659574468,0.47368421052631576,0.3684210526315789,0.7,0.48275862068965514,1017.2,1017.2
"gradual, Δ=0.5, ρ=0.3, scattered",1059,gradual,0.5,0.3,scattered,MeanShift(1),сырые,uncorrected,0.17446808510638298,0.5957446808510638,0.8367346938775511,0.10204081632653061,1.0,0.1851851851851852,347.2,347.2
"gradual, Δ=0.5, ρ=0.3, scattered",1059,gradual,0.5,0.3,scattered,MeanShift(1),сырые,bonferroni,0.00425531914893617,0.0425531914893617,0.2222222222222222,0.3333333333333333,0.3,0.3157894736842105,1137.0,1387.2
"gradual, Δ=0.5, ρ=0.3, scattered",1059,gradual,0.5,0.3,scattered,MeanShift(1),сырые,bh_window,0.00425531914893617,0.0425531914893617,0.18181818181818182,0.36363636363636365,0.4,0.380952380952381,1170.0,1297.2
"gradual, Δ=0.5, ρ=0.3, scattered",1059,gradual,0.5,0.3,scattered,MeanShift(1),сырые,LORD++,0.0,0.0,0.0,,0.0,0.0,,2217.2
"gradual, Δ=0.5, ρ=0.3, scattered",1059,gradual,0.5,0.3,scattered,MeanShift(1),остатки,bonferroni,0.00425531914893617,0.0425531914893617,0.18181818181818182,0.5454545454545454,0.6,0.5714285714285713,981.1111111111111,1127.2
"gradual, Δ=0.5, ρ=0.3, scattered",1059,gradual,0.5,0.3,scattered,MeanShift(1),остатки,bh_window,0.00425531914893617,0.0425531914893617,0.18181818181818182,0.6363636363636364,0.7,0.6666666666666666,870.0,1027.2
"gradual, Δ=0.5, ρ=0.3, scattered",1059,gradual,0.5,0.3,scattered,MeanShift(3),сырые,uncorrected,0.07659574468085106,0.3829787234042553,0.7346938775510204,0.20408163265306123,1.0,0.3389830508474576,487.2,487.2
"gradual, Δ=0.5, ρ=0.3, scattered",1059,gradual,0.5,0.3,scattered,MeanShift(3),сырые,bonferroni,0.002127659574468085,0.02127659574468085,0.14285714285714285,0.2857142857142857,0.2,0.23529411764705882,1471.1666666666667,1677.2
"gradual, Δ=0.5, ρ=0.3, scattered",1059,gradual,0.5,0.3,scattered,MeanShift(3),сырые,bh_window,0.002127659574468085,0.02127659574468085,0.125,0.25,0.2,0.22222222222222224,1340.4285714285713,1597.2
"gradual, Δ=0.5, ρ=0.3, scattered",1059,gradual,0.5,0.3,scattered,MeanShift(3),сырые,LORD++,0.0,0.0,0.0,,0.0,0.0,,2217.2
"gradual, Δ=0.5, ρ=0.3, scattered",1059,gradual,0.5,0.3,scattered,MeanShift(3),остатки,bonferroni,0.002127659574468085,0.02127659574468085,0.1,0.7,0.7,0.7,1035.3333333333333,1057.2
"gradual, Δ=0.5, ρ=0.3, scattered",1059,gradual,0.5,0.3,scattered,MeanShift(3),остатки,bh_window,0.002127659574468085,0.02127659574468085,0.09090909090909091,0.7272727272727273,0.8,0.761904761904762,1017.2,1017.2
"gradual, Δ=0.5, ρ=0.3, scattered",1059,gradual,0.5,0.3,scattered,PH river по умолчанию,сырые,порог,0.6531914893617021,0.9574468085106383,0.9388379204892966,0.03058103975535168,1.0,0.05934718100890208,247.2,247.2
"gradual, Δ=0.5, ρ=0.3, clustered",1060,gradual,0.5,0.3,clustered,PH,сырые,uncorrected,0.19361702127659575,0.46808510638297873,0.8921568627450981,0.09803921568627451,1.0,0.17857142857142855,430.0,430.0
"gradual, Δ=0.5, ρ=0.3, clustered",1060,gradual,0.5,0.3,clustered,PH,сырые,bonferroni,0.006382978723404255,0.06382978723404255,0.3,0.5,0.5,0.5,847.2857142857143,900.0
"gradual, Δ=0.5, ρ=0.3, clustered",1060,gradual,0.5,0.3,clustered,PH,сырые,bh_window,0.04468085106382979,0.0851063829787234,0.75,0.25,0.7,0.3684210526315789,861.5714285714286,910.0
"gradual, Δ=0.5, ρ=0.3, clustered",1060,gradual,0.5,0.3,clustered,PH,сырые,LORD++,0.0,0.0,0.0,,0.0,0.0,,1970.0
"gradual, Δ=0.5, ρ=0.3, clustered",1060,gradual,0.5,0.3,clustered,PH,остатки,bonferroni,0.002127659574468085,0.02127659574468085,0.1111111111111111,0.8888888888888888,0.8,0.8421052631578948,656.75,730.0
"gradual, Δ=0.5, ρ=0.3, clustered",1060,gradual,0.5,0.3,clustered,PH,остатки,bh_window,0.002127659574468085,0.02127659574468085,0.1111111111111111,0.8888888888888888,0.8,0.8421052631578948,631.75,710.0
"gradual, Δ=0.5, ρ=0.3, clustered",1060,gradual,0.5,0.3,clustered,KS,сырые,uncorrected,0.14042553191489363,0.574468085106383,0.8571428571428571,0.11688311688311688,0.9,0.2068965517241379,575.2222222222222,620.0
"gradual, Δ=0.5, ρ=0.3, clustered",1060,gradual,0.5,0.3,clustered,KS,сырые,bonferroni,0.006382978723404255,0.06382978723404255,0.2727272727272727,0.45454545454545453,0.5,0.47619047619047616,856.75,890.0
"gradual, Δ=0.5, ρ=0.3, clustered",1060,gradual,0.5,0.3,clustered,KS,сырые,bh_window,0.006382978723404255,0.06382978723404255,0.2727272727272727,0.5454545454545454,0.6,0.5714285714285713,844.25,880.0
"gradual, Δ=0.5, ρ=0.3, clustered",1060,gradual,0.5,0.3,clustered,KS,сырые,LORD++,0.0,0.0,0.0,0.0,0.0,0.0,1367.0,1350.0
"gradual, Δ=0.5, ρ=0.3, clustered",1060,gradual,0.5,0.3,clustered,KS,остатки,bonferroni,0.002127659574468085,0.02127659574468085,0.1111111111111111,0.6666666666666666,0.6,0.631578947368421,794.25,840.0
"gradual, Δ=0.5, ρ=0.3, clustered",1060,gradual,0.5,0.3,clustered,KS,остатки,bh_window,0.010638297872340425,0.06382978723404255,0.38461538461538464,0.6153846153846154,0.8,0.6956521739130435,731.75,790.0
"gradual, Δ=0.5, ρ=0.3, clustered",1060,gradual,0.5,0.3,clustered,ADWIN,сырые,uncorrected,0.32340425531914896,0.8723404255319149,0.9101796407185628,0.05389221556886228,0.9,0.1016949152542373,500.0,500.0
"gradual, Δ=0.5, ρ=0.3, clustered",1060,gradual,0.5,0.3,clustered,ADWIN,сырые,bonferroni,0.019148936170212766,0.14893617021276595,0.5625,0.375,0.6,0.4615384615384615,675.8571428571429,780.0
"gradual, Δ=0.5, ρ=0.3, clustered",1060,gradual,0.5,0.3,clustered,ADWIN,сырые,bh_window,0.03404255319148936,0.19148936170212766,0.6956521739130435,0.2608695652173913,0.6,0.36363636363636365,675.8571428571429,780.0
"gradual, Δ=0.5, ρ=0.3, clustered",1060,gradual,0.5,0.3,clustered,ADWIN,сырые,LORD++,0.00425531914893617,0.0425531914893617,0.25,0.625,0.5,0.5555555555555556,1051.3333333333333,1040.0
"gradual, Δ=0.5, ρ=0.3, clustered",1060,gradual,0.5,0.3,clustered,ADWIN,остатки,bonferroni,0.019148936170212766,0.1702127659574468,0.5294117647058824,0.47058823529411764,0.8,0.5925925925925927,631.75,710.0
"gradual, Δ=0.5, ρ=0.3, clustered",1060,gradual,0.5,0.3,clustered,ADWIN,остатки,bh_window,0.031914893617021274,0.2127659574468085,0.6521739130434783,0.34782608695652173,0.8,0.48484848484848486,569.25,660.0
"gradual, Δ=0.5, ρ=0.3, clustered",1060,gradual,0.5,0.3,clustered,MeanShift(1),сырые,uncorrected,0.3659574468085106,0.6170212765957447,0.9347826086956522,0.05434782608695652,1.0,0.10309278350515463,430.0,430.0
"gradual, Δ=0.5, ρ=0.3, clustered",1060,gradual,0.5,0.3,clustered,MeanShift(1),сырые,bonferroni,0.01276595744680851,0.0851063829787234,0.46153846153846156,0.38461538461538464,0.5,0.4347826086956522,947.2857142857143,970.0
"gradual, Δ=0.5, ρ=0.3, clustered",1060,gradual,0.5,0.3,clustered,MeanShift(1),сырые,bh_window,0.05531914893617021,0.10638297872340426,0.7222222222222222,0.25,0.9,0.391304347826087,720.0,720.0
"gradual, Δ=0.5, ρ=0.3, clustered",1060,gradual,0.5,0.3,clustered,MeanShift(1),сырые,LORD++,0.0,0.0,0.0,,0.0,0.0,,1970.0
"gradual, Δ=0.5, ρ=0.3, clustered",1060,gradual,0.5,0.3,clustered,MeanShift(1),остатки,bonferroni,0.002127659574468085,0.02127659574468085,0.1111111111111111,0.6666666666666666,0.6,0.631578947368421,706.75,770.0
"gradual, Δ=0.5, ρ=0.3, clustered",1060,gradual,0.5,0.3,clustered,MeanShift(1),остатки,bh_window,0.006382978723404255,0.0425531914893617,0.2727272727272727,0.7272727272727273,0.8,0.761904761904762,581.75,670.0
"gradual, Δ=0.5, ρ=0.3, clustered",1060,gradual,0.5,0.3,clustered,MeanShift(3),сырые,uncorrected,0.2425531914893617,0.6170212765957447,0.9193548387096774,0.08064516129032258,1.0,0.1492537313432836,480.0,480.0
"gradual, Δ=0.5, ρ=0.3, clustered",1060,gradual,0.5,0.3,clustered,MeanShift(3),сырые,bonferroni,0.006382978723404255,0.06382978723404255,0.3333333333333333,0.5555555555555556,0.5,0.5263157894736842,985.6666666666666,1190.0
"gradual, Δ=0.5, ρ=0.3, clustered",1060,gradual,0.5,0.3,clustered,MeanShift(3),сырые,bh_window,0.006382978723404255,0.0425531914893617,0.3333333333333333,0.6666666666666666,0.6,0.631578947368421,702.3333333333334,1020.0
"gradual, Δ=0.5, ρ=0.3, clustered",1060,gradual,0.5,0.3,clustered,MeanShift(3),сырые,LORD++,0.0,0.0,0.0,,0.0,0.0,,1970.0
"gradual, Δ=0.5, ρ=0.3, clustered",1060,gradual,0.5,0.3,clustered,MeanShift(3),остатки,bonferroni,0.0,0.0,0.0,1.0,0.8,0.888888888888889,706.75,770.0
"gradual, Δ=0.5, ρ=0.3, clustered",1060,gradual,0.5,0.3,clustered,MeanShift(3),остатки,bh_window,0.0,0.0,0.0,1.0,0.8,0.888888888888889,681.75,750.0
"gradual, Δ=0.5, ρ=0.3, clustered",1060,gradual,0.5,0.3,clustered,PH river по умолчанию,сырые,порог,0.8,0.8723404255319149,0.9591836734693877,0.025510204081632654,1.0,0.04975124378109453,310.0,310.0
"gradual, Δ=0.5, ρ=0.3, clustered",1061,gradual,0.5,0.3,clustered,PH,сырые,uncorrected,0.07659574468085106,0.48936170212765956,0.7659574468085106,0.2127659574468085,1.0,0.3508771929824561,536.5,536.5
"gradual, Δ=0.5, ρ=0.3, clustered",1061,gradual,0.5,0.3,clustered,PH,сырые,bonferroni,0.0,0.0,0.0,0.5714285714285714,0.4,0.47058823529411764,1076.142857142857,1696.5
"gradual, Δ=0.5, ρ=0.3, clustered",1061,gradual,0.5,0.3,clustered,PH,сырые,bh_window,0.0,0.0,0.0,0.5,0.4,0.4444444444444445,1135.875,1516.5
"gradual, Δ=0.5, ρ=0.3, clustered",1061,gradual,0.5,0.3,clustered,PH,сырые,LORD++,0.0,0.0,0.0,,0.0,0.0,,3196.5
"gradual, Δ=0.5, ρ=0.3, clustered",1061,gradual,0.5,0.3,clustered,PH,остатки,bonferroni,0.0,0.0,0.0,1.0,0.9,0.9473684210526316,691.7777777777778,926.5
"gradual, Δ=0.5, ρ=0.3, clustered",1061,gradual,0.5,0.3,clustered,PH,остатки,bh_window,0.0,0.0,0.0,1.0,0.9,0.9473684210526316,658.4444444444445,896.5
"gradual, Δ=0.5, ρ=0.3, clustered",1061,gradual,0.5,0.3,clustered,KS,сырые,uncorrected,0.21063829787234042,0.7659574468085106,0.8918918918918919,0.09009009009009009,1.0,0.1652892561983471,536.5,536.5
"gradual, Δ=0.5, ρ=0.3, clustered",1061,gradual,0.5,0.3,clustered,KS,сырые,bonferroni,0.00425531914893617,0.02127659574468085,0.2222222222222222,0.4444444444444444,0.4,0.4210526315789474,1190.4285714285713,1776.5
"gradual, Δ=0.5, ρ=0.3, clustered",1061,gradual,0.5,0.3,clustered,KS,сырые,bh_window,0.00425531914893617,0.02127659574468085,0.2,0.4,0.4,0.4000000000000001,1209.0,1606.5
"gradual, Δ=0.5, ρ=0.3, clustered",1061,gradual,0.5,0.3,clustered,KS,сырые,LORD++,0.0,0.0,0.0,,0.0,0.0,,3196.5
"gradual, Δ=0.5, ρ=0.3, clustered",1061,gradual,0.5,0.3,clustered,KS,остатки,bonferroni,0.00425531914893617,0.0425531914893617,0.18181818181818182,0.6363636363636364,0.7,0.6666666666666666,925.1111111111111,1136.5
"gradual, Δ=0.5, ρ=0.3, clustered",1061,gradual,0.5,0.3,clustered,KS,остатки,bh_window,0.00425531914893617,0.0425531914893617,0.18181818181818182,0.8181818181818182,0.9,0.8571428571428572,714.0,946.5
"gradual, Δ=0.5, ρ=0.3, clustered",1061,gradual,0.5,0.3,clustered,ADWIN,сырые,uncorrected,0.2702127659574468,0.8723404255319149,0.8943661971830986,0.06338028169014084,0.9,0.11842105263157894,536.5,536.5
"gradual, Δ=0.5, ρ=0.3, clustered",1061,gradual,0.5,0.3,clustered,ADWIN,сырые,bonferroni,0.01702127659574468,0.1276595744680851,0.4444444444444444,0.2222222222222222,0.4,0.2857142857142857,1296.5,1296.5
"gradual, Δ=0.5, ρ=0.3, clustered",1061,gradual,0.5,0.3,clustered,ADWIN,сырые,bh_window,0.019148936170212766,0.1276595744680851,0.47368421052631576,0.3157894736842105,0.6,0.41379310344827586,1046.5,1046.5
"gradual, Δ=0.5, ρ=0.3, clustered",1061,gradual,0.5,0.3,clustered,ADWIN,сырые,LORD++,0.0,0.0,0.0,,0.0,0.0,,3196.5
"gradual, Δ=0.5, ρ=0.3, clustered",1061,gradual,0.5,0.3,clustered,ADWIN,остатки,bonferroni,0.01702127659574468,0.1702127659574468,0.47058823529411764,0.5294117647058824,0.9,0.6666666666666667,614.0,856.5
"gradual, Δ=0.5, ρ=0.3, clustered",1061,gradual,0.5,0.3,clustered,ADWIN,остатки,bh_window,0.019148936170212766,0.1702127659574468,0.5,0.5,0.9,0.6428571428571429,580.6666666666666,826.5
"gradual, Δ=0.5, ρ=0.3, clustered",1061,gradual,0.5,0.3,clustered,MeanShift(1),сырые,uncorrected,0.1829787234042553,0.5957446808510638,0.8349514563106796,0.0970873786407767,1.0,0.17699115044247787,406.5,406.5
"gradual, Δ=0.5, ρ=0.3, clustered",1061,gradual,0.5,0.3,clustered,MeanShift(1),сырые,bonferroni,0.0,0.0,0.0,0.5714285714285714,0.4,0.47058823529411764,1090.4285714285713,1706.5
"gradual, Δ=0.5, ρ=0.3, clustered",1061,gradual,0.5,0.3,clustered,MeanShift(1),сырые,bh_window,0.00425531914893617,0.0425531914893617,0.2,0.5,0.5,0.5,910.875,1336.5
"gradual, Δ=0.5, ρ=0.3, clustered",1061,gradual,0.5,0.3,clustered,MeanShift(1),сырые,LORD++,0.0,0.0,0.0,,0.0,0.0,,3196.5
"gradual, Δ=0.5, ρ=0.3, clustered",1061,gradual,0.5,0.3,clustered,MeanShift(1),остатки,bonferroni,0.002127659574468085,0.02127659574468085,0.1,0.7,0.7,0.7,791.7777777777778,1016.5
"gradual, Δ=0.5, ρ=0.3, clustered",1061,gradual,0.5,0.3,clustered,MeanShift(1),остатки,bh_window,0.00425531914893617,0.02127659574468085,0.18181818181818182,0.5454545454545454,0.6,0.5714285714285713,791.7777777777778,1016.5
"gradual, Δ=0.5, ρ=0.3, clustered",1061,gradual,0.5,0.3,clustered,MeanShift(3),сырые,uncorrected,0.09787234042553192,0.40425531914893614,0.7540983606557377,0.16393442622950818,1.0,0.28169014084507044,476.5,476.5
"gradual, Δ=0.5, ρ=0.3, clustered",1061,gradual,0.5,0.3,clustered,MeanShift(3),сырые,bonferroni,0.0,0.0,0.0,0.3333333333333333,0.3,0.3157894736842105,1414.0,1576.5
"gradual, Δ=0.5, ρ=0.3, clustered",1061,gradual,0.5,0.3,clustered,MeanShift(3),сырые,bh_window,0.0,0.0,0.0,0.4,0.4,0.4000000000000001,1256.5,1256.5
"gradual, Δ=0.5, ρ=0.3, clustered",1061,gradual,0.5,0.3,clustered,MeanShift(3),сырые,LORD++,0.0,0.0,0.0,,0.0,0.0,,3196.5
"gradual, Δ=0.5, ρ=0.3, clustered",1061,gradual,0.5,0.3,clustered,MeanShift(3),остатки,bonferroni,0.0,0.0,0.0,0.7777777777777778,0.7,0.7368421052631577,858.4444444444445,1076.5
"gradual, Δ=0.5, ρ=0.3, clustered",1061,gradual,0.5,0.3,clustered,MeanShift(3),остатки,bh_window,0.0,0.0,0.0,1.0,0.9,0.9473684210526316,602.8888888888889,846.5
"gradual, Δ=0.5, ρ=0.3, clustered",1061,gradual,0.5,0.3,clustered,PH river по умолчанию,сырые,порог,0.5148936170212766,0.851063829787234,0.9236641221374046,0.03816793893129771,1.0,0.07352941176470588,276.5,276.5
"gradual, Δ=0.5, ρ=0.3, clustered",1062,gradual,0.5,0.3,clustered,PH,сырые,uncorrected,0.15106382978723404,0.5319148936170213,0.8658536585365854,0.10975609756097561,0.9,0.1956521739130435,562.0,562.0
"gradual, Δ=0.5, ρ=0.3, clustered",1062,gradual,0.5,0.3,clustered,PH,сырые,bonferroni,0.0,0.0,0.0,0.75,0.6,0.6666666666666665,874.5,1092.0
"gradual, Δ=0.5, ρ=0.3, clustered",1062,gradual,0.5,0.3,clustered,PH,сырые,bh_window,0.03404255319148936,0.0425531914893617,0.6153846153846154,0.3076923076923077,0.8,0.4444444444444444,862.0,862.0
"gradual, Δ=0.5, ρ=0.3, clustered",1062,gradual,0.5,0.3,clustered,PH,сырые,LORD++,0.0,0.0,0.0,,0.0,0.0,,1962.0
"gradual, Δ=0.5, ρ=0.3, clustered",1062,gradual,0.5,0.3,clustered,PH,остатки,bonferroni,0.0,0.0,0.0,0.7142857142857143,0.5,0.588235294117647,865.7142857142857,1122.0
"gradual, Δ=0.5, ρ=0.3, clustered",1062,gradual,0.5,0.3,clustered,PH,остатки,bh_window,0.0,0.0,0.0,0.875,0.7,0.7777777777777777,768.5,862.0
"gradual, Δ=0.5, ρ=0.3, clustered",1062,gradual,0.5,0.3,clustered,KS,сырые,uncorrected,0.15319148936170213,0.7021276595744681,0.8372093023255814,0.11627906976744186,1.0,0.20833333333333334,492.0,492.0
"gradual, Δ=0.5, ρ=0.3, clustered",1062,gradual,0.5,0.3,clustered,KS,сырые,bonferroni,0.002127659574468085,0.02127659574468085,0.1111111111111111,0.6666666666666666,0.6,0.631578947368421,912.0,1122.0
"gradual, Δ=0.5, ρ=0.3, clustered",1062,gradual,0.5,0.3,clustered,KS,сырые,bh_window,0.029787234042553193,0.0425531914893617,0.5833333333333334,0.2916666666666667,0.7,0.4117647058823529,972.0,972.0
"gradual, Δ=0.5, ρ=0.3, clustered",1062,gradual,0.5,0.3,clustered,KS,сырые,LORD++,0.0,0.0,0.0,0.0,0.0,0.0,1488.0,1842.0
"gradual, Δ=0.5, ρ=0.3, clustered",1062,gradual,0.5,0.3,clustered,KS,остатки,bonferroni,0.0,0.0,0.0,0.75,0.6,0.6666666666666665,874.5,1092.0
"gradual, Δ=0.5, ρ=0.3, clustered",1062,gradual,0.5,0.3,clustered,KS,остатки,bh_window,0.002127659574468085,0.02127659574468085,0.1,0.6,0.6,0.6,987.1111111111111,1012.0
"gradual, Δ=0.5, ρ=0.3, clustered",1062,gradual,0.5,0.3,clustered,ADWIN,сырые,uncorrected,0.27872340425531916,0.9361702127659575,0.9097222222222222,0.0625,0.9,0.11688311688311688,582.0,582.0
"gradual, Δ=0.5, ρ=0.3, clustered",1062,gradual,0.5,0.3,clustered,ADWIN,сырые,bonferroni,0.00851063829787234,0.0851063829787234,0.2857142857142857,0.5714285714285714,0.8,0.6666666666666666,872.0,872.0
"gradual, Δ=0.5, ρ=0.3, clustered",1062,gradual,0.5,0.3,clustered,ADWIN,сырые,bh_window,0.00851063829787234,0.0851063829787234,0.2857142857142857,0.5714285714285714,0.8,0.6666666666666666,802.0,802.0
"gradual, Δ=0.5, ρ=0.3, clustered",1062,gradual,0.5,0.3,clustered,ADWIN,сырые,LORD++,0.002127659574468085,0.02127659574468085,0.1,0.4,0.4,0.4000000000000001,1253.7777777777778,1252.0
"gradual, Δ=0.5, ρ=0.3, clustered",1062,gradual,0.5,0.3,clustered,ADWIN,остатки,bonferroni,0.010638297872340425,0.10638297872340426,0.35714285714285715,0.5714285714285714,0.8,0.6666666666666666,698.2222222222222,752.0
"gradual, Δ=0.5, ρ=0.3, clustered",1062,gradual,0.5,0.3,clustered,ADWIN,остатки,bh_window,0.010638297872340425,0.10638297872340426,0.3333333333333333,0.6,0.9,0.7200000000000001,692.0,692.0
"gradual, Δ=0.5, ρ=0.3, clustered",1062,gradual,0.5,0.3,clustered,MeanShift(1),сырые,uncorrected,0.32127659574468087,0.8085106382978723,0.9096385542168675,0.060240963855421686,1.0,0.11363636363636363,342.0,342.0
"gradual, Δ=0.5, ρ=0.3, clustered",1062,gradual,0.5,0.3,clustered,MeanShift(1),сырые,bonferroni,0.00851063829787234,0.0851063829787234,0.3333333333333333,0.5,0.6,0.5454545454545454,824.5,1052.0
"gradual, Δ=0.5, ρ=0.3, clustered",1062,gradual,0.5,0.3,clustered,MeanShift(1),сырые,bh_window,0.019148936170212766,0.10638297872340426,0.47368421052631576,0.3684210526315789,0.7,0.48275862068965514,782.0,782.0
"gradual, Δ=0.5, ρ=0.3, clustered",1062,gradual,0.5,0.3,clustered,MeanShift(1),сырые,LORD++,0.0,0.0,0.0,,0.0,0.0,,1962.0
"gradual, Δ=0.5, ρ=0.3, clustered",1062,gradual,0.5,0.3,clustered,MeanShift(1),остатки,bonferroni,0.00425531914893617,0.0425531914893617,0.2,0.5,0.5,0.5,924.5,1132.0
"gradual, Δ=0.5, ρ=0.3, clustered",1062,gradual,0.5,0.3,clustered,MeanShift(1),остатки,bh_window,0.00425531914893617,0.0425531914893617,0.15384615384615385,0.6153846153846154,0.8,0.6956521739130435,792.0,792.0
"gradual, Δ=0.5, ρ=0.3, clustered",1062,gradual,0.5,0.3,clustered,MeanShift(3),сырые,uncorrected,0.225531914893617,0.5957446808510638,0.8833333333333333,0.08333333333333333,1.0,0.15384615384615385,422.0,422.0
"gradual, Δ=0.5, ρ=0.3, clustered",1062,gradual,0.5,0.3,clustered,MeanShift(3),сырые,bonferroni,0.00851063829787234,0.06382978723404255,0.3076923076923077,0.5384615384615384,0.7,0.608695652173913,876.0,912.0
"gradual, Δ=0.5, ρ=0.3, clustered",1062,gradual,0.5,0.3,clustered,MeanShift(3),сырые,bh_window,0.04042553191489362,0.06382978723404255,0.6551724137931034,0.27586206896551724,0.8,0.4102564102564103,782.0,782.0
"gradual, Δ=0.5, ρ=0.3, clustered",1062,gradual,0.5,0.3,clustered,MeanShift(3),сырые,LORD++,0.0,0.0,0.0,0.0,0.0,0.0,1488.0,1722.0
"gradual, Δ=0.5, ρ=0.3, clustered",1062,gradual,0.5,0.3,clustered,MeanShift(3),остатки,bonferroni,0.002127659574468085,0.02127659574468085,0.1111111111111111,0.7777777777777778,0.7,0.7368421052631577,818.5,902.0
"gradual, Δ=0.5, ρ=0.3, clustered",1062,gradual,0.5,0.3,clustered,MeanShift(3),остатки,bh_window,0.002127659574468085,0.02127659574468085,0.1111111111111111,0.7777777777777778,0.7,0.7368421052631577,818.5,902.0
"gradual, Δ=0.5, ρ=0.3, clustered",1062,gradual,0.5,0.3,clustered,PH river по умолчанию,сырые,порог,0.7191489361702128,0.9574468085106383,0.949438202247191,0.028089887640449437,1.0,0.0546448087431694,272.0,272.0
"gradual, Δ=0.5, ρ=0.3, clustered",1063,gradual,0.5,0.3,clustered,PH,сырые,uncorrected,0.14468085106382977,0.5319148936170213,0.8395061728395061,0.12345679012345678,1.0,0.21978021978021975,427.0,427.0
"gradual, Δ=0.5, ρ=0.3, clustered",1063,gradual,0.5,0.3,clustered,PH,сырые,bonferroni,0.002127659574468085,0.02127659574468085,0.1111111111111111,0.6666666666666666,0.6,0.631578947368421,933.75,957.0
"gradual, Δ=0.5, ρ=0.3, clustered",1063,gradual,0.5,0.3,clustered,PH,сырые,bh_window,0.002127659574468085,0.02127659574468085,0.1,0.8,0.8,0.8000000000000002,835.5555555555555,857.0
"gradual, Δ=0.5, ρ=0.3, clustered",1063,gradual,0.5,0.3,clustered,PH,сырые,LORD++,0.0,0.0,0.0,,0.0,0.0,,1707.0
"gradual, Δ=0.5, ρ=0.3, clustered",1063,gradual,0.5,0.3,clustered,PH,остатки,bonferroni,0.0,0.0,0.0,0.8333333333333334,0.5,0.625,759.3333333333334,1007.0
"gradual, Δ=0.5, ρ=0.3, clustered",1063,gradual,0.5,0.3,clustered,PH,остатки,bh_window,0.0,0.0,0.0,0.8333333333333334,0.5,0.625,726.0,987.0
"gradual, Δ=0.5, ρ=0.3, clustered",1063,gradual,0.5,0.3,clustered,KS,сырые,uncorrected,0.15319148936170213,0.6382978723404256,0.8571428571428571,0.11904761904761904,1.0,0.21276595744680848,527.0,527.0
"gradual, Δ=0.5, ρ=0.3, clustered",1063,gradual,0.5,0.3,clustered,KS,сырые,bonferroni,0.002127659574468085,0.02127659574468085,0.1111111111111111,0.5555555555555556,0.5,0.5263157894736842,946.25,967.0
"gradual, Δ=0.5, ρ=0.3, clustered",1063,gradual,0.5,0.3,clustered,KS,сырые,bh_window,0.002127659574468085,0.02127659574468085,0.1111111111111111,0.7777777777777778,0.7,0.7368421052631577,733.75,797.0
"gradual, Δ=0.5, ρ=0.3, clustered",1063,gradual,0.5,0.3,clustered,KS,сырые,LORD++,0.0,0.0,0.0,0.3333333333333333,0.1,0.15384615384615383,959.3333333333334,1417.0
"gradual, Δ=0.5, ρ=0.3, clustered",1063,gradual,0.5,0.3,clustered,KS,остатки,bonferroni,0.006382978723404255,0.06382978723404255,0.375,0.5,0.4,0.4444444444444445,858.4,1217.0
"gradual, Δ=0.5, ρ=0.3, clustered",1063,gradual,0.5,0.3,clustered,KS,остатки,bh_window,0.00851063829787234,0.06382978723404255,0.4,0.4,0.4,0.4000000000000001,976.0,1137.0
"gradual, Δ=0.5, ρ=0.3, clustered",1063,gradual,0.5,0.3,clustered,ADWIN,сырые,uncorrected,0.2872340425531915,0.851063829787234,0.9183673469387755,0.061224489795918366,0.9,0.11464968152866242,517.0,517.0
"gradual, Δ=0.5, ρ=0.3, clustered",1063,gradual,0.5,0.3,clustered,ADWIN,сырые,bonferroni,0.019148936170212766,0.14893617021276595,0.5294117647058824,0.35294117647058826,0.6,0.4444444444444445,908.75,937.0
"gradual, Δ=0.5, ρ=0.3, clustered",1063,gradual,0.5,0.3,clustered,ADWIN,сырые,bh_window,0.019148936170212766,0.14893617021276595,0.5,0.3333333333333333,0.6,0.42857142857142855,835.5555555555555,857.0
"gradual, Δ=0.5, ρ=0.3, clustered",1063,gradual,0.5,0.3,clustered,ADWIN,сырые,LORD++,0.002127659574468085,0.02127659574468085,0.14285714285714285,0.42857142857142855,0.3,0.3529411764705882,1176.0,1257.0
"gradual, Δ=0.5, ρ=0.3, clustered",1063,gradual,0.5,0.3,clustered,ADWIN,остатки,bonferroni,0.029787234042553193,0.2765957446808511,0.7368421052631579,0.21052631578947367,0.4,0.27586206896551724,698.4,1137.0
"gradual, Δ=0.5, ρ=0.3, clustered",1063,gradual,0.5,0.3,clustered,ADWIN,остатки,bh_window,0.031914893617021274,0.2765957446808511,0.75,0.2,0.4,0.26666666666666666,678.4,1127.0
"gradual, Δ=0.5, ρ=0.3, clustered",1063,gradual,0.5,0.3,clustered,MeanShift(1),сырые,uncorrected,0.34893617021276596,0.7446808510638298,0.9111111111111111,0.05555555555555555,1.0,0.10526315789473684,387.0,387.0
"gradual, Δ=0.5, ρ=0.3, clustered",1063,gradual,0.5,0.3,clustered,MeanShift(1),сырые,bonferroni,0.006382978723404255,0.06382978723404255,0.3,0.5,0.5,0.5,829.4285714285714,1027.0
"gradual, Δ=0.5, ρ=0.3, clustered",1063,gradual,0.5,0.3,clustered,MeanShift(1),сырые,bh_window,0.04468085106382979,0.1276595744680851,0.6774193548387096,0.25806451612903225,0.8,0.3902439024390244,847.0,847.0
"gradual, Δ=0.5, ρ=0.3, clustered",1063,gradual,0.5,0.3,clustered,MeanShift(1),сырые,LORD++,0.0,0.0,0.0,,0.0,0.0,,1707.0
"gradual, Δ=0.5, ρ=0.3, clustered",1063,gradual,0.5,0.3,clustered,MeanShift(1),остатки,bonferroni,0.00425531914893617,0.0425531914893617,0.25,0.5,0.4,0.4444444444444445,1028.3333333333333,1037.0
"gradual, Δ=0.5, ρ=0.3, clustered",1063,gradual,0.5,0.3,clustered,MeanShift(1),остатки,bh_window,0.00425531914893617,0.0425531914893617,0.25,0.625,0.5,0.5555555555555556,695.0,837.0
"gradual, Δ=0.5, ρ=0.3, clustered",1063,gradual,0.5,0.3,clustered,MeanShift(3),сырые,uncorrected,0.20638297872340425,0.5957446808510638,0.8818181818181818,0.09090909090909091,1.0,0.16666666666666669,497.0,497.0
"gradual, Δ=0.5, ρ=0.3, clustered",1063,gradual,0.5,0.3,clustered,MeanShift(3),сырые,bonferroni,0.00425531914893617,0.0425531914893617,0.2222222222222222,0.6666666666666666,0.6,0.631578947368421,902.8571428571429,947.0
"gradual, Δ=0.5, ρ=0.3, clustered",1063,gradual,0.5,0.3,clustered,MeanShift(3),сырые,bh_window,0.02127659574468085,0.0851063829787234,0.5555555555555556,0.4444444444444444,0.8,0.5714285714285714,583.75,677.0
"gradual, Δ=0.5, ρ=0.3, clustered",1063,gradual,0.5,0.3,clustered,MeanShift(3),сырые,LORD++,0.0,0.0,0.0,,0.0,0.0,,1707.0
"gradual, Δ=0.5, ρ=0.3, clustered",1063,gradual,0.5,0.3,clustered,MeanShift(3),остатки,bonferroni,0.0,0.0,0.0,0.7142857142857143,0.5,0.588235294117647,945.7142857142857,977.0
"gradual, Δ=0.5, ρ=0.3, clustered",1063,gradual,0.5,0.3,clustered,MeanShift(3),остатки,bh_window,0.002127659574468085,0.02127659574468085,0.1111111111111111,0.6666666666666666,0.6,0.631578947368421,933.75,957.0
"gradual, Δ=0.5, ρ=0.3, clustered",1063,gradual,0.5,0.3,clustered,PH river по умолчанию,сырые,порог,0.8702127659574468,0.9787234042553191,0.955607476635514,0.02336448598130841,1.0,0.045662100456621,267.0,267.0
"gradual, Δ=0.5, ρ=0.6, scattered",1065,gradual,0.5,0.6,scattered,PH,сырые,uncorrected,0.03829787234042553,0.19148936170212766,0.5806451612903226,0.3225806451612903,1.0,0.4878048780487805,440.9,440.9
"gradual, Δ=0.5, ρ=0.6, scattered",1065,gradual,0.5,0.6,scattered,PH,сырые,bonferroni,0.0,0.0,0.0,0.5,0.3,0.37499999999999994,935.3333333333334,1190.9
"gradual, Δ=0.5, ρ=0.6, scattered",1065,gradual,0.5,0.6,scattered,PH,сырые,bh_window,0.0,0.0,0.0,0.7142857142857143,0.5,0.588235294117647,878.5714285714286,1010.9
"gradual, Δ=0.5, ρ=0.6, scattered",1065,gradual,0.5,0.6,scattered,PH,сырые,LORD++,0.0,0.0,0.0,,0.0,0.0,,1870.9
"gradual, Δ=0.5, ρ=0.6, scattered",1065,gradual,0.5,0.6,scattered,PH,остатки,bonferroni,0.002127659574468085,0.02127659574468085,0.1111111111111111,0.7777777777777778,0.7,0.7368421052631577,655.875,770.9
"gradual, Δ=0.5, ρ=0.6, scattered",1065,gradual,0.5,0.6,scattered,PH,остатки,bh_window,0.002127659574468085,0.02127659574468085,0.09090909090909091,0.7272727272727273,0.8,0.761904761904762,680.9,680.9
"gradual, Δ=0.5, ρ=0.6, scattered",1065,gradual,0.5,0.6,scattered,KS,сырые,uncorrected,0.031914893617021274,0.2127659574468085,0.6,0.4,1.0,0.5714285714285715,570.9,570.9
"gradual, Δ=0.5, ρ=0.6, scattered",1065,gradual,0.5,0.6,scattered,KS,сырые,bonferroni,0.0,0.0,0.0,0.6666666666666666,0.4,0.5,984.6666666666666,1200.9
"gradual, Δ=0.5, ρ=0.6, scattered",1065,gradual,0.5,0.6,scattered,KS,сырые,bh_window,0.0,0.0,0.0,0.5,0.4,0.4444444444444445,937.75,1000.9
"gradual, Δ=0.5, ρ=0.6, scattered",1065,gradual,0.5,0.6,scattered,KS,сырые,LORD++,0.0,0.0,0.0,,0.0,0.0,,1870.9
"gradual, Δ=0.5, ρ=0.6, scattered",1065,gradual,0.5,0.6,scattered,KS,остатки,bonferroni,0.00425531914893617,0.0425531914893617,0.16666666666666666,0.8333333333333334,1.0,0.9090909090909091,700.9,700.9
"gradual, Δ=0.5, ρ=0.6, scattered",1065,gradual,0.5,0.6,scattered,KS,остатки,bh_window,0.00425531914893617,0.0425531914893617,0.16666666666666666,0.8333333333333334,1.0,0.9090909090909091,700.9,700.9
"gradual, Δ=0.5, ρ=0.6, scattered",1065,gradual,0.5,0.6,scattered,ADWIN,сырые,uncorrected,0.1851063829787234,0.5531914893617021,0.8877551020408163,0.10204081632653061,1.0,0.1851851851851852,580.9,580.9
"gradual, Δ=0.5, ρ=0.6, scattered",1065,gradual,0.5,0.6,scattered,ADWIN,сырые,bonferroni,0.002127659574468085,0.02127659574468085,0.14285714285714285,0.7142857142857143,0.5,0.588235294117647,734.6666666666666,1050.9
"gradual, Δ=0.5, ρ=0.6, scattered",1065,gradual,0.5,0.6,scattered,ADWIN,сырые,bh_window,0.00425531914893617,0.0425531914893617,0.2222222222222222,0.5555555555555556,0.5,0.5263157894736842,850.0,990.9
"gradual, Δ=0.5, ρ=0.6, scattered",1065,gradual,0.5,0.6,scattered,ADWIN,сырые,LORD++,0.0,0.0,0.0,,0.0,0.0,,1870.9
"gradual, Δ=0.5, ρ=0.6, scattered",1065,gradual,0.5,0.6,scattered,ADWIN,остатки,bonferroni,0.00851063829787234,0.0851063829787234,0.2857142857142857,0.6428571428571429,0.9,0.75,660.9,660.9
"gradual, Δ=0.5, ρ=0.6, scattered",1065,gradual,0.5,0.6,scattered,ADWIN,остатки,bh_window,0.01276595744680851,0.0851063829787234,0.375,0.5625,0.9,0.6923076923076923,650.9,650.9
"gradual, Δ=0.5, ρ=0.6, scattered",1065,gradual,0.5,0.6,scattered,MeanShift(1),сырые,uncorrected,0.2872340425531915,0.44680851063829785,0.9121621621621622,0.06756756756756757,1.0,0.12658227848101267,360.9,360.9
"gradual, Δ=0.5, ρ=0.6, scattered",1065,gradual,0.5,0.6,scattered,MeanShift(1),сырые,bonferroni,0.0,0.0,0.0,0.8,0.4,0.5333333333333333,705.0,1090.9
"gradual, Δ=0.5, ρ=0.6, scattered",1065,gradual,0.5,0.6,scattered,MeanShift(1),сырые,bh_window,0.019148936170212766,0.02127659574468085,0.5625,0.375,0.6,0.4615384615384615,680.5714285714286,850.9
"gradual, Δ=0.5, ρ=0.6, scattered",1065,gradual,0.5,0.6,scattered,MeanShift(1),сырые,LORD++,0.0,0.0,0.0,,0.0,0.0,,1870.9
"gradual, Δ=0.5, ρ=0.6, scattered",1065,gradual,0.5,0.6,scattered,MeanShift(1),остатки,bonferroni,0.002127659574468085,0.02127659574468085,0.1111111111111111,0.6666666666666666,0.6,0.631578947368421,693.375,800.9
"gradual, Δ=0.5, ρ=0.6, scattered",1065,gradual,0.5,0.6,scattered,MeanShift(1),остатки,bh_window,0.002127659574468085,0.02127659574468085,0.1,0.7,0.7,0.7,661.8888888888889,740.9
"gradual, Δ=0.5, ρ=0.6, scattered",1065,gradual,0.5,0.6,scattered,MeanShift(3),сырые,uncorrected,0.11702127659574468,0.3829787234042553,0.8461538461538461,0.15384615384615385,1.0,0.2666666666666667,480.9,480.9
"gradual, Δ=0.5, ρ=0.6, scattered",1065,gradual,0.5,0.6,scattered,MeanShift(3),сырые,bonferroni,0.0,0.0,0.0,0.8333333333333334,0.5,0.625,768.0,1070.9
"gradual, Δ=0.5, ρ=0.6, scattered",1065,gradual,0.5,0.6,scattered,MeanShift(3),сырые,bh_window,0.0,0.0,0.0,0.8571428571428571,0.6,0.7058823529411764,772.1428571428571,1000.9
"gradual, Δ=0.5, ρ=0.6, scattered",1065,gradual,0.5,0.6,scattered,MeanShift(3),сырые,LORD++,0.0,0.0,0.0,,0.0,0.0,,1870.9
"gradual, Δ=0.5, ρ=0.6, scattered",1065,gradual,0.5,0.6,scattered,MeanShift(3),остатки,bonferroni,0.00425531914893617,0.0425531914893617,0.18181818181818182,0.8181818181818182,0.9,0.8571428571428572,639.6666666666666,720.9
"gradual, Δ=0.5, ρ=0.6, scattered",1065,gradual,0.5,0.6,scattered,MeanShift(3),остатки,bh_window,0.00425531914893617,0.0425531914893617,0.16666666666666666,0.8333333333333334,1.0,0.9090909090909091,640.9,640.9
"gradual, Δ=0.5, ρ=0.6, scattered",1065,gradual,0.5,0.6,scattered,PH river по умолчанию,сырые,порог,0.8765957446808511,0.8297872340425532,0.958139534883721,0.023255813953488372,1.0,0.04545454545454545,350.9,350.9
"gradual, Δ=0.5, ρ=0.6, scattered",1064,gradual,0.5,0.6,scattered,PH,сырые,uncorrected,0.13191489361702127,0.3191489361702128,0.8493150684931506,0.136986301369863,1.0,0.24096385542168672,583.6,583.6
"gradual, Δ=0.5, ρ=0.6, scattered",1064,gradual,0.5,0.6,scattered,PH,сырые,bonferroni,0.0,0.0,0.0,0.8571428571428571,0.6,0.7058823529411764,754.1428571428571,1133.6
"gradual, Δ=0.5, ρ=0.6, scattered",1064,gradual,0.5,0.6,scattered,PH,сырые,bh_window,0.0,0.0,0.0,0.7777777777777778,0.7,0.7368421052631577,903.0,1043.6
"gradual, Δ=0.5, ρ=0.6, scattered",1064,gradual,0.5,0.6,scattered,PH,сырые,LORD++,0.0,0.0,0.0,,0.0,0.0,,1923.6
"gradual, Δ=0.5, ρ=0.6, scattered",1064,gradual,0.5,0.6,scattered,PH,остатки,bonferroni,0.0,0.0,0.0,0.8,0.8,0.8000000000000002,643.6,643.6
"gradual, Δ=0.5, ρ=0.6, scattered",1064,gradual,0.5,0.6,scattered,PH,остатки,bh_window,0.002127659574468085,0.02127659574468085,0.08333333333333333,0.6666666666666666,0.8,0.7272727272727272,623.6,623.6
"gradual, Δ=0.5, ρ=0.6, scattered",1064,gradual,0.5,0.6,scattered,KS,сырые,uncorrected,0.17446808510638298,0.48936170212765956,0.8913043478260869,0.08695652173913043,0.8,0.1568627450980392,633.6,633.6
"gradual, Δ=0.5, ρ=0.6, scattered",1064,gradual,0.5,0.6,scattered,KS,сырые,bonferroni,0.0,0.0,0.0,0.7777777777777778,0.7,0.7368421052631577,768.1111111111111,843.6
"gradual, Δ=0.5, ρ=0.6, scattered",1064,gradual,0.5,0.6,scattered,KS,сырые,bh_window,0.0,0.0,0.0,0.7777777777777778,0.7,0.7368421052631577,757.0,833.6
"gradual, Δ=0.5, ρ=0.6, scattered",1064,gradual,0.5,0.6,scattered,KS,сырые,LORD++,0.0,0.0,0.0,0.125,0.1,0.11111111111111112,1563.0,1633.6
"gradual, Δ=0.5, ρ=0.6, scattered",1064,gradual,0.5,0.6,scattered,KS,остатки,bonferroni,0.0,0.0,0.0,0.7777777777777778,0.7,0.7368421052631577,645.8888888888889,733.6
"gradual, Δ=0.5, ρ=0.6, scattered",1064,gradual,0.5,0.6,scattered,KS,остатки,bh_window,0.002127659574468085,0.02127659574468085,0.1,0.7,0.7,0.7,645.8888888888889,733.6
"gradual, Δ=0.5, ρ=0.6, scattered",1064,gradual,0.5,0.6,scattered,ADWIN,сырые,uncorrected,0.3148936170212766,0.6808510638297872,0.9308176100628931,0.06289308176100629,1.0,0.1183431952662722,473.6,473.6
"gradual, Δ=0.5, ρ=0.6, scattered",1064,gradual,0.5,0.6,scattered,ADWIN,сырые,bonferroni,0.00425531914893617,0.0425531914893617,0.16666666666666666,0.5,0.6,0.5454545454545454,1163.6,1163.6
"gradual, Δ=0.5, ρ=0.6, scattered",1064,gradual,0.5,0.6,scattered,ADWIN,сырые,bh_window,0.014893617021276596,0.0851063829787234,0.4117647058823529,0.47058823529411764,0.8,0.5925925925925927,863.6,863.6
"gradual, Δ=0.5, ρ=0.6, scattered",1064,gradual,0.5,0.6,scattered,ADWIN,сырые,LORD++,0.0,0.0,0.0,0.4,0.4,0.4000000000000001,1253.6,1253.6
"gradual, Δ=0.5, ρ=0.6, scattered",1064,gradual,0.5,0.6,scattered,ADWIN,остатки,bonferroni,0.01276595744680851,0.1276595744680851,0.375,0.5625,0.9,0.6923076923076923,573.6,573.6
"gradual, Δ=0.5, ρ=0.6, scattered",1064,gradual,0.5,0.6,scattered,ADWIN,остатки,bh_window,0.02127659574468085,0.1702127659574468,0.5,0.45,0.9,0.6,563.6,563.6
"gradual, Δ=0.5, ρ=0.6, scattered",1064,gradual,0.5,0.6,scattered,MeanShift(1),сырые,uncorrected,0.2574468085106383,0.40425531914893614,0.9029850746268657,0.06716417910447761,0.9,0.125,603.6,603.6
"gradual, Δ=0.5, ρ=0.6, scattered",1064,gradual,0.5,0.6,scattered,MeanShift(1),сырые,bonferroni,0.002127659574468085,0.02127659574468085,0.1111111111111111,0.6666666666666666,0.6,0.631578947368421,800.25,1093.6
"gradual, Δ=0.5, ρ=0.6, scattered",1064,gradual,0.5,0.6,scattered,MeanShift(1),сырые,bh_window,0.09574468085106383,0.02127659574468085,0.8333333333333334,0.09259259259259259,0.5,0.15625,903.4444444444445,923.6
"gradual, Δ=0.5, ρ=0.6, scattered",1064,gradual,0.5,0.6,scattered,MeanShift(1),сырые,LORD++,0.0,0.0,0.0,,0.0,0.0,,1923.6
"gradual, Δ=0.5, ρ=0.6, scattered",1064,gradual,0.5,0.6,scattered,MeanShift(1),остатки,bonferroni,0.002127659574468085,0.02127659574468085,0.09090909090909091,0.8181818181818182,0.9,0.8571428571428572,553.6,553.6
"gradual, Δ=0.5, ρ=0.6, scattered",1064,gradual,0.5,0.6,scattered,MeanShift(1),остатки,bh_window,0.00425531914893617,0.02127659574468085,0.16666666666666666,0.75,0.9,0.8181818181818182,533.6,533.6
"gradual, Δ=0.5, ρ=0.6, scattered",1064,gradual,0.5,0.6,scattered,MeanShift(3),сырые,uncorrected,0.20425531914893616,0.44680851063829785,0.8807339449541285,0.09174311926605505,1.0,0.16806722689075632,503.6,503.6
"gradual, Δ=0.5, ρ=0.6, scattered",1064,gradual,0.5,0.6,scattered,MeanShift(3),сырые,bonferroni,0.002127659574468085,0.02127659574468085,0.09090909090909091,0.7272727272727273,0.8,0.761904761904762,783.6,783.6
"gradual, Δ=0.5, ρ=0.6, scattered",1064,gradual,0.5,0.6,scattered,MeanShift(3),сырые,bh_window,0.006382978723404255,0.0425531914893617,0.23076923076923078,0.6923076923076923,0.9,0.7826086956521738,753.6,753.6
"gradual, Δ=0.5, ρ=0.6, scattered",1064,gradual,0.5,0.6,scattered,MeanShift(3),сырые,LORD++,0.0,0.0,0.0,,0.0,0.0,,1923.6
"gradual, Δ=0.5, ρ=0.6, scattered",1064,gradual,0.5,0.6,scattered,MeanShift(3),остатки,bonferroni,0.002127659574468085,0.02127659574468085,0.09090909090909091,0.7272727272727273,0.8,0.761904761904762,713.6,713.6
"gradual, Δ=0.5, ρ=0.6, scattered",1064,gradual,0.5,0.6,scattered,MeanShift(3),остатки,bh_window,0.002127659574468085,0.02127659574468085,0.09090909090909091,0.7272727272727273,0.8,0.761904761904762,713.6,713.6
"gradual, Δ=0.5, ρ=0.6, scattered",1064,gradual,0.5,0.6,scattered,PH river по умолчанию,сырые,порог,0.7531914893617021,0.8085106382978723,0.9490616621983914,0.02680965147453083,1.0,0.05221932114882506,303.6,303.6
"gradual, Δ=0.5, ρ=0.6, scattered",1066,gradual,0.5,0.6,scattered,PH,сырые,uncorrected,0.19787234042553192,0.3617021276595745,0.8773584905660378,0.09433962264150944,1.0,0.1724137931034483,444.5,444.5
"gradual, Δ=0.5, ρ=0.6, scattered",1066,gradual,0.5,0.6,scattered,PH,сырые,bonferroni,0.0,0.0,0.0,0.8,0.8,0.8000000000000002,914.5,914.5
"gradual, Δ=0.5, ρ=0.6, scattered",1066,gradual,0.5,0.6,scattered,PH,сырые,bh_window,0.0,0.0,0.0,0.8,0.8,0.8000000000000002,834.5,834.5
"gradual, Δ=0.5, ρ=0.6, scattered",1066,gradual,0.5,0.6,scattered,PH,сырые,LORD++,0.0,0.0,0.0,,0.0,0.0,,1774.5
"gradual, Δ=0.5, ρ=0.6, scattered",1066,gradual,0.5,0.6,scattered,PH,остатки,bonferroni,0.002127659574468085,0.02127659574468085,0.09090909090909091,0.9090909090909091,1.0,0.9523809523809523,544.5,544.5
"gradual, Δ=0.5, ρ=0.6, scattered",1066,gradual,0.5,0.6,scattered,PH,остатки,bh_window,0.002127659574468085,0.02127659574468085,0.09090909090909091,0.9090909090909091,1.0,0.9523809523809523,534.5,534.5
"gradual, Δ=0.5, ρ=0.6, scattered",1066,gradual,0.5,0.6,scattered,KS,сырые,uncorrected,0.14042553191489363,0.6808510638297872,0.868421052631579,0.13157894736842105,1.0,0.23255813953488372,554.5,554.5
"gradual, Δ=0.5, ρ=0.6, scattered",1066,gradual,0.5,0.6,scattered,KS,сырые,bonferroni,0.0,0.0,0.0,0.8888888888888888,0.8,0.8421052631578948,779.1111111111111,934.5
"gradual, Δ=0.5, ρ=0.6, scattered",1066,gradual,0.5,0.6,scattered,KS,сырые,bh_window,0.0,0.0,0.0,0.8,0.8,0.8000000000000002,864.5,864.5
"gradual, Δ=0.5, ρ=0.6, scattered",1066,gradual,0.5,0.6,scattered,KS,сырые,LORD++,0.0,0.0,0.0,,0.0,0.0,,1774.5
"gradual, Δ=0.5, ρ=0.6, scattered",1066,gradual,0.5,0.6,scattered,KS,остатки,bonferroni,0.00425531914893617,0.0425531914893617,0.16666666666666666,0.8333333333333334,1.0,0.9090909090909091,604.5,604.5
"gradual, Δ=0.5, ρ=0.6, scattered",1066,gradual,0.5,0.6,scattered,KS,остатки,bh_window,0.00425531914893617,0.0425531914893617,0.16666666666666666,0.8333333333333334,1.0,0.9090909090909091,604.5,604.5
"gradual, Δ=0.5, ρ=0.6, scattered",1066,gradual,0.5,0.6,scattered,ADWIN,сырые,uncorrected,0.39148936170212767,0.574468085106383,0.9387755102040817,0.05102040816326531,1.0,0.09708737864077671,504.5,504.5
"gradual, Δ=0.5, ρ=0.6, scattered",1066,gradual,0.5,0.6,scattered,ADWIN,сырые,bonferroni,0.04042553191489362,0.02127659574468085,0.6551724137931034,0.20689655172413793,0.6,0.3076923076923077,1004.5,1004.5
"gradual, Δ=0.5, ρ=0.6, scattered",1066,gradual,0.5,0.6,scattered,ADWIN,сырые,bh_window,0.1829787234042553,0.02127659574468085,0.9052631578947369,0.05263157894736842,0.5,0.09523809523809525,937.5555555555555,944.5
"gradual, Δ=0.5, ρ=0.6, scattered",1066,gradual,0.5,0.6,scattered,ADWIN,сырые,LORD++,0.036170212765957444,0.0425531914893617,0.6296296296296297,0.2222222222222222,0.6,0.32432432432432434,1004.5,1004.5
"gradual, Δ=0.5, ρ=0.6, scattered",1066,gradual,0.5,0.6,scattered,ADWIN,остатки,bonferroni,0.014893617021276596,0.1276595744680851,0.4117647058823529,0.5882352941176471,1.0,0.7407407407407407,544.5,544.5
"gradual, Δ=0.5, ρ=0.6, scattered",1066,gradual,0.5,0.6,scattered,ADWIN,остатки,bh_window,0.01702127659574468,0.1276595744680851,0.4444444444444444,0.5555555555555556,1.0,0.7142857142857143,524.5,524.5
"gradual, Δ=0.5, ρ=0.6, scattered",1066,gradual,0.5,0.6,scattered,MeanShift(1),сырые,uncorrected,0.41914893617021276,0.44680851063829785,0.9471153846153846,0.04326923076923077,0.9,0.08256880733944955,428.22222222222223,494.5
"gradual, Δ=0.5, ρ=0.6, scattered",1066,gradual,0.5,0.6,scattered,MeanShift(1),сырые,bonferroni,0.02553191489361702,0.02127659574468085,0.7058823529411765,0.17647058823529413,0.3,0.22222222222222224,886.8,1254.5
"gradual, Δ=0.5, ρ=0.6, scattered",1066,gradual,0.5,0.6,scattered,MeanShift(1),сырые,bh_window,0.2,0.02127659574468085,0.9494949494949495,0.04040404040404041,0.4,0.07339449541284405,656.4,1084.5
"gradual, Δ=0.5, ρ=0.6, scattered",1066,gradual,0.5,0.6,scattered,MeanShift(1),сырые,LORD++,0.0,0.0,0.0,,0.0,0.0,,1774.5
"gradual, Δ=0.5, ρ=0.6, scattered",1066,gradual,0.5,0.6,scattered,MeanShift(1),остатки,bonferroni,0.002127659574468085,0.02127659574468085,0.09090909090909091,0.9090909090909091,1.0,0.9523809523809523,504.5,504.5
"gradual, Δ=0.5, ρ=0.6, scattered",1066,gradual,0.5,0.6,scattered,MeanShift(1),остатки,bh_window,0.00425531914893617,0.0425531914893617,0.16666666666666666,0.8333333333333334,1.0,0.9090909090909091,494.5,494.5
"gradual, Δ=0.5, ρ=0.6, scattered",1066,gradual,0.5,0.6,scattered,MeanShift(3),сырые,uncorrected,0.2276595744680851,0.40425531914893614,0.8916666666666667,0.08333333333333333,1.0,0.15384615384615385,434.5,434.5
"gradual, Δ=0.5, ρ=0.6, scattered",1066,gradual,0.5,0.6,scattered,MeanShift(3),сырые,bonferroni,0.0,0.0,0.0,0.7,0.7,0.7,844.5,844.5
"gradual, Δ=0.5, ρ=0.6, scattered",1066,gradual,0.5,0.6,scattered,MeanShift(3),сырые,bh_window,0.0,0.0,0.0,0.8,0.8,0.8000000000000002,784.5,784.5
"gradual, Δ=0.5, ρ=0.6, scattered",1066,gradual,0.5,0.6,scattered,MeanShift(3),сырые,LORD++,0.0,0.0,0.0,,0.0,0.0,,1774.5
"gradual, Δ=0.5, ρ=0.6, scattered",1066,gradual,0.5,0.6,scattered,MeanShift(3),остатки,bonferroni,0.002127659574468085,0.02127659574468085,0.09090909090909091,0.9090909090909091,1.0,0.9523809523809523,604.5,604.5
"gradual, Δ=0.5, ρ=0.6, scattered",1066,gradual,0.5,0.6,scattered,MeanShift(3),остатки,bh_window,0.002127659574468085,0.02127659574468085,0.09090909090909091,0.9090909090909091,1.0,0.9523809523809523,584.5,584.5
"gradual, Δ=0.5, ρ=0.6, scattered",1066,gradual,0.5,0.6,scattered,PH river по умолчанию,сырые,порог,0.8425531914893617,0.7872340425531915,0.9588377723970944,0.024213075060532687,1.0,0.04728132387706856,364.5,364.5
"gradual, Δ=0.5, ρ=0.6, scattered",1067,gradual,0.5,0.6,scattered,PH,сырые,uncorrected,0.18085106382978725,0.5319148936170213,0.8854166666666666,0.10416666666666667,1.0,0.18867924528301885,436.8,436.8
"gradual, Δ=0.5, ρ=0.6, scattered",1067,gradual,0.5,0.6,scattered,PH,сырые,bonferroni,0.0,0.0,0.0,0.8888888888888888,0.8,0.8421052631578948,651.6666666666666,756.8
"gradual, Δ=0.5, ρ=0.6, scattered",1067,gradual,0.5,0.6,scattered,PH,сырые,bh_window,0.0,0.0,0.0,0.9,0.9,0.9,636.8,636.8
"gradual, Δ=0.5, ρ=0.6, scattered",1067,gradual,0.5,0.6,scattered,PH,сырые,LORD++,0.0,0.0,0.0,,0.0,0.0,,1986.8
"gradual, Δ=0.5, ρ=0.6, scattered",1067,gradual,0.5,0.6,scattered,PH,остатки,bonferroni,0.0,0.0,0.0,1.0,1.0,1.0,566.8,566.8
"gradual, Δ=0.5, ρ=0.6, scattered",1067,gradual,0.5,0.6,scattered,PH,остатки,bh_window,0.0,0.0,0.0,1.0,1.0,1.0,536.8,536.8
"gradual, Δ=0.5, ρ=0.6, scattered",1067,gradual,0.5,0.6,scattered,KS,сырые,uncorrected,0.15106382978723404,0.5957446808510638,0.8554216867469879,0.12048192771084337,1.0,0.21505376344086022,456.8,456.8
"gradual, Δ=0.5, ρ=0.6, scattered",1067,gradual,0.5,0.6,scattered,KS,сырые,bonferroni,0.002127659574468085,0.02127659574468085,0.09090909090909091,0.6363636363636364,0.7,0.6666666666666666,856.8,856.8
"gradual, Δ=0.5, ρ=0.6, scattered",1067,gradual,0.5,0.6,scattered,KS,сырые,bh_window,0.002127659574468085,0.02127659574468085,0.09090909090909091,0.6363636363636364,0.7,0.6666666666666666,826.8,826.8
"gradual, Δ=0.5, ρ=0.6, scattered",1067,gradual,0.5,0.6,scattered,KS,сырые,LORD++,0.0,0.0,0.0,0.3,0.3,0.3,1536.8,1536.8
"gradual, Δ=0.5, ρ=0.6, scattered",1067,gradual,0.5,0.6,scattered,KS,остатки,bonferroni,0.00425531914893617,0.0425531914893617,0.16666666666666666,0.8333333333333334,1.0,0.9090909090909091,616.8,616.8
"gradual, Δ=0.5, ρ=0.6, scattered",1067,gradual,0.5,0.6,scattered,KS,остатки,bh_window,0.00425531914893617,0.0425531914893617,0.16666666666666666,0.8333333333333334,1.0,0.9090909090909091,616.8,616.8
"gradual, Δ=0.5, ρ=0.6, scattered",1067,gradual,0.5,0.6,scattered,ADWIN,сырые,uncorrected,0.251063829787234,0.5531914893617021,0.8939393939393939,0.07575757575757576,1.0,0.14084507042253522,386.8,386.8
"gradual, Δ=0.5, ρ=0.6, scattered",1067,gradual,0.5,0.6,scattered,ADWIN,сырые,bonferroni,0.002127659574468085,0.02127659574468085,0.09090909090909091,0.8181818181818182,0.9,0.8571428571428572,686.8,686.8
"gradual, Δ=0.5, ρ=0.6, scattered",1067,gradual,0.5,0.6,scattered,ADWIN,сырые,bh_window,0.002127659574468085,0.02127659574468085,0.09090909090909091,0.8181818181818182,0.9,0.8571428571428572,616.8,616.8
"gradual, Δ=0.5, ρ=0.6, scattered",1067,gradual,0.5,0.6,scattered,ADWIN,сырые,LORD++,0.0,0.0,0.0,0.5555555555555556,0.5,0.5263157894736842,1340.5555555555557,1376.8
"gradual, Δ=0.5, ρ=0.6, scattered",1067,gradual,0.5,0.6,scattered,ADWIN,остатки,bonferroni,0.010638297872340425,0.10638297872340426,0.3125,0.625,1.0,0.7692307692307693,456.8,456.8
"gradual, Δ=0.5, ρ=0.6, scattered",1067,gradual,0.5,0.6,scattered,ADWIN,остатки,bh_window,0.010638297872340425,0.10638297872340426,0.3125,0.625,1.0,0.7692307692307693,446.8,446.8
"gradual, Δ=0.5, ρ=0.6, scattered",1067,gradual,0.5,0.6,scattered,MeanShift(1),сырые,uncorrected,0.4574468085106383,0.48936170212765956,0.9347826086956522,0.043478260869565216,1.0,0.08333333333333333,266.8,266.8
"gradual, Δ=0.5, ρ=0.6, scattered",1067,gradual,0.5,0.6,scattered,MeanShift(1),сырые,bonferroni,0.00425531914893617,0.02127659574468085,0.2,0.8,0.8,0.8000000000000002,535.5,916.8
"gradual, Δ=0.5, ρ=0.6, scattered",1067,gradual,0.5,0.6,scattered,MeanShift(1),сырые,bh_window,0.1829787234042553,0.10638297872340426,0.8775510204081632,0.09183673469387756,0.9,0.16666666666666669,606.8,606.8
"gradual, Δ=0.5, ρ=0.6, scattered",1067,gradual,0.5,0.6,scattered,MeanShift(1),сырые,LORD++,0.0,0.0,0.0,,0.0,0.0,,1986.8
"gradual, Δ=0.5, ρ=0.6, scattered",1067,gradual,0.5,0.6,scattered,MeanShift(1),остатки,bonferroni,0.002127659574468085,0.02127659574468085,0.1,0.8,0.8,0.8000000000000002,477.44444444444446,716.8
"gradual, Δ=0.5, ρ=0.6, scattered",1067,gradual,0.5,0.6,scattered,MeanShift(1),остатки,bh_window,0.002127659574468085,0.02127659574468085,0.09090909090909091,0.8181818181818182,0.9,0.8571428571428572,536.8,536.8
"gradual, Δ=0.5, ρ=0.6, scattered",1067,gradual,0.5,0.6,scattered,MeanShift(3),сырые,uncorrected,0.30638297872340425,0.48936170212765956,0.9230769230769231,0.0641025641025641,1.0,0.12048192771084336,466.8,466.8
"gradual, Δ=0.5, ρ=0.6, scattered",1067,gradual,0.5,0.6,scattered,MeanShift(3),сырые,bonferroni,0.00425531914893617,0.0425531914893617,0.18181818181818182,0.6363636363636364,0.7,0.6666666666666666,773.8888888888889,866.8
"gradual, Δ=0.5, ρ=0.6, scattered",1067,gradual,0.5,0.6,scattered,MeanShift(3),сырые,bh_window,0.00425531914893617,0.0425531914893617,0.16666666666666666,0.6666666666666666,0.8,0.7272727272727272,746.8,746.8
"gradual, Δ=0.5, ρ=0.6, scattered",1067,gradual,0.5,0.6,scattered,MeanShift(3),сырые,LORD++,0.0,0.0,0.0,0.4,0.4,0.4000000000000001,1506.8,1506.8
"gradual, Δ=0.5, ρ=0.6, scattered",1067,gradual,0.5,0.6,scattered,MeanShift(3),остатки,bonferroni,0.002127659574468085,0.02127659574468085,0.09090909090909091,0.9090909090909091,1.0,0.9523809523809523,616.8,616.8
"gradual, Δ=0.5, ρ=0.6, scattered",1067,gradual,0.5,0.6,scattered,MeanShift(3),остатки,bh_window,0.002127659574468085,0.02127659574468085,0.09090909090909091,0.9090909090909091,1.0,0.9523809523809523,616.8,616.8
"gradual, Δ=0.5, ρ=0.6, scattered",1067,gradual,0.5,0.6,scattered,PH river по умолчанию,сырые,порог,0.8829787234042553,0.7659574468085106,0.956221198156682,0.02304147465437788,1.0,0.04504504504504504,306.8,306.8
"gradual, Δ=0.5, ρ=0.6, clustered",1068,gradual,0.5,0.6,clustered,PH,сырые,uncorrected,0.031914893617021274,0.14893617021276595,0.5555555555555556,0.37037037037037035,1.0,0.5405405405405406,503.0,503.0
"gradual, Δ=0.5, ρ=0.6, clustered",1068,gradual,0.5,0.6,clustered,PH,сырые,bonferroni,0.0,0.0,0.0,1.0,0.5,0.6666666666666666,694.6,1363.0
"gradual, Δ=0.5, ρ=0.6, clustered",1068,gradual,0.5,0.6,clustered,PH,сырые,bh_window,0.0,0.0,0.0,1.0,0.7,0.8235294117647058,686.1428571428571,1203.0
"gradual, Δ=0.5, ρ=0.6, clustered",1068,gradual,0.5,0.6,clustered,PH,сырые,LORD++,0.0,0.0,0.0,,0.0,0.0,,2173.0
"gradual, Δ=0.5, ρ=0.6, clustered",1068,gradual,0.5,0.6,clustered,PH,остатки,bonferroni,0.002127659574468085,0.02127659574468085,0.09090909090909091,0.7272727272727273,0.8,0.761904761904762,743.0,743.0
"gradual, Δ=0.5, ρ=0.6, clustered",1068,gradual,0.5,0.6,clustered,PH,остатки,bh_window,0.002127659574468085,0.02127659574468085,0.09090909090909091,0.8181818181818182,0.9,0.8571428571428572,653.0,653.0
"gradual, Δ=0.5, ρ=0.6, clustered",1068,gradual,0.5,0.6,clustered,KS,сырые,uncorrected,0.2702127659574468,0.7446808510638298,0.9202898550724637,0.07246376811594203,1.0,0.13513513513513511,533.0,533.0
"gradual, Δ=0.5, ρ=0.6, clustered",1068,gradual,0.5,0.6,clustered,KS,сырые,bonferroni,0.0,0.0,0.0,0.25,0.1,0.14285714285714288,1352.0,1703.0
"gradual, Δ=0.5, ρ=0.6, clustered",1068,gradual,0.5,0.6,clustered,KS,сырые,bh_window,0.01702127659574468,0.02127659574468085,0.5714285714285714,0.14285714285714285,0.2,0.16666666666666666,1242.3333333333333,1473.0
"gradual, Δ=0.5, ρ=0.6, clustered",1068,gradual,0.5,0.6,clustered,KS,сырые,LORD++,0.0,0.0,0.0,,0.0,0.0,,2173.0
"gradual, Δ=0.5, ρ=0.6, clustered",1068,gradual,0.5,0.6,clustered,KS,остатки,bonferroni,0.002127659574468085,0.02127659574468085,0.09090909090909091,0.9090909090909091,1.0,0.9523809523809523,673.0,673.0
"gradual, Δ=0.5, ρ=0.6, clustered",1068,gradual,0.5,0.6,clustered,KS,остатки,bh_window,0.002127659574468085,0.02127659574468085,0.09090909090909091,0.9090909090909091,1.0,0.9523809523809523,653.0,653.0
"gradual, Δ=0.5, ρ=0.6, clustered",1068,gradual,0.5,0.6,clustered,ADWIN,сырые,uncorrected,0.3191489361702128,0.7872340425531915,0.9090909090909091,0.06060606060606061,1.0,0.1142857142857143,503.0,503.0
"gradual, Δ=0.5, ρ=0.6, clustered",1068,gradual,0.5,0.6,clustered,ADWIN,сырые,bonferroni,0.010638297872340425,0.10638297872340426,0.45454545454545453,0.36363636363636365,0.4,0.380952380952381,895.0,1123.0
"gradual, Δ=0.5, ρ=0.6, clustered",1068,gradual,0.5,0.6,clustered,ADWIN,сырые,bh_window,0.010638297872340425,0.10638297872340426,0.45454545454545453,0.36363636363636365,0.4,0.380952380952381,895.0,1123.0
"gradual, Δ=0.5, ρ=0.6, clustered",1068,gradual,0.5,0.6,clustered,ADWIN,сырые,LORD++,0.0,0.0,0.0,,0.0,0.0,,2173.0
"gradual, Δ=0.5, ρ=0.6, clustered",1068,gradual,0.5,0.6,clustered,ADWIN,остатки,bonferroni,0.01702127659574468,0.1702127659574468,0.42105263157894735,0.5263157894736842,1.0,0.6896551724137931,533.0,533.0
"gradual, Δ=0.5, ρ=0.6, clustered",1068,gradual,0.5,0.6,clustered,ADWIN,остатки,bh_window,0.02553191489361702,0.19148936170212766,0.5217391304347826,0.43478260869565216,1.0,0.6060606060606061,523.0,523.0
"gradual, Δ=0.5, ρ=0.6, clustered",1068,gradual,0.5,0.6,clustered,MeanShift(1),сырые,uncorrected,0.1723404255319149,0.23404255319148937,0.8181818181818182,0.10101010101010101,1.0,0.1834862385321101,373.0,373.0
"gradual, Δ=0.5, ρ=0.6, clustered",1068,gradual,0.5,0.6,clustered,MeanShift(1),сырые,bonferroni,0.0,0.0,0.0,0.875,0.7,0.7777777777777777,760.5,1043.0
"gradual, Δ=0.5, ρ=0.6, clustered",1068,gradual,0.5,0.6,clustered,MeanShift(1),сырые,bh_window,0.00851063829787234,0.0425531914893617,0.2857142857142857,0.5714285714285714,0.8,0.6666666666666666,833.0,833.0
"gradual, Δ=0.5, ρ=0.6, clustered",1068,gradual,0.5,0.6,clustered,MeanShift(1),сырые,LORD++,0.0,0.0,0.0,,0.0,0.0,,2173.0
"gradual, Δ=0.5, ρ=0.6, clustered",1068,gradual,0.5,0.6,clustered,MeanShift(1),остатки,bonferroni,0.002127659574468085,0.02127659574468085,0.09090909090909091,0.7272727272727273,0.8,0.761904761904762,643.0,643.0
"gradual, Δ=0.5, ρ=0.6, clustered",1068,gradual,0.5,0.6,clustered,MeanShift(1),остатки,bh_window,0.006382978723404255,0.06382978723404255,0.23076923076923078,0.6923076923076923,0.9,0.7826086956521738,553.0,553.0
"gradual, Δ=0.5, ρ=0.6, clustered",1068,gradual,0.5,0.6,clustered,MeanShift(3),сырые,uncorrected,0.029787234042553193,0.0851063829787234,0.5384615384615384,0.38461538461538464,1.0,0.5555555555555556,543.0,543.0
"gradual, Δ=0.5, ρ=0.6, clustered",1068,gradual,0.5,0.6,clustered,MeanShift(3),сырые,bonferroni,0.002127659574468085,0.02127659574468085,0.16666666666666666,0.3333333333333333,0.2,0.25,1234.6,1633.0
"gradual, Δ=0.5, ρ=0.6, clustered",1068,gradual,0.5,0.6,clustered,MeanShift(3),сырые,bh_window,0.002127659574468085,0.02127659574468085,0.125,0.375,0.3,0.33333333333333326,1205.0,1283.0
"gradual, Δ=0.5, ρ=0.6, clustered",1068,gradual,0.5,0.6,clustered,MeanShift(3),сырые,LORD++,0.0,0.0,0.0,,0.0,0.0,,2173.0
"gradual, Δ=0.5, ρ=0.6, clustered",1068,gradual,0.5,0.6,clustered,MeanShift(3),остатки,bonferroni,0.002127659574468085,0.02127659574468085,0.09090909090909091,0.9090909090909091,1.0,0.9523809523809523,653.0,653.0
"gradual, Δ=0.5, ρ=0.6, clustered",1068,gradual,0.5,0.6,clustered,MeanShift(3),остатки,bh_window,0.00425531914893617,0.0425531914893617,0.16666666666666666,0.8333333333333334,1.0,0.9090909090909091,613.0,613.0
"gradual, Δ=0.5, ρ=0.6, clustered",1068,gradual,0.5,0.6,clustered,PH river по умолчанию,сырые,порог,0.551063829787234,0.6595744680851063,0.9283154121863799,0.035842293906810034,1.0,0.06920415224913495,283.0,283.0
"gradual, Δ=0.5, ρ=0.6, clustered",1069,gradual,0.5,0.6,clustered,PH,сырые,uncorrected,0.00425531914893617,0.0425531914893617,0.18181818181818182,0.45454545454545453,0.5,0.47619047619047616,942.5,1180.0
"gradual, Δ=0.5, ρ=0.6, clustered",1069,gradual,0.5,0.6,clustered,PH,сырые,bonferroni,0.0,0.0,0.0,,0.0,0.0,,2130.0
"gradual, Δ=0.5, ρ=0.6, clustered",1069,gradual,0.5,0.6,clustered,PH,сырые,bh_window,0.0,0.0,0.0,,0.0,0.0,,2130.0
"gradual, Δ=0.5, ρ=0.6, clustered",1069,gradual,0.5,0.6,clustered,PH,сырые,LORD++,0.0,0.0,0.0,,0.0,0.0,,2130.0
"gradual, Δ=0.5, ρ=0.6, clustered",1069,gradual,0.5,0.6,clustered,PH,остатки,bonferroni,0.002127659574468085,0.02127659574468085,0.1,0.9,0.9,0.9,529.3333333333334,620.0
"gradual, Δ=0.5, ρ=0.6, clustered",1069,gradual,0.5,0.6,clustered,PH,остатки,bh_window,0.00851063829787234,0.0425531914893617,0.2857142857142857,0.6428571428571429,0.9,0.75,507.1111111111111,600.0
"gradual, Δ=0.5, ρ=0.6, clustered",1069,gradual,0.5,0.6,clustered,KS,сырые,uncorrected,0.2872340425531915,0.6382978723404256,0.9246575342465754,0.06164383561643835,0.9,0.11538461538461538,640.0,640.0
"gradual, Δ=0.5, ρ=0.6, clustered",1069,gradual,0.5,0.6,clustered,KS,сырые,bonferroni,0.031914893617021274,0.1276595744680851,1.0,0.0,0.0,0.0,,2130.0
"gradual, Δ=0.5, ρ=0.6, clustered",1069,gradual,0.5,0.6,clustered,KS,сырые,bh_window,0.15531914893617021,0.06382978723404255,0.9733333333333334,0.02666666666666667,0.2,0.047058823529411764,786.0,2000.0
"gradual, Δ=0.5, ρ=0.6, clustered",1069,gradual,0.5,0.6,clustered,KS,сырые,LORD++,0.0,0.0,0.0,,0.0,0.0,,2130.0
"gradual, Δ=0.5, ρ=0.6, clustered",1069,gradual,0.5,0.6,clustered,KS,остатки,bonferroni,0.002127659574468085,0.02127659574468085,0.1,0.9,0.9,0.9,629.3333333333334,710.0
"gradual, Δ=0.5, ρ=0.6, clustered",1069,gradual,0.5,0.6,clustered,KS,остатки,bh_window,0.0,0.0,0.0,1.0,0.9,0.9473684210526316,596.0,680.0
"gradual, Δ=0.5, ρ=0.6, clustered",1069,gradual,0.5,0.6,clustered,ADWIN,сырые,uncorrected,0.34893617021276596,0.6808510638297872,0.9318181818181818,0.045454545454545456,0.8,0.08602150537634409,586.2222222222222,810.0
"gradual, Δ=0.5, ρ=0.6, clustered",1069,gradual,0.5,0.6,clustered,ADWIN,сырые,bonferroni,0.019148936170212766,0.1276595744680851,0.9,0.1,0.1,0.10000000000000002,836.0,2070.0
"gradual, Δ=0.5, ρ=0.6, clustered",1069,gradual,0.5,0.6,clustered,ADWIN,сырые,bh_window,0.125531914893617,0.06382978723404255,0.9076923076923077,0.09230769230769231,0.6,0.16,480.0,1140.0
"gradual, Δ=0.5, ρ=0.6, clustered",1069,gradual,0.5,0.6,clustered,ADWIN,сырые,LORD++,0.0,0.0,0.0,,0.0,0.0,,2130.0
"gradual, Δ=0.5, ρ=0.6, clustered",1069,gradual,0.5,0.6,clustered,ADWIN,остатки,bonferroni,0.01276595744680851,0.1276595744680851,0.4,0.6,0.9,0.7200000000000001,484.8888888888889,580.0
"gradual, Δ=0.5, ρ=0.6, clustered",1069,gradual,0.5,0.6,clustered,ADWIN,остатки,bh_window,0.01702127659574468,0.14893617021276595,0.47058823529411764,0.5294117647058824,0.9,0.6666666666666667,462.6666666666667,560.0
"gradual, Δ=0.5, ρ=0.6, clustered",1069,gradual,0.5,0.6,clustered,MeanShift(1),сырые,uncorrected,0.01276595744680851,0.0851063829787234,0.3333333333333333,0.5,0.9,0.6428571428571429,800.0,800.0
"gradual, Δ=0.5, ρ=0.6, clustered",1069,gradual,0.5,0.6,clustered,MeanShift(1),сырые,bonferroni,0.0,0.0,0.0,0.0,0.0,0.0,2824.0,2130.0
"gradual, Δ=0.5, ρ=0.6, clustered",1069,gradual,0.5,0.6,clustered,MeanShift(1),сырые,bh_window,0.0,0.0,0.0,0.0,0.0,0.0,2824.0,2130.0
"gradual, Δ=0.5, ρ=0.6, clustered",1069,gradual,0.5,0.6,clustered,MeanShift(1),сырые,LORD++,0.0,0.0,0.0,,0.0,0.0,,2130.0
"gradual, Δ=0.5, ρ=0.6, clustered",1069,gradual,0.5,0.6,clustered,MeanShift(1),остатки,bonferroni,0.01276595744680851,0.1276595744680851,0.4,0.6,0.9,0.7200000000000001,484.8888888888889,580.0
"gradual, Δ=0.5, ρ=0.6, clustered",1069,gradual,0.5,0.6,clustered,MeanShift(1),остатки,bh_window,0.01276595744680851,0.1276595744680851,0.4,0.6,0.9,0.7200000000000001,451.55555555555554,550.0
"gradual, Δ=0.5, ρ=0.6, clustered",1069,gradual,0.5,0.6,clustered,MeanShift(3),сырые,uncorrected,0.002127659574468085,0.02127659574468085,0.1,0.7,0.7,0.7,805.0,1070.0
"gradual, Δ=0.5, ρ=0.6, clustered",1069,gradual,0.5,0.6,clustered,MeanShift(3),сырые,bonferroni,0.0,0.0,0.0,,0.0,0.0,,2130.0
"gradual, Δ=0.5, ρ=0.6, clustered",1069,gradual,0.5,0.6,clustered,MeanShift(3),сырые,bh_window,0.0,0.0,0.0,,0.0,0.0,,2130.0
"gradual, Δ=0.5, ρ=0.6, clustered",1069,gradual,0.5,0.6,clustered,MeanShift(3),сырые,LORD++,0.0,0.0,0.0,,0.0,0.0,,2130.0
"gradual, Δ=0.5, ρ=0.6, clustered",1069,gradual,0.5,0.6,clustered,MeanShift(3),остатки,bonferroni,0.0,0.0,0.0,0.8888888888888888,0.8,0.8421052631578948,640.4444444444445,720.0
"gradual, Δ=0.5, ρ=0.6, clustered",1069,gradual,0.5,0.6,clustered,MeanShift(3),остатки,bh_window,0.002127659574468085,0.02127659574468085,0.1,0.9,0.9,0.9,540.4444444444445,630.0
"gradual, Δ=0.5, ρ=0.6, clustered",1069,gradual,0.5,0.6,clustered,PH river по умолчанию,сырые,порог,0.2170212765957447,0.5531914893617021,0.85,0.08333333333333333,1.0,0.15384615384615385,370.0,370.0
"gradual, Δ=0.5, ρ=0.6, clustered",1070,gradual,0.5,0.6,clustered,PH,сырые,uncorrected,0.1,0.23404255319148937,0.7966101694915254,0.1694915254237288,1.0,0.2898550724637681,625.0,625.0
"gradual, Δ=0.5, ρ=0.6, clustered",1070,gradual,0.5,0.6,clustered,PH,сырые,bonferroni,0.0,0.0,0.0,0.5,0.2,0.28571428571428575,1244.0,1525.0
"gradual, Δ=0.5, ρ=0.6, clustered",1070,gradual,0.5,0.6,clustered,PH,сырые,bh_window,0.0,0.0,0.0,0.5555555555555556,0.5,0.5263157894736842,1254.111111111111,1305.0
"gradual, Δ=0.5, ρ=0.6, clustered",1070,gradual,0.5,0.6,clustered,PH,сырые,LORD++,0.0,0.0,0.0,,0.0,0.0,,1725.0
"gradual, Δ=0.5, ρ=0.6, clustered",1070,gradual,0.5,0.6,clustered,PH,остатки,bonferroni,0.0,0.0,0.0,1.0,1.0,1.0,635.0,635.0
"gradual, Δ=0.5, ρ=0.6, clustered",1070,gradual,0.5,0.6,clustered,PH,остатки,bh_window,0.0,0.0,0.0,1.0,1.0,1.0,615.0,615.0
"gradual, Δ=0.5, ρ=0.6, clustered",1070,gradual,0.5,0.6,clustered,KS,сырые,uncorrected,0.09787234042553192,0.3829787234042553,0.8070175438596491,0.17543859649122806,1.0,0.29850746268656714,605.0,605.0
"gradual, Δ=0.5, ρ=0.6, clustered",1070,gradual,0.5,0.6,clustered,KS,сырые,bonferroni,0.0,0.0,0.0,0.16666666666666666,0.1,0.125,1441.6666666666667,1555.0
"gradual, Δ=0.5, ρ=0.6, clustered",1070,gradual,0.5,0.6,clustered,KS,сырые,bh_window,0.0,0.0,0.0,0.14285714285714285,0.1,0.11764705882352941,1159.0,1325.0
"gradual, Δ=0.5, ρ=0.6, clustered",1070,gradual,0.5,0.6,clustered,KS,сырые,LORD++,0.0,0.0,0.0,,0.0,0.0,,1725.0
"gradual, Δ=0.5, ρ=0.6, clustered",1070,gradual,0.5,0.6,clustered,KS,остатки,bonferroni,0.006382978723404255,0.06382978723404255,0.23076923076923078,0.7692307692307693,1.0,0.8695652173913044,715.0,715.0
"gradual, Δ=0.5, ρ=0.6, clustered",1070,gradual,0.5,0.6,clustered,KS,остатки,bh_window,0.006382978723404255,0.06382978723404255,0.23076923076923078,0.7692307692307693,1.0,0.8695652173913044,655.0,655.0
"gradual, Δ=0.5, ρ=0.6, clustered",1070,gradual,0.5,0.6,clustered,ADWIN,сырые,uncorrected,0.17872340425531916,0.574468085106383,0.8936170212765957,0.09574468085106383,0.9,0.17307692307692307,665.2222222222222,775.0
"gradual, Δ=0.5, ρ=0.6, clustered",1070,gradual,0.5,0.6,clustered,ADWIN,сырые,bonferroni,0.0,0.0,0.0,0.6666666666666666,0.2,0.30769230769230765,1171.0,1555.0
"gradual, Δ=0.5, ρ=0.6, clustered",1070,gradual,0.5,0.6,clustered,ADWIN,сырые,bh_window,0.0,0.0,0.0,0.5,0.2,0.28571428571428575,1275.0,1545.0
"gradual, Δ=0.5, ρ=0.6, clustered",1070,gradual,0.5,0.6,clustered,ADWIN,сырые,LORD++,0.0,0.0,0.0,,0.0,0.0,,1725.0
"gradual, Δ=0.5, ρ=0.6, clustered",1070,gradual,0.5,0.6,clustered,ADWIN,остатки,bonferroni,0.01702127659574468,0.1702127659574468,0.42105263157894735,0.5263157894736842,1.0,0.6896551724137931,595.0,595.0
"gradual, Δ=0.5, ρ=0.6, clustered",1070,gradual,0.5,0.6,clustered,ADWIN,остатки,bh_window,0.019148936170212766,0.19148936170212766,0.45,0.5,1.0,0.6666666666666666,555.0,555.0
"gradual, Δ=0.5, ρ=0.6, clustered",1070,gradual,0.5,0.6,clustered,MeanShift(1),сырые,uncorrected,0.11702127659574468,0.2765957446808511,0.8208955223880597,0.14925373134328357,1.0,0.2597402597402597,555.0,555.0
"gradual, Δ=0.5, ρ=0.6, clustered",1070,gradual,0.5,0.6,clustered,MeanShift(1),сырые,bonferroni,0.0,0.0,0.0,0.0,0.0,0.0,1687.0,1725.0
"gradual, Δ=0.5, ρ=0.6, clustered",1070,gradual,0.5,0.6,clustered,MeanShift(1),сырые,bh_window,0.0,0.0,0.0,1.0,0.6,0.7499999999999999,925.0,1245.0
"gradual, Δ=0.5, ρ=0.6, clustered",1070,gradual,0.5,0.6,clustered,MeanShift(1),сырые,LORD++,0.0,0.0,0.0,,0.0,0.0,,1725.0
"gradual, Δ=0.5, ρ=0.6, clustered",1070,gradual,0.5,0.6,clustered,MeanShift(1),остатки,bonferroni,0.00851063829787234,0.0851063829787234,0.2857142857142857,0.7142857142857143,1.0,0.8333333333333333,585.0,585.0
"gradual, Δ=0.5, ρ=0.6, clustered",1070,gradual,0.5,0.6,clustered,MeanShift(1),остатки,bh_window,0.01276595744680851,0.10638297872340426,0.375,0.625,1.0,0.7692307692307693,525.0,525.0
"gradual, Δ=0.5, ρ=0.6, clustered",1070,gradual,0.5,0.6,clustered,MeanShift(3),сырые,uncorrected,0.03829787234042553,0.23404255319148937,0.6428571428571429,0.35714285714285715,1.0,0.5263157894736842,635.0,635.0
"gradual, Δ=0.5, ρ=0.6, clustered",1070,gradual,0.5,0.6,clustered,MeanShift(3),сырые,bonferroni,0.0,0.0,0.0,0.3333333333333333,0.1,0.15384615384615383,1379.0,1625.0
"gradual, Δ=0.5, ρ=0.6, clustered",1070,gradual,0.5,0.6,clustered,MeanShift(3),сырые,bh_window,0.0,0.0,0.0,0.3333333333333333,0.1,0.15384615384615383,1379.0,1625.0
"gradual, Δ=0.5, ρ=0.6, clustered",1070,gradual,0.5,0.6,clustered,MeanShift(3),сырые,LORD++,0.0,0.0,0.0,,0.0,0.0,,1725.0
"gradual, Δ=0.5, ρ=0.6, clustered",1070,gradual,0.5,0.6,clustered,MeanShift(3),остатки,bonferroni,0.0,0.0,0.0,1.0,1.0,1.0,605.0,605.0
"gradual, Δ=0.5, ρ=0.6, clustered",1070,gradual,0.5,0.6,clustered,MeanShift(3),остатки,bh_window,0.0,0.0,0.0,1.0,1.0,1.0,535.0,535.0
"gradual, Δ=0.5, ρ=0.6, clustered",1070,gradual,0.5,0.6,clustered,PH river по умолчанию,сырые,порог,1.023404255319149,0.7659574468085106,0.9639278557114228,0.02004008016032064,1.0,0.03929273084479371,265.0,265.0
"gradual, Δ=0.5, ρ=0.6, clustered",1071,gradual,0.5,0.6,clustered,PH,сырые,uncorrected,0.029787234042553193,0.1276595744680851,0.56,0.4,1.0,0.5714285714285715,617.5,617.5
"gradual, Δ=0.5, ρ=0.6, clustered",1071,gradual,0.5,0.6,clustered,PH,сырые,bonferroni,0.0,0.0,0.0,0.0,0.0,0.0,1852.5,2257.5
"gradual, Δ=0.5, ρ=0.6, clustered",1071,gradual,0.5,0.6,clustered,PH,сырые,bh_window,0.0,0.0,0.0,0.1111111111111111,0.1,0.10526315789473685,1786.5555555555557,1877.5
"gradual, Δ=0.5, ρ=0.6, clustered",1071,gradual,0.5,0.6,clustered,PH,сырые,LORD++,0.0,0.0,0.0,,0.0,0.0,,2527.5
"gradual, Δ=0.5, ρ=0.6, clustered",1071,gradual,0.5,0.6,clustered,PH,остатки,bonferroni,0.002127659574468085,0.02127659574468085,0.09090909090909091,0.9090909090909091,1.0,0.9523809523809523,587.5,587.5
"gradual, Δ=0.5, ρ=0.6, clustered",1071,gradual,0.5,0.6,clustered,PH,остатки,bh_window,0.002127659574468085,0.02127659574468085,0.09090909090909091,0.9090909090909091,1.0,0.9523809523809523,567.5,567.5
"gradual, Δ=0.5, ρ=0.6, clustered",1071,gradual,0.5,0.6,clustered,KS,сырые,uncorrected,0.20425531914893616,0.574468085106383,0.897196261682243,0.09345794392523364,1.0,0.17094017094017094,707.5,707.5
"gradual, Δ=0.5, ρ=0.6, clustered",1071,gradual,0.5,0.6,clustered,KS,сырые,bonferroni,0.00425531914893617,0.0425531914893617,0.25,0.125,0.1,0.11111111111111112,1598.5,2037.5
"gradual, Δ=0.5, ρ=0.6, clustered",1071,gradual,0.5,0.6,clustered,KS,сырые,bh_window,0.04042553191489362,0.0851063829787234,0.7037037037037037,0.07407407407407407,0.2,0.10810810810810811,1310.375,1587.5
"gradual, Δ=0.5, ρ=0.6, clustered",1071,gradual,0.5,0.6,clustered,KS,сырые,LORD++,0.0,0.0,0.0,,0.0,0.0,,2527.5
"gradual, Δ=0.5, ρ=0.6, clustered",1071,gradual,0.5,0.6,clustered,KS,остатки,bonferroni,0.00425531914893617,0.0425531914893617,0.16666666666666666,0.8333333333333334,1.0,0.9090909090909091,677.5,677.5
"gradual, Δ=0.5, ρ=0.6, clustered",1071,gradual,0.5,0.6,clustered,KS,остатки,bh_window,0.00425531914893617,0.0425531914893617,0.16666666666666666,0.8333333333333334,1.0,0.9090909090909091,627.5,627.5
"gradual, Δ=0.5, ρ=0.6, clustered",1071,gradual,0.5,0.6,clustered,ADWIN,сырые,uncorrected,0.35106382978723405,0.7659574468085106,0.9322033898305084,0.05649717514124294,1.0,0.10695187165775402,627.5,627.5
"gradual, Δ=0.5, ρ=0.6, clustered",1071,gradual,0.5,0.6,clustered,ADWIN,сырые,bonferroni,0.023404255319148935,0.1276595744680851,0.6111111111111112,0.1111111111111111,0.2,0.14285714285714285,1417.7142857142858,1767.5
"gradual, Δ=0.5, ρ=0.6, clustered",1071,gradual,0.5,0.6,clustered,ADWIN,сырые,bh_window,0.05106382978723404,0.1276595744680851,0.75,0.0625,0.2,0.09523809523809523,1502.5,1707.5
"gradual, Δ=0.5, ρ=0.6, clustered",1071,gradual,0.5,0.6,clustered,ADWIN,сырые,LORD++,0.0,0.0,0.0,,0.0,0.0,,2527.5
"gradual, Δ=0.5, ρ=0.6, clustered",1071,gradual,0.5,0.6,clustered,ADWIN,остатки,bonferroni,0.019148936170212766,0.1702127659574468,0.47368421052631576,0.47368421052631576,0.9,0.6206896551724138,607.5,607.5
"gradual, Δ=0.5, ρ=0.6, clustered",1071,gradual,0.5,0.6,clustered,ADWIN,остатки,bh_window,0.019148936170212766,0.1702127659574468,0.47368421052631576,0.5263157894736842,1.0,0.6896551724137931,567.5,567.5
"gradual, Δ=0.5, ρ=0.6, clustered",1071,gradual,0.5,0.6,clustered,MeanShift(1),сырые,uncorrected,0.16595744680851063,0.2765957446808511,0.8571428571428571,0.10989010989010989,1.0,0.198019801980198,577.5,577.5
"gradual, Δ=0.5, ρ=0.6, clustered",1071,gradual,0.5,0.6,clustered,MeanShift(1),сырые,bonferroni,0.002127659574468085,0.02127659574468085,0.1111111111111111,0.2222222222222222,0.2,0.2105263157894737,1360.375,1627.5
"gradual, Δ=0.5, ρ=0.6, clustered",1071,gradual,0.5,0.6,clustered,MeanShift(1),сырые,bh_window,0.002127659574468085,0.02127659574468085,0.09090909090909091,0.9090909090909091,1.0,0.9523809523809523,827.5,827.5
"gradual, Δ=0.5, ρ=0.6, clustered",1071,gradual,0.5,0.6,clustered,MeanShift(1),сырые,LORD++,0.0,0.0,0.0,,0.0,0.0,,2527.5
"gradual, Δ=0.5, ρ=0.6, clustered",1071,gradual,0.5,0.6,clustered,MeanShift(1),остатки,bonferroni,0.00425531914893617,0.0425531914893617,0.16666666666666666,0.8333333333333334,1.0,0.9090909090909091,547.5,547.5
"gradual, Δ=0.5, ρ=0.6, clustered",1071,gradual,0.5,0.6,clustered,MeanShift(1),остатки,bh_window,0.006382978723404255,0.06382978723404255,0.23076923076923078,0.7692307692307693,1.0,0.8695652173913044,477.5,477.5
"gradual, Δ=0.5, ρ=0.6, clustered",1071,gradual,0.5,0.6,clustered,MeanShift(3),сырые,uncorrected,0.023404255319148935,0.10638297872340426,0.4782608695652174,0.391304347826087,0.9,0.5454545454545454,687.5,687.5
"gradual, Δ=0.5, ρ=0.6, clustered",1071,gradual,0.5,0.6,clustered,MeanShift(3),сырые,bonferroni,0.0,0.0,0.0,0.2,0.1,0.13333333333333333,1226.4,1927.5
"gradual, Δ=0.5, ρ=0.6, clustered",1071,gradual,0.5,0.6,clustered,MeanShift(3),сырые,bh_window,0.0,0.0,0.0,0.125,0.1,0.11111111111111112,1427.5,1647.5
"gradual, Δ=0.5, ρ=0.6, clustered",1071,gradual,0.5,0.6,clustered,MeanShift(3),сырые,LORD++,0.0,0.0,0.0,,0.0,0.0,,2527.5
"gradual, Δ=0.5, ρ=0.6, clustered",1071,gradual,0.5,0.6,clustered,MeanShift(3),остатки,bonferroni,0.002127659574468085,0.02127659574468085,0.09090909090909091,0.8181818181818182,0.9,0.8571428571428572,687.5,687.5
"gradual, Δ=0.5, ρ=0.6, clustered",1071,gradual,0.5,0.6,clustered,MeanShift(3),остатки,bh_window,0.00425531914893617,0.0425531914893617,0.16666666666666666,0.8333333333333334,1.0,0.9090909090909091,657.5,657.5
"gradual, Δ=0.5, ρ=0.6, clustered",1071,gradual,0.5,0.6,clustered,PH river по умолчанию,сырые,порог,0.674468085106383,0.723404255319149,0.9434523809523809,0.02976190476190476,1.0,0.05780346820809249,407.5,407.5
"gradual, Δ=1, ρ=0, scattered",1072,gradual,1.0,0.0,scattered,PH,сырые,uncorrected,0.1,0.5531914893617021,0.734375,0.15625,1.0,0.2702702702702703,341.8,341.8
"gradual, Δ=1, ρ=0, scattered",1072,gradual,1.0,0.0,scattered,PH,сырые,bonferroni,0.002127659574468085,0.02127659574468085,0.09090909090909091,0.9090909090909091,1.0,0.9523809523809523,521.8,521.8
"gradual, Δ=1, ρ=0, scattered",1072,gradual,1.0,0.0,scattered,PH,сырые,bh_window,0.002127659574468085,0.02127659574468085,0.09090909090909091,0.9090909090909091,1.0,0.9523809523809523,501.8,501.8
"gradual, Δ=1, ρ=0, scattered",1072,gradual,1.0,0.0,scattered,PH,сырые,LORD++,0.0,0.0,0.0,0.6,0.6,0.6,941.8,941.8
"gradual, Δ=1, ρ=0, scattered",1072,gradual,1.0,0.0,scattered,PH,остатки,bonferroni,0.002127659574468085,0.02127659574468085,0.09090909090909091,0.9090909090909091,1.0,0.9523809523809523,571.8,571.8
"gradual, Δ=1, ρ=0, scattered",1072,gradual,1.0,0.0,scattered,PH,остатки,bh_window,0.002127659574468085,0.02127659574468085,0.09090909090909091,0.9090909090909091,1.0,0.9523809523809523,541.8,541.8
"gradual, Δ=1, ρ=0, scattered",1072,gradual,1.0,0.0,scattered,KS,сырые,uncorrected,0.14680851063829786,0.723404255319149,0.8414634146341463,0.12195121951219512,1.0,0.21739130434782605,441.8,441.8
"gradual, Δ=1, ρ=0, scattered",1072,gradual,1.0,0.0,scattered,KS,сырые,bonferroni,0.006382978723404255,0.06382978723404255,0.23076923076923078,0.6923076923076923,0.9,0.7826086956521738,611.8,611.8
"gradual, Δ=1, ρ=0, scattered",1072,gradual,1.0,0.0,scattered,KS,сырые,bh_window,0.00851063829787234,0.06382978723404255,0.2857142857142857,0.6428571428571429,0.9,0.75,611.8,611.8
"gradual, Δ=1, ρ=0, scattered",1072,gradual,1.0,0.0,scattered,KS,сырые,LORD++,0.0,0.0,0.0,0.8,0.8,0.8000000000000002,871.8,871.8
"gradual, Δ=1, ρ=0, scattered",1072,gradual,1.0,0.0,scattered,KS,остатки,bonferroni,0.006382978723404255,0.06382978723404255,0.23076923076923078,0.6923076923076923,0.9,0.7826086956521738,661.8,661.8
"gradual, Δ=1, ρ=0, scattered",1072,gradual,1.0,0.0,scattered,KS,остатки,bh_window,0.00851063829787234,0.0851063829787234,0.2857142857142857,0.6428571428571429,0.9,0.75,631.8,631.8
"gradual, Δ=1, ρ=0, scattered",1072,gradual,1.0,0.0,scattered,ADWIN,сырые,uncorrected,0.2404255319148936,0.9148936170212766,0.875968992248062,0.07751937984496124,1.0,0.14388489208633096,291.8,291.8
"gradual, Δ=1, ρ=0, scattered",1072,gradual,1.0,0.0,scattered,ADWIN,сырые,bonferroni,0.014893617021276596,0.14893617021276595,0.4117647058823529,0.5882352941176471,1.0,0.7407407407407407,471.8,471.8
"gradual, Δ=1, ρ=0, scattered",1072,gradual,1.0,0.0,scattered,ADWIN,сырые,bh_window,0.01702127659574468,0.1702127659574468,0.4444444444444444,0.5555555555555556,1.0,0.7142857142857143,471.8,471.8
"gradual, Δ=1, ρ=0, scattered",1072,gradual,1.0,0.0,scattered,ADWIN,сырые,LORD++,0.002127659574468085,0.02127659574468085,0.09090909090909091,0.9090909090909091,1.0,0.9523809523809523,621.8,621.8
"gradual, Δ=1, ρ=0, scattered",1072,gradual,1.0,0.0,scattered,ADWIN,остатки,bonferroni,0.02127659574468085,0.19148936170212766,0.5,0.45,0.9,0.6,541.8,541.8
"gradual, Δ=1, ρ=0, scattered",1072,gradual,1.0,0.0,scattered,ADWIN,остатки,bh_window,0.03404255319148936,0.23404255319148937,0.6153846153846154,0.38461538461538464,1.0,0.5555555555555556,491.8,491.8
"gradual, Δ=1, ρ=0, scattered",1072,gradual,1.0,0.0,scattered,MeanShift(1),сырые,uncorrected,0.23617021276595745,0.851063829787234,0.8473282442748091,0.07633587786259542,1.0,0.14184397163120568,221.8,221.8
"gradual, Δ=1, ρ=0, scattered",1072,gradual,1.0,0.0,scattered,MeanShift(1),сырые,bonferroni,0.002127659574468085,0.02127659574468085,0.09090909090909091,0.8181818181818182,0.9,0.8571428571428572,571.8,571.8
"gradual, Δ=1, ρ=0, scattered",1072,gradual,1.0,0.0,scattered,MeanShift(1),сырые,bh_window,0.00425531914893617,0.0425531914893617,0.16666666666666666,0.8333333333333334,1.0,0.9090909090909091,521.8,521.8
"gradual, Δ=1, ρ=0, scattered",1072,gradual,1.0,0.0,scattered,MeanShift(1),сырые,LORD++,0.0,0.0,0.0,0.5555555555555556,0.5,0.5263157894736842,1024.888888888889,1141.8
"gradual, Δ=1, ρ=0, scattered",1072,gradual,1.0,0.0,scattered,MeanShift(1),остатки,bonferroni,0.002127659574468085,0.02127659574468085,0.1,0.9,0.9,0.9,536.0,701.8
"gradual, Δ=1, ρ=0, scattered",1072,gradual,1.0,0.0,scattered,MeanShift(1),остатки,bh_window,0.002127659574468085,0.02127659574468085,0.1,0.9,0.9,0.9,513.7777777777778,681.8
"gradual, Δ=1, ρ=0, scattered",1072,gradual,1.0,0.0,scattered,MeanShift(3),сырые,uncorrected,0.13617021276595745,0.7021276595744681,0.8205128205128205,0.1282051282051282,1.0,0.22727272727272727,361.8,361.8
"gradual, Δ=1, ρ=0, scattered",1072,gradual,1.0,0.0,scattered,MeanShift(3),сырые,bonferroni,0.002127659574468085,0.02127659574468085,0.09090909090909091,0.9090909090909091,1.0,0.9523809523809523,571.8,571.8
"gradual, Δ=1, ρ=0, scattered",1072,gradual,1.0,0.0,scattered,MeanShift(3),сырые,bh_window,0.002127659574468085,0.02127659574468085,0.09090909090909091,0.9090909090909091,1.0,0.9523809523809523,511.8,511.8
"gradual, Δ=1, ρ=0, scattered",1072,gradual,1.0,0.0,scattered,MeanShift(3),сырые,LORD++,0.0,0.0,0.0,0.4,0.4,0.4000000000000001,1451.8,1451.8
"gradual, Δ=1, ρ=0, scattered",1072,gradual,1.0,0.0,scattered,MeanShift(3),остатки,bonferroni,0.0,0.0,0.0,1.0,1.0,1.0,571.8,571.8
"gradual, Δ=1, ρ=0, scattered",1072,gradual,1.0,0.0,scattered,MeanShift(3),остатки,bh_window,0.0,0.0,0.0,1.0,1.0,1.0,531.8,531.8
"gradual, Δ=1, ρ=0, scattered",1072,gradual,1.0,0.0,scattered,PH river по умолчанию,сырые,порог,0.7404255319148936,1.0,0.943089430894309,0.02710027100271003,1.0,0.05277044854881267,231.8,231.8
"gradual, Δ=1, ρ=0, scattered",1073,gradual,1.0,0.0,scattered,PH,сырые,uncorrected,0.09787234042553192,0.5531914893617021,0.7796610169491526,0.1694915254237288,1.0,0.2898550724637681,350.8,350.8
"gradual, Δ=1, ρ=0, scattered",1073,gradual,1.0,0.0,scattered,PH,сырые,bonferroni,0.0,0.0,0.0,1.0,1.0,1.0,490.8,490.8
"gradual, Δ=1, ρ=0, scattered",1073,gradual,1.0,0.0,scattered,PH,сырые,bh_window,0.0,0.0,0.0,1.0,1.0,1.0,480.8,480.8
"gradual, Δ=1, ρ=0, scattered",1073,gradual,1.0,0.0,scattered,PH,сырые,LORD++,0.0,0.0,0.0,1.0,1.0,1.0,650.8,650.8
"gradual, Δ=1, ρ=0, scattered",1073,gradual,1.0,0.0,scattered,PH,остатки,bonferroni,0.0,0.0,0.0,1.0,1.0,1.0,510.8,510.8
"gradual, Δ=1, ρ=0, scattered",1073,gradual,1.0,0.0,scattered,PH,остатки,bh_window,0.0,0.0,0.0,1.0,1.0,1.0,500.8,500.8
"gradual, Δ=1, ρ=0, scattered",1073,gradual,1.0,0.0,scattered,KS,сырые,uncorrected,0.125531914893617,0.7021276595744681,0.8309859154929577,0.14084507042253522,1.0,0.2469135802469136,420.8,420.8
"gradual, Δ=1, ρ=0, scattered",1073,gradual,1.0,0.0,scattered,KS,сырые,bonferroni,0.0,0.0,0.0,1.0,1.0,1.0,580.8,580.8
"gradual, Δ=1, ρ=0, scattered",1073,gradual,1.0,0.0,scattered,KS,сырые,bh_window,0.002127659574468085,0.02127659574468085,0.09090909090909091,0.9090909090909091,1.0,0.9523809523809523,570.8,570.8
"gradual, Δ=1, ρ=0, scattered",1073,gradual,1.0,0.0,scattered,KS,сырые,LORD++,0.0,0.0,0.0,1.0,1.0,1.0,720.8,720.8
"gradual, Δ=1, ρ=0, scattered",1073,gradual,1.0,0.0,scattered,KS,остатки,bonferroni,0.0,0.0,0.0,1.0,1.0,1.0,590.8,590.8
"gradual, Δ=1, ρ=0, scattered",1073,gradual,1.0,0.0,scattered,KS,остатки,bh_window,0.002127659574468085,0.02127659574468085,0.09090909090909091,0.9090909090909091,1.0,0.9523809523809523,580.8,580.8
"gradual, Δ=1, ρ=0, scattered",1073,gradual,1.0,0.0,scattered,ADWIN,сырые,uncorrected,0.251063829787234,0.8936170212765957,0.8872180451127819,0.07518796992481203,1.0,0.13986013986013984,350.8,350.8
"gradual, Δ=1, ρ=0, scattered",1073,gradual,1.0,0.0,scattered,ADWIN,сырые,bonferroni,0.01276595744680851,0.10638297872340426,0.375,0.625,1.0,0.7692307692307693,430.8,430.8
"gradual, Δ=1, ρ=0, scattered",1073,gradual,1.0,0.0,scattered,ADWIN,сырые,bh_window,0.01702127659574468,0.0851063829787234,0.4444444444444444,0.5555555555555556,1.0,0.7142857142857143,420.8,420.8
"gradual, Δ=1, ρ=0, scattered",1073,gradual,1.0,0.0,scattered,ADWIN,сырые,LORD++,0.010638297872340425,0.0851063829787234,0.3333333333333333,0.6666666666666666,1.0,0.8,560.8,560.8
"gradual, Δ=1, ρ=0, scattered",1073,gradual,1.0,0.0,scattered,ADWIN,остатки,bonferroni,0.006382978723404255,0.06382978723404255,0.23076923076923078,0.7692307692307693,1.0,0.8695652173913044,450.8,450.8
"gradual, Δ=1, ρ=0, scattered",1073,gradual,1.0,0.0,scattered,ADWIN,остатки,bh_window,0.019148936170212766,0.10638297872340426,0.47368421052631576,0.5263157894736842,1.0,0.6896551724137931,450.8,450.8
"gradual, Δ=1, ρ=0, scattered",1073,gradual,1.0,0.0,scattered,MeanShift(1),сырые,uncorrected,0.26595744680851063,0.9148936170212766,0.8680555555555556,0.06944444444444445,1.0,0.12987012987012989,260.8,260.8
"gradual, Δ=1, ρ=0, scattered",1073,gradual,1.0,0.0,scattered,MeanShift(1),сырые,bonferroni,0.002127659574468085,0.02127659574468085,0.09090909090909091,0.9090909090909091,1.0,0.9523809523809523,430.8,430.8
"gradual, Δ=1, ρ=0, scattered",1073,gradual,1.0,0.0,scattered,MeanShift(1),сырые,bh_window,0.002127659574468085,0.02127659574468085,0.09090909090909091,0.9090909090909091,1.0,0.9523809523809523,410.8,410.8
"gradual, Δ=1, ρ=0, scattered",1073,gradual,1.0,0.0,scattered,MeanShift(1),сырые,LORD++,0.0,0.0,0.0,0.7,0.7,0.7,860.8,860.8
"gradual, Δ=1, ρ=0, scattered",1073,gradual,1.0,0.0,scattered,MeanShift(1),остатки,bonferroni,0.002127659574468085,0.02127659574468085,0.09090909090909091,0.9090909090909091,1.0,0.9523809523809523,430.8,430.8
"gradual, Δ=1, ρ=0, scattered",1073,gradual,1.0,0.0,scattered,MeanShift(1),остатки,bh_window,0.002127659574468085,0.02127659574468085,0.09090909090909091,0.9090909090909091,1.0,0.9523809523809523,420.8,420.8
"gradual, Δ=1, ρ=0, scattered",1073,gradual,1.0,0.0,scattered,MeanShift(3),сырые,uncorrected,0.15531914893617021,0.7021276595744681,0.8202247191011236,0.11235955056179775,1.0,0.20202020202020202,390.8,390.8
"gradual, Δ=1, ρ=0, scattered",1073,gradual,1.0,0.0,scattered,MeanShift(3),сырые,bonferroni,0.0,0.0,0.0,1.0,1.0,1.0,560.8,560.8
"gradual, Δ=1, ρ=0, scattered",1073,gradual,1.0,0.0,scattered,MeanShift(3),сырые,bh_window,0.0,0.0,0.0,1.0,1.0,1.0,560.8,560.8
"gradual, Δ=1, ρ=0, scattered",1073,gradual,1.0,0.0,scattered,MeanShift(3),сырые,LORD++,0.0,0.0,0.0,1.0,1.0,1.0,680.8,680.8
"gradual, Δ=1, ρ=0, scattered",1073,gradual,1.0,0.0,scattered,MeanShift(3),остатки,bonferroni,0.0,0.0,0.0,1.0,1.0,1.0,580.8,580.8
"gradual, Δ=1, ρ=0, scattered",1073,gradual,1.0,0.0,scattered,MeanShift(3),остатки,bh_window,0.0,0.0,0.0,1.0,1.0,1.0,580.8,580.8
"gradual, Δ=1, ρ=0, scattered",1073,gradual,1.0,0.0,scattered,PH river по умолчанию,сырые,порог,0.6787234042553192,1.0,0.9410029498525073,0.029498525073746312,1.0,0.05730659025787966,270.8,270.8
"gradual, Δ=1, ρ=0, scattered",1074,gradual,1.0,0.0,scattered,PH,сырые,uncorrected,0.10212765957446808,0.574468085106383,0.7868852459016393,0.16393442622950818,1.0,0.28169014084507044,351.2,351.2
"gradual, Δ=1, ρ=0, scattered",1074,gradual,1.0,0.0,scattered,PH,сырые,bonferroni,0.002127659574468085,0.02127659574468085,0.09090909090909091,0.9090909090909091,1.0,0.9523809523809523,511.2,511.2
"gradual, Δ=1, ρ=0, scattered",1074,gradual,1.0,0.0,scattered,PH,сырые,bh_window,0.002127659574468085,0.02127659574468085,0.09090909090909091,0.9090909090909091,1.0,0.9523809523809523,491.2,491.2
"gradual, Δ=1, ρ=0, scattered",1074,gradual,1.0,0.0,scattered,PH,сырые,LORD++,0.002127659574468085,0.02127659574468085,0.09090909090909091,0.9090909090909091,1.0,0.9523809523809523,601.2,601.2
"gradual, Δ=1, ρ=0, scattered",1074,gradual,1.0,0.0,scattered,PH,остатки,bonferroni,0.0,0.0,0.0,1.0,1.0,1.0,541.2,541.2
"gradual, Δ=1, ρ=0, scattered",1074,gradual,1.0,0.0,scattered,PH,остатки,bh_window,0.0,0.0,0.0,1.0,1.0,1.0,531.2,531.2
"gradual, Δ=1, ρ=0, scattered",1074,gradual,1.0,0.0,scattered,KS,сырые,uncorrected,0.12127659574468085,0.7446808510638298,0.8260869565217391,0.14492753623188406,1.0,0.25316455696202533,441.2,441.2
"gradual, Δ=1, ρ=0, scattered",1074,gradual,1.0,0.0,scattered,KS,сырые,bonferroni,0.002127659574468085,0.02127659574468085,0.09090909090909091,0.9090909090909091,1.0,0.9523809523809523,571.2,571.2
"gradual, Δ=1, ρ=0, scattered",1074,gradual,1.0,0.0,scattered,KS,сырые,bh_window,0.002127659574468085,0.02127659574468085,0.09090909090909091,0.9090909090909091,1.0,0.9523809523809523,561.2,561.2
"gradual, Δ=1, ρ=0, scattered",1074,gradual,1.0,0.0,scattered,KS,сырые,LORD++,0.0,0.0,0.0,0.9,0.9,0.9,761.2,761.2
"gradual, Δ=1, ρ=0, scattered",1074,gradual,1.0,0.0,scattered,KS,остатки,bonferroni,0.002127659574468085,0.02127659574468085,0.09090909090909091,0.9090909090909091,1.0,0.9523809523809523,601.2,601.2
"gradual, Δ=1, ρ=0, scattered",1074,gradual,1.0,0.0,scattered,KS,остатки,bh_window,0.002127659574468085,0.02127659574468085,0.09090909090909091,0.9090909090909091,1.0,0.9523809523809523,591.2,591.2
"gradual, Δ=1, ρ=0, scattered",1074,gradual,1.0,0.0,scattered,ADWIN,сырые,uncorrected,0.2574468085106383,0.9361702127659575,0.8962962962962963,0.07407407407407407,1.0,0.13793103448275862,331.2,331.2
"gradual, Δ=1, ρ=0, scattered",1074,gradual,1.0,0.0,scattered,ADWIN,сырые,bonferroni,0.00851063829787234,0.0851063829787234,0.2857142857142857,0.7142857142857143,1.0,0.8333333333333333,441.2,441.2
"gradual, Δ=1, ρ=0, scattered",1074,gradual,1.0,0.0,scattered,ADWIN,сырые,bh_window,0.010638297872340425,0.10638297872340426,0.3333333333333333,0.6666666666666666,1.0,0.8,431.2,431.2
"gradual, Δ=1, ρ=0, scattered",1074,gradual,1.0,0.0,scattered,ADWIN,сырые,LORD++,0.0,0.0,0.0,1.0,1.0,1.0,511.2,511.2
"gradual, Δ=1, ρ=0, scattered",1074,gradual,1.0,0.0,scattered,ADWIN,остатки,bonferroni,0.014893617021276596,0.14893617021276595,0.4117647058823529,0.5882352941176471,1.0,0.7407407407407407,451.2,451.2
"gradual, Δ=1, ρ=0, scattered",1074,gradual,1.0,0.0,scattered,ADWIN,остатки,bh_window,0.014893617021276596,0.14893617021276595,0.4117647058823529,0.5882352941176471,1.0,0.7407407407407407,451.2,451.2
"gradual, Δ=1, ρ=0, scattered",1074,gradual,1.0,0.0,scattered,MeanShift(1),сырые,uncorrected,0.25957446808510637,0.9148936170212766,0.9037037037037037,0.07407407407407407,1.0,0.13793103448275862,291.2,291.2
"gradual, Δ=1, ρ=0, scattered",1074,gradual,1.0,0.0,scattered,MeanShift(1),сырые,bonferroni,0.00425531914893617,0.0425531914893617,0.16666666666666666,0.8333333333333334,1.0,0.9090909090909091,501.2,501.2
"gradual, Δ=1, ρ=0, scattered",1074,gradual,1.0,0.0,scattered,MeanShift(1),сырые,bh_window,0.006382978723404255,0.0425531914893617,0.23076923076923078,0.7692307692307693,1.0,0.8695652173913044,481.2,481.2
"gradual, Δ=1, ρ=0, scattered",1074,gradual,1.0,0.0,scattered,MeanShift(1),сырые,LORD++,0.0,0.0,0.0,0.4444444444444444,0.4,0.4210526315789474,1182.2222222222222,1171.2
"gradual, Δ=1, ρ=0, scattered",1074,gradual,1.0,0.0,scattered,MeanShift(1),остатки,bonferroni,0.00425531914893617,0.0425531914893617,0.16666666666666666,0.8333333333333334,1.0,0.9090909090909091,501.2,501.2
"gradual, Δ=1, ρ=0, scattered",1074,gradual,1.0,0.0,scattered,MeanShift(1),остатки,bh_window,0.006382978723404255,0.0425531914893617,0.23076923076923078,0.7692307692307693,1.0,0.8695652173913044,521.2,521.2
"gradual, Δ=1, ρ=0, scattered",1074,gradual,1.0,0.0,scattered,MeanShift(3),сырые,uncorrected,0.1425531914893617,0.723404255319149,0.8589743589743589,0.1282051282051282,1.0,0.22727272727272727,391.2,391.2
"gradual, Δ=1, ρ=0, scattered",1074,gradual,1.0,0.0,scattered,MeanShift(3),сырые,bonferroni,0.002127659574468085,0.02127659574468085,0.09090909090909091,0.9090909090909091,1.0,0.9523809523809523,521.2,521.2
"gradual, Δ=1, ρ=0, scattered",1074,gradual,1.0,0.0,scattered,MeanShift(3),сырые,bh_window,0.002127659574468085,0.02127659574468085,0.09090909090909091,0.9090909090909091,1.0,0.9523809523809523,521.2,521.2
"gradual, Δ=1, ρ=0, scattered",1074,gradual,1.0,0.0,scattered,MeanShift(3),сырые,LORD++,0.0,0.0,0.0,0.9,0.9,0.9,711.2,711.2
"gradual, Δ=1, ρ=0, scattered",1074,gradual,1.0,0.0,scattered,MeanShift(3),остатки,bonferroni,0.002127659574468085,0.02127659574468085,0.09090909090909091,0.9090909090909091,1.0,0.9523809523809523,561.2,561.2
"gradual, Δ=1, ρ=0, scattered",1074,gradual,1.0,0.0,scattered,MeanShift(3),остатки,bh_window,0.002127659574468085,0.02127659574468085,0.09090909090909091,0.9090909090909091,1.0,0.9523809523809523,541.2,541.2
"gradual, Δ=1, ρ=0, scattered",1074,gradual,1.0,0.0,scattered,PH river по умолчанию,сырые,порог,0.7829787234042553,1.0,0.9484536082474226,0.02577319587628866,1.0,0.05025125628140704,251.2,251.2
"gradual, Δ=1, ρ=0, scattered",1075,gradual,1.0,0.0,scattered,PH,сырые,uncorrected,0.09148936170212765,0.574468085106383,0.7678571428571429,0.17857142857142858,1.0,0.30303030303030304,364.4,364.4
"gradual, Δ=1, ρ=0, scattered",1075,gradual,1.0,0.0,scattered,PH,сырые,bonferroni,0.00425531914893617,0.0425531914893617,0.16666666666666666,0.8333333333333334,1.0,0.9090909090909091,504.4,504.4
"gradual, Δ=1, ρ=0, scattered",1075,gradual,1.0,0.0,scattered,PH,сырые,bh_window,0.00425531914893617,0.0425531914893617,0.16666666666666666,0.8333333333333334,1.0,0.9090909090909091,484.4,484.4
"gradual, Δ=1, ρ=0, scattered",1075,gradual,1.0,0.0,scattered,PH,сырые,LORD++,0.0,0.0,0.0,0.8,0.8,0.8000000000000002,724.4,724.4
"gradual, Δ=1, ρ=0, scattered",1075,gradual,1.0,0.0,scattered,PH,остатки,bonferroni,0.00425531914893617,0.0425531914893617,0.16666666666666666,0.8333333333333334,1.0,0.9090909090909091,544.4,544.4
"gradual, Δ=1, ρ=0, scattered",1075,gradual,1.0,0.0,scattered,PH,остатки,bh_window,0.00425531914893617,0.0425531914893617,0.16666666666666666,0.8333333333333334,1.0,0.9090909090909091,524.4,524.4
"gradual, Δ=1, ρ=0, scattered",1075,gradual,1.0,0.0,scattered,KS,сырые,uncorrected,0.10638297872340426,0.5531914893617021,0.8333333333333334,0.16666666666666666,1.0,0.2857142857142857,424.4,424.4
"gradual, Δ=1, ρ=0, scattered",1075,gradual,1.0,0.0,scattered,KS,сырые,bonferroni,0.002127659574468085,0.02127659574468085,0.09090909090909091,0.9090909090909091,1.0,0.9523809523809523,564.4,564.4
"gradual, Δ=1, ρ=0, scattered",1075,gradual,1.0,0.0,scattered,KS,сырые,bh_window,0.002127659574468085,0.02127659574468085,0.09090909090909091,0.9090909090909091,1.0,0.9523809523809523,564.4,564.4
"gradual, Δ=1, ρ=0, scattered",1075,gradual,1.0,0.0,scattered,KS,сырые,LORD++,0.0,0.0,0.0,1.0,1.0,1.0,694.4,694.4
"gradual, Δ=1, ρ=0, scattered",1075,gradual,1.0,0.0,scattered,KS,остатки,bonferroni,0.002127659574468085,0.02127659574468085,0.09090909090909091,0.9090909090909091,1.0,0.9523809523809523,594.4,594.4
"gradual, Δ=1, ρ=0, scattered",1075,gradual,1.0,0.0,scattered,KS,остатки,bh_window,0.00425531914893617,0.0425531914893617,0.16666666666666666,0.8333333333333334,1.0,0.9090909090909091,574.4,574.4
"gradual, Δ=1, ρ=0, scattered",1075,gradual,1.0,0.0,scattered,ADWIN,сырые,uncorrected,0.2574468085106383,0.9787234042553191,0.8897058823529411,0.07352941176470588,1.0,0.13698630136986303,354.4,354.4
"gradual, Δ=1, ρ=0, scattered",1075,gradual,1.0,0.0,scattered,ADWIN,сырые,bonferroni,0.01276595744680851,0.0851063829787234,0.375,0.625,1.0,0.7692307692307693,454.4,454.4
"gradual, Δ=1, ρ=0, scattered",1075,gradual,1.0,0.0,scattered,ADWIN,сырые,bh_window,0.01276595744680851,0.0851063829787234,0.375,0.625,1.0,0.7692307692307693,454.4,454.4
"gradual, Δ=1, ρ=0, scattered",1075,gradual,1.0,0.0,scattered,ADWIN,сырые,LORD++,0.0,0.0,0.0,1.0,1.0,1.0,504.4,504.4
"gradual, Δ=1, ρ=0, scattered",1075,gradual,1.0,0.0,scattered,ADWIN,остатки,bonferroni,0.01276595744680851,0.10638297872340426,0.375,0.625,1.0,0.7692307692307693,464.4,464.4
"gradual, Δ=1, ρ=0, scattered",1075,gradual,1.0,0.0,scattered,ADWIN,остатки,bh_window,0.019148936170212766,0.1276595744680851,0.47368421052631576,0.5263157894736842,1.0,0.6896551724137931,464.4,464.4
"gradual, Δ=1, ρ=0, scattered",1075,gradual,1.0,0.0,scattered,MeanShift(1),сырые,uncorrected,0.23404255319148937,0.8936170212765957,0.873015873015873,0.07936507936507936,1.0,0.14705882352941177,284.4,284.4
"gradual, Δ=1, ρ=0, scattered",1075,gradual,1.0,0.0,scattered,MeanShift(1),сырые,bonferroni,0.002127659574468085,0.02127659574468085,0.09090909090909091,0.9090909090909091,1.0,0.9523809523809523,474.4,474.4
"gradual, Δ=1, ρ=0, scattered",1075,gradual,1.0,0.0,scattered,MeanShift(1),сырые,bh_window,0.002127659574468085,0.02127659574468085,0.09090909090909091,0.9090909090909091,1.0,0.9523809523809523,424.4,424.4
"gradual, Δ=1, ρ=0, scattered",1075,gradual,1.0,0.0,scattered,MeanShift(1),сырые,LORD++,0.0,0.0,0.0,0.4444444444444444,0.4,0.4210526315789474,1285.6666666666667,1374.4
"gradual, Δ=1, ρ=0, scattered",1075,gradual,1.0,0.0,scattered,MeanShift(1),остатки,bonferroni,0.002127659574468085,0.02127659574468085,0.09090909090909091,0.9090909090909091,1.0,0.9523809523809523,544.4,544.4
"gradual, Δ=1, ρ=0, scattered",1075,gradual,1.0,0.0,scattered,MeanShift(1),остатки,bh_window,0.002127659574468085,0.02127659574468085,0.09090909090909091,0.9090909090909091,1.0,0.9523809523809523,464.4,464.4
"gradual, Δ=1, ρ=0, scattered",1075,gradual,1.0,0.0,scattered,MeanShift(3),сырые,uncorrected,0.1425531914893617,0.7446808510638298,0.8701298701298701,0.12987012987012986,1.0,0.22988505747126434,444.4,444.4
"gradual, Δ=1, ρ=0, scattered",1075,gradual,1.0,0.0,scattered,MeanShift(3),сырые,bonferroni,0.00425531914893617,0.0425531914893617,0.16666666666666666,0.8333333333333334,1.0,0.9090909090909091,544.4,544.4
"gradual, Δ=1, ρ=0, scattered",1075,gradual,1.0,0.0,scattered,MeanShift(3),сырые,bh_window,0.00425531914893617,0.0425531914893617,0.16666666666666666,0.8333333333333334,1.0,0.9090909090909091,514.4,514.4
"gradual, Δ=1, ρ=0, scattered",1075,gradual,1.0,0.0,scattered,MeanShift(3),сырые,LORD++,0.0,0.0,0.0,0.8,0.8,0.8000000000000002,804.4,804.4
"gradual, Δ=1, ρ=0, scattered",1075,gradual,1.0,0.0,scattered,MeanShift(3),остатки,bonferroni,0.00425531914893617,0.0425531914893617,0.16666666666666666,0.8333333333333334,1.0,0.9090909090909091,564.4,564.4
"gradual, Δ=1, ρ=0, scattered",1075,gradual,1.0,0.0,scattered,MeanShift(3),остатки,bh_window,0.00425531914893617,0.0425531914893617,0.16666666666666666,0.8333333333333334,1.0,0.9090909090909091,564.4,564.4
"gradual, Δ=1, ρ=0, scattered",1075,gradual,1.0,0.0,scattered,PH river по умолчанию,сырые,порог,0.7659574468085106,1.0,0.9473684210526315,0.02631578947368421,1.0,0.05128205128205127,274.4,274.4
"gradual, Δ=1, ρ=0, clustered",1076,gradual,1.0,0.0,clustered,PH,сырые,uncorrected,0.1127659574468085,0.5531914893617021,0.7571428571428571,0.14285714285714285,1.0,0.25,329.0,329.0
"gradual, Δ=1, ρ=0, clustered",1076,gradual,1.0,0.0,clustered,PH,сырые,bonferroni,0.00425531914893617,0.0425531914893617,0.16666666666666666,0.8333333333333334,1.0,0.9090909090909091,519.0,519.0
"gradual, Δ=1, ρ=0, clustered",1076,gradual,1.0,0.0,clustered,PH,сырые,bh_window,0.00425531914893617,0.0425531914893617,0.16666666666666666,0.8333333333333334,1.0,0.9090909090909091,479.0,479.0
"gradual, Δ=1, ρ=0, clustered",1076,gradual,1.0,0.0,clustered,PH,сырые,LORD++,0.0,0.0,0.0,1.0,0.9,0.9473684210526316,642.6666666666666,749.0
"gradual, Δ=1, ρ=0, clustered",1076,gradual,1.0,0.0,clustered,PH,остатки,bonferroni,0.00425531914893617,0.0425531914893617,0.16666666666666666,0.8333333333333334,1.0,0.9090909090909091,549.0,549.0
"gradual, Δ=1, ρ=0, clustered",1076,gradual,1.0,0.0,clustered,PH,остатки,bh_window,0.00425531914893617,0.0425531914893617,0.16666666666666666,0.8333333333333334,1.0,0.9090909090909091,529.0,529.0
"gradual, Δ=1, ρ=0, clustered",1076,gradual,1.0,0.0,clustered,KS,сырые,uncorrected,0.12340425531914893,0.6595744680851063,0.8285714285714286,0.14285714285714285,1.0,0.25,379.0,379.0
"gradual, Δ=1, ρ=0, clustered",1076,gradual,1.0,0.0,clustered,KS,сырые,bonferroni,0.002127659574468085,0.02127659574468085,0.09090909090909091,0.9090909090909091,1.0,0.9523809523809523,589.0,589.0
"gradual, Δ=1, ρ=0, clustered",1076,gradual,1.0,0.0,clustered,KS,сырые,bh_window,0.00425531914893617,0.0425531914893617,0.16666666666666666,0.8333333333333334,1.0,0.9090909090909091,559.0,559.0
"gradual, Δ=1, ρ=0, clustered",1076,gradual,1.0,0.0,clustered,KS,сырые,LORD++,0.0,0.0,0.0,1.0,1.0,1.0,739.0,739.0
"gradual, Δ=1, ρ=0, clustered",1076,gradual,1.0,0.0,clustered,KS,остатки,bonferroni,0.0,0.0,0.0,1.0,1.0,1.0,629.0,629.0
"gradual, Δ=1, ρ=0, clustered",1076,gradual,1.0,0.0,clustered,KS,остатки,bh_window,0.002127659574468085,0.02127659574468085,0.09090909090909091,0.9090909090909091,1.0,0.9523809523809523,609.0,609.0
"gradual, Δ=1, ρ=0, clustered",1076,gradual,1.0,0.0,clustered,ADWIN,сырые,uncorrected,0.2553191489361702,0.9787234042553191,0.9022556390977443,0.07518796992481203,1.0,0.13986013986013984,349.0,349.0
"gradual, Δ=1, ρ=0, clustered",1076,gradual,1.0,0.0,clustered,ADWIN,сырые,bonferroni,0.01702127659574468,0.14893617021276595,0.4444444444444444,0.5555555555555556,1.0,0.7142857142857143,489.0,489.0
"gradual, Δ=1, ρ=0, clustered",1076,gradual,1.0,0.0,clustered,ADWIN,сырые,bh_window,0.02127659574468085,0.19148936170212766,0.5,0.5,1.0,0.6666666666666666,469.0,469.0
"gradual, Δ=1, ρ=0, clustered",1076,gradual,1.0,0.0,clustered,ADWIN,сырые,LORD++,0.002127659574468085,0.02127659574468085,0.09090909090909091,0.9090909090909091,1.0,0.9523809523809523,529.0,529.0
"gradual, Δ=1, ρ=0, clustered",1076,gradual,1.0,0.0,clustered,ADWIN,остатки,bonferroni,0.01276595744680851,0.1276595744680851,0.375,0.625,1.0,0.7692307692307693,529.0,529.0
"gradual, Δ=1, ρ=0, clustered",1076,gradual,1.0,0.0,clustered,ADWIN,остатки,bh_window,0.019148936170212766,0.1702127659574468,0.47368421052631576,0.5263157894736842,1.0,0.6896551724137931,479.0,479.0
"gradual, Δ=1, ρ=0, clustered",1076,gradual,1.0,0.0,clustered,MeanShift(1),сырые,uncorrected,0.28085106382978725,0.8936170212765957,0.8741721854304636,0.06622516556291391,1.0,0.12422360248447208,239.0,239.0
"gradual, Δ=1, ρ=0, clustered",1076,gradual,1.0,0.0,clustered,MeanShift(1),сырые,bonferroni,0.01702127659574468,0.14893617021276595,0.4444444444444444,0.5555555555555556,1.0,0.7142857142857143,449.0,449.0
"gradual, Δ=1, ρ=0, clustered",1076,gradual,1.0,0.0,clustered,MeanShift(1),сырые,bh_window,0.01702127659574468,0.1276595744680851,0.4444444444444444,0.5555555555555556,1.0,0.7142857142857143,409.0,409.0
"gradual, Δ=1, ρ=0, clustered",1076,gradual,1.0,0.0,clustered,MeanShift(1),сырые,LORD++,0.0,0.0,0.0,1.0,0.9,0.9473684210526316,644.2222222222222,809.0
"gradual, Δ=1, ρ=0, clustered",1076,gradual,1.0,0.0,clustered,MeanShift(1),остатки,bonferroni,0.010638297872340425,0.0851063829787234,0.3333333333333333,0.6666666666666666,1.0,0.8,499.0,499.0
"gradual, Δ=1, ρ=0, clustered",1076,gradual,1.0,0.0,clustered,MeanShift(1),остатки,bh_window,0.010638297872340425,0.0851063829787234,0.3333333333333333,0.6666666666666666,1.0,0.8,459.0,459.0
"gradual, Δ=1, ρ=0, clustered",1076,gradual,1.0,0.0,clustered,MeanShift(3),сырые,uncorrected,0.14468085106382977,0.7659574468085106,0.8095238095238095,0.11904761904761904,1.0,0.21276595744680848,309.0,309.0
"gradual, Δ=1, ρ=0, clustered",1076,gradual,1.0,0.0,clustered,MeanShift(3),сырые,bonferroni,0.002127659574468085,0.02127659574468085,0.09090909090909091,0.9090909090909091,1.0,0.9523809523809523,569.0,569.0
"gradual, Δ=1, ρ=0, clustered",1076,gradual,1.0,0.0,clustered,MeanShift(3),сырые,bh_window,0.00425531914893617,0.0425531914893617,0.16666666666666666,0.8333333333333334,1.0,0.9090909090909091,559.0,559.0
"gradual, Δ=1, ρ=0, clustered",1076,gradual,1.0,0.0,clustered,MeanShift(3),сырые,LORD++,0.0,0.0,0.0,1.0,1.0,1.0,759.0,759.0
"gradual, Δ=1, ρ=0, clustered",1076,gradual,1.0,0.0,clustered,MeanShift(3),остатки,bonferroni,0.0,0.0,0.0,1.0,1.0,1.0,589.0,589.0
"gradual, Δ=1, ρ=0, clustered",1076,gradual,1.0,0.0,clustered,MeanShift(3),остатки,bh_window,0.0,0.0,0.0,1.0,1.0,1.0,569.0,569.0
"gradual, Δ=1, ρ=0, clustered",1076,gradual,1.0,0.0,clustered,PH river по умолчанию,сырые,порог,0.7617021276595745,1.0,0.9421052631578948,0.02631578947368421,1.0,0.05128205128205127,189.0,189.0
"gradual, Δ=1, ρ=0, clustered",1077,gradual,1.0,0.0,clustered,PH,сырые,uncorrected,0.10425531914893617,0.5531914893617021,0.7424242424242424,0.15151515151515152,1.0,0.2631578947368421,338.5,338.5
"gradual, Δ=1, ρ=0, clustered",1077,gradual,1.0,0.0,clustered,PH,сырые,bonferroni,0.0,0.0,0.0,1.0,1.0,1.0,518.5,518.5
"gradual, Δ=1, ρ=0, clustered",1077,gradual,1.0,0.0,clustered,PH,сырые,bh_window,0.0,0.0,0.0,1.0,1.0,1.0,508.5,508.5
"gradual, Δ=1, ρ=0, clustered",1077,gradual,1.0,0.0,clustered,PH,сырые,LORD++,0.0,0.0,0.0,0.4444444444444444,0.4,0.4210526315789474,913.1111111111111,928.5
"gradual, Δ=1, ρ=0, clustered",1077,gradual,1.0,0.0,clustered,PH,остатки,bonferroni,0.0,0.0,0.0,1.0,1.0,1.0,558.5,558.5
"gradual, Δ=1, ρ=0, clustered",1077,gradual,1.0,0.0,clustered,PH,остатки,bh_window,0.0,0.0,0.0,1.0,1.0,1.0,548.5,548.5
"gradual, Δ=1, ρ=0, clustered",1077,gradual,1.0,0.0,clustered,KS,сырые,uncorrected,0.12127659574468085,0.6595744680851063,0.8028169014084507,0.14084507042253522,1.0,0.2469135802469136,398.5,398.5
"gradual, Δ=1, ρ=0, clustered",1077,gradual,1.0,0.0,clustered,KS,сырые,bonferroni,0.0,0.0,0.0,1.0,1.0,1.0,578.5,578.5
"gradual, Δ=1, ρ=0, clustered",1077,gradual,1.0,0.0,clustered,KS,сырые,bh_window,0.0,0.0,0.0,1.0,1.0,1.0,548.5,548.5
"gradual, Δ=1, ρ=0, clustered",1077,gradual,1.0,0.0,clustered,KS,сырые,LORD++,0.0,0.0,0.0,1.0,1.0,1.0,748.5,748.5
"gradual, Δ=1, ρ=0, clustered",1077,gradual,1.0,0.0,clustered,KS,остатки,bonferroni,0.0,0.0,0.0,1.0,1.0,1.0,628.5,628.5
"gradual, Δ=1, ρ=0, clustered",1077,gradual,1.0,0.0,clustered,KS,остатки,bh_window,0.002127659574468085,0.02127659574468085,0.09090909090909091,0.9090909090909091,1.0,0.9523809523809523,598.5,598.5
"gradual, Δ=1, ρ=0, clustered",1077,gradual,1.0,0.0,clustered,ADWIN,сырые,uncorrected,0.23404255319148937,0.9574468085106383,0.8943089430894309,0.08130081300813008,1.0,0.15037593984962405,318.5,318.5
"gradual, Δ=1, ρ=0, clustered",1077,gradual,1.0,0.0,clustered,ADWIN,сырые,bonferroni,0.002127659574468085,0.02127659574468085,0.08333333333333333,0.8333333333333334,1.0,0.9090909090909091,478.5,478.5
"gradual, Δ=1, ρ=0, clustered",1077,gradual,1.0,0.0,clustered,ADWIN,сырые,bh_window,0.002127659574468085,0.02127659574468085,0.08333333333333333,0.8333333333333334,1.0,0.9090909090909091,448.5,448.5
"gradual, Δ=1, ρ=0, clustered",1077,gradual,1.0,0.0,clustered,ADWIN,сырые,LORD++,0.0,0.0,0.0,1.0,1.0,1.0,538.5,538.5
"gradual, Δ=1, ρ=0, clustered",1077,gradual,1.0,0.0,clustered,ADWIN,остатки,bonferroni,0.00425531914893617,0.0425531914893617,0.15384615384615385,0.7692307692307693,1.0,0.8695652173913044,498.5,498.5
"gradual, Δ=1, ρ=0, clustered",1077,gradual,1.0,0.0,clustered,ADWIN,остатки,bh_window,0.00425531914893617,0.0425531914893617,0.15384615384615385,0.7692307692307693,1.0,0.8695652173913044,498.5,498.5
"gradual, Δ=1, ρ=0, clustered",1077,gradual,1.0,0.0,clustered,MeanShift(1),сырые,uncorrected,0.30638297872340425,0.9574468085106383,0.8888888888888888,0.06172839506172839,1.0,0.11627906976744184,258.5,258.5
"gradual, Δ=1, ρ=0, clustered",1077,gradual,1.0,0.0,clustered,MeanShift(1),сырые,bonferroni,0.002127659574468085,0.02127659574468085,0.08333333333333333,0.8333333333333334,1.0,0.9090909090909091,508.5,508.5
"gradual, Δ=1, ρ=0, clustered",1077,gradual,1.0,0.0,clustered,MeanShift(1),сырые,bh_window,0.00425531914893617,0.0425531914893617,0.15384615384615385,0.7692307692307693,1.0,0.8695652173913044,488.5,488.5
"gradual, Δ=1, ρ=0, clustered",1077,gradual,1.0,0.0,clustered,MeanShift(1),сырые,LORD++,0.0,0.0,0.0,0.14285714285714285,0.1,0.11764705882352941,1545.4285714285713,1638.5
"gradual, Δ=1, ρ=0, clustered",1077,gradual,1.0,0.0,clustered,MeanShift(1),остатки,bonferroni,0.002127659574468085,0.02127659574468085,0.09090909090909091,0.9090909090909091,1.0,0.9523809523809523,568.5,568.5
"gradual, Δ=1, ρ=0, clustered",1077,gradual,1.0,0.0,clustered,MeanShift(1),остатки,bh_window,0.002127659574468085,0.02127659574468085,0.09090909090909091,0.9090909090909091,1.0,0.9523809523809523,488.5,488.5
"gradual, Δ=1, ρ=0, clustered",1077,gradual,1.0,0.0,clustered,MeanShift(3),сырые,uncorrected,0.13191489361702127,0.6595744680851063,0.8051948051948052,0.12987012987012986,1.0,0.22988505747126434,448.5,448.5
"gradual, Δ=1, ρ=0, clustered",1077,gradual,1.0,0.0,clustered,MeanShift(3),сырые,bonferroni,0.0,0.0,0.0,1.0,1.0,1.0,558.5,558.5
"gradual, Δ=1, ρ=0, clustered",1077,gradual,1.0,0.0,clustered,MeanShift(3),сырые,bh_window,0.0,0.0,0.0,1.0,1.0,1.0,498.5,498.5
"gradual, Δ=1, ρ=0, clustered",1077,gradual,1.0,0.0,clustered,MeanShift(3),сырые,LORD++,0.0,0.0,0.0,1.0,1.0,1.0,748.5,748.5
"gradual, Δ=1, ρ=0, clustered",1077,gradual,1.0,0.0,clustered,MeanShift(3),остатки,bonferroni,0.0,0.0,0.0,1.0,1.0,1.0,608.5,608.5
"gradual, Δ=1, ρ=0, clustered",1077,gradual,1.0,0.0,clustered,MeanShift(3),остатки,bh_window,0.0,0.0,0.0,1.0,1.0,1.0,548.5,548.5
"gradual, Δ=1, ρ=0, clustered",1077,gradual,1.0,0.0,clustered,PH river по умолчанию,сырые,порог,0.7340425531914894,1.0,0.9452054794520548,0.0273972602739726,1.0,0.05333333333333332,218.5,218.5
"gradual, Δ=1, ρ=0, clustered",1078,gradual,1.0,0.0,clustered,PH,сырые,uncorrected,0.09148936170212765,0.5106382978723404,0.7166666666666667,0.16666666666666666,1.0,0.2857142857142857,374.5,374.5
"gradual, Δ=1, ρ=0, clustered",1078,gradual,1.0,0.0,clustered,PH,сырые,bonferroni,0.0,0.0,0.0,1.0,1.0,1.0,574.5,574.5
"gradual, Δ=1, ρ=0, clustered",1078,gradual,1.0,0.0,clustered,PH,сырые,bh_window,0.002127659574468085,0.02127659574468085,0.09090909090909091,0.9090909090909091,1.0,0.9523809523809523,554.5,554.5
"gradual, Δ=1, ρ=0, clustered",1078,gradual,1.0,0.0,clustered,PH,сырые,LORD++,0.0,0.0,0.0,1.0,0.9,0.9473684210526316,623.8888888888889,694.5
"gradual, Δ=1, ρ=0, clustered",1078,gradual,1.0,0.0,clustered,PH,остатки,bonferroni,0.0,0.0,0.0,1.0,1.0,1.0,594.5,594.5
"gradual, Δ=1, ρ=0, clustered",1078,gradual,1.0,0.0,clustered,PH,остатки,bh_window,0.0,0.0,0.0,1.0,1.0,1.0,564.5,564.5
"gradual, Δ=1, ρ=0, clustered",1078,gradual,1.0,0.0,clustered,KS,сырые,uncorrected,0.13191489361702127,0.6808510638297872,0.8157894736842105,0.13157894736842105,1.0,0.23255813953488372,464.5,464.5
"gradual, Δ=1, ρ=0, clustered",1078,gradual,1.0,0.0,clustered,KS,сырые,bonferroni,0.002127659574468085,0.02127659574468085,0.09090909090909091,0.9090909090909091,1.0,0.9523809523809523,634.5,634.5
"gradual, Δ=1, ρ=0, clustered",1078,gradual,1.0,0.0,clustered,KS,сырые,bh_window,0.002127659574468085,0.02127659574468085,0.09090909090909091,0.9090909090909091,1.0,0.9523809523809523,604.5,604.5
"gradual, Δ=1, ρ=0, clustered",1078,gradual,1.0,0.0,clustered,KS,сырые,LORD++,0.0,0.0,0.0,1.0,1.0,1.0,814.5,814.5
"gradual, Δ=1, ρ=0, clustered",1078,gradual,1.0,0.0,clustered,KS,остатки,bonferroni,0.002127659574468085,0.02127659574468085,0.09090909090909091,0.9090909090909091,1.0,0.9523809523809523,664.5,664.5
"gradual, Δ=1, ρ=0, clustered",1078,gradual,1.0,0.0,clustered,KS,остатки,bh_window,0.002127659574468085,0.02127659574468085,0.09090909090909091,0.9090909090909091,1.0,0.9523809523809523,614.5,614.5
"gradual, Δ=1, ρ=0, clustered",1078,gradual,1.0,0.0,clustered,ADWIN,сырые,uncorrected,0.25957446808510637,0.8297872340425532,0.8840579710144928,0.07246376811594203,1.0,0.13513513513513511,374.5,374.5
"gradual, Δ=1, ρ=0, clustered",1078,gradual,1.0,0.0,clustered,ADWIN,сырые,bonferroni,0.01276595744680851,0.10638297872340426,0.375,0.625,1.0,0.7692307692307693,534.5,534.5
"gradual, Δ=1, ρ=0, clustered",1078,gradual,1.0,0.0,clustered,ADWIN,сырые,bh_window,0.01276595744680851,0.10638297872340426,0.375,0.625,1.0,0.7692307692307693,524.5,524.5
"gradual, Δ=1, ρ=0, clustered",1078,gradual,1.0,0.0,clustered,ADWIN,сырые,LORD++,0.00425531914893617,0.02127659574468085,0.16666666666666666,0.8333333333333334,1.0,0.9090909090909091,594.5,594.5
"gradual, Δ=1, ρ=0, clustered",1078,gradual,1.0,0.0,clustered,ADWIN,остатки,bonferroni,0.01702127659574468,0.14893617021276595,0.4444444444444444,0.5555555555555556,1.0,0.7142857142857143,554.5,554.5
"gradual, Δ=1, ρ=0, clustered",1078,gradual,1.0,0.0,clustered,ADWIN,остатки,bh_window,0.01702127659574468,0.14893617021276595,0.4444444444444444,0.5555555555555556,1.0,0.7142857142857143,524.5,524.5
"gradual, Δ=1, ρ=0, clustered",1078,gradual,1.0,0.0,clustered,MeanShift(1),сырые,uncorrected,0.26382978723404255,0.8723404255319149,0.8732394366197183,0.07042253521126761,1.0,0.13157894736842107,334.5,334.5
"gradual, Δ=1, ρ=0, clustered",1078,gradual,1.0,0.0,clustered,MeanShift(1),сырые,bonferroni,0.00851063829787234,0.0851063829787234,0.2857142857142857,0.7142857142857143,1.0,0.8333333333333333,534.5,534.5
"gradual, Δ=1, ρ=0, clustered",1078,gradual,1.0,0.0,clustered,MeanShift(1),сырые,bh_window,0.01276595744680851,0.0851063829787234,0.375,0.625,1.0,0.7692307692307693,514.5,514.5
"gradual, Δ=1, ρ=0, clustered",1078,gradual,1.0,0.0,clustered,MeanShift(1),сырые,LORD++,0.0,0.0,0.0,0.5,0.5,0.5,1074.5,1074.5
"gradual, Δ=1, ρ=0, clustered",1078,gradual,1.0,0.0,clustered,MeanShift(1),остатки,bonferroni,0.006382978723404255,0.06382978723404255,0.23076923076923078,0.7692307692307693,1.0,0.8695652173913044,574.5,574.5
"gradual, Δ=1, ρ=0, clustered",1078,gradual,1.0,0.0,clustered,MeanShift(1),остатки,bh_window,0.006382978723404255,0.0425531914893617,0.23076923076923078,0.7692307692307693,1.0,0.8695652173913044,534.5,534.5
"gradual, Δ=1, ρ=0, clustered",1078,gradual,1.0,0.0,clustered,MeanShift(3),сырые,uncorrected,0.1723404255319149,0.7446808510638298,0.8617021276595744,0.10638297872340426,1.0,0.1923076923076923,414.5,414.5
"gradual, Δ=1, ρ=0, clustered",1078,gradual,1.0,0.0,clustered,MeanShift(3),сырые,bonferroni,0.0,0.0,0.0,1.0,1.0,1.0,614.5,614.5
"gradual, Δ=1, ρ=0, clustered",1078,gradual,1.0,0.0,clustered,MeanShift(3),сырые,bh_window,0.0,0.0,0.0,1.0,1.0,1.0,554.5,554.5
"gradual, Δ=1, ρ=0, clustered",1078,gradual,1.0,0.0,clustered,MeanShift(3),сырые,LORD++,0.0,0.0,0.0,0.5,0.5,0.5,984.5,984.5
"gradual, Δ=1, ρ=0, clustered",1078,gradual,1.0,0.0,clustered,MeanShift(3),остатки,bonferroni,0.0,0.0,0.0,1.0,1.0,1.0,664.5,664.5
"gradual, Δ=1, ρ=0, clustered",1078,gradual,1.0,0.0,clustered,MeanShift(3),остатки,bh_window,0.0,0.0,0.0,1.0,1.0,1.0,594.5,594.5
"gradual, Δ=1, ρ=0, clustered",1078,gradual,1.0,0.0,clustered,PH river по умолчанию,сырые,порог,0.7489361702127659,0.9787234042553191,0.9436997319034852,0.02680965147453083,1.0,0.05221932114882506,214.5,214.5
"gradual, Δ=1, ρ=0, clustered",1079,gradual,1.0,0.0,clustered,PH,сырые,uncorrected,0.11063829787234042,0.6382978723404256,0.7761194029850746,0.14925373134328357,1.0,0.2597402597402597,338.0,338.0
"gradual, Δ=1, ρ=0, clustered",1079,gradual,1.0,0.0,clustered,PH,сырые,bonferroni,0.0,0.0,0.0,1.0,1.0,1.0,518.0,518.0
"gradual, Δ=1, ρ=0, clustered",1079,gradual,1.0,0.0,clustered,PH,сырые,bh_window,0.0,0.0,0.0,1.0,1.0,1.0,468.0,468.0
"gradual, Δ=1, ρ=0, clustered",1079,gradual,1.0,0.0,clustered,PH,сырые,LORD++,0.0,0.0,0.0,0.8888888888888888,0.8,0.8421052631578948,685.1111111111111,828.0
"gradual, Δ=1, ρ=0, clustered",1079,gradual,1.0,0.0,clustered,PH,остатки,bonferroni,0.0,0.0,0.0,1.0,1.0,1.0,558.0,558.0
"gradual, Δ=1, ρ=0, clustered",1079,gradual,1.0,0.0,clustered,PH,остатки,bh_window,0.0,0.0,0.0,1.0,1.0,1.0,508.0,508.0
"gradual, Δ=1, ρ=0, clustered",1079,gradual,1.0,0.0,clustered,KS,сырые,uncorrected,0.10851063829787234,0.5957446808510638,0.8095238095238095,0.15873015873015872,1.0,0.27397260273972607,428.0,428.0
"gradual, Δ=1, ρ=0, clustered",1079,gradual,1.0,0.0,clustered,KS,сырые,bonferroni,0.002127659574468085,0.02127659574468085,0.09090909090909091,0.8181818181818182,0.9,0.8571428571428572,618.0,618.0
"gradual, Δ=1, ρ=0, clustered",1079,gradual,1.0,0.0,clustered,KS,сырые,bh_window,0.002127659574468085,0.02127659574468085,0.09090909090909091,0.8181818181818182,0.9,0.8571428571428572,578.0,578.0
"gradual, Δ=1, ρ=0, clustered",1079,gradual,1.0,0.0,clustered,KS,сырые,LORD++,0.0,0.0,0.0,1.0,0.9,0.9473684210526316,674.0,818.0
"gradual, Δ=1, ρ=0, clustered",1079,gradual,1.0,0.0,clustered,KS,остатки,bonferroni,0.00851063829787234,0.0851063829787234,0.2857142857142857,0.6428571428571429,0.9,0.75,658.0,658.0
"gradual, Δ=1, ρ=0, clustered",1079,gradual,1.0,0.0,clustered,KS,остатки,bh_window,0.00851063829787234,0.06382978723404255,0.2857142857142857,0.7142857142857143,1.0,0.8333333333333333,568.0,568.0
"gradual, Δ=1, ρ=0, clustered",1079,gradual,1.0,0.0,clustered,ADWIN,сырые,uncorrected,0.2574468085106383,0.9361702127659575,0.8897058823529411,0.07352941176470588,1.0,0.13698630136986303,308.0,308.0
"gradual, Δ=1, ρ=0, clustered",1079,gradual,1.0,0.0,clustered,ADWIN,сырые,bonferroni,0.01702127659574468,0.1702127659574468,0.4444444444444444,0.5,0.9,0.6428571428571429,498.0,498.0
"gradual, Δ=1, ρ=0, clustered",1079,gradual,1.0,0.0,clustered,ADWIN,сырые,bh_window,0.019148936170212766,0.1702127659574468,0.47368421052631576,0.5263157894736842,1.0,0.6896551724137931,468.0,468.0
"gradual, Δ=1, ρ=0, clustered",1079,gradual,1.0,0.0,clustered,ADWIN,сырые,LORD++,0.002127659574468085,0.02127659574468085,0.1,0.9,0.9,0.9,496.22222222222223,658.0
"gradual, Δ=1, ρ=0, clustered",1079,gradual,1.0,0.0,clustered,ADWIN,остатки,bonferroni,0.02553191489361702,0.2553191489361702,0.5454545454545454,0.4090909090909091,0.9,0.5625000000000001,578.0,578.0
"gradual, Δ=1, ρ=0, clustered",1079,gradual,1.0,0.0,clustered,ADWIN,остатки,bh_window,0.027659574468085105,0.2553191489361702,0.5652173913043478,0.43478260869565216,1.0,0.6060606060606061,488.0,488.0
"gradual, Δ=1, ρ=0, clustered",1079,gradual,1.0,0.0,clustered,MeanShift(1),сырые,uncorrected,0.27872340425531916,0.9574468085106383,0.8791946308724832,0.06711409395973154,1.0,0.12578616352201258,308.0,308.0
"gradual, Δ=1, ρ=0, clustered",1079,gradual,1.0,0.0,clustered,MeanShift(1),сырые,bonferroni,0.0,0.0,0.0,1.0,0.9,0.9473684210526316,462.8888888888889,628.0
"gradual, Δ=1, ρ=0, clustered",1079,gradual,1.0,0.0,clustered,MeanShift(1),сырые,bh_window,0.002127659574468085,0.02127659574468085,0.09090909090909091,0.9090909090909091,1.0,0.9523809523809523,428.0,428.0
"gradual, Δ=1, ρ=0, clustered",1079,gradual,1.0,0.0,clustered,MeanShift(1),сырые,LORD++,0.0,0.0,0.0,1.0,0.7,0.8235294117647058,563.1428571428571,938.0
"gradual, Δ=1, ρ=0, clustered",1079,gradual,1.0,0.0,clustered,MeanShift(1),остатки,bonferroni,0.002127659574468085,0.02127659574468085,0.1,0.9,0.9,0.9,529.5555555555555,688.0
"gradual, Δ=1, ρ=0, clustered",1079,gradual,1.0,0.0,clustered,MeanShift(1),остатки,bh_window,0.002127659574468085,0.02127659574468085,0.1,0.9,0.9,0.9,474.0,638.0
"gradual, Δ=1, ρ=0, clustered",1079,gradual,1.0,0.0,clustered,MeanShift(3),сырые,uncorrected,0.15531914893617021,0.8085106382978723,0.8390804597701149,0.11494252873563218,1.0,0.20618556701030927,398.0,398.0
"gradual, Δ=1, ρ=0, clustered",1079,gradual,1.0,0.0,clustered,MeanShift(3),сырые,bonferroni,0.00425531914893617,0.0425531914893617,0.16666666666666666,0.75,0.9,0.8181818181818182,578.0,578.0
"gradual, Δ=1, ρ=0, clustered",1079,gradual,1.0,0.0,clustered,MeanShift(3),сырые,bh_window,0.00425531914893617,0.0425531914893617,0.16666666666666666,0.8333333333333334,1.0,0.9090909090909091,528.0,528.0
"gradual, Δ=1, ρ=0, clustered",1079,gradual,1.0,0.0,clustered,MeanShift(3),сырые,LORD++,0.0,0.0,0.0,1.0,0.9,0.9473684210526316,585.1111111111111,738.0
"gradual, Δ=1, ρ=0, clustered",1079,gradual,1.0,0.0,clustered,MeanShift(3),остатки,bonferroni,0.0,0.0,0.0,0.9,0.9,0.9,648.0,648.0
"gradual, Δ=1, ρ=0, clustered",1079,gradual,1.0,0.0,clustered,MeanShift(3),остатки,bh_window,0.0,0.0,0.0,0.9,0.9,0.9,548.0,548.0
"gradual, Δ=1, ρ=0, clustered",1079,gradual,1.0,0.0,clustered,PH river по умолчанию,сырые,порог,0.8,1.0,0.947103274559194,0.02518891687657431,1.0,0.049140049140049144,268.0,268.0
"gradual, Δ=1, ρ=0.3, scattered",1080,gradual,1.0,0.3,scattered,PH,сырые,uncorrected,0.2531914893617021,0.5957446808510638,0.9015151515151515,0.07575757575757576,1.0,0.14084507042253522,369.3,369.3
"gradual, Δ=1, ρ=0.3, scattered",1080,gradual,1.0,0.3,scattered,PH,сырые,bonferroni,0.01702127659574468,0.14893617021276595,0.4444444444444444,0.5555555555555556,1.0,0.7142857142857143,399.3,399.3
"gradual, Δ=1, ρ=0.3, scattered",1080,gradual,1.0,0.3,scattered,PH,сырые,bh_window,0.04680851063829787,0.06382978723404255,0.6875,0.3125,1.0,0.47619047619047616,419.3,419.3
"gradual, Δ=1, ρ=0.3, scattered",1080,gradual,1.0,0.3,scattered,PH,сырые,LORD++,0.0,0.0,0.0,1.0,1.0,1.0,509.3,509.3
"gradual, Δ=1, ρ=0.3, scattered",1080,gradual,1.0,0.3,scattered,PH,остатки,bonferroni,0.0,0.0,0.0,1.0,1.0,1.0,459.3,459.3
"gradual, Δ=1, ρ=0.3, scattered",1080,gradual,1.0,0.3,scattered,PH,остатки,bh_window,0.0,0.0,0.0,1.0,1.0,1.0,459.3,459.3
"gradual, Δ=1, ρ=0.3, scattered",1080,gradual,1.0,0.3,scattered,KS,сырые,uncorrected,0.16595744680851063,0.7659574468085106,0.8666666666666667,0.1111111111111111,1.0,0.19999999999999998,379.3,379.3
"gradual, Δ=1, ρ=0.3, scattered",1080,gradual,1.0,0.3,scattered,KS,сырые,bonferroni,0.002127659574468085,0.02127659574468085,0.09090909090909091,0.9090909090909091,1.0,0.9523809523809523,499.3,499.3
"gradual, Δ=1, ρ=0.3, scattered",1080,gradual,1.0,0.3,scattered,KS,сырые,bh_window,0.00851063829787234,0.0425531914893617,0.2857142857142857,0.7142857142857143,1.0,0.8333333333333333,479.3,479.3
"gradual, Δ=1, ρ=0.3, scattered",1080,gradual,1.0,0.3,scattered,KS,сырые,LORD++,0.0,0.0,0.0,1.0,1.0,1.0,639.3,639.3
"gradual, Δ=1, ρ=0.3, scattered",1080,gradual,1.0,0.3,scattered,KS,остатки,bonferroni,0.002127659574468085,0.02127659574468085,0.09090909090909091,0.9090909090909091,1.0,0.9523809523809523,559.3,559.3
"gradual, Δ=1, ρ=0.3, scattered",1080,gradual,1.0,0.3,scattered,KS,остатки,bh_window,0.006382978723404255,0.0425531914893617,0.23076923076923078,0.7692307692307693,1.0,0.8695652173913044,539.3,539.3
"gradual, Δ=1, ρ=0.3, scattered",1080,gradual,1.0,0.3,scattered,ADWIN,сырые,uncorrected,0.27872340425531916,0.8723404255319149,0.903448275862069,0.06896551724137931,1.0,0.12903225806451613,309.3,309.3
"gradual, Δ=1, ρ=0.3, scattered",1080,gradual,1.0,0.3,scattered,ADWIN,сырые,bonferroni,0.010638297872340425,0.0851063829787234,0.3333333333333333,0.6666666666666666,1.0,0.8,419.3,419.3
"gradual, Δ=1, ρ=0.3, scattered",1080,gradual,1.0,0.3,scattered,ADWIN,сырые,bh_window,0.02127659574468085,0.0851063829787234,0.5,0.5,1.0,0.6666666666666666,399.3,399.3
"gradual, Δ=1, ρ=0.3, scattered",1080,gradual,1.0,0.3,scattered,ADWIN,сырые,LORD++,0.002127659574468085,0.02127659574468085,0.09090909090909091,0.9090909090909091,1.0,0.9523809523809523,479.3,479.3
"gradual, Δ=1, ρ=0.3, scattered",1080,gradual,1.0,0.3,scattered,ADWIN,остатки,bonferroni,0.00851063829787234,0.0851063829787234,0.2857142857142857,0.7142857142857143,1.0,0.8333333333333333,429.3,429.3
"gradual, Δ=1, ρ=0.3, scattered",1080,gradual,1.0,0.3,scattered,ADWIN,остатки,bh_window,0.010638297872340425,0.0851063829787234,0.3333333333333333,0.6666666666666666,1.0,0.8,409.3,409.3
"gradual, Δ=1, ρ=0.3, scattered",1080,gradual,1.0,0.3,scattered,MeanShift(1),сырые,uncorrected,0.35319148936170214,0.723404255319149,0.907103825136612,0.0546448087431694,1.0,0.10362694300518134,269.3,269.3
"gradual, Δ=1, ρ=0.3, scattered",1080,gradual,1.0,0.3,scattered,MeanShift(1),сырые,bonferroni,0.01702127659574468,0.10638297872340426,0.4444444444444444,0.5555555555555556,1.0,0.7142857142857143,399.3,399.3
"gradual, Δ=1, ρ=0.3, scattered",1080,gradual,1.0,0.3,scattered,MeanShift(1),сырые,bh_window,0.09574468085106383,0.1276595744680851,0.8181818181818182,0.18181818181818182,1.0,0.3076923076923077,399.3,399.3
"gradual, Δ=1, ρ=0.3, scattered",1080,gradual,1.0,0.3,scattered,MeanShift(1),сырые,LORD++,0.0,0.0,0.0,0.8888888888888888,0.8,0.8421052631578948,578.4444444444445,739.3
"gradual, Δ=1, ρ=0.3, scattered",1080,gradual,1.0,0.3,scattered,MeanShift(1),остатки,bonferroni,0.00425531914893617,0.0425531914893617,0.16666666666666666,0.8333333333333334,1.0,0.9090909090909091,419.3,419.3
"gradual, Δ=1, ρ=0.3, scattered",1080,gradual,1.0,0.3,scattered,MeanShift(1),остатки,bh_window,0.00425531914893617,0.0425531914893617,0.16666666666666666,0.8333333333333334,1.0,0.9090909090909091,399.3,399.3
"gradual, Δ=1, ρ=0.3, scattered",1080,gradual,1.0,0.3,scattered,MeanShift(3),сырые,uncorrected,0.23829787234042554,0.6595744680851063,0.896,0.08,1.0,0.14814814814814814,389.3,389.3
"gradual, Δ=1, ρ=0.3, scattered",1080,gradual,1.0,0.3,scattered,MeanShift(3),сырые,bonferroni,0.006382978723404255,0.06382978723404255,0.23076923076923078,0.7692307692307693,1.0,0.8695652173913044,479.3,479.3
"gradual, Δ=1, ρ=0.3, scattered",1080,gradual,1.0,0.3,scattered,MeanShift(3),сырые,bh_window,0.006382978723404255,0.06382978723404255,0.23076923076923078,0.7692307692307693,1.0,0.8695652173913044,469.3,469.3
"gradual, Δ=1, ρ=0.3, scattered",1080,gradual,1.0,0.3,scattered,MeanShift(3),сырые,LORD++,0.0,0.0,0.0,1.0,1.0,1.0,619.3,619.3
"gradual, Δ=1, ρ=0.3, scattered",1080,gradual,1.0,0.3,scattered,MeanShift(3),остатки,bonferroni,0.002127659574468085,0.02127659574468085,0.09090909090909091,0.9090909090909091,1.0,0.9523809523809523,509.3,509.3
"gradual, Δ=1, ρ=0.3, scattered",1080,gradual,1.0,0.3,scattered,MeanShift(3),остатки,bh_window,0.00425531914893617,0.0425531914893617,0.16666666666666666,0.8333333333333334,1.0,0.9090909090909091,499.3,499.3
"gradual, Δ=1, ρ=0.3, scattered",1080,gradual,1.0,0.3,scattered,PH river по умолчанию,сырые,порог,0.8042553191489362,0.9148936170212766,0.949748743718593,0.02512562814070352,1.0,0.049019607843137254,259.3,259.3
"gradual, Δ=1, ρ=0.3, scattered",1081,gradual,1.0,0.3,scattered,PH,сырые,uncorrected,0.0574468085106383,0.3617021276595745,0.6136363636363636,0.22727272727272727,1.0,0.37037037037037035,328.4,328.4
"gradual, Δ=1, ρ=0.3, scattered",1081,gradual,1.0,0.3,scattered,PH,сырые,bonferroni,0.0,0.0,0.0,1.0,1.0,1.0,518.4,518.4
"gradual, Δ=1, ρ=0.3, scattered",1081,gradual,1.0,0.3,scattered,PH,сырые,bh_window,0.0,0.0,0.0,1.0,1.0,1.0,498.4,498.4
"gradual, Δ=1, ρ=0.3, scattered",1081,gradual,1.0,0.3,scattered,PH,сырые,LORD++,0.0,0.0,0.0,1.0,1.0,1.0,668.4,668.4
"gradual, Δ=1, ρ=0.3, scattered",1081,gradual,1.0,0.3,scattered,PH,остатки,bonferroni,0.0,0.0,0.0,1.0,1.0,1.0,488.4,488.4
"gradual, Δ=1, ρ=0.3, scattered",1081,gradual,1.0,0.3,scattered,PH,остатки,bh_window,0.0,0.0,0.0,1.0,1.0,1.0,468.4,468.4
"gradual, Δ=1, ρ=0.3, scattered",1081,gradual,1.0,0.3,scattered,KS,сырые,uncorrected,0.07659574468085106,0.574468085106383,0.7659574468085106,0.2127659574468085,1.0,0.3508771929824561,398.4,398.4
"gradual, Δ=1, ρ=0.3, scattered",1081,gradual,1.0,0.3,scattered,KS,сырые,bonferroni,0.0,0.0,0.0,1.0,1.0,1.0,548.4,548.4
"gradual, Δ=1, ρ=0.3, scattered",1081,gradual,1.0,0.3,scattered,KS,сырые,bh_window,0.0,0.0,0.0,1.0,1.0,1.0,548.4,548.4
"gradual, Δ=1, ρ=0.3, scattered",1081,gradual,1.0,0.3,scattered,KS,сырые,LORD++,0.0,0.0,0.0,1.0,1.0,1.0,698.4,698.4
"gradual, Δ=1, ρ=0.3, scattered",1081,gradual,1.0,0.3,scattered,KS,остатки,bonferroni,0.006382978723404255,0.0425531914893617,0.23076923076923078,0.7692307692307693,1.0,0.8695652173913044,508.4,508.4
"gradual, Δ=1, ρ=0.3, scattered",1081,gradual,1.0,0.3,scattered,KS,остатки,bh_window,0.006382978723404255,0.06382978723404255,0.23076923076923078,0.7692307692307693,1.0,0.8695652173913044,498.4,498.4
"gradual, Δ=1, ρ=0.3, scattered",1081,gradual,1.0,0.3,scattered,ADWIN,сырые,uncorrected,0.19361702127659575,0.7659574468085106,0.8504672897196262,0.09345794392523364,1.0,0.17094017094017094,278.4,278.4
"gradual, Δ=1, ρ=0.3, scattered",1081,gradual,1.0,0.3,scattered,ADWIN,сырые,bonferroni,0.002127659574468085,0.02127659574468085,0.09090909090909091,0.9090909090909091,1.0,0.9523809523809523,418.4,418.4
"gradual, Δ=1, ρ=0.3, scattered",1081,gradual,1.0,0.3,scattered,ADWIN,сырые,bh_window,0.002127659574468085,0.02127659574468085,0.09090909090909091,0.9090909090909091,1.0,0.9523809523809523,418.4,418.4
"gradual, Δ=1, ρ=0.3, scattered",1081,gradual,1.0,0.3,scattered,ADWIN,сырые,LORD++,0.0,0.0,0.0,1.0,1.0,1.0,548.4,548.4
"gradual, Δ=1, ρ=0.3, scattered",1081,gradual,1.0,0.3,scattered,ADWIN,остатки,bonferroni,0.019148936170212766,0.1702127659574468,0.47368421052631576,0.5263157894736842,1.0,0.6896551724137931,398.4,398.4
"gradual, Δ=1, ρ=0.3, scattered",1081,gradual,1.0,0.3,scattered,ADWIN,остатки,bh_window,0.02127659574468085,0.1702127659574468,0.47619047619047616,0.47619047619047616,1.0,0.6451612903225806,368.4,368.4
"gradual, Δ=1, ρ=0.3, scattered",1081,gradual,1.0,0.3,scattered,MeanShift(1),сырые,uncorrected,0.2574468085106383,0.6382978723404256,0.8768115942028986,0.07246376811594203,1.0,0.13513513513513511,288.4,288.4
"gradual, Δ=1, ρ=0.3, scattered",1081,gradual,1.0,0.3,scattered,MeanShift(1),сырые,bonferroni,0.0,0.0,0.0,1.0,1.0,1.0,448.4,448.4
"gradual, Δ=1, ρ=0.3, scattered",1081,gradual,1.0,0.3,scattered,MeanShift(1),сырые,bh_window,0.0,0.0,0.0,1.0,1.0,1.0,418.4,418.4
"gradual, Δ=1, ρ=0.3, scattered",1081,gradual,1.0,0.3,scattered,MeanShift(1),сырые,LORD++,0.0,0.0,0.0,0.6,0.6,0.6,1048.4,1048.4
"gradual, Δ=1, ρ=0.3, scattered",1081,gradual,1.0,0.3,scattered,MeanShift(1),остатки,bonferroni,0.0,0.0,0.0,1.0,1.0,1.0,368.4,368.4
"gradual, Δ=1, ρ=0.3, scattered",1081,gradual,1.0,0.3,scattered,MeanShift(1),остатки,bh_window,0.0,0.0,0.0,1.0,1.0,1.0,368.4,368.4
"gradual, Δ=1, ρ=0.3, scattered",1081,gradual,1.0,0.3,scattered,MeanShift(3),сырые,uncorrected,0.12127659574468085,0.46808510638297873,0.7916666666666666,0.1388888888888889,1.0,0.24390243902439027,358.4,358.4
"gradual, Δ=1, ρ=0.3, scattered",1081,gradual,1.0,0.3,scattered,MeanShift(3),сырые,bonferroni,0.0,0.0,0.0,1.0,1.0,1.0,518.4,518.4
"gradual, Δ=1, ρ=0.3, scattered",1081,gradual,1.0,0.3,scattered,MeanShift(3),сырые,bh_window,0.0,0.0,0.0,1.0,1.0,1.0,508.4,508.4
"gradual, Δ=1, ρ=0.3, scattered",1081,gradual,1.0,0.3,scattered,MeanShift(3),сырые,LORD++,0.0,0.0,0.0,1.0,1.0,1.0,698.4,698.4
"gradual, Δ=1, ρ=0.3, scattered",1081,gradual,1.0,0.3,scattered,MeanShift(3),остатки,bonferroni,0.0,0.0,0.0,1.0,1.0,1.0,498.4,498.4
"gradual, Δ=1, ρ=0.3, scattered",1081,gradual,1.0,0.3,scattered,MeanShift(3),остатки,bh_window,0.0,0.0,0.0,1.0,1.0,1.0,488.4,488.4
"gradual, Δ=1, ρ=0.3, scattered",1081,gradual,1.0,0.3,scattered,PH river по умолчанию,сырые,порог,0.6893617021276596,0.9361702127659575,0.9418604651162791,0.029069767441860465,1.0,0.05649717514124294,278.4,278.4
"gradual, Δ=1, ρ=0.3, scattered",1082,gradual,1.0,0.3,scattered,PH,сырые,uncorrected,0.16170212765957448,0.5319148936170213,0.8351648351648352,0.10989010989010989,1.0,0.198019801980198,324.8,324.8
"gradual, Δ=1, ρ=0.3, scattered",1082,gradual,1.0,0.3,scattered,PH,сырые,bonferroni,0.00425531914893617,0.02127659574468085,0.15384615384615385,0.7692307692307693,1.0,0.8695652173913044,454.8,454.8
"gradual, Δ=1, ρ=0.3, scattered",1082,gradual,1.0,0.3,scattered,PH,сырые,bh_window,0.006382978723404255,0.0425531914893617,0.21428571428571427,0.7142857142857143,1.0,0.8333333333333333,414.8,414.8
"gradual, Δ=1, ρ=0.3, scattered",1082,gradual,1.0,0.3,scattered,PH,сырые,LORD++,0.002127659574468085,0.02127659574468085,0.09090909090909091,0.9090909090909091,1.0,0.9523809523809523,594.8,594.8
"gradual, Δ=1, ρ=0.3, scattered",1082,gradual,1.0,0.3,scattered,PH,остатки,bonferroni,0.002127659574468085,0.02127659574468085,0.09090909090909091,0.9090909090909091,1.0,0.9523809523809523,454.8,454.8
"gradual, Δ=1, ρ=0.3, scattered",1082,gradual,1.0,0.3,scattered,PH,остатки,bh_window,0.002127659574468085,0.02127659574468085,0.09090909090909091,0.9090909090909091,1.0,0.9523809523809523,454.8,454.8
"gradual, Δ=1, ρ=0.3, scattered",1082,gradual,1.0,0.3,scattered,KS,сырые,uncorrected,0.16382978723404254,0.7446808510638298,0.8279569892473119,0.10752688172043011,1.0,0.19417475728155342,364.8,364.8
"gradual, Δ=1, ρ=0.3, scattered",1082,gradual,1.0,0.3,scattered,KS,сырые,bonferroni,0.00851063829787234,0.06382978723404255,0.26666666666666666,0.6666666666666666,1.0,0.8,494.8,494.8
"gradual, Δ=1, ρ=0.3, scattered",1082,gradual,1.0,0.3,scattered,KS,сырые,bh_window,0.010638297872340425,0.06382978723404255,0.3125,0.625,1.0,0.7692307692307693,494.8,494.8
"gradual, Δ=1, ρ=0.3, scattered",1082,gradual,1.0,0.3,scattered,KS,сырые,LORD++,0.002127659574468085,0.02127659574468085,0.09090909090909091,0.9090909090909091,1.0,0.9523809523809523,604.8,604.8
"gradual, Δ=1, ρ=0.3, scattered",1082,gradual,1.0,0.3,scattered,KS,остатки,bonferroni,0.002127659574468085,0.02127659574468085,0.09090909090909091,0.9090909090909091,1.0,0.9523809523809523,534.8,534.8
"gradual, Δ=1, ρ=0.3, scattered",1082,gradual,1.0,0.3,scattered,KS,остатки,bh_window,0.00851063829787234,0.0851063829787234,0.2857142857142857,0.7142857142857143,1.0,0.8333333333333333,514.8,514.8
"gradual, Δ=1, ρ=0.3, scattered",1082,gradual,1.0,0.3,scattered,ADWIN,сырые,uncorrected,0.451063829787234,0.851063829787234,0.9217391304347826,0.043478260869565216,1.0,0.08333333333333333,274.8,274.8
"gradual, Δ=1, ρ=0.3, scattered",1082,gradual,1.0,0.3,scattered,ADWIN,сырые,bonferroni,0.031914893617021274,0.1702127659574468,0.6,0.4,1.0,0.5714285714285715,374.8,374.8
"gradual, Δ=1, ρ=0.3, scattered",1082,gradual,1.0,0.3,scattered,ADWIN,сырые,bh_window,0.059574468085106386,0.1276595744680851,0.7368421052631579,0.2631578947368421,1.0,0.4166666666666667,354.8,354.8
"gradual, Δ=1, ρ=0.3, scattered",1082,gradual,1.0,0.3,scattered,ADWIN,сырые,LORD++,0.023404255319148935,0.10638297872340426,0.5238095238095238,0.47619047619047616,1.0,0.6451612903225806,434.8,434.8
"gradual, Δ=1, ρ=0.3, scattered",1082,gradual,1.0,0.3,scattered,ADWIN,остатки,bonferroni,0.019148936170212766,0.1702127659574468,0.47368421052631576,0.5263157894736842,1.0,0.6896551724137931,404.8,404.8
"gradual, Δ=1, ρ=0.3, scattered",1082,gradual,1.0,0.3,scattered,ADWIN,остатки,bh_window,0.02553191489361702,0.19148936170212766,0.5454545454545454,0.45454545454545453,1.0,0.625,404.8,404.8
"gradual, Δ=1, ρ=0.3, scattered",1082,gradual,1.0,0.3,scattered,MeanShift(1),сырые,uncorrected,0.39361702127659576,0.6382978723404256,0.9068627450980392,0.049019607843137254,1.0,0.09345794392523364,214.8,214.8
"gradual, Δ=1, ρ=0.3, scattered",1082,gradual,1.0,0.3,scattered,MeanShift(1),сырые,bonferroni,0.01276595744680851,0.0851063829787234,0.375,0.625,1.0,0.7692307692307693,434.8,434.8
"gradual, Δ=1, ρ=0.3, scattered",1082,gradual,1.0,0.3,scattered,MeanShift(1),сырые,bh_window,0.08297872340425531,0.0851063829787234,0.7959183673469388,0.20408163265306123,1.0,0.3389830508474576,424.8,424.8
"gradual, Δ=1, ρ=0.3, scattered",1082,gradual,1.0,0.3,scattered,MeanShift(1),сырые,LORD++,0.002127659574468085,0.02127659574468085,0.09090909090909091,0.7272727272727273,0.8,0.761904761904762,674.8,674.8
"gradual, Δ=1, ρ=0.3, scattered",1082,gradual,1.0,0.3,scattered,MeanShift(1),остатки,bonferroni,0.00425531914893617,0.0425531914893617,0.16666666666666666,0.8333333333333334,1.0,0.9090909090909091,414.8,414.8
"gradual, Δ=1, ρ=0.3, scattered",1082,gradual,1.0,0.3,scattered,MeanShift(1),остатки,bh_window,0.00425531914893617,0.0425531914893617,0.16666666666666666,0.8333333333333334,1.0,0.9090909090909091,404.8,404.8
"gradual, Δ=1, ρ=0.3, scattered",1082,gradual,1.0,0.3,scattered,MeanShift(3),сырые,uncorrected,0.23829787234042554,0.5106382978723404,0.8818897637795275,0.07874015748031496,1.0,0.145985401459854,344.8,344.8
"gradual, Δ=1, ρ=0.3, scattered",1082,gradual,1.0,0.3,scattered,MeanShift(3),сырые,bonferroni,0.00851063829787234,0.0851063829787234,0.26666666666666666,0.6666666666666666,1.0,0.8,464.8,464.8
"gradual, Δ=1, ρ=0.3, scattered",1082,gradual,1.0,0.3,scattered,MeanShift(3),сырые,bh_window,0.014893617021276596,0.10638297872340426,0.3684210526315789,0.5263157894736842,1.0,0.6896551724137931,464.8,464.8
"gradual, Δ=1, ρ=0.3, scattered",1082,gradual,1.0,0.3,scattered,MeanShift(3),сырые,LORD++,0.00425531914893617,0.02127659574468085,0.16666666666666666,0.8333333333333334,1.0,0.9090909090909091,574.8,574.8
"gradual, Δ=1, ρ=0.3, scattered",1082,gradual,1.0,0.3,scattered,MeanShift(3),остатки,bonferroni,0.002127659574468085,0.02127659574468085,0.09090909090909091,0.9090909090909091,1.0,0.9523809523809523,494.8,494.8
"gradual, Δ=1, ρ=0.3, scattered",1082,gradual,1.0,0.3,scattered,MeanShift(3),остатки,bh_window,0.006382978723404255,0.02127659574468085,0.23076923076923078,0.7692307692307693,1.0,0.8695652173913044,484.8,484.8
"gradual, Δ=1, ρ=0.3, scattered",1082,gradual,1.0,0.3,scattered,PH river по умолчанию,сырые,порог,0.9085106382978724,0.9148936170212766,0.9573991031390134,0.02242152466367713,1.0,0.043859649122807015,254.8,254.8
"gradual, Δ=1, ρ=0.3, scattered",1083,gradual,1.0,0.3,scattered,PH,сырые,uncorrected,0.13829787234042554,0.5106382978723404,0.7831325301204819,0.12048192771084337,1.0,0.21505376344086022,310.2,310.2
"gradual, Δ=1, ρ=0.3, scattered",1083,gradual,1.0,0.3,scattered,PH,сырые,bonferroni,0.002127659574468085,0.02127659574468085,0.09090909090909091,0.9090909090909091,1.0,0.9523809523809523,490.2,490.2
"gradual, Δ=1, ρ=0.3, scattered",1083,gradual,1.0,0.3,scattered,PH,сырые,bh_window,0.002127659574468085,0.02127659574468085,0.09090909090909091,0.9090909090909091,1.0,0.9523809523809523,480.2,480.2
"gradual, Δ=1, ρ=0.3, scattered",1083,gradual,1.0,0.3,scattered,PH,сырые,LORD++,0.0,0.0,0.0,0.9,0.9,0.9,640.2,640.2
"gradual, Δ=1, ρ=0.3, scattered",1083,gradual,1.0,0.3,scattered,PH,остатки,bonferroni,0.0,0.0,0.0,0.9090909090909091,1.0,0.9523809523809523,440.2,440.2
"gradual, Δ=1, ρ=0.3, scattered",1083,gradual,1.0,0.3,scattered,PH,остатки,bh_window,0.002127659574468085,0.02127659574468085,0.08333333333333333,0.8333333333333334,1.0,0.9090909090909091,420.2,420.2
"gradual, Δ=1, ρ=0.3, scattered",1083,gradual,1.0,0.3,scattered,KS,сырые,uncorrected,0.13617021276595745,0.5957446808510638,0.8533333333333334,0.13333333333333333,1.0,0.23529411764705882,430.2,430.2
"gradual, Δ=1, ρ=0.3, scattered",1083,gradual,1.0,0.3,scattered,KS,сырые,bonferroni,0.002127659574468085,0.02127659574468085,0.09090909090909091,0.9090909090909091,1.0,0.9523809523809523,540.2,540.2
"gradual, Δ=1, ρ=0.3, scattered",1083,gradual,1.0,0.3,scattered,KS,сырые,bh_window,0.002127659574468085,0.02127659574468085,0.09090909090909091,0.9090909090909091,1.0,0.9523809523809523,540.2,540.2
"gradual, Δ=1, ρ=0.3, scattered",1083,gradual,1.0,0.3,scattered,KS,сырые,LORD++,0.0,0.0,0.0,1.0,1.0,1.0,680.2,680.2
"gradual, Δ=1, ρ=0.3, scattered",1083,gradual,1.0,0.3,scattered,KS,остатки,bonferroni,0.002127659574468085,0.02127659574468085,0.09090909090909091,0.9090909090909091,1.0,0.9523809523809523,510.2,510.2
"gradual, Δ=1, ρ=0.3, scattered",1083,gradual,1.0,0.3,scattered,KS,остатки,bh_window,0.002127659574468085,0.02127659574468085,0.09090909090909091,0.9090909090909091,1.0,0.9523809523809523,500.2,500.2
"gradual, Δ=1, ρ=0.3, scattered",1083,gradual,1.0,0.3,scattered,ADWIN,сырые,uncorrected,0.23617021276595745,0.8936170212765957,0.8604651162790697,0.07751937984496124,1.0,0.14388489208633096,250.2,250.2
"gradual, Δ=1, ρ=0.3, scattered",1083,gradual,1.0,0.3,scattered,ADWIN,сырые,bonferroni,0.019148936170212766,0.19148936170212766,0.45,0.5,1.0,0.6666666666666666,420.2,420.2
"gradual, Δ=1, ρ=0.3, scattered",1083,gradual,1.0,0.3,scattered,ADWIN,сырые,bh_window,0.02127659574468085,0.14893617021276595,0.47619047619047616,0.47619047619047616,1.0,0.6451612903225806,400.2,400.2
"gradual, Δ=1, ρ=0.3, scattered",1083,gradual,1.0,0.3,scattered,ADWIN,сырые,LORD++,0.00425531914893617,0.02127659574468085,0.16666666666666666,0.8333333333333334,1.0,0.9090909090909091,520.2,520.2
"gradual, Δ=1, ρ=0.3, scattered",1083,gradual,1.0,0.3,scattered,ADWIN,остатки,bonferroni,0.014893617021276596,0.1276595744680851,0.4117647058823529,0.5882352941176471,1.0,0.7407407407407407,390.2,390.2
"gradual, Δ=1, ρ=0.3, scattered",1083,gradual,1.0,0.3,scattered,ADWIN,остатки,bh_window,0.02127659574468085,0.1276595744680851,0.43478260869565216,0.43478260869565216,1.0,0.6060606060606061,370.2,370.2
"gradual, Δ=1, ρ=0.3, scattered",1083,gradual,1.0,0.3,scattered,MeanShift(1),сырые,uncorrected,0.32553191489361705,0.723404255319149,0.8895348837209303,0.05813953488372093,1.0,0.10989010989010987,280.2,280.2
"gradual, Δ=1, ρ=0.3, scattered",1083,gradual,1.0,0.3,scattered,MeanShift(1),сырые,bonferroni,0.00851063829787234,0.0851063829787234,0.2857142857142857,0.7142857142857143,1.0,0.8333333333333333,450.2,450.2
"gradual, Δ=1, ρ=0.3, scattered",1083,gradual,1.0,0.3,scattered,MeanShift(1),сырые,bh_window,0.01702127659574468,0.10638297872340426,0.4444444444444444,0.5555555555555556,1.0,0.7142857142857143,440.2,440.2
"gradual, Δ=1, ρ=0.3, scattered",1083,gradual,1.0,0.3,scattered,MeanShift(1),сырые,LORD++,0.0,0.0,0.0,0.7,0.7,0.7,920.2,920.2
"gradual, Δ=1, ρ=0.3, scattered",1083,gradual,1.0,0.3,scattered,MeanShift(1),остатки,bonferroni,0.00425531914893617,0.0425531914893617,0.16666666666666666,0.8333333333333334,1.0,0.9090909090909091,420.2,420.2
"gradual, Δ=1, ρ=0.3, scattered",1083,gradual,1.0,0.3,scattered,MeanShift(1),остатки,bh_window,0.00425531914893617,0.0425531914893617,0.16666666666666666,0.8333333333333334,1.0,0.9090909090909091,400.2,400.2
"gradual, Δ=1, ρ=0.3, scattered",1083,gradual,1.0,0.3,scattered,MeanShift(3),сырые,uncorrected,0.17446808510638298,0.574468085106383,0.8631578947368421,0.10526315789473684,1.0,0.1904761904761905,410.2,410.2
"gradual, Δ=1, ρ=0.3, scattered",1083,gradual,1.0,0.3,scattered,MeanShift(3),сырые,bonferroni,0.002127659574468085,0.02127659574468085,0.09090909090909091,0.9090909090909091,1.0,0.9523809523809523,510.2,510.2
"gradual, Δ=1, ρ=0.3, scattered",1083,gradual,1.0,0.3,scattered,MeanShift(3),сырые,bh_window,0.002127659574468085,0.02127659574468085,0.09090909090909091,0.9090909090909091,1.0,0.9523809523809523,490.2,490.2
"gradual, Δ=1, ρ=0.3, scattered",1083,gradual,1.0,0.3,scattered,MeanShift(3),сырые,LORD++,0.0,0.0,0.0,1.0,1.0,1.0,650.2,650.2
"gradual, Δ=1, ρ=0.3, scattered",1083,gradual,1.0,0.3,scattered,MeanShift(3),остатки,bonferroni,0.0,0.0,0.0,1.0,1.0,1.0,450.2,450.2
"gradual, Δ=1, ρ=0.3, scattered",1083,gradual,1.0,0.3,scattered,MeanShift(3),остатки,bh_window,0.002127659574468085,0.02127659574468085,0.09090909090909091,0.9090909090909091,1.0,0.9523809523809523,440.2,440.2
"gradual, Δ=1, ρ=0.3, scattered",1083,gradual,1.0,0.3,scattered,PH river по умолчанию,сырые,порог,0.776595744680851,0.9787234042553191,0.948051948051948,0.025974025974025976,1.0,0.05063291139240507,190.2,190.2
"gradual, Δ=1, ρ=0.3, clustered",1084,gradual,1.0,0.3,clustered,PH,сырые,uncorrected,0.08297872340425531,0.40425531914893614,0.7090909090909091,0.18181818181818182,1.0,0.3076923076923077,358.5,358.5
"gradual, Δ=1, ρ=0.3, clustered",1084,gradual,1.0,0.3,clustered,PH,сырые,bonferroni,0.0,0.0,0.0,1.0,1.0,1.0,558.5,558.5
"gradual, Δ=1, ρ=0.3, clustered",1084,gradual,1.0,0.3,clustered,PH,сырые,bh_window,0.002127659574468085,0.02127659574468085,0.09090909090909091,0.9090909090909091,1.0,0.9523809523809523,518.5,518.5
"gradual, Δ=1, ρ=0.3, clustered",1084,gradual,1.0,0.3,clustered,PH,сырые,LORD++,0.0,0.0,0.0,1.0,1.0,1.0,678.5,678.5
"gradual, Δ=1, ρ=0.3, clustered",1084,gradual,1.0,0.3,clustered,PH,остатки,bonferroni,0.0,0.0,0.0,1.0,1.0,1.0,488.5,488.5
"gradual, Δ=1, ρ=0.3, clustered",1084,gradual,1.0,0.3,clustered,PH,остатки,bh_window,0.002127659574468085,0.02127659574468085,0.09090909090909091,0.9090909090909091,1.0,0.9523809523809523,448.5,448.5
"gradual, Δ=1, ρ=0.3, clustered",1084,gradual,1.0,0.3,clustered,KS,сырые,uncorrected,0.10638297872340426,0.6170212765957447,0.8064516129032258,0.16129032258064516,1.0,0.27777777777777773,418.5,418.5
"gradual, Δ=1, ρ=0.3, clustered",1084,gradual,1.0,0.3,clustered,KS,сырые,bonferroni,0.006382978723404255,0.0425531914893617,0.23076923076923078,0.7692307692307693,1.0,0.8695652173913044,598.5,598.5
"gradual, Δ=1, ρ=0.3, clustered",1084,gradual,1.0,0.3,clustered,KS,сырые,bh_window,0.006382978723404255,0.02127659574468085,0.23076923076923078,0.7692307692307693,1.0,0.8695652173913044,568.5,568.5
"gradual, Δ=1, ρ=0.3, clustered",1084,gradual,1.0,0.3,clustered,KS,сырые,LORD++,0.0,0.0,0.0,0.5,0.5,0.5,848.5,848.5
"gradual, Δ=1, ρ=0.3, clustered",1084,gradual,1.0,0.3,clustered,KS,остатки,bonferroni,0.00425531914893617,0.0425531914893617,0.16666666666666666,0.8333333333333334,1.0,0.9090909090909091,568.5,568.5
"gradual, Δ=1, ρ=0.3, clustered",1084,gradual,1.0,0.3,clustered,KS,остатки,bh_window,0.010638297872340425,0.0851063829787234,0.3333333333333333,0.6666666666666666,1.0,0.8,538.5,538.5
"gradual, Δ=1, ρ=0.3, clustered",1084,gradual,1.0,0.3,clustered,ADWIN,сырые,uncorrected,0.2574468085106383,0.851063829787234,0.8832116788321168,0.072992700729927,1.0,0.1360544217687075,308.5,308.5
"gradual, Δ=1, ρ=0.3, clustered",1084,gradual,1.0,0.3,clustered,ADWIN,сырые,bonferroni,0.010638297872340425,0.0851063829787234,0.3333333333333333,0.6666666666666666,1.0,0.8,528.5,528.5
"gradual, Δ=1, ρ=0.3, clustered",1084,gradual,1.0,0.3,clustered,ADWIN,сырые,bh_window,0.014893617021276596,0.1276595744680851,0.4117647058823529,0.5882352941176471,1.0,0.7407407407407407,508.5,508.5
"gradual, Δ=1, ρ=0.3, clustered",1084,gradual,1.0,0.3,clustered,ADWIN,сырые,LORD++,0.002127659574468085,0.02127659574468085,0.09090909090909091,0.9090909090909091,1.0,0.9523809523809523,638.5,638.5
"gradual, Δ=1, ρ=0.3, clustered",1084,gradual,1.0,0.3,clustered,ADWIN,остатки,bonferroni,0.019148936170212766,0.1702127659574468,0.45,0.5,1.0,0.6666666666666666,428.5,428.5
"gradual, Δ=1, ρ=0.3, clustered",1084,gradual,1.0,0.3,clustered,ADWIN,остатки,bh_window,0.02553191489361702,0.2127659574468085,0.5217391304347826,0.43478260869565216,1.0,0.6060606060606061,408.5,408.5
"gradual, Δ=1, ρ=0.3, clustered",1084,gradual,1.0,0.3,clustered,MeanShift(1),сырые,uncorrected,0.1702127659574468,0.48936170212765956,0.8163265306122449,0.10204081632653061,1.0,0.1851851851851852,298.5,298.5
"gradual, Δ=1, ρ=0.3, clustered",1084,gradual,1.0,0.3,clustered,MeanShift(1),сырые,bonferroni,0.002127659574468085,0.02127659574468085,0.09090909090909091,0.9090909090909091,1.0,0.9523809523809523,558.5,558.5
"gradual, Δ=1, ρ=0.3, clustered",1084,gradual,1.0,0.3,clustered,MeanShift(1),сырые,bh_window,0.002127659574468085,0.02127659574468085,0.09090909090909091,0.9090909090909091,1.0,0.9523809523809523,558.5,558.5
"gradual, Δ=1, ρ=0.3, clustered",1084,gradual,1.0,0.3,clustered,MeanShift(1),сырые,LORD++,0.0,0.0,0.0,0.5555555555555556,0.5,0.5263157894736842,972.6666666666666,1138.5
"gradual, Δ=1, ρ=0.3, clustered",1084,gradual,1.0,0.3,clustered,MeanShift(1),остатки,bonferroni,0.002127659574468085,0.02127659574468085,0.09090909090909091,0.9090909090909091,1.0,0.9523809523809523,448.5,448.5
"gradual, Δ=1, ρ=0.3, clustered",1084,gradual,1.0,0.3,clustered,MeanShift(1),остатки,bh_window,0.002127659574468085,0.02127659574468085,0.09090909090909091,0.9090909090909091,1.0,0.9523809523809523,428.5,428.5
"gradual, Δ=1, ρ=0.3, clustered",1084,gradual,1.0,0.3,clustered,MeanShift(3),сырые,uncorrected,0.05319148936170213,0.3191489361702128,0.6756756756756757,0.2702702702702703,1.0,0.4255319148936171,448.5,448.5
"gradual, Δ=1, ρ=0.3, clustered",1084,gradual,1.0,0.3,clustered,MeanShift(3),сырые,bonferroni,0.0,0.0,0.0,1.0,1.0,1.0,618.5,618.5
"gradual, Δ=1, ρ=0.3, clustered",1084,gradual,1.0,0.3,clustered,MeanShift(3),сырые,bh_window,0.0,0.0,0.0,1.0,1.0,1.0,578.5,578.5
"gradual, Δ=1, ρ=0.3, clustered",1084,gradual,1.0,0.3,clustered,MeanShift(3),сырые,LORD++,0.0,0.0,0.0,0.5,0.5,0.5,1108.5,1108.5
"gradual, Δ=1, ρ=0.3, clustered",1084,gradual,1.0,0.3,clustered,MeanShift(3),остатки,bonferroni,0.0,0.0,0.0,1.0,1.0,1.0,528.5,528.5
"gradual, Δ=1, ρ=0.3, clustered",1084,gradual,1.0,0.3,clustered,MeanShift(3),остатки,bh_window,0.0,0.0,0.0,1.0,1.0,1.0,518.5,518.5
"gradual, Δ=1, ρ=0.3, clustered",1084,gradual,1.0,0.3,clustered,PH river по умолчанию,сырые,порог,0.7297872340425532,0.8936170212765957,0.9449035812672176,0.027548209366391185,1.0,0.05361930294906166,248.5,248.5
"gradual, Δ=1, ρ=0.3, clustered",1085,gradual,1.0,0.3,clustered,PH,сырые,uncorrected,0.14680851063829786,0.5531914893617021,0.8117647058823529,0.11764705882352941,1.0,0.21052631578947367,340.0,340.0
"gradual, Δ=1, ρ=0.3, clustered",1085,gradual,1.0,0.3,clustered,PH,сырые,bonferroni,0.002127659574468085,0.02127659574468085,0.09090909090909091,0.9090909090909091,1.0,0.9523809523809523,490.0,490.0
"gradual, Δ=1, ρ=0.3, clustered",1085,gradual,1.0,0.3,clustered,PH,сырые,bh_window,0.00425531914893617,0.0425531914893617,0.16666666666666666,0.8333333333333334,1.0,0.9090909090909091,490.0,490.0
"gradual, Δ=1, ρ=0.3, clustered",1085,gradual,1.0,0.3,clustered,PH,сырые,LORD++,0.002127659574468085,0.02127659574468085,0.09090909090909091,0.8181818181818182,0.9,0.8571428571428572,640.0,640.0
"gradual, Δ=1, ρ=0.3, clustered",1085,gradual,1.0,0.3,clustered,PH,остатки,bonferroni,0.006382978723404255,0.06382978723404255,0.23076923076923078,0.7692307692307693,1.0,0.8695652173913044,490.0,490.0
"gradual, Δ=1, ρ=0.3, clustered",1085,gradual,1.0,0.3,clustered,PH,остатки,bh_window,0.00851063829787234,0.0851063829787234,0.2857142857142857,0.7142857142857143,1.0,0.8333333333333333,470.0,470.0
"gradual, Δ=1, ρ=0.3, clustered",1085,gradual,1.0,0.3,clustered,KS,сырые,uncorrected,0.14680851063829786,0.6382978723404256,0.8625,0.125,1.0,0.2222222222222222,400.0,400.0
"gradual, Δ=1, ρ=0.3, clustered",1085,gradual,1.0,0.3,clustered,KS,сырые,bonferroni,0.0,0.0,0.0,1.0,1.0,1.0,570.0,570.0
"gradual, Δ=1, ρ=0.3, clustered",1085,gradual,1.0,0.3,clustered,KS,сырые,bh_window,0.01276595744680851,0.0425531914893617,0.375,0.625,1.0,0.7692307692307693,550.0,550.0
"gradual, Δ=1, ρ=0.3, clustered",1085,gradual,1.0,0.3,clustered,KS,сырые,LORD++,0.0,0.0,0.0,0.9,0.9,0.9,720.0,720.0
"gradual, Δ=1, ρ=0.3, clustered",1085,gradual,1.0,0.3,clustered,KS,остатки,bonferroni,0.002127659574468085,0.02127659574468085,0.09090909090909091,0.9090909090909091,1.0,0.9523809523809523,570.0,570.0
"gradual, Δ=1, ρ=0.3, clustered",1085,gradual,1.0,0.3,clustered,KS,остатки,bh_window,0.00425531914893617,0.02127659574468085,0.16666666666666666,0.8333333333333334,1.0,0.9090909090909091,560.0,560.0
"gradual, Δ=1, ρ=0.3, clustered",1085,gradual,1.0,0.3,clustered,ADWIN,сырые,uncorrected,0.2723404255319149,0.8723404255319149,0.9078014184397163,0.07092198581560284,1.0,0.13245033112582782,360.0,360.0
"gradual, Δ=1, ρ=0.3, clustered",1085,gradual,1.0,0.3,clustered,ADWIN,сырые,bonferroni,0.00851063829787234,0.0851063829787234,0.2857142857142857,0.7142857142857143,1.0,0.8333333333333333,450.0,450.0
"gradual, Δ=1, ρ=0.3, clustered",1085,gradual,1.0,0.3,clustered,ADWIN,сырые,bh_window,0.01276595744680851,0.1276595744680851,0.375,0.625,1.0,0.7692307692307693,420.0,420.0
"gradual, Δ=1, ρ=0.3, clustered",1085,gradual,1.0,0.3,clustered,ADWIN,сырые,LORD++,0.002127659574468085,0.02127659574468085,0.09090909090909091,0.9090909090909091,1.0,0.9523809523809523,500.0,500.0
"gradual, Δ=1, ρ=0.3, clustered",1085,gradual,1.0,0.3,clustered,ADWIN,остатки,bonferroni,0.014893617021276596,0.14893617021276595,0.4117647058823529,0.5882352941176471,1.0,0.7407407407407407,420.0,420.0
"gradual, Δ=1, ρ=0.3, clustered",1085,gradual,1.0,0.3,clustered,ADWIN,остатки,bh_window,0.023404255319148935,0.1702127659574468,0.5238095238095238,0.47619047619047616,1.0,0.6451612903225806,380.0,380.0
"gradual, Δ=1, ρ=0.3, clustered",1085,gradual,1.0,0.3,clustered,MeanShift(1),сырые,uncorrected,0.32127659574468087,0.7659574468085106,0.8988095238095238,0.05952380952380952,1.0,0.11235955056179775,310.0,310.0
"gradual, Δ=1, ρ=0.3, clustered",1085,gradual,1.0,0.3,clustered,MeanShift(1),сырые,bonferroni,0.0,0.0,0.0,1.0,1.0,1.0,450.0,450.0
"gradual, Δ=1, ρ=0.3, clustered",1085,gradual,1.0,0.3,clustered,MeanShift(1),сырые,bh_window,0.006382978723404255,0.0425531914893617,0.23076923076923078,0.7692307692307693,1.0,0.8695652173913044,360.0,360.0
"gradual, Δ=1, ρ=0.3, clustered",1085,gradual,1.0,0.3,clustered,MeanShift(1),сырые,LORD++,0.0,0.0,0.0,1.0,0.9,0.9473684210526316,594.8888888888889,790.0
"gradual, Δ=1, ρ=0.3, clustered",1085,gradual,1.0,0.3,clustered,MeanShift(1),остатки,bonferroni,0.006382978723404255,0.06382978723404255,0.23076923076923078,0.7692307692307693,1.0,0.8695652173913044,450.0,450.0
"gradual, Δ=1, ρ=0.3, clustered",1085,gradual,1.0,0.3,clustered,MeanShift(1),остатки,bh_window,0.00851063829787234,0.0851063829787234,0.2857142857142857,0.7142857142857143,1.0,0.8333333333333333,370.0,370.0
"gradual, Δ=1, ρ=0.3, clustered",1085,gradual,1.0,0.3,clustered,MeanShift(3),сырые,uncorrected,0.1851063829787234,0.5531914893617021,0.87,0.1,1.0,0.18181818181818182,400.0,400.0
"gradual, Δ=1, ρ=0.3, clustered",1085,gradual,1.0,0.3,clustered,MeanShift(3),сырые,bonferroni,0.006382978723404255,0.06382978723404255,0.23076923076923078,0.7692307692307693,1.0,0.8695652173913044,510.0,510.0
"gradual, Δ=1, ρ=0.3, clustered",1085,gradual,1.0,0.3,clustered,MeanShift(3),сырые,bh_window,0.01276595744680851,0.0851063829787234,0.375,0.625,1.0,0.7692307692307693,480.0,480.0
"gradual, Δ=1, ρ=0.3, clustered",1085,gradual,1.0,0.3,clustered,MeanShift(3),сырые,LORD++,0.0,0.0,0.0,1.0,1.0,1.0,700.0,700.0
"gradual, Δ=1, ρ=0.3, clustered",1085,gradual,1.0,0.3,clustered,MeanShift(3),остатки,bonferroni,0.0,0.0,0.0,1.0,1.0,1.0,520.0,520.0
"gradual, Δ=1, ρ=0.3, clustered",1085,gradual,1.0,0.3,clustered,MeanShift(3),остатки,bh_window,0.0,0.0,0.0,1.0,1.0,1.0,510.0,510.0
"gradual, Δ=1, ρ=0.3, clustered",1085,gradual,1.0,0.3,clustered,PH river по умолчанию,сырые,порог,0.7170212765957447,0.9148936170212766,0.9466292134831461,0.028089887640449437,1.0,0.0546448087431694,290.0,290.0
"gradual, Δ=1, ρ=0.3, clustered",1086,gradual,1.0,0.3,clustered,PH,сырые,uncorrected,0.14680851063829786,0.574468085106383,0.7931034482758621,0.11494252873563218,1.0,0.20618556701030927,317.5,317.5
"gradual, Δ=1, ρ=0.3, clustered",1086,gradual,1.0,0.3,clustered,PH,сырые,bonferroni,0.00425531914893617,0.0425531914893617,0.16666666666666666,0.8333333333333334,1.0,0.9090909090909091,517.5,517.5
"gradual, Δ=1, ρ=0.3, clustered",1086,gradual,1.0,0.3,clustered,PH,сырые,bh_window,0.00425531914893617,0.0425531914893617,0.16666666666666666,0.8333333333333334,1.0,0.9090909090909091,497.5,497.5
"gradual, Δ=1, ρ=0.3, clustered",1086,gradual,1.0,0.3,clustered,PH,сырые,LORD++,0.0,0.0,0.0,1.0,0.9,0.9473684210526316,696.0,827.5
"gradual, Δ=1, ρ=0.3, clustered",1086,gradual,1.0,0.3,clustered,PH,остатки,bonferroni,0.00425531914893617,0.0425531914893617,0.16666666666666666,0.8333333333333334,1.0,0.9090909090909091,487.5,487.5
"gradual, Δ=1, ρ=0.3, clustered",1086,gradual,1.0,0.3,clustered,PH,остатки,bh_window,0.006382978723404255,0.0425531914893617,0.23076923076923078,0.7692307692307693,1.0,0.8695652173913044,467.5,467.5
"gradual, Δ=1, ρ=0.3, clustered",1086,gradual,1.0,0.3,clustered,KS,сырые,uncorrected,0.11702127659574468,0.6170212765957447,0.7746478873239436,0.14084507042253522,1.0,0.2469135802469136,367.5,367.5
"gradual, Δ=1, ρ=0.3, clustered",1086,gradual,1.0,0.3,clustered,KS,сырые,bonferroni,0.0,0.0,0.0,1.0,1.0,1.0,557.5,557.5
"gradual, Δ=1, ρ=0.3, clustered",1086,gradual,1.0,0.3,clustered,KS,сырые,bh_window,0.002127659574468085,0.02127659574468085,0.09090909090909091,0.9090909090909091,1.0,0.9523809523809523,507.5,507.5
"gradual, Δ=1, ρ=0.3, clustered",1086,gradual,1.0,0.3,clustered,KS,сырые,LORD++,0.0,0.0,0.0,1.0,1.0,1.0,687.5,687.5
"gradual, Δ=1, ρ=0.3, clustered",1086,gradual,1.0,0.3,clustered,KS,остатки,bonferroni,0.002127659574468085,0.02127659574468085,0.09090909090909091,0.9090909090909091,1.0,0.9523809523809523,517.5,517.5
"gradual, Δ=1, ρ=0.3, clustered",1086,gradual,1.0,0.3,clustered,KS,остатки,bh_window,0.00425531914893617,0.02127659574468085,0.16666666666666666,0.8333333333333334,1.0,0.9090909090909091,507.5,507.5
"gradual, Δ=1, ρ=0.3, clustered",1086,gradual,1.0,0.3,clustered,ADWIN,сырые,uncorrected,0.27872340425531916,0.8297872340425532,0.9097222222222222,0.06944444444444445,1.0,0.12987012987012989,387.5,387.5
"gradual, Δ=1, ρ=0.3, clustered",1086,gradual,1.0,0.3,clustered,ADWIN,сырые,bonferroni,0.029787234042553193,0.2553191489361702,0.5833333333333334,0.4166666666666667,1.0,0.5882352941176471,467.5,467.5
"gradual, Δ=1, ρ=0.3, clustered",1086,gradual,1.0,0.3,clustered,ADWIN,сырые,bh_window,0.031914893617021274,0.23404255319148937,0.6,0.4,1.0,0.5714285714285715,437.5,437.5
"gradual, Δ=1, ρ=0.3, clustered",1086,gradual,1.0,0.3,clustered,ADWIN,сырые,LORD++,0.010638297872340425,0.0851063829787234,0.3333333333333333,0.6666666666666666,1.0,0.8,537.5,537.5
"gradual, Δ=1, ρ=0.3, clustered",1086,gradual,1.0,0.3,clustered,ADWIN,остатки,bonferroni,0.014893617021276596,0.1276595744680851,0.3684210526315789,0.5263157894736842,1.0,0.6896551724137931,437.5,437.5
"gradual, Δ=1, ρ=0.3, clustered",1086,gradual,1.0,0.3,clustered,ADWIN,остатки,bh_window,0.027659574468085105,0.1702127659574468,0.4642857142857143,0.35714285714285715,1.0,0.5263157894736842,377.5,377.5
"gradual, Δ=1, ρ=0.3, clustered",1086,gradual,1.0,0.3,clustered,MeanShift(1),сырые,uncorrected,0.2872340425531915,0.6595744680851063,0.8653846153846154,0.0641025641025641,1.0,0.12048192771084336,337.5,337.5
"gradual, Δ=1, ρ=0.3, clustered",1086,gradual,1.0,0.3,clustered,MeanShift(1),сырые,bonferroni,0.0,0.0,0.0,1.0,1.0,1.0,467.5,467.5
"gradual, Δ=1, ρ=0.3, clustered",1086,gradual,1.0,0.3,clustered,MeanShift(1),сырые,bh_window,0.010638297872340425,0.06382978723404255,0.3125,0.625,1.0,0.7692307692307693,427.5,427.5
"gradual, Δ=1, ρ=0.3, clustered",1086,gradual,1.0,0.3,clustered,MeanShift(1),сырые,LORD++,0.0,0.0,0.0,1.0,1.0,1.0,587.5,587.5
"gradual, Δ=1, ρ=0.3, clustered",1086,gradual,1.0,0.3,clustered,MeanShift(1),остатки,bonferroni,0.002127659574468085,0.02127659574468085,0.08333333333333333,0.8333333333333334,1.0,0.9090909090909091,407.5,407.5
"gradual, Δ=1, ρ=0.3, clustered",1086,gradual,1.0,0.3,clustered,MeanShift(1),остатки,bh_window,0.002127659574468085,0.02127659574468085,0.08333333333333333,0.8333333333333334,1.0,0.9090909090909091,397.5,397.5
"gradual, Δ=1, ρ=0.3, clustered",1086,gradual,1.0,0.3,clustered,MeanShift(3),сырые,uncorrected,0.19574468085106383,0.5531914893617021,0.8598130841121495,0.09345794392523364,1.0,0.17094017094017094,417.5,417.5
"gradual, Δ=1, ρ=0.3, clustered",1086,gradual,1.0,0.3,clustered,MeanShift(3),сырые,bonferroni,0.002127659574468085,0.02127659574468085,0.09090909090909091,0.9090909090909091,1.0,0.9523809523809523,547.5,547.5
"gradual, Δ=1, ρ=0.3, clustered",1086,gradual,1.0,0.3,clustered,MeanShift(3),сырые,bh_window,0.00425531914893617,0.0425531914893617,0.16666666666666666,0.8333333333333334,1.0,0.9090909090909091,517.5,517.5
"gradual, Δ=1, ρ=0.3, clustered",1086,gradual,1.0,0.3,clustered,MeanShift(3),сырые,LORD++,0.0,0.0,0.0,1.0,1.0,1.0,737.5,737.5
"gradual, Δ=1, ρ=0.3, clustered",1086,gradual,1.0,0.3,clustered,MeanShift(3),остатки,bonferroni,0.0,0.0,0.0,1.0,1.0,1.0,507.5,507.5
"gradual, Δ=1, ρ=0.3, clustered",1086,gradual,1.0,0.3,clustered,MeanShift(3),остатки,bh_window,0.0,0.0,0.0,1.0,1.0,1.0,507.5,507.5
"gradual, Δ=1, ρ=0.3, clustered",1086,gradual,1.0,0.3,clustered,PH river по умолчанию,сырые,порог,0.8808510638297873,0.8723404255319149,0.9473684210526315,0.02288329519450801,1.0,0.0447427293064877,217.5,217.5
"gradual, Δ=1, ρ=0.3, clustered",1087,gradual,1.0,0.3,clustered,PH,сырые,uncorrected,0.059574468085106386,0.3829787234042553,0.6363636363636364,0.22727272727272727,1.0,0.37037037037037035,334.5,334.5
"gradual, Δ=1, ρ=0.3, clustered",1087,gradual,1.0,0.3,clustered,PH,сырые,bonferroni,0.0,0.0,0.0,1.0,1.0,1.0,524.5,524.5
"gradual, Δ=1, ρ=0.3, clustered",1087,gradual,1.0,0.3,clustered,PH,сырые,bh_window,0.0,0.0,0.0,1.0,1.0,1.0,474.5,474.5
"gradual, Δ=1, ρ=0.3, clustered",1087,gradual,1.0,0.3,clustered,PH,сырые,LORD++,0.0,0.0,0.0,1.0,1.0,1.0,614.5,614.5
"gradual, Δ=1, ρ=0.3, clustered",1087,gradual,1.0,0.3,clustered,PH,остатки,bonferroni,0.0,0.0,0.0,0.9090909090909091,1.0,0.9523809523809523,424.5,424.5
"gradual, Δ=1, ρ=0.3, clustered",1087,gradual,1.0,0.3,clustered,PH,остатки,bh_window,0.0,0.0,0.0,0.9090909090909091,1.0,0.9523809523809523,424.5,424.5
"gradual, Δ=1, ρ=0.3, clustered",1087,gradual,1.0,0.3,clustered,KS,сырые,uncorrected,0.12340425531914893,0.5957446808510638,0.8169014084507042,0.14084507042253522,1.0,0.2469135802469136,394.5,394.5
"gradual, Δ=1, ρ=0.3, clustered",1087,gradual,1.0,0.3,clustered,KS,сырые,bonferroni,0.002127659574468085,0.02127659574468085,0.09090909090909091,0.9090909090909091,1.0,0.9523809523809523,544.5,544.5
"gradual, Δ=1, ρ=0.3, clustered",1087,gradual,1.0,0.3,clustered,KS,сырые,bh_window,0.002127659574468085,0.02127659574468085,0.09090909090909091,0.9090909090909091,1.0,0.9523809523809523,524.5,524.5
"gradual, Δ=1, ρ=0.3, clustered",1087,gradual,1.0,0.3,clustered,KS,сырые,LORD++,0.0,0.0,0.0,1.0,1.0,1.0,654.5,654.5
"gradual, Δ=1, ρ=0.3, clustered",1087,gradual,1.0,0.3,clustered,KS,остатки,bonferroni,0.006382978723404255,0.06382978723404255,0.23076923076923078,0.7692307692307693,1.0,0.8695652173913044,514.5,514.5
"gradual, Δ=1, ρ=0.3, clustered",1087,gradual,1.0,0.3,clustered,KS,остатки,bh_window,0.010638297872340425,0.10638297872340426,0.3333333333333333,0.6666666666666666,1.0,0.8,484.5,484.5
"gradual, Δ=1, ρ=0.3, clustered",1087,gradual,1.0,0.3,clustered,ADWIN,сырые,uncorrected,0.19361702127659575,0.7872340425531915,0.8584905660377359,0.09433962264150944,1.0,0.1724137931034483,314.5,314.5
"gradual, Δ=1, ρ=0.3, clustered",1087,gradual,1.0,0.3,clustered,ADWIN,сырые,bonferroni,0.014893617021276596,0.1276595744680851,0.4117647058823529,0.5882352941176471,1.0,0.7407407407407407,454.5,454.5
"gradual, Δ=1, ρ=0.3, clustered",1087,gradual,1.0,0.3,clustered,ADWIN,сырые,bh_window,0.023404255319148935,0.10638297872340426,0.5238095238095238,0.47619047619047616,1.0,0.6451612903225806,454.5,454.5
"gradual, Δ=1, ρ=0.3, clustered",1087,gradual,1.0,0.3,clustered,ADWIN,сырые,LORD++,0.0,0.0,0.0,1.0,1.0,1.0,534.5,534.5
"gradual, Δ=1, ρ=0.3, clustered",1087,gradual,1.0,0.3,clustered,ADWIN,остатки,bonferroni,0.02553191489361702,0.2127659574468085,0.5217391304347826,0.43478260869565216,1.0,0.6060606060606061,404.5,404.5
"gradual, Δ=1, ρ=0.3, clustered",1087,gradual,1.0,0.3,clustered,ADWIN,остатки,bh_window,0.027659574468085105,0.2127659574468085,0.5416666666666666,0.4166666666666667,1.0,0.5882352941176471,384.5,384.5
"gradual, Δ=1, ρ=0.3, clustered",1087,gradual,1.0,0.3,clustered,MeanShift(1),сырые,uncorrected,0.2,0.7446808510638298,0.8623853211009175,0.09174311926605505,1.0,0.16806722689075632,284.5,284.5
"gradual, Δ=1, ρ=0.3, clustered",1087,gradual,1.0,0.3,clustered,MeanShift(1),сырые,bonferroni,0.002127659574468085,0.02127659574468085,0.09090909090909091,0.9090909090909091,1.0,0.9523809523809523,444.5,444.5
"gradual, Δ=1, ρ=0.3, clustered",1087,gradual,1.0,0.3,clustered,MeanShift(1),сырые,bh_window,0.002127659574468085,0.02127659574468085,0.09090909090909091,0.9090909090909091,1.0,0.9523809523809523,414.5,414.5
"gradual, Δ=1, ρ=0.3, clustered",1087,gradual,1.0,0.3,clustered,MeanShift(1),сырые,LORD++,0.0,0.0,0.0,1.0,0.9,0.9473684210526316,587.0,664.5
"gradual, Δ=1, ρ=0.3, clustered",1087,gradual,1.0,0.3,clustered,MeanShift(1),остатки,bonferroni,0.00425531914893617,0.0425531914893617,0.16666666666666666,0.8333333333333334,1.0,0.9090909090909091,394.5,394.5
"gradual, Δ=1, ρ=0.3, clustered",1087,gradual,1.0,0.3,clustered,MeanShift(1),остатки,bh_window,0.00425531914893617,0.0425531914893617,0.15384615384615385,0.7692307692307693,1.0,0.8695652173913044,364.5,364.5
"gradual, Δ=1, ρ=0.3, clustered",1087,gradual,1.0,0.3,clustered,MeanShift(3),сырые,uncorrected,0.1702127659574468,0.6170212765957447,0.8888888888888888,0.1111111111111111,1.0,0.19999999999999998,444.5,444.5
"gradual, Δ=1, ρ=0.3, clustered",1087,gradual,1.0,0.3,clustered,MeanShift(3),сырые,bonferroni,0.0,0.0,0.0,1.0,1.0,1.0,544.5,544.5
"gradual, Δ=1, ρ=0.3, clustered",1087,gradual,1.0,0.3,clustered,MeanShift(3),сырые,bh_window,0.0,0.0,0.0,1.0,1.0,1.0,504.5,504.5
"gradual, Δ=1, ρ=0.3, clustered",1087,gradual,1.0,0.3,clustered,MeanShift(3),сырые,LORD++,0.0,0.0,0.0,1.0,1.0,1.0,674.5,674.5
"gradual, Δ=1, ρ=0.3, clustered",1087,gradual,1.0,0.3,clustered,MeanShift(3),остатки,bonferroni,0.0,0.0,0.0,1.0,1.0,1.0,504.5,504.5
"gradual, Δ=1, ρ=0.3, clustered",1087,gradual,1.0,0.3,clustered,MeanShift(3),остатки,bh_window,0.0,0.0,0.0,1.0,1.0,1.0,464.5,464.5
"gradual, Δ=1, ρ=0.3, clustered",1087,gradual,1.0,0.3,clustered,PH river по умолчанию,сырые,порог,0.6446808510638298,0.9574468085106383,0.9380804953560371,0.030959752321981424,1.0,0.060060060060060066,264.5,264.5
"gradual, Δ=1, ρ=0.6, scattered",1089,gradual,1.0,0.6,scattered,PH,сырые,uncorrected,0.031914893617021274,0.19148936170212766,0.5,0.3333333333333333,1.0,0.5,348.9,348.9
"gradual, Δ=1, ρ=0.6, scattered",1089,gradual,1.0,0.6,scattered,PH,сырые,bonferroni,0.0,0.0,0.0,1.0,1.0,1.0,538.9,538.9
"gradual, Δ=1, ρ=0.6, scattered",1089,gradual,1.0,0.6,scattered,PH,сырые,bh_window,0.0,0.0,0.0,1.0,1.0,1.0,518.9,518.9
"gradual, Δ=1, ρ=0.6, scattered",1089,gradual,1.0,0.6,scattered,PH,сырые,LORD++,0.0,0.0,0.0,0.8888888888888888,0.8,0.8421052631578948,803.5555555555555,828.9
"gradual, Δ=1, ρ=0.6, scattered",1089,gradual,1.0,0.6,scattered,PH,остатки,bonferroni,0.00425531914893617,0.0425531914893617,0.16666666666666666,0.8333333333333334,1.0,0.9090909090909091,428.9,428.9
"gradual, Δ=1, ρ=0.6, scattered",1089,gradual,1.0,0.6,scattered,PH,остатки,bh_window,0.00425531914893617,0.02127659574468085,0.16666666666666666,0.8333333333333334,1.0,0.9090909090909091,428.9,428.9
"gradual, Δ=1, ρ=0.6, scattered",1089,gradual,1.0,0.6,scattered,KS,сырые,uncorrected,0.06382978723404255,0.3617021276595745,0.7142857142857143,0.23809523809523808,1.0,0.3846153846153846,398.9,398.9
"gradual, Δ=1, ρ=0.6, scattered",1089,gradual,1.0,0.6,scattered,KS,сырые,bonferroni,0.0,0.0,0.0,1.0,1.0,1.0,538.9,538.9
"gradual, Δ=1, ρ=0.6, scattered",1089,gradual,1.0,0.6,scattered,KS,сырые,bh_window,0.0,0.0,0.0,1.0,1.0,1.0,538.9,538.9
"gradual, Δ=1, ρ=0.6, scattered",1089,gradual,1.0,0.6,scattered,KS,сырые,LORD++,0.0,0.0,0.0,1.0,1.0,1.0,698.9,698.9
"gradual, Δ=1, ρ=0.6, scattered",1089,gradual,1.0,0.6,scattered,KS,остатки,bonferroni,0.002127659574468085,0.02127659574468085,0.09090909090909091,0.9090909090909091,1.0,0.9523809523809523,488.9,488.9
"gradual, Δ=1, ρ=0.6, scattered",1089,gradual,1.0,0.6,scattered,KS,остатки,bh_window,0.00425531914893617,0.02127659574468085,0.16666666666666666,0.8333333333333334,1.0,0.9090909090909091,478.9,478.9
"gradual, Δ=1, ρ=0.6, scattered",1089,gradual,1.0,0.6,scattered,ADWIN,сырые,uncorrected,0.10851063829787234,0.46808510638297873,0.7611940298507462,0.14925373134328357,1.0,0.2597402597402597,318.9,318.9
"gradual, Δ=1, ρ=0.6, scattered",1089,gradual,1.0,0.6,scattered,ADWIN,сырые,bonferroni,0.0,0.0,0.0,0.9090909090909091,1.0,0.9523809523809523,478.9,478.9
"gradual, Δ=1, ρ=0.6, scattered",1089,gradual,1.0,0.6,scattered,ADWIN,сырые,bh_window,0.0,0.0,0.0,0.9090909090909091,1.0,0.9523809523809523,478.9,478.9
"gradual, Δ=1, ρ=0.6, scattered",1089,gradual,1.0,0.6,scattered,ADWIN,сырые,LORD++,0.0,0.0,0.0,1.0,1.0,1.0,608.9,608.9
"gradual, Δ=1, ρ=0.6, scattered",1089,gradual,1.0,0.6,scattered,ADWIN,остатки,bonferroni,0.02127659574468085,0.2127659574468085,0.5,0.5,1.0,0.6666666666666666,338.9,338.9
"gradual, Δ=1, ρ=0.6, scattered",1089,gradual,1.0,0.6,scattered,ADWIN,остатки,bh_window,0.031914893617021274,0.2127659574468085,0.6,0.4,1.0,0.5714285714285715,338.9,338.9
"gradual, Δ=1, ρ=0.6, scattered",1089,gradual,1.0,0.6,scattered,MeanShift(1),сырые,uncorrected,0.251063829787234,0.3617021276595745,0.8613138686131386,0.072992700729927,1.0,0.1360544217687075,248.9,248.9
"gradual, Δ=1, ρ=0.6, scattered",1089,gradual,1.0,0.6,scattered,MeanShift(1),сырые,bonferroni,0.0,0.0,0.0,1.0,1.0,1.0,528.9,528.9
"gradual, Δ=1, ρ=0.6, scattered",1089,gradual,1.0,0.6,scattered,MeanShift(1),сырые,bh_window,0.0,0.0,0.0,1.0,1.0,1.0,488.9,488.9
"gradual, Δ=1, ρ=0.6, scattered",1089,gradual,1.0,0.6,scattered,MeanShift(1),сырые,LORD++,0.0,0.0,0.0,,0.0,0.0,,2398.9
"gradual, Δ=1, ρ=0.6, scattered",1089,gradual,1.0,0.6,scattered,MeanShift(1),остатки,bonferroni,0.00425531914893617,0.0425531914893617,0.16666666666666666,0.8333333333333334,1.0,0.9090909090909091,378.9,378.9
"gradual, Δ=1, ρ=0.6, scattered",1089,gradual,1.0,0.6,scattered,MeanShift(1),остатки,bh_window,0.00425531914893617,0.0425531914893617,0.16666666666666666,0.8333333333333334,1.0,0.9090909090909091,368.9,368.9
"gradual, Δ=1, ρ=0.6, scattered",1089,gradual,1.0,0.6,scattered,MeanShift(3),сырые,uncorrected,0.13404255319148936,0.40425531914893614,0.7974683544303798,0.12658227848101267,1.0,0.22471910112359553,358.9,358.9
"gradual, Δ=1, ρ=0.6, scattered",1089,gradual,1.0,0.6,scattered,MeanShift(3),сырые,bonferroni,0.0,0.0,0.0,1.0,1.0,1.0,518.9,518.9
"gradual, Δ=1, ρ=0.6, scattered",1089,gradual,1.0,0.6,scattered,MeanShift(3),сырые,bh_window,0.0,0.0,0.0,1.0,1.0,1.0,498.9,498.9
"gradual, Δ=1, ρ=0.6, scattered",1089,gradual,1.0,0.6,scattered,MeanShift(3),сырые,LORD++,0.0,0.0,0.0,0.8888888888888888,0.8,0.8421052631578948,703.5555555555555,738.9
"gradual, Δ=1, ρ=0.6, scattered",1089,gradual,1.0,0.6,scattered,MeanShift(3),остатки,bonferroni,0.002127659574468085,0.02127659574468085,0.09090909090909091,0.9090909090909091,1.0,0.9523809523809523,458.9,458.9
"gradual, Δ=1, ρ=0.6, scattered",1089,gradual,1.0,0.6,scattered,MeanShift(3),остатки,bh_window,0.002127659574468085,0.02127659574468085,0.09090909090909091,0.9090909090909091,1.0,0.9523809523809523,458.9,458.9
"gradual, Δ=1, ρ=0.6, scattered",1089,gradual,1.0,0.6,scattered,PH river по умолчанию,сырые,порог,0.723404255319149,0.8297872340425532,0.9444444444444444,0.027777777777777776,1.0,0.05405405405405406,248.9,248.9
"gradual, Δ=1, ρ=0.6, scattered",1088,gradual,1.0,0.6,scattered,PH,сырые,uncorrected,0.2,0.44680851063829785,0.8703703703703703,0.09259259259259259,1.0,0.1694915254237288,361.3,361.3
"gradual, Δ=1, ρ=0.6, scattered",1088,gradual,1.0,0.6,scattered,PH,сырые,bonferroni,0.0,0.0,0.0,0.9090909090909091,1.0,0.9523809523809523,421.3,421.3
"gradual, Δ=1, ρ=0.6, scattered",1088,gradual,1.0,0.6,scattered,PH,сырые,bh_window,0.0,0.0,0.0,0.9090909090909091,1.0,0.9523809523809523,421.3,421.3
"gradual, Δ=1, ρ=0.6, scattered",1088,gradual,1.0,0.6,scattered,PH,сырые,LORD++,0.0,0.0,0.0,1.0,1.0,1.0,521.3,521.3
"gradual, Δ=1, ρ=0.6, scattered",1088,gradual,1.0,0.6,scattered,PH,остатки,bonferroni,0.0,0.0,0.0,1.0,1.0,1.0,401.3,401.3
"gradual, Δ=1, ρ=0.6, scattered",1088,gradual,1.0,0.6,scattered,PH,остатки,bh_window,0.0,0.0,0.0,1.0,1.0,1.0,381.3,381.3
"gradual, Δ=1, ρ=0.6, scattered",1088,gradual,1.0,0.6,scattered,KS,сырые,uncorrected,0.13617021276595745,0.48936170212765956,0.8421052631578947,0.13157894736842105,1.0,0.23255813953488372,371.3,371.3
"gradual, Δ=1, ρ=0.6, scattered",1088,gradual,1.0,0.6,scattered,KS,сырые,bonferroni,0.0,0.0,0.0,0.9090909090909091,1.0,0.9523809523809523,491.3,491.3
"gradual, Δ=1, ρ=0.6, scattered",1088,gradual,1.0,0.6,scattered,KS,сырые,bh_window,0.002127659574468085,0.02127659574468085,0.08333333333333333,0.8333333333333334,1.0,0.9090909090909091,491.3,491.3
"gradual, Δ=1, ρ=0.6, scattered",1088,gradual,1.0,0.6,scattered,KS,сырые,LORD++,0.0,0.0,0.0,1.0,1.0,1.0,601.3,601.3
"gradual, Δ=1, ρ=0.6, scattered",1088,gradual,1.0,0.6,scattered,KS,остатки,bonferroni,0.00425531914893617,0.0425531914893617,0.16666666666666666,0.8333333333333334,1.0,0.9090909090909091,501.3,501.3
"gradual, Δ=1, ρ=0.6, scattered",1088,gradual,1.0,0.6,scattered,KS,остатки,bh_window,0.00425531914893617,0.0425531914893617,0.16666666666666666,0.8333333333333334,1.0,0.9090909090909091,471.3,471.3
"gradual, Δ=1, ρ=0.6, scattered",1088,gradual,1.0,0.6,scattered,ADWIN,сырые,uncorrected,0.22127659574468084,0.6382978723404256,0.8813559322033898,0.0847457627118644,1.0,0.15625,321.3,321.3
"gradual, Δ=1, ρ=0.6, scattered",1088,gradual,1.0,0.6,scattered,ADWIN,сырые,bonferroni,0.01276595744680851,0.06382978723404255,0.375,0.625,1.0,0.7692307692307693,391.3,391.3
"gradual, Δ=1, ρ=0.6, scattered",1088,gradual,1.0,0.6,scattered,ADWIN,сырые,bh_window,0.04468085106382979,0.06382978723404255,0.65625,0.3125,1.0,0.47619047619047616,381.3,381.3
"gradual, Δ=1, ρ=0.6, scattered",1088,gradual,1.0,0.6,scattered,ADWIN,сырые,LORD++,0.0,0.0,0.0,1.0,1.0,1.0,471.3,471.3
"gradual, Δ=1, ρ=0.6, scattered",1088,gradual,1.0,0.6,scattered,ADWIN,остатки,bonferroni,0.01702127659574468,0.1702127659574468,0.42105263157894735,0.5263157894736842,1.0,0.6896551724137931,331.3,331.3
"gradual, Δ=1, ρ=0.6, scattered",1088,gradual,1.0,0.6,scattered,ADWIN,остатки,bh_window,0.019148936170212766,0.1702127659574468,0.45,0.5,1.0,0.6666666666666666,331.3,331.3
"gradual, Δ=1, ρ=0.6, scattered",1088,gradual,1.0,0.6,scattered,MeanShift(1),сырые,uncorrected,0.3638297872340426,0.5319148936170213,0.9193548387096774,0.053763440860215055,1.0,0.10204081632653061,311.3,311.3
"gradual, Δ=1, ρ=0.6, scattered",1088,gradual,1.0,0.6,scattered,MeanShift(1),сырые,bonferroni,0.006382978723404255,0.06382978723404255,0.23076923076923078,0.7692307692307693,1.0,0.8695652173913044,371.3,371.3
"gradual, Δ=1, ρ=0.6, scattered",1088,gradual,1.0,0.6,scattered,MeanShift(1),сырые,bh_window,0.1,0.0425531914893617,0.8245614035087719,0.17543859649122806,1.0,0.29850746268656714,351.3,351.3
"gradual, Δ=1, ρ=0.6, scattered",1088,gradual,1.0,0.6,scattered,MeanShift(1),сырые,LORD++,0.0,0.0,0.0,1.0,1.0,1.0,521.3,521.3
"gradual, Δ=1, ρ=0.6, scattered",1088,gradual,1.0,0.6,scattered,MeanShift(1),остатки,bonferroni,0.0,0.0,0.0,0.8333333333333334,1.0,0.9090909090909091,351.3,351.3
"gradual, Δ=1, ρ=0.6, scattered",1088,gradual,1.0,0.6,scattered,MeanShift(1),остатки,bh_window,0.0,0.0,0.0,0.8333333333333334,1.0,0.9090909090909091,351.3,351.3
"gradual, Δ=1, ρ=0.6, scattered",1088,gradual,1.0,0.6,scattered,MeanShift(3),сырые,uncorrected,0.2404255319148936,0.48936170212765956,0.904,0.08,1.0,0.14814814814814814,371.3,371.3
"gradual, Δ=1, ρ=0.6, scattered",1088,gradual,1.0,0.6,scattered,MeanShift(3),сырые,bonferroni,0.002127659574468085,0.02127659574468085,0.09090909090909091,0.9090909090909091,1.0,0.9523809523809523,501.3,501.3
"gradual, Δ=1, ρ=0.6, scattered",1088,gradual,1.0,0.6,scattered,MeanShift(3),сырые,bh_window,0.04042553191489362,0.02127659574468085,0.6551724137931034,0.3448275862068966,1.0,0.5128205128205129,511.3,511.3
"gradual, Δ=1, ρ=0.6, scattered",1088,gradual,1.0,0.6,scattered,MeanShift(3),сырые,LORD++,0.0,0.0,0.0,1.0,1.0,1.0,571.3,571.3
"gradual, Δ=1, ρ=0.6, scattered",1088,gradual,1.0,0.6,scattered,MeanShift(3),остатки,bonferroni,0.00425531914893617,0.0425531914893617,0.16666666666666666,0.8333333333333334,1.0,0.9090909090909091,461.3,461.3
"gradual, Δ=1, ρ=0.6, scattered",1088,gradual,1.0,0.6,scattered,MeanShift(3),остатки,bh_window,0.00425531914893617,0.0425531914893617,0.16666666666666666,0.8333333333333334,1.0,0.9090909090909091,461.3,461.3
"gradual, Δ=1, ρ=0.6, scattered",1088,gradual,1.0,0.6,scattered,PH river по умолчанию,сырые,порог,0.8148936170212766,0.7872340425531915,0.9575,0.025,1.0,0.04878048780487806,311.3,311.3
"gradual, Δ=1, ρ=0.6, scattered",1090,gradual,1.0,0.6,scattered,PH,сырые,uncorrected,0.023404255319148935,0.14893617021276595,0.39285714285714285,0.35714285714285715,1.0,0.5263157894736842,359.0,359.0
"gradual, Δ=1, ρ=0.6, scattered",1090,gradual,1.0,0.6,scattered,PH,сырые,bonferroni,0.0,0.0,0.0,1.0,1.0,1.0,549.0,549.0
"gradual, Δ=1, ρ=0.6, scattered",1090,gradual,1.0,0.6,scattered,PH,сырые,bh_window,0.0,0.0,0.0,1.0,1.0,1.0,519.0,519.0
"gradual, Δ=1, ρ=0.6, scattered",1090,gradual,1.0,0.6,scattered,PH,сырые,LORD++,0.0,0.0,0.0,0.6,0.6,0.6,959.0,959.0
"gradual, Δ=1, ρ=0.6, scattered",1090,gradual,1.0,0.6,scattered,PH,остатки,bonferroni,0.0,0.0,0.0,0.9090909090909091,1.0,0.9523809523809523,389.0,389.0
"gradual, Δ=1, ρ=0.6, scattered",1090,gradual,1.0,0.6,scattered,PH,остатки,bh_window,0.002127659574468085,0.02127659574468085,0.08333333333333333,0.8333333333333334,1.0,0.9090909090909091,379.0,379.0
"gradual, Δ=1, ρ=0.6, scattered",1090,gradual,1.0,0.6,scattered,KS,сырые,uncorrected,0.01702127659574468,0.10638297872340426,0.4444444444444444,0.5555555555555556,1.0,0.7142857142857143,439.0,439.0
"gradual, Δ=1, ρ=0.6, scattered",1090,gradual,1.0,0.6,scattered,KS,сырые,bonferroni,0.0,0.0,0.0,1.0,1.0,1.0,599.0,599.0
"gradual, Δ=1, ρ=0.6, scattered",1090,gradual,1.0,0.6,scattered,KS,сырые,bh_window,0.0,0.0,0.0,1.0,1.0,1.0,599.0,599.0
"gradual, Δ=1, ρ=0.6, scattered",1090,gradual,1.0,0.6,scattered,KS,сырые,LORD++,0.0,0.0,0.0,0.9,0.9,0.9,849.0,849.0
"gradual, Δ=1, ρ=0.6, scattered",1090,gradual,1.0,0.6,scattered,KS,остатки,bonferroni,0.006382978723404255,0.06382978723404255,0.23076923076923078,0.7692307692307693,1.0,0.8695652173913044,459.0,459.0
"gradual, Δ=1, ρ=0.6, scattered",1090,gradual,1.0,0.6,scattered,KS,остатки,bh_window,0.006382978723404255,0.06382978723404255,0.23076923076923078,0.7692307692307693,1.0,0.8695652173913044,459.0,459.0
"gradual, Δ=1, ρ=0.6, scattered",1090,gradual,1.0,0.6,scattered,ADWIN,сырые,uncorrected,0.17446808510638298,0.5106382978723404,0.8118811881188119,0.09900990099009901,1.0,0.18018018018018017,339.0,339.0
"gradual, Δ=1, ρ=0.6, scattered",1090,gradual,1.0,0.6,scattered,ADWIN,сырые,bonferroni,0.002127659574468085,0.02127659574468085,0.09090909090909091,0.9090909090909091,1.0,0.9523809523809523,459.0,459.0
"gradual, Δ=1, ρ=0.6, scattered",1090,gradual,1.0,0.6,scattered,ADWIN,сырые,bh_window,0.002127659574468085,0.02127659574468085,0.09090909090909091,0.9090909090909091,1.0,0.9523809523809523,459.0,459.0
"gradual, Δ=1, ρ=0.6, scattered",1090,gradual,1.0,0.6,scattered,ADWIN,сырые,LORD++,0.0,0.0,0.0,1.0,1.0,1.0,589.0,589.0
"gradual, Δ=1, ρ=0.6, scattered",1090,gradual,1.0,0.6,scattered,ADWIN,остатки,bonferroni,0.02127659574468085,0.19148936170212766,0.45454545454545453,0.45454545454545453,1.0,0.625,329.0,329.0
"gradual, Δ=1, ρ=0.6, scattered",1090,gradual,1.0,0.6,scattered,ADWIN,остатки,bh_window,0.023404255319148935,0.2127659574468085,0.4782608695652174,0.43478260869565216,1.0,0.6060606060606061,329.0,329.0
"gradual, Δ=1, ρ=0.6, scattered",1090,gradual,1.0,0.6,scattered,MeanShift(1),сырые,uncorrected,0.19787234042553192,0.44680851063829785,0.8157894736842105,0.08771929824561403,1.0,0.16129032258064516,229.0,229.0
"gradual, Δ=1, ρ=0.6, scattered",1090,gradual,1.0,0.6,scattered,MeanShift(1),сырые,bonferroni,0.0,0.0,0.0,1.0,1.0,1.0,419.0,419.0
"gradual, Δ=1, ρ=0.6, scattered",1090,gradual,1.0,0.6,scattered,MeanShift(1),сырые,bh_window,0.0,0.0,0.0,0.9090909090909091,1.0,0.9523809523809523,399.0,399.0
"gradual, Δ=1, ρ=0.6, scattered",1090,gradual,1.0,0.6,scattered,MeanShift(1),сырые,LORD++,0.0,0.0,0.0,0.4444444444444444,0.4,0.4210526315789474,1121.7777777777778,1159.0
"gradual, Δ=1, ρ=0.6, scattered",1090,gradual,1.0,0.6,scattered,MeanShift(1),остатки,bonferroni,0.002127659574468085,0.02127659574468085,0.08333333333333333,0.8333333333333334,1.0,0.9090909090909091,329.0,329.0
"gradual, Δ=1, ρ=0.6, scattered",1090,gradual,1.0,0.6,scattered,MeanShift(1),остатки,bh_window,0.002127659574468085,0.02127659574468085,0.07692307692307693,0.7692307692307693,1.0,0.8695652173913044,299.0,299.0
"gradual, Δ=1, ρ=0.6, scattered",1090,gradual,1.0,0.6,scattered,MeanShift(3),сырые,uncorrected,0.13617021276595745,0.3404255319148936,0.8311688311688312,0.12987012987012986,1.0,0.22988505747126434,419.0,419.0
"gradual, Δ=1, ρ=0.6, scattered",1090,gradual,1.0,0.6,scattered,MeanShift(3),сырые,bonferroni,0.0,0.0,0.0,1.0,1.0,1.0,519.0,519.0
"gradual, Δ=1, ρ=0.6, scattered",1090,gradual,1.0,0.6,scattered,MeanShift(3),сырые,bh_window,0.0,0.0,0.0,1.0,1.0,1.0,509.0,509.0
"gradual, Δ=1, ρ=0.6, scattered",1090,gradual,1.0,0.6,scattered,MeanShift(3),сырые,LORD++,0.0,0.0,0.0,0.9,0.9,0.9,679.0,679.0
"gradual, Δ=1, ρ=0.6, scattered",1090,gradual,1.0,0.6,scattered,MeanShift(3),остатки,bonferroni,0.002127659574468085,0.02127659574468085,0.09090909090909091,0.9090909090909091,1.0,0.9523809523809523,439.0,439.0
"gradual, Δ=1, ρ=0.6, scattered",1090,gradual,1.0,0.6,scattered,MeanShift(3),остатки,bh_window,0.00425531914893617,0.0425531914893617,0.16666666666666666,0.8333333333333334,1.0,0.9090909090909091,439.0,439.0
"gradual, Δ=1, ρ=0.6, scattered",1090,gradual,1.0,0.6,scattered,PH river по умолчанию,сырые,порог,0.9723404255319149,0.7659574468085106,0.9560669456066946,0.02092050209205021,1.0,0.040983606557377046,219.0,219.0
"gradual, Δ=1, ρ=0.6, scattered",1091,gradual,1.0,0.6,scattered,PH,сырые,uncorrected,0.1595744680851064,0.3404255319148936,0.8064516129032258,0.10752688172043011,1.0,0.19417475728155342,319.2,319.2
"gradual, Δ=1, ρ=0.6, scattered",1091,gradual,1.0,0.6,scattered,PH,сырые,bonferroni,0.002127659574468085,0.02127659574468085,0.09090909090909091,0.9090909090909091,1.0,0.9523809523809523,459.2,459.2
"gradual, Δ=1, ρ=0.6, scattered",1091,gradual,1.0,0.6,scattered,PH,сырые,bh_window,0.03829787234042553,0.06382978723404255,0.6428571428571429,0.35714285714285715,1.0,0.5263157894736842,449.2,449.2
"gradual, Δ=1, ρ=0.6, scattered",1091,gradual,1.0,0.6,scattered,PH,сырые,LORD++,0.0,0.0,0.0,0.9,0.9,0.9,619.2,619.2
"gradual, Δ=1, ρ=0.6, scattered",1091,gradual,1.0,0.6,scattered,PH,остатки,bonferroni,0.002127659574468085,0.02127659574468085,0.09090909090909091,0.9090909090909091,1.0,0.9523809523809523,379.2,379.2
"gradual, Δ=1, ρ=0.6, scattered",1091,gradual,1.0,0.6,scattered,PH,остатки,bh_window,0.002127659574468085,0.02127659574468085,0.07692307692307693,0.7692307692307693,1.0,0.8695652173913044,359.2,359.2
"gradual, Δ=1, ρ=0.6, scattered",1091,gradual,1.0,0.6,scattered,KS,сырые,uncorrected,0.1148936170212766,0.5106382978723404,0.8059701492537313,0.14925373134328357,1.0,0.2597402597402597,399.2,399.2
"gradual, Δ=1, ρ=0.6, scattered",1091,gradual,1.0,0.6,scattered,KS,сырые,bonferroni,0.00425531914893617,0.0425531914893617,0.16666666666666666,0.8333333333333334,1.0,0.9090909090909091,529.2,529.2
"gradual, Δ=1, ρ=0.6, scattered",1091,gradual,1.0,0.6,scattered,KS,сырые,bh_window,0.00425531914893617,0.0425531914893617,0.16666666666666666,0.8333333333333334,1.0,0.9090909090909091,529.2,529.2
"gradual, Δ=1, ρ=0.6, scattered",1091,gradual,1.0,0.6,scattered,KS,сырые,LORD++,0.0,0.0,0.0,0.9,0.9,0.9,679.2,679.2
"gradual, Δ=1, ρ=0.6, scattered",1091,gradual,1.0,0.6,scattered,KS,остатки,bonferroni,0.01702127659574468,0.14893617021276595,0.4444444444444444,0.5555555555555556,1.0,0.7142857142857143,459.2,459.2
"gradual, Δ=1, ρ=0.6, scattered",1091,gradual,1.0,0.6,scattered,KS,остатки,bh_window,0.01702127659574468,0.1276595744680851,0.4444444444444444,0.5555555555555556,1.0,0.7142857142857143,459.2,459.2
"gradual, Δ=1, ρ=0.6, scattered",1091,gradual,1.0,0.6,scattered,ADWIN,сырые,uncorrected,0.33404255319148934,0.7021276595744681,0.9181286549707602,0.05847953216374269,1.0,0.11049723756906078,389.2,389.2
"gradual, Δ=1, ρ=0.6, scattered",1091,gradual,1.0,0.6,scattered,ADWIN,сырые,bonferroni,0.006382978723404255,0.0425531914893617,0.23076923076923078,0.7692307692307693,1.0,0.8695652173913044,439.2,439.2
"gradual, Δ=1, ρ=0.6, scattered",1091,gradual,1.0,0.6,scattered,ADWIN,сырые,bh_window,0.006382978723404255,0.0425531914893617,0.23076923076923078,0.7692307692307693,1.0,0.8695652173913044,439.2,439.2
"gradual, Δ=1, ρ=0.6, scattered",1091,gradual,1.0,0.6,scattered,ADWIN,сырые,LORD++,0.002127659574468085,0.02127659574468085,0.08333333333333333,0.8333333333333334,1.0,0.9090909090909091,449.2,449.2
"gradual, Δ=1, ρ=0.6, scattered",1091,gradual,1.0,0.6,scattered,ADWIN,остатки,bonferroni,0.027659574468085105,0.23404255319148937,0.52,0.4,1.0,0.5714285714285715,299.2,299.2
"gradual, Δ=1, ρ=0.6, scattered",1091,gradual,1.0,0.6,scattered,ADWIN,остатки,bh_window,0.027659574468085105,0.2127659574468085,0.48148148148148145,0.37037037037037035,1.0,0.5405405405405406,299.2,299.2
"gradual, Δ=1, ρ=0.6, scattered",1091,gradual,1.0,0.6,scattered,MeanShift(1),сырые,uncorrected,0.29148936170212764,0.3829787234042553,0.8838709677419355,0.06451612903225806,1.0,0.12121212121212122,249.2,249.2
"gradual, Δ=1, ρ=0.6, scattered",1091,gradual,1.0,0.6,scattered,MeanShift(1),сырые,bonferroni,0.00425531914893617,0.02127659574468085,0.16666666666666666,0.8333333333333334,1.0,0.9090909090909091,449.2,449.2
"gradual, Δ=1, ρ=0.6, scattered",1091,gradual,1.0,0.6,scattered,MeanShift(1),сырые,bh_window,0.010638297872340425,0.02127659574468085,0.3333333333333333,0.6666666666666666,1.0,0.8,439.2,439.2
"gradual, Δ=1, ρ=0.6, scattered",1091,gradual,1.0,0.6,scattered,MeanShift(1),сырые,LORD++,0.0,0.0,0.0,1.0,1.0,1.0,629.2,629.2
"gradual, Δ=1, ρ=0.6, scattered",1091,gradual,1.0,0.6,scattered,MeanShift(1),остатки,bonferroni,0.002127659574468085,0.02127659574468085,0.09090909090909091,0.9090909090909091,1.0,0.9523809523809523,329.2,329.2
"gradual, Δ=1, ρ=0.6, scattered",1091,gradual,1.0,0.6,scattered,MeanShift(1),остатки,bh_window,0.002127659574468085,0.02127659574468085,0.09090909090909091,0.9090909090909091,1.0,0.9523809523809523,329.2,329.2
"gradual, Δ=1, ρ=0.6, scattered",1091,gradual,1.0,0.6,scattered,MeanShift(3),сырые,uncorrected,0.16595744680851063,0.425531914893617,0.8297872340425532,0.10638297872340426,1.0,0.1923076923076923,349.2,349.2
"gradual, Δ=1, ρ=0.6, scattered",1091,gradual,1.0,0.6,scattered,MeanShift(3),сырые,bonferroni,0.00425531914893617,0.0425531914893617,0.16666666666666666,0.8333333333333334,1.0,0.9090909090909091,529.2,529.2
"gradual, Δ=1, ρ=0.6, scattered",1091,gradual,1.0,0.6,scattered,MeanShift(3),сырые,bh_window,0.00425531914893617,0.0425531914893617,0.16666666666666666,0.8333333333333334,1.0,0.9090909090909091,519.2,519.2
"gradual, Δ=1, ρ=0.6, scattered",1091,gradual,1.0,0.6,scattered,MeanShift(3),сырые,LORD++,0.0,0.0,0.0,0.9,0.9,0.9,679.2,679.2
"gradual, Δ=1, ρ=0.6, scattered",1091,gradual,1.0,0.6,scattered,MeanShift(3),остатки,bonferroni,0.00425531914893617,0.0425531914893617,0.16666666666666666,0.8333333333333334,1.0,0.9090909090909091,459.2,459.2
"gradual, Δ=1, ρ=0.6, scattered",1091,gradual,1.0,0.6,scattered,MeanShift(3),остатки,bh_window,0.00425531914893617,0.0425531914893617,0.16666666666666666,0.8333333333333334,1.0,0.9090909090909091,439.2,439.2
"gradual, Δ=1, ρ=0.6, scattered",1091,gradual,1.0,0.6,scattered,PH river по умолчанию,сырые,порог,0.725531914893617,0.7446808510638298,0.9445983379501385,0.027700831024930747,1.0,0.05390835579514825,239.2,239.2
"gradual, Δ=1, ρ=0.6, clustered",1093,gradual,1.0,0.6,clustered,PH,сырые,uncorrected,0.036170212765957444,0.1702127659574468,0.4722222222222222,0.2777777777777778,1.0,0.4347826086956522,333.5,333.5
"gradual, Δ=1, ρ=0.6, clustered",1093,gradual,1.0,0.6,clustered,PH,сырые,bonferroni,0.0,0.0,0.0,1.0,1.0,1.0,553.5,553.5
"gradual, Δ=1, ρ=0.6, clustered",1093,gradual,1.0,0.6,clustered,PH,сырые,bh_window,0.0,0.0,0.0,1.0,1.0,1.0,503.5,503.5
"gradual, Δ=1, ρ=0.6, clustered",1093,gradual,1.0,0.6,clustered,PH,сырые,LORD++,0.0,0.0,0.0,1.0,1.0,1.0,733.5,733.5
"gradual, Δ=1, ρ=0.6, clustered",1093,gradual,1.0,0.6,clustered,PH,остатки,bonferroni,0.002127659574468085,0.02127659574468085,0.09090909090909091,0.9090909090909091,1.0,0.9523809523809523,433.5,433.5
"gradual, Δ=1, ρ=0.6, clustered",1093,gradual,1.0,0.6,clustered,PH,остатки,bh_window,0.002127659574468085,0.02127659574468085,0.09090909090909091,0.9090909090909091,1.0,0.9523809523809523,403.5,403.5
"gradual, Δ=1, ρ=0.6, clustered",1093,gradual,1.0,0.6,clustered,KS,сырые,uncorrected,0.07021276595744681,0.46808510638297873,0.75,0.22727272727272727,1.0,0.37037037037037035,403.5,403.5
"gradual, Δ=1, ρ=0.6, clustered",1093,gradual,1.0,0.6,clustered,KS,сырые,bonferroni,0.0,0.0,0.0,1.0,1.0,1.0,583.5,583.5
"gradual, Δ=1, ρ=0.6, clustered",1093,gradual,1.0,0.6,clustered,KS,сырые,bh_window,0.0,0.0,0.0,1.0,1.0,1.0,533.5,533.5
"gradual, Δ=1, ρ=0.6, clustered",1093,gradual,1.0,0.6,clustered,KS,сырые,LORD++,0.0,0.0,0.0,1.0,1.0,1.0,703.5,703.5
"gradual, Δ=1, ρ=0.6, clustered",1093,gradual,1.0,0.6,clustered,KS,остатки,bonferroni,0.01276595744680851,0.1276595744680851,0.375,0.625,1.0,0.7692307692307693,473.5,473.5
"gradual, Δ=1, ρ=0.6, clustered",1093,gradual,1.0,0.6,clustered,KS,остатки,bh_window,0.01702127659574468,0.10638297872340426,0.4444444444444444,0.5555555555555556,1.0,0.7142857142857143,463.5,463.5
"gradual, Δ=1, ρ=0.6, clustered",1093,gradual,1.0,0.6,clustered,ADWIN,сырые,uncorrected,0.2127659574468085,0.5957446808510638,0.8695652173913043,0.08695652173913043,1.0,0.16,363.5,363.5
"gradual, Δ=1, ρ=0.6, clustered",1093,gradual,1.0,0.6,clustered,ADWIN,сырые,bonferroni,0.00425531914893617,0.02127659574468085,0.16666666666666666,0.8333333333333334,1.0,0.9090909090909091,483.5,483.5
"gradual, Δ=1, ρ=0.6, clustered",1093,gradual,1.0,0.6,clustered,ADWIN,сырые,bh_window,0.014893617021276596,0.02127659574468085,0.4117647058823529,0.5882352941176471,1.0,0.7407407407407407,453.5,453.5
"gradual, Δ=1, ρ=0.6, clustered",1093,gradual,1.0,0.6,clustered,ADWIN,сырые,LORD++,0.0,0.0,0.0,1.0,1.0,1.0,643.5,643.5
"gradual, Δ=1, ρ=0.6, clustered",1093,gradual,1.0,0.6,clustered,ADWIN,остатки,bonferroni,0.019148936170212766,0.1702127659574468,0.45,0.5,1.0,0.6666666666666666,373.5,373.5
"gradual, Δ=1, ρ=0.6, clustered",1093,gradual,1.0,0.6,clustered,ADWIN,остатки,bh_window,0.019148936170212766,0.1702127659574468,0.45,0.5,1.0,0.6666666666666666,363.5,363.5
"gradual, Δ=1, ρ=0.6, clustered",1093,gradual,1.0,0.6,clustered,MeanShift(1),сырые,uncorrected,0.19148936170212766,0.3829787234042553,0.8256880733944955,0.09174311926605505,1.0,0.16806722689075632,293.5,293.5
"gradual, Δ=1, ρ=0.6, clustered",1093,gradual,1.0,0.6,clustered,MeanShift(1),сырые,bonferroni,0.0,0.0,0.0,1.0,1.0,1.0,543.5,543.5
"gradual, Δ=1, ρ=0.6, clustered",1093,gradual,1.0,0.6,clustered,MeanShift(1),сырые,bh_window,0.0,0.0,0.0,1.0,1.0,1.0,423.5,423.5
"gradual, Δ=1, ρ=0.6, clustered",1093,gradual,1.0,0.6,clustered,MeanShift(1),сырые,LORD++,0.0,0.0,0.0,,0.0,0.0,,3003.5
"gradual, Δ=1, ρ=0.6, clustered",1093,gradual,1.0,0.6,clustered,MeanShift(1),остатки,bonferroni,0.006382978723404255,0.06382978723404255,0.23076923076923078,0.7692307692307693,1.0,0.8695652173913044,373.5,373.5
"gradual, Δ=1, ρ=0.6, clustered",1093,gradual,1.0,0.6,clustered,MeanShift(1),остатки,bh_window,0.00851063829787234,0.06382978723404255,0.2857142857142857,0.7142857142857143,1.0,0.8333333333333333,353.5,353.5
"gradual, Δ=1, ρ=0.6, clustered",1093,gradual,1.0,0.6,clustered,MeanShift(3),сырые,uncorrected,0.14893617021276595,0.3404255319148936,0.8235294117647058,0.11764705882352941,1.0,0.21052631578947367,323.5,323.5
"gradual, Δ=1, ρ=0.6, clustered",1093,gradual,1.0,0.6,clustered,MeanShift(3),сырые,bonferroni,0.0,0.0,0.0,1.0,1.0,1.0,513.5,513.5
"gradual, Δ=1, ρ=0.6, clustered",1093,gradual,1.0,0.6,clustered,MeanShift(3),сырые,bh_window,0.0,0.0,0.0,1.0,1.0,1.0,483.5,483.5
"gradual, Δ=1, ρ=0.6, clustered",1093,gradual,1.0,0.6,clustered,MeanShift(3),сырые,LORD++,0.0,0.0,0.0,1.0,1.0,1.0,683.5,683.5
"gradual, Δ=1, ρ=0.6, clustered",1093,gradual,1.0,0.6,clustered,MeanShift(3),остатки,bonferroni,0.002127659574468085,0.02127659574468085,0.09090909090909091,0.9090909090909091,1.0,0.9523809523809523,483.5,483.5
"gradual, Δ=1, ρ=0.6, clustered",1093,gradual,1.0,0.6,clustered,MeanShift(3),остатки,bh_window,0.002127659574468085,0.02127659574468085,0.09090909090909091,0.9090909090909091,1.0,0.9523809523809523,463.5,463.5
"gradual, Δ=1, ρ=0.6, clustered",1093,gradual,1.0,0.6,clustered,PH river по умолчанию,сырые,порог,0.551063829787234,0.7446808510638298,0.925,0.03571428571428571,1.0,0.0689655172413793,243.5,243.5
"gradual, Δ=1, ρ=0.6, clustered",1092,gradual,1.0,0.6,clustered,PH,сырые,uncorrected,0.2765957446808511,0.5106382978723404,0.87248322147651,0.06711409395973154,1.0,0.12578616352201258,302.5,302.5
"gradual, Δ=1, ρ=0.6, clustered",1092,gradual,1.0,0.6,clustered,PH,сырые,bonferroni,0.002127659574468085,0.02127659574468085,0.09090909090909091,0.9090909090909091,1.0,0.9523809523809523,402.5,402.5
"gradual, Δ=1, ρ=0.6, clustered",1092,gradual,1.0,0.6,clustered,PH,сырые,bh_window,0.10212765957446808,0.02127659574468085,0.7868852459016393,0.16393442622950818,1.0,0.28169014084507044,332.5,332.5
"gradual, Δ=1, ρ=0.6, clustered",1092,gradual,1.0,0.6,clustered,PH,сырые,LORD++,0.0,0.0,0.0,1.0,1.0,1.0,512.5,512.5
"gradual, Δ=1, ρ=0.6, clustered",1092,gradual,1.0,0.6,clustered,PH,остатки,bonferroni,0.002127659574468085,0.02127659574468085,0.08333333333333333,0.8333333333333334,1.0,0.9090909090909091,402.5,402.5
"gradual, Δ=1, ρ=0.6, clustered",1092,gradual,1.0,0.6,clustered,PH,остатки,bh_window,0.002127659574468085,0.02127659574468085,0.08333333333333333,0.8333333333333334,1.0,0.9090909090909091,382.5,382.5
"gradual, Δ=1, ρ=0.6, clustered",1092,gradual,1.0,0.6,clustered,KS,сырые,uncorrected,0.20212765957446807,0.6595744680851063,0.8558558558558559,0.09009009009009009,1.0,0.1652892561983471,282.5,282.5
"gradual, Δ=1, ρ=0.6, clustered",1092,gradual,1.0,0.6,clustered,KS,сырые,bonferroni,0.0,0.0,0.0,1.0,1.0,1.0,482.5,482.5
"gradual, Δ=1, ρ=0.6, clustered",1092,gradual,1.0,0.6,clustered,KS,сырые,bh_window,0.01276595744680851,0.02127659574468085,0.375,0.625,1.0,0.7692307692307693,432.5,432.5
"gradual, Δ=1, ρ=0.6, clustered",1092,gradual,1.0,0.6,clustered,KS,сырые,LORD++,0.0,0.0,0.0,1.0,1.0,1.0,592.5,592.5
"gradual, Δ=1, ρ=0.6, clustered",1092,gradual,1.0,0.6,clustered,KS,остатки,bonferroni,0.0,0.0,0.0,1.0,1.0,1.0,512.5,512.5
"gradual, Δ=1, ρ=0.6, clustered",1092,gradual,1.0,0.6,clustered,KS,остатки,bh_window,0.002127659574468085,0.02127659574468085,0.09090909090909091,0.9090909090909091,1.0,0.9523809523809523,492.5,492.5
"gradual, Δ=1, ρ=0.6, clustered",1092,gradual,1.0,0.6,clustered,ADWIN,сырые,uncorrected,0.4148936170212766,0.8297872340425532,0.9198113207547169,0.04716981132075472,1.0,0.09009009009009009,282.5,282.5
"gradual, Δ=1, ρ=0.6, clustered",1092,gradual,1.0,0.6,clustered,ADWIN,сырые,bonferroni,0.02127659574468085,0.1276595744680851,0.5,0.5,1.0,0.6666666666666666,322.5,322.5
"gradual, Δ=1, ρ=0.6, clustered",1092,gradual,1.0,0.6,clustered,ADWIN,сырые,bh_window,0.09787234042553192,0.14893617021276595,0.7796610169491526,0.1694915254237288,1.0,0.2898550724637681,312.5,312.5
"gradual, Δ=1, ρ=0.6, clustered",1092,gradual,1.0,0.6,clustered,ADWIN,сырые,LORD++,0.010638297872340425,0.0425531914893617,0.3333333333333333,0.6666666666666666,1.0,0.8,392.5,392.5
"gradual, Δ=1, ρ=0.6, clustered",1092,gradual,1.0,0.6,clustered,ADWIN,остатки,bonferroni,0.01276595744680851,0.1276595744680851,0.3,0.5,1.0,0.6666666666666666,302.5,302.5
"gradual, Δ=1, ρ=0.6, clustered",1092,gradual,1.0,0.6,clustered,ADWIN,остатки,bh_window,0.023404255319148935,0.14893617021276595,0.44,0.4,1.0,0.5714285714285715,312.5,312.5
"gradual, Δ=1, ρ=0.6, clustered",1092,gradual,1.0,0.6,clustered,MeanShift(1),сырые,uncorrected,0.37872340425531914,0.5531914893617021,0.9081632653061225,0.05102040816326531,1.0,0.09708737864077671,262.5,262.5
"gradual, Δ=1, ρ=0.6, clustered",1092,gradual,1.0,0.6,clustered,MeanShift(1),сырые,bonferroni,0.010638297872340425,0.06382978723404255,0.3333333333333333,0.6666666666666666,1.0,0.8,352.5,352.5
"gradual, Δ=1, ρ=0.6, clustered",1092,gradual,1.0,0.6,clustered,MeanShift(1),сырые,bh_window,0.15319148936170213,0.06382978723404255,0.8372093023255814,0.11627906976744186,1.0,0.20833333333333334,272.5,272.5
"gradual, Δ=1, ρ=0.6, clustered",1092,gradual,1.0,0.6,clustered,MeanShift(1),сырые,LORD++,0.006382978723404255,0.0425531914893617,0.23076923076923078,0.7692307692307693,1.0,0.8695652173913044,632.5,632.5
"gradual, Δ=1, ρ=0.6, clustered",1092,gradual,1.0,0.6,clustered,MeanShift(1),остатки,bonferroni,0.002127659574468085,0.02127659574468085,0.08333333333333333,0.8333333333333334,1.0,0.9090909090909091,342.5,342.5
"gradual, Δ=1, ρ=0.6, clustered",1092,gradual,1.0,0.6,clustered,MeanShift(1),остатки,bh_window,0.00425531914893617,0.02127659574468085,0.14285714285714285,0.7142857142857143,1.0,0.8333333333333333,322.5,322.5
"gradual, Δ=1, ρ=0.6, clustered",1092,gradual,1.0,0.6,clustered,MeanShift(3),сырые,uncorrected,0.3680851063829787,0.5531914893617021,0.9105263157894737,0.05263157894736842,1.0,0.1,332.5,332.5
"gradual, Δ=1, ρ=0.6, clustered",1092,gradual,1.0,0.6,clustered,MeanShift(3),сырые,bonferroni,0.00851063829787234,0.02127659574468085,0.2857142857142857,0.7142857142857143,1.0,0.8333333333333333,442.5,442.5
"gradual, Δ=1, ρ=0.6, clustered",1092,gradual,1.0,0.6,clustered,MeanShift(3),сырые,bh_window,0.10851063829787234,0.02127659574468085,0.8225806451612904,0.16129032258064516,1.0,0.27777777777777773,372.5,372.5
"gradual, Δ=1, ρ=0.6, clustered",1092,gradual,1.0,0.6,clustered,MeanShift(3),сырые,LORD++,0.002127659574468085,0.02127659574468085,0.09090909090909091,0.9090909090909091,1.0,0.9523809523809523,502.5,502.5
"gradual, Δ=1, ρ=0.6, clustered",1092,gradual,1.0,0.6,clustered,MeanShift(3),остатки,bonferroni,0.0,0.0,0.0,1.0,1.0,1.0,472.5,472.5
"gradual, Δ=1, ρ=0.6, clustered",1092,gradual,1.0,0.6,clustered,MeanShift(3),остатки,bh_window,0.0,0.0,0.0,1.0,1.0,1.0,462.5,462.5
"gradual, Δ=1, ρ=0.6, clustered",1092,gradual,1.0,0.6,clustered,PH river по умолчанию,сырые,порог,0.7936170212765957,0.7659574468085106,0.9491094147582697,0.02544529262086514,1.0,0.04962779156327544,232.5,232.5
"gradual, Δ=1, ρ=0.6, clustered",1094,gradual,1.0,0.6,clustered,PH,сырые,uncorrected,0.13617021276595745,0.40425531914893614,0.7710843373493976,0.12048192771084337,1.0,0.21505376344086022,298.5,298.5
"gradual, Δ=1, ρ=0.6, clustered",1094,gradual,1.0,0.6,clustered,PH,сырые,bonferroni,0.0,0.0,0.0,1.0,1.0,1.0,528.5,528.5
"gradual, Δ=1, ρ=0.6, clustered",1094,gradual,1.0,0.6,clustered,PH,сырые,bh_window,0.0,0.0,0.0,1.0,1.0,1.0,498.5,498.5
"gradual, Δ=1, ρ=0.6, clustered",1094,gradual,1.0,0.6,clustered,PH,сырые,LORD++,0.0,0.0,0.0,0.5,0.5,0.5,888.5,888.5
"gradual, Δ=1, ρ=0.6, clustered",1094,gradual,1.0,0.6,clustered,PH,остатки,bonferroni,0.0,0.0,0.0,0.9090909090909091,1.0,0.9523809523809523,388.5,388.5
"gradual, Δ=1, ρ=0.6, clustered",1094,gradual,1.0,0.6,clustered,PH,остатки,bh_window,0.002127659574468085,0.02127659574468085,0.07692307692307693,0.7692307692307693,1.0,0.8695652173913044,358.5,358.5
"gradual, Δ=1, ρ=0.6, clustered",1094,gradual,1.0,0.6,clustered,KS,сырые,uncorrected,0.1148936170212766,0.40425531914893614,0.8059701492537313,0.14925373134328357,1.0,0.2597402597402597,398.5,398.5
"gradual, Δ=1, ρ=0.6, clustered",1094,gradual,1.0,0.6,clustered,KS,сырые,bonferroni,0.0,0.0,0.0,1.0,1.0,1.0,568.5,568.5
"gradual, Δ=1, ρ=0.6, clustered",1094,gradual,1.0,0.6,clustered,KS,сырые,bh_window,0.0,0.0,0.0,1.0,1.0,1.0,538.5,538.5
"gradual, Δ=1, ρ=0.6, clustered",1094,gradual,1.0,0.6,clustered,KS,сырые,LORD++,0.0,0.0,0.0,1.0,1.0,1.0,728.5,728.5
"gradual, Δ=1, ρ=0.6, clustered",1094,gradual,1.0,0.6,clustered,KS,остатки,bonferroni,0.00425531914893617,0.0425531914893617,0.16666666666666666,0.8333333333333334,1.0,0.9090909090909091,478.5,478.5
"gradual, Δ=1, ρ=0.6, clustered",1094,gradual,1.0,0.6,clustered,KS,остатки,bh_window,0.006382978723404255,0.0425531914893617,0.23076923076923078,0.7692307692307693,1.0,0.8695652173913044,448.5,448.5
"gradual, Δ=1, ρ=0.6, clustered",1094,gradual,1.0,0.6,clustered,ADWIN,сырые,uncorrected,0.34893617021276596,0.7659574468085106,0.9010989010989011,0.054945054945054944,1.0,0.10416666666666666,258.5,258.5
"gradual, Δ=1, ρ=0.6, clustered",1094,gradual,1.0,0.6,clustered,ADWIN,сырые,bonferroni,0.00851063829787234,0.0851063829787234,0.26666666666666666,0.6666666666666666,1.0,0.8,438.5,438.5
"gradual, Δ=1, ρ=0.6, clustered",1094,gradual,1.0,0.6,clustered,ADWIN,сырые,bh_window,0.01702127659574468,0.06382978723404255,0.38095238095238093,0.47619047619047616,1.0,0.6451612903225806,378.5,378.5
"gradual, Δ=1, ρ=0.6, clustered",1094,gradual,1.0,0.6,clustered,ADWIN,сырые,LORD++,0.0,0.0,0.0,1.0,1.0,1.0,598.5,598.5
"gradual, Δ=1, ρ=0.6, clustered",1094,gradual,1.0,0.6,clustered,ADWIN,остатки,bonferroni,0.019148936170212766,0.1702127659574468,0.42857142857142855,0.47619047619047616,1.0,0.6451612903225806,318.5,318.5
"gradual, Δ=1, ρ=0.6, clustered",1094,gradual,1.0,0.6,clustered,ADWIN,остатки,bh_window,0.029787234042553193,0.1702127659574468,0.5384615384615384,0.38461538461538464,1.0,0.5555555555555556,298.5,298.5
"gradual, Δ=1, ρ=0.6, clustered",1094,gradual,1.0,0.6,clustered,MeanShift(1),сырые,uncorrected,0.24893617021276596,0.3404255319148936,0.8540145985401459,0.072992700729927,1.0,0.1360544217687075,238.5,238.5
"gradual, Δ=1, ρ=0.6, clustered",1094,gradual,1.0,0.6,clustered,MeanShift(1),сырые,bonferroni,0.00425531914893617,0.0425531914893617,0.16666666666666666,0.8333333333333334,1.0,0.9090909090909091,478.5,478.5
"gradual, Δ=1, ρ=0.6, clustered",1094,gradual,1.0,0.6,clustered,MeanShift(1),сырые,bh_window,0.04893617021276596,0.02127659574468085,0.696969696969697,0.30303030303030304,1.0,0.4651162790697675,308.5,308.5
"gradual, Δ=1, ρ=0.6, clustered",1094,gradual,1.0,0.6,clustered,MeanShift(1),сырые,LORD++,0.0,0.0,0.0,0.5,0.5,0.5,1358.5,1358.5
"gradual, Δ=1, ρ=0.6, clustered",1094,gradual,1.0,0.6,clustered,MeanShift(1),остатки,bonferroni,0.00425531914893617,0.0425531914893617,0.15384615384615385,0.7692307692307693,1.0,0.8695652173913044,318.5,318.5
"gradual, Δ=1, ρ=0.6, clustered",1094,gradual,1.0,0.6,clustered,MeanShift(1),остатки,bh_window,0.006382978723404255,0.06382978723404255,0.2,0.6666666666666666,1.0,0.8,288.5,288.5
"gradual, Δ=1, ρ=0.6, clustered",1094,gradual,1.0,0.6,clustered,MeanShift(3),сырые,uncorrected,0.10425531914893617,0.3617021276595745,0.7313432835820896,0.14925373134328357,1.0,0.2597402597402597,368.5,368.5
"gradual, Δ=1, ρ=0.6, clustered",1094,gradual,1.0,0.6,clustered,MeanShift(3),сырые,bonferroni,0.0,0.0,0.0,1.0,1.0,1.0,608.5,608.5
"gradual, Δ=1, ρ=0.6, clustered",1094,gradual,1.0,0.6,clustered,MeanShift(3),сырые,bh_window,0.0,0.0,0.0,1.0,1.0,1.0,498.5,498.5
"gradual, Δ=1, ρ=0.6, clustered",1094,gradual,1.0,0.6,clustered,MeanShift(3),сырые,LORD++,0.0,0.0,0.0,0.5,0.5,0.5,878.5,878.5
"gradual, Δ=1, ρ=0.6, clustered",1094,gradual,1.0,0.6,clustered,MeanShift(3),остатки,bonferroni,0.00425531914893617,0.0425531914893617,0.16666666666666666,0.8333333333333334,1.0,0.9090909090909091,408.5,408.5
"gradual, Δ=1, ρ=0.6, clustered",1094,gradual,1.0,0.6,clustered,MeanShift(3),остатки,bh_window,0.006382978723404255,0.06382978723404255,0.23076923076923078,0.7692307692307693,1.0,0.8695652173913044,408.5,408.5
"gradual, Δ=1, ρ=0.6, clustered",1094,gradual,1.0,0.6,clustered,PH river по умолчанию,сырые,порог,0.9085106382978724,0.8085106382978723,0.9552572706935123,0.02237136465324385,1.0,0.043763676148796504,238.5,238.5
"no drift, ρ=0.3",1096,none,1.0,0.3,none,PH,сырые,uncorrected,0.1276595744680851,0.5957446808510638,1.0,0.0,,,,
"no drift, ρ=0.3",1096,none,1.0,0.3,none,PH,сырые,bonferroni,0.0,0.0,0.0,,,,,
"no drift, ρ=0.3",1096,none,1.0,0.3,none,PH,сырые,bh_window,0.0,0.0,0.0,,,,,
"no drift, ρ=0.3",1096,none,1.0,0.3,none,PH,сырые,LORD++,0.0,0.0,0.0,,,,,
"no drift, ρ=0.3",1096,none,1.0,0.3,none,PH,остатки,bonferroni,0.002127659574468085,0.02127659574468085,1.0,0.0,,,,
"no drift, ρ=0.3",1096,none,1.0,0.3,none,PH,остатки,bh_window,0.002127659574468085,0.02127659574468085,1.0,0.0,,,,
"no drift, ρ=0.3",1096,none,1.0,0.3,none,KS,сырые,uncorrected,0.11702127659574468,0.6382978723404256,1.0,0.0,,,,
"no drift, ρ=0.3",1096,none,1.0,0.3,none,KS,сырые,bonferroni,0.0,0.0,0.0,,,,,
"no drift, ρ=0.3",1096,none,1.0,0.3,none,KS,сырые,bh_window,0.0,0.0,0.0,,,,,
"no drift, ρ=0.3",1096,none,1.0,0.3,none,KS,сырые,LORD++,0.0,0.0,0.0,,,,,
"no drift, ρ=0.3",1096,none,1.0,0.3,none,KS,остатки,bonferroni,0.00425531914893617,0.0425531914893617,1.0,0.0,,,,
"no drift, ρ=0.3",1096,none,1.0,0.3,none,KS,остатки,bh_window,0.00425531914893617,0.0425531914893617,1.0,0.0,,,,
"no drift, ρ=0.3",1096,none,1.0,0.3,none,ADWIN,сырые,uncorrected,0.2404255319148936,0.7659574468085106,1.0,0.0,,,,
"no drift, ρ=0.3",1096,none,1.0,0.3,none,ADWIN,сырые,bonferroni,0.00851063829787234,0.0851063829787234,1.0,0.0,,,,
"no drift, ρ=0.3",1096,none,1.0,0.3,none,ADWIN,сырые,bh_window,0.014893617021276596,0.0851063829787234,1.0,0.0,,,,
"no drift, ρ=0.3",1096,none,1.0,0.3,none,ADWIN,сырые,LORD++,0.0,0.0,0.0,,,,,
"no drift, ρ=0.3",1096,none,1.0,0.3,none,ADWIN,остатки,bonferroni,0.014893617021276596,0.1276595744680851,1.0,0.0,,,,
"no drift, ρ=0.3",1096,none,1.0,0.3,none,ADWIN,остатки,bh_window,0.014893617021276596,0.1276595744680851,1.0,0.0,,,,
"no drift, ρ=0.3",1096,none,1.0,0.3,none,MeanShift(1),сырые,uncorrected,0.24468085106382978,0.7446808510638298,1.0,0.0,,,,
"no drift, ρ=0.3",1096,none,1.0,0.3,none,MeanShift(1),сырые,bonferroni,0.0,0.0,0.0,,,,,
"no drift, ρ=0.3",1096,none,1.0,0.3,none,MeanShift(1),сырые,bh_window,0.0,0.0,0.0,,,,,
"no drift, ρ=0.3",1096,none,1.0,0.3,none,MeanShift(1),сырые,LORD++,0.0,0.0,0.0,,,,,
"no drift, ρ=0.3",1096,none,1.0,0.3,none,MeanShift(1),остатки,bonferroni,0.002127659574468085,0.02127659574468085,1.0,0.0,,,,
"no drift, ρ=0.3",1096,none,1.0,0.3,none,MeanShift(1),остатки,bh_window,0.006382978723404255,0.0425531914893617,1.0,0.0,,,,
"no drift, ρ=0.3",1096,none,1.0,0.3,none,MeanShift(3),сырые,uncorrected,0.14893617021276595,0.5531914893617021,1.0,0.0,,,,
"no drift, ρ=0.3",1096,none,1.0,0.3,none,MeanShift(3),сырые,bonferroni,0.002127659574468085,0.02127659574468085,1.0,0.0,,,,
"no drift, ρ=0.3",1096,none,1.0,0.3,none,MeanShift(3),сырые,bh_window,0.002127659574468085,0.02127659574468085,1.0,0.0,,,,
"no drift, ρ=0.3",1096,none,1.0,0.3,none,MeanShift(3),сырые,LORD++,0.0,0.0,0.0,,,,,
"no drift, ρ=0.3",1096,none,1.0,0.3,none,MeanShift(3),остатки,bonferroni,0.002127659574468085,0.02127659574468085,1.0,0.0,,,,
"no drift, ρ=0.3",1096,none,1.0,0.3,none,MeanShift(3),остатки,bh_window,0.002127659574468085,0.02127659574468085,1.0,0.0,,,,
"no drift, ρ=0.3",1096,none,1.0,0.3,none,PH river по умолчанию,сырые,порог,0.674468085106383,0.9361702127659575,1.0,0.0,,,,
"gradual, Δ=1, ρ=0.6, clustered",1095,gradual,1.0,0.6,clustered,PH,сырые,uncorrected,0.00425531914893617,0.0425531914893617,0.10526315789473684,0.5263157894736842,1.0,0.6896551724137931,383.5,383.5
"gradual, Δ=1, ρ=0.6, clustered",1095,gradual,1.0,0.6,clustered,PH,сырые,bonferroni,0.0,0.0,0.0,1.0,1.0,1.0,643.5,643.5
"gradual, Δ=1, ρ=0.6, clustered",1095,gradual,1.0,0.6,clustered,PH,сырые,bh_window,0.0,0.0,0.0,1.0,1.0,1.0,613.5,613.5
"gradual, Δ=1, ρ=0.6, clustered",1095,gradual,1.0,0.6,clustered,PH,сырые,LORD++,0.0,0.0,0.0,0.5,0.5,0.5,1213.5,1213.5
"gradual, Δ=1, ρ=0.6, clustered",1095,gradual,1.0,0.6,clustered,PH,остатки,bonferroni,0.0,0.0,0.0,1.0,1.0,1.0,433.5,433.5
"gradual, Δ=1, ρ=0.6, clustered",1095,gradual,1.0,0.6,clustered,PH,остатки,bh_window,0.0,0.0,0.0,1.0,1.0,1.0,373.5,373.5
"gradual, Δ=1, ρ=0.6, clustered",1095,gradual,1.0,0.6,clustered,KS,сырые,uncorrected,0.2425531914893617,0.5319148936170213,0.8976377952755905,0.07874015748031496,1.0,0.145985401459854,363.5,363.5
"gradual, Δ=1, ρ=0.6, clustered",1095,gradual,1.0,0.6,clustered,KS,сырые,bonferroni,0.002127659574468085,0.02127659574468085,0.09090909090909091,0.9090909090909091,1.0,0.9523809523809523,623.5,623.5
"gradual, Δ=1, ρ=0.6, clustered",1095,gradual,1.0,0.6,clustered,KS,сырые,bh_window,0.08085106382978724,0.0425531914893617,0.7916666666666666,0.20833333333333334,1.0,0.3448275862068966,573.5,573.5
"gradual, Δ=1, ρ=0.6, clustered",1095,gradual,1.0,0.6,clustered,KS,сырые,LORD++,0.002127659574468085,0.02127659574468085,0.09090909090909091,0.9090909090909091,1.0,0.9523809523809523,793.5,793.5
"gradual, Δ=1, ρ=0.6, clustered",1095,gradual,1.0,0.6,clustered,KS,остатки,bonferroni,0.00425531914893617,0.0425531914893617,0.16666666666666666,0.8333333333333334,1.0,0.9090909090909091,503.5,503.5
"gradual, Δ=1, ρ=0.6, clustered",1095,gradual,1.0,0.6,clustered,KS,остатки,bh_window,0.006382978723404255,0.06382978723404255,0.23076923076923078,0.7692307692307693,1.0,0.8695652173913044,463.5,463.5
"gradual, Δ=1, ρ=0.6, clustered",1095,gradual,1.0,0.6,clustered,ADWIN,сырые,uncorrected,0.5893617021276596,0.7446808510638298,0.9518900343642611,0.03436426116838488,1.0,0.0664451827242525,353.5,353.5
"gradual, Δ=1, ρ=0.6, clustered",1095,gradual,1.0,0.6,clustered,ADWIN,сырые,bonferroni,0.01702127659574468,0.0851063829787234,0.4444444444444444,0.5555555555555556,1.0,0.7142857142857143,533.5,533.5
"gradual, Δ=1, ρ=0.6, clustered",1095,gradual,1.0,0.6,clustered,ADWIN,сырые,bh_window,0.2127659574468085,0.1702127659574468,0.9090909090909091,0.09090909090909091,1.0,0.16666666666666669,423.5,423.5
"gradual, Δ=1, ρ=0.6, clustered",1095,gradual,1.0,0.6,clustered,ADWIN,сырые,LORD++,0.002127659574468085,0.02127659574468085,0.09090909090909091,0.9090909090909091,1.0,0.9523809523809523,643.5,643.5
"gradual, Δ=1, ρ=0.6, clustered",1095,gradual,1.0,0.6,clustered,ADWIN,остатки,bonferroni,0.014893617021276596,0.14893617021276595,0.4117647058823529,0.5882352941176471,1.0,0.7407407407407407,373.5,373.5
"gradual, Δ=1, ρ=0.6, clustered",1095,gradual,1.0,0.6,clustered,ADWIN,остатки,bh_window,0.014893617021276596,0.1276595744680851,0.4117647058823529,0.5882352941176471,1.0,0.7407407407407407,363.5,363.5
"gradual, Δ=1, ρ=0.6, clustered",1095,gradual,1.0,0.6,clustered,MeanShift(1),сырые,uncorrected,0.07234042553191489,0.23404255319148937,0.68,0.2,1.0,0.33333333333333337,313.5,313.5
"gradual, Δ=1, ρ=0.6, clustered",1095,gradual,1.0,0.6,clustered,MeanShift(1),сырые,bonferroni,0.0,0.0,0.0,1.0,1.0,1.0,573.5,573.5
"gradual, Δ=1, ρ=0.6, clustered",1095,gradual,1.0,0.6,clustered,MeanShift(1),сырые,bh_window,0.0,0.0,0.0,1.0,1.0,1.0,513.5,513.5
"gradual, Δ=1, ρ=0.6, clustered",1095,gradual,1.0,0.6,clustered,MeanShift(1),сырые,LORD++,0.0,0.0,0.0,,0.0,0.0,,1563.5
"gradual, Δ=1, ρ=0.6, clustered",1095,gradual,1.0,0.6,clustered,MeanShift(1),остатки,bonferroni,0.00425531914893617,0.0425531914893617,0.16666666666666666,0.8333333333333334,1.0,0.9090909090909091,363.5,363.5
"gradual, Δ=1, ρ=0.6, clustered",1095,gradual,1.0,0.6,clustered,MeanShift(1),остатки,bh_window,0.00425531914893617,0.0425531914893617,0.15384615384615385,0.7692307692307693,1.0,0.8695652173913044,343.5,343.5
"gradual, Δ=1, ρ=0.6, clustered",1095,gradual,1.0,0.6,clustered,MeanShift(3),сырые,uncorrected,0.04893617021276596,0.23404255319148937,0.6052631578947368,0.2631578947368421,1.0,0.4166666666666667,353.5,353.5
"gradual, Δ=1, ρ=0.6, clustered",1095,gradual,1.0,0.6,clustered,MeanShift(3),сырые,bonferroni,0.0,0.0,0.0,1.0,1.0,1.0,643.5,643.5
"gradual, Δ=1, ρ=0.6, clustered",1095,gradual,1.0,0.6,clustered,MeanShift(3),сырые,bh_window,0.0,0.0,0.0,1.0,1.0,1.0,633.5,633.5
"gradual, Δ=1, ρ=0.6, clustered",1095,gradual,1.0,0.6,clustered,MeanShift(3),сырые,LORD++,0.0,0.0,0.0,0.5,0.5,0.5,1093.5,1093.5
"gradual, Δ=1, ρ=0.6, clustered",1095,gradual,1.0,0.6,clustered,MeanShift(3),остатки,bonferroni,0.0,0.0,0.0,1.0,1.0,1.0,483.5,483.5
"gradual, Δ=1, ρ=0.6, clustered",1095,gradual,1.0,0.6,clustered,MeanShift(3),остатки,bh_window,0.0,0.0,0.0,1.0,1.0,1.0,463.5,463.5
"gradual, Δ=1, ρ=0.6, clustered",1095,gradual,1.0,0.6,clustered,PH river по умолчанию,сырые,порог,0.7659574468085106,0.6808510638297872,0.9448818897637795,0.026246719160104987,1.0,0.05115089514066496,173.5,173.5
"no drift, ρ=0.3",1097,none,1.0,0.3,none,PH,сырые,uncorrected,0.08936170212765958,0.3829787234042553,1.0,0.0,,,,
"no drift, ρ=0.3",1097,none,1.0,0.3,none,PH,сырые,bonferroni,0.0,0.0,0.0,,,,,
"no drift, ρ=0.3",1097,none,1.0,0.3,none,PH,сырые,bh_window,0.0,0.0,0.0,,,,,
"no drift, ρ=0.3",1097,none,1.0,0.3,none,PH,сырые,LORD++,0.0,0.0,0.0,,,,,
"no drift, ρ=0.3",1097,none,1.0,0.3,none,PH,остатки,bonferroni,0.002127659574468085,0.02127659574468085,1.0,0.0,,,,
"no drift, ρ=0.3",1097,none,1.0,0.3,none,PH,остатки,bh_window,0.002127659574468085,0.02127659574468085,1.0,0.0,,,,
"no drift, ρ=0.3",1097,none,1.0,0.3,none,KS,сырые,uncorrected,0.1127659574468085,0.6170212765957447,1.0,0.0,,,,
"no drift, ρ=0.3",1097,none,1.0,0.3,none,KS,сырые,bonferroni,0.0,0.0,0.0,,,,,
"no drift, ρ=0.3",1097,none,1.0,0.3,none,KS,сырые,bh_window,0.0,0.0,0.0,,,,,
"no drift, ρ=0.3",1097,none,1.0,0.3,none,KS,сырые,LORD++,0.0,0.0,0.0,,,,,
"no drift, ρ=0.3",1097,none,1.0,0.3,none,KS,остатки,bonferroni,0.00425531914893617,0.0425531914893617,1.0,0.0,,,,
"no drift, ρ=0.3",1097,none,1.0,0.3,none,KS,остатки,bh_window,0.00425531914893617,0.0425531914893617,1.0,0.0,,,,
"no drift, ρ=0.3",1097,none,1.0,0.3,none,ADWIN,сырые,uncorrected,0.3574468085106383,0.9361702127659575,1.0,0.0,,,,
"no drift, ρ=0.3",1097,none,1.0,0.3,none,ADWIN,сырые,bonferroni,0.023404255319148935,0.1702127659574468,1.0,0.0,,,,
"no drift, ρ=0.3",1097,none,1.0,0.3,none,ADWIN,сырые,bh_window,0.031914893617021274,0.1276595744680851,1.0,0.0,,,,
"no drift, ρ=0.3",1097,none,1.0,0.3,none,ADWIN,сырые,LORD++,0.0,0.0,0.0,,,,,
"no drift, ρ=0.3",1097,none,1.0,0.3,none,ADWIN,остатки,bonferroni,0.010638297872340425,0.10638297872340426,1.0,0.0,,,,
"no drift, ρ=0.3",1097,none,1.0,0.3,none,ADWIN,остатки,bh_window,0.014893617021276596,0.1276595744680851,1.0,0.0,,,,
"no drift, ρ=0.3",1097,none,1.0,0.3,none,MeanShift(1),сырые,uncorrected,0.32127659574468087,0.723404255319149,1.0,0.0,,,,
"no drift, ρ=0.3",1097,none,1.0,0.3,none,MeanShift(1),сырые,bonferroni,0.002127659574468085,0.02127659574468085,1.0,0.0,,,,
"no drift, ρ=0.3",1097,none,1.0,0.3,none,MeanShift(1),сырые,bh_window,0.002127659574468085,0.02127659574468085,1.0,0.0,,,,
"no drift, ρ=0.3",1097,none,1.0,0.3,none,MeanShift(1),сырые,LORD++,0.0,0.0,0.0,,,,,
"no drift, ρ=0.3",1097,none,1.0,0.3,none,MeanShift(1),остатки,bonferroni,0.006382978723404255,0.06382978723404255,1.0,0.0,,,,
"no drift, ρ=0.3",1097,none,1.0,0.3,none,MeanShift(1),остатки,bh_window,0.00851063829787234,0.06382978723404255,1.0,0.0,,,,
"no drift, ρ=0.3",1097,none,1.0,0.3,none,MeanShift(3),сырые,uncorrected,0.0851063829787234,0.48936170212765956,1.0,0.0,,,,
"no drift, ρ=0.3",1097,none,1.0,0.3,none,MeanShift(3),сырые,bonferroni,0.0,0.0,0.0,,,,,
"no drift, ρ=0.3",1097,none,1.0,0.3,none,MeanShift(3),сырые,bh_window,0.0,0.0,0.0,,,,,
"no drift, ρ=0.3",1097,none,1.0,0.3,none,MeanShift(3),сырые,LORD++,0.0,0.0,0.0,,,,,
"no drift, ρ=0.3",1097,none,1.0,0.3,none,MeanShift(3),остатки,bonferroni,0.002127659574468085,0.02127659574468085,1.0,0.0,,,,
"no drift, ρ=0.3",1097,none,1.0,0.3,none,MeanShift(3),остатки,bh_window,0.002127659574468085,0.02127659574468085,1.0,0.0,,,,
"no drift, ρ=0.3",1097,none,1.0,0.3,none,PH river по умолчанию,сырые,порог,0.8340425531914893,0.8936170212765957,1.0,0.0,,,,
"no drift, ρ=0.3",1098,none,1.0,0.3,none,PH,сырые,uncorrected,0.07021276595744681,0.44680851063829785,1.0,0.0,,,,
"no drift, ρ=0.3",1098,none,1.0,0.3,none,PH,сырые,bonferroni,0.0,0.0,0.0,,,,,
"no drift, ρ=0.3",1098,none,1.0,0.3,none,PH,сырые,bh_window,0.0,0.0,0.0,,,,,
"no drift, ρ=0.3",1098,none,1.0,0.3,none,PH,сырые,LORD++,0.0,0.0,0.0,,,,,
"no drift, ρ=0.3",1098,none,1.0,0.3,none,PH,остатки,bonferroni,0.002127659574468085,0.02127659574468085,1.0,0.0,,,,
"no drift, ρ=0.3",1098,none,1.0,0.3,none,PH,остатки,bh_window,0.002127659574468085,0.02127659574468085,1.0,0.0,,,,
"no drift, ρ=0.3",1098,none,1.0,0.3,none,KS,сырые,uncorrected,0.11702127659574468,0.5957446808510638,1.0,0.0,,,,
"no drift, ρ=0.3",1098,none,1.0,0.3,none,KS,сырые,bonferroni,0.0,0.0,0.0,,,,,
"no drift, ρ=0.3",1098,none,1.0,0.3,none,KS,сырые,bh_window,0.0,0.0,0.0,,,,,
"no drift, ρ=0.3",1098,none,1.0,0.3,none,KS,сырые,LORD++,0.0,0.0,0.0,,,,,
"no drift, ρ=0.3",1098,none,1.0,0.3,none,KS,остатки,bonferroni,0.006382978723404255,0.06382978723404255,1.0,0.0,,,,
"no drift, ρ=0.3",1098,none,1.0,0.3,none,KS,остатки,bh_window,0.006382978723404255,0.06382978723404255,1.0,0.0,,,,
"no drift, ρ=0.3",1098,none,1.0,0.3,none,ADWIN,сырые,uncorrected,0.2170212765957447,0.9148936170212766,1.0,0.0,,,,
"no drift, ρ=0.3",1098,none,1.0,0.3,none,ADWIN,сырые,bonferroni,0.002127659574468085,0.02127659574468085,1.0,0.0,,,,
"no drift, ρ=0.3",1098,none,1.0,0.3,none,ADWIN,сырые,bh_window,0.002127659574468085,0.02127659574468085,1.0,0.0,,,,
"no drift, ρ=0.3",1098,none,1.0,0.3,none,ADWIN,сырые,LORD++,0.0,0.0,0.0,,,,,
"no drift, ρ=0.3",1098,none,1.0,0.3,none,ADWIN,остатки,bonferroni,0.01276595744680851,0.10638297872340426,1.0,0.0,,,,
"no drift, ρ=0.3",1098,none,1.0,0.3,none,ADWIN,остатки,bh_window,0.014893617021276596,0.10638297872340426,1.0,0.0,,,,
"no drift, ρ=0.3",1098,none,1.0,0.3,none,MeanShift(1),сырые,uncorrected,0.16170212765957448,0.5531914893617021,1.0,0.0,,,,
"no drift, ρ=0.3",1098,none,1.0,0.3,none,MeanShift(1),сырые,bonferroni,0.0,0.0,0.0,,,,,
"no drift, ρ=0.3",1098,none,1.0,0.3,none,MeanShift(1),сырые,bh_window,0.0,0.0,0.0,,,,,
"no drift, ρ=0.3",1098,none,1.0,0.3,none,MeanShift(1),сырые,LORD++,0.0,0.0,0.0,,,,,
"no drift, ρ=0.3",1098,none,1.0,0.3,none,MeanShift(1),остатки,bonferroni,0.002127659574468085,0.02127659574468085,1.0,0.0,,,,
"no drift, ρ=0.3",1098,none,1.0,0.3,none,MeanShift(1),остатки,bh_window,0.002127659574468085,0.02127659574468085,1.0,0.0,,,,
"no drift, ρ=0.3",1098,none,1.0,0.3,none,MeanShift(3),сырые,uncorrected,0.09574468085106383,0.44680851063829785,1.0,0.0,,,,
"no drift, ρ=0.3",1098,none,1.0,0.3,none,MeanShift(3),сырые,bonferroni,0.0,0.0,0.0,,,,,
"no drift, ρ=0.3",1098,none,1.0,0.3,none,MeanShift(3),сырые,bh_window,0.0,0.0,0.0,,,,,
"no drift, ρ=0.3",1098,none,1.0,0.3,none,MeanShift(3),сырые,LORD++,0.0,0.0,0.0,,,,,
"no drift, ρ=0.3",1098,none,1.0,0.3,none,MeanShift(3),остатки,bonferroni,0.002127659574468085,0.02127659574468085,1.0,0.0,,,,
"no drift, ρ=0.3",1098,none,1.0,0.3,none,MeanShift(3),остатки,bh_window,0.002127659574468085,0.02127659574468085,1.0,0.0,,,,
"no drift, ρ=0.3",1098,none,1.0,0.3,none,PH river по умолчанию,сырые,порог,0.7893617021276595,0.9361702127659575,1.0,0.0,,,,
"no drift, ρ=0.3",1099,none,1.0,0.3,none,PH,сырые,uncorrected,0.036170212765957444,0.23404255319148937,1.0,0.0,,,,
"no drift, ρ=0.3",1099,none,1.0,0.3,none,PH,сырые,bonferroni,0.0,0.0,0.0,,,,,
"no drift, ρ=0.3",1099,none,1.0,0.3,none,PH,сырые,bh_window,0.0,0.0,0.0,,,,,
"no drift, ρ=0.3",1099,none,1.0,0.3,none,PH,сырые,LORD++,0.0,0.0,0.0,,,,,
"no drift, ρ=0.3",1099,none,1.0,0.3,none,PH,остатки,bonferroni,0.0,0.0,0.0,,,,,
"no drift, ρ=0.3",1099,none,1.0,0.3,none,PH,остатки,bh_window,0.0,0.0,0.0,,,,,
"no drift, ρ=0.3",1099,none,1.0,0.3,none,KS,сырые,uncorrected,0.13191489361702127,0.5106382978723404,1.0,0.0,,,,
"no drift, ρ=0.3",1099,none,1.0,0.3,none,KS,сырые,bonferroni,0.0,0.0,0.0,,,,,
"no drift, ρ=0.3",1099,none,1.0,0.3,none,KS,сырые,bh_window,0.0,0.0,0.0,,,,,
"no drift, ρ=0.3",1099,none,1.0,0.3,none,KS,сырые,LORD++,0.0,0.0,0.0,,,,,
"no drift, ρ=0.3",1099,none,1.0,0.3,none,KS,остатки,bonferroni,0.0,0.0,0.0,,,,,
"no drift, ρ=0.3",1099,none,1.0,0.3,none,KS,остатки,bh_window,0.0,0.0,0.0,,,,,
"no drift, ρ=0.3",1099,none,1.0,0.3,none,ADWIN,сырые,uncorrected,0.24680851063829787,0.8936170212765957,1.0,0.0,,,,
"no drift, ρ=0.3",1099,none,1.0,0.3,none,ADWIN,сырые,bonferroni,0.014893617021276596,0.10638297872340426,1.0,0.0,,,,
"no drift, ρ=0.3",1099,none,1.0,0.3,none,ADWIN,сырые,bh_window,0.02127659574468085,0.0851063829787234,1.0,0.0,,,,
"no drift, ρ=0.3",1099,none,1.0,0.3,none,ADWIN,сырые,LORD++,0.0,0.0,0.0,,,,,
"no drift, ρ=0.3",1099,none,1.0,0.3,none,ADWIN,остатки,bonferroni,0.006382978723404255,0.06382978723404255,1.0,0.0,,,,
"no drift, ρ=0.3",1099,none,1.0,0.3,none,ADWIN,остатки,bh_window,0.006382978723404255,0.06382978723404255,1.0,0.0,,,,
"no drift, ρ=0.3",1099,none,1.0,0.3,none,MeanShift(1),сырые,uncorrected,0.20212765957446807,0.6382978723404256,1.0,0.0,,,,
"no drift, ρ=0.3",1099,none,1.0,0.3,none,MeanShift(1),сырые,bonferroni,0.0,0.0,0.0,,,,,
"no drift, ρ=0.3",1099,none,1.0,0.3,none,MeanShift(1),сырые,bh_window,0.0,0.0,0.0,,,,,
"no drift, ρ=0.3",1099,none,1.0,0.3,none,MeanShift(1),сырые,LORD++,0.0,0.0,0.0,,,,,
"no drift, ρ=0.3",1099,none,1.0,0.3,none,MeanShift(1),остатки,bonferroni,0.00425531914893617,0.0425531914893617,1.0,0.0,,,,
"no drift, ρ=0.3",1099,none,1.0,0.3,none,MeanShift(1),остатки,bh_window,0.006382978723404255,0.0425531914893617,1.0,0.0,,,,
"no drift, ρ=0.3",1099,none,1.0,0.3,none,MeanShift(3),сырые,uncorrected,0.08297872340425531,0.3191489361702128,1.0,0.0,,,,
"no drift, ρ=0.3",1099,none,1.0,0.3,none,MeanShift(3),сырые,bonferroni,0.0,0.0,0.0,,,,,
"no drift, ρ=0.3",1099,none,1.0,0.3,none,MeanShift(3),сырые,bh_window,0.0,0.0,0.0,,,,,
"no drift, ρ=0.3",1099,none,1.0,0.3,none,MeanShift(3),сырые,LORD++,0.0,0.0,0.0,,,,,
"no drift, ρ=0.3",1099,none,1.0,0.3,none,MeanShift(3),остатки,bonferroni,0.0,0.0,0.0,,,,,
"no drift, ρ=0.3",1099,none,1.0,0.3,none,MeanShift(3),остатки,bh_window,0.0,0.0,0.0,,,,,
"no drift, ρ=0.3",1099,none,1.0,0.3,none,PH river по умолчанию,сырые,порог,0.5276595744680851,0.8723404255319149,1.0,0.0,,,,
