n_streams,scenario,procedure,alpha,seed,n_tests,n_null_tests,alarms,false_alarms,true_alarms,fdp,window_fdp,far_per_test,false_alarms_per_window,p_any_false_alarm_per_window,false_alarms_per_1k_stream_steps,mtfa_stream_steps,n_drifts,detected,mdr,mean_delay,median_delay,degraded_per_drift
500,sporadic,LORD++,1e-05,3,23497,21166,1,0,1,0.0,0.0,0.0,0.0,0.0,0.0,inf,100,1,0.99,914.0,914.0,2285.2
500,sporadic,LORD++,0.0001,3,23440,21393,20,0,20,0.0,0.0,0.0,0.0,0.0,0.0,inf,100,20,0.8,1059.5,1018.0,2001.2
500,sporadic,LORD++,0.001,3,23299,21963,67,0,67,0.0,0.0,0.0,0.0,0.0,0.0,inf,100,67,0.32999999999999996,942.6268656716418,886.0,1290.2
500,sporadic,LORD++,0.01,3,23215,22673,95,0,95,0.0,0.0,0.0,0.0,0.0,0.0,inf,100,95,0.050000000000000044,422.7157894736842,377.0,496.2
500,sporadic,LORD++,0.05,3,23200,22815,100,0,100,0.0,0.0,0.0,0.0,0.0,0.0,inf,100,100,0.0,339.2,316.0,339.2
500,sporadic,LORD++,0.1,3,23203,22833,99,0,99,0.0,0.0,0.0,0.0,0.0,0.0,inf,100,99,0.010000000000000009,315.4141414141414,297.0,324.2
500,sporadic,LORD++,0.2,3,23203,22861,100,0,100,0.0,0.0,0.0,0.0,0.0,0.0,inf,100,100,0.0,296.2,270.5,296.2
500,sporadic,uncorrected,1e-05,3,23239,22528,88,0,88,0.0,0.0,0.0,0.0,0.0,0.0,inf,100,88,0.12,462.96590909090907,396.5,665.2
500,sporadic,uncorrected,0.0001,3,23202,22808,100,0,100,0.0,0.0,0.0,0.0,0.0,0.0,inf,100,100,0.0,348.2,316.0,348.2
500,sporadic,uncorrected,0.001,3,23200,22912,100,0,100,0.0,0.0,0.0,0.0,0.0,0.0,inf,100,100,0.0,242.2,234.0,242.2
500,sporadic,uncorrected,0.01,3,23170,22950,110,10,100,0.09090909090909091,0.12730496453900708,0.00043572984749455336,0.2127659574468085,0.2127659574468085,0.00425531914893617,235000.0,100,100,0.0,174.2,175.0,174.2
500,sporadic,uncorrected,0.05,3,22863,22677,218,118,100,0.5412844036697247,0.510349899571624,0.005203510164483839,2.5106382978723403,0.6808510638297872,0.05021276595744681,19915.254237288136,100,100,0.0,142.2,142.5,142.2
500,sporadic,uncorrected,0.1,3,22426,22258,370,270,100,0.7297297297297297,0.6445287130127555,0.012130469943391141,5.74468085106383,0.8936170212765957,0.1148936170212766,8703.703703703704,100,100,0.0,127.2,126.5,127.2
500,sporadic,uncorrected,0.2,3,21012,20866,856,756,100,0.883177570093458,0.8003456726979665,0.03623118949487204,16.085106382978722,0.9361702127659575,0.32170212765957445,3108.4656084656085,100,100,0.0,115.2,106.5,115.2
500,sporadic,bh_window,1e-05,3,23441,21374,21,0,21,0.0,0.0,0.0,0.0,0.0,0.0,inf,100,21,0.79,1085.8095238095239,1127.0,2021.2
500,sporadic,bh_window,0.0001,3,23299,22067,69,0,69,0.0,0.0,0.0,0.0,0.0,0.0,inf,100,69,0.31000000000000005,755.0289855072464,541.0,1186.2
500,sporadic,bh_window,0.001,3,23239,22556,87,0,87,0.0,0.0,0.0,0.0,0.0,0.0,inf,100,87,0.13,440.41379310344826,395.0,637.2
500,sporadic,bh_window,0.01,3,23203,22812,99,0,99,0.0,0.0,0.0,0.0,0.0,0.0,inf,100,99,0.010000000000000009,336.62626262626264,306.0,345.2
500,sporadic,bh_window,0.05,3,23202,22879,100,0,100,0.0,0.0,0.0,0.0,0.0,0.0,inf,100,100,0.0,277.2,255.0,277.2
500,sporadic,bh_window,0.1,3,23200,22908,100,0,100,0.0,0.0,0.0,0.0,0.0,0.0,inf,100,100,0.0,246.2,234.0,246.2
500,sporadic,bh_window,0.2,3,23197,22926,101,1,100,0.009900990099009901,0.002364066193853428,4.3618598970601065e-05,0.02127659574468085,0.02127659574468085,0.000425531914893617,2350000.0,100,100,0.0,225.2,222.0,225.2
500,sporadic,storey_bh,1e-05,3,23441,21374,21,0,21,0.0,0.0,0.0,0.0,0.0,0.0,inf,100,21,0.79,1085.8095238095239,1127.0,2021.2
500,sporadic,storey_bh,0.0001,3,23313,22018,67,0,67,0.0,0.0,0.0,0.0,0.0,0.0,inf,100,67,0.32999999999999996,780.1492537313433,580.0,1249.2
500,sporadic,storey_bh,0.001,3,23239,22523,90,0,90,0.0,0.0,0.0,0.0,0.0,0.0,inf,100,90,0.09999999999999998,515.5777777777778,435.5,670.2
500,sporadic,storey_bh,0.01,3,23203,22796,99,0,99,0.0,0.0,0.0,0.0,0.0,0.0,inf,100,99,0.010000000000000009,352.7878787878788,311.0,361.2
500,sporadic,storey_bh,0.05,3,23203,22871,100,0,100,0.0,0.0,0.0,0.0,0.0,0.0,inf,100,100,0.0,286.2,269.0,286.2
500,sporadic,storey_bh,0.1,3,23200,22905,100,0,100,0.0,0.0,0.0,0.0,0.0,0.0,inf,100,100,0.0,249.2,240.5,249.2
500,sporadic,storey_bh,0.2,3,23197,22915,101,1,100,0.009900990099009901,0.002364066193853428,4.363953742090334e-05,0.02127659574468085,0.02127659574468085,0.000425531914893617,2350000.0,100,100,0.0,236.2,230.0,236.2
500,sporadic,BatchBH,1e-05,3,23497,21170,1,0,1,0.0,0.0,0.0,0.0,0.0,0.0,inf,100,1,0.99,514.0,514.0,2281.2
500,sporadic,BatchBH,0.0001,3,23497,21171,1,0,1,0.0,0.0,0.0,0.0,0.0,0.0,inf,100,1,0.99,414.0,414.0,2280.2
500,sporadic,BatchBH,0.001,3,23447,21303,20,0,20,0.0,0.0,0.0,0.0,0.0,0.0,inf,100,20,0.8,1266.8,1099.0,2098.2
500,sporadic,BatchBH,0.01,3,23295,22002,71,0,71,0.0,0.0,0.0,0.0,0.0,0.0,inf,100,71,0.29000000000000004,847.8591549295775,568.0,1247.2
500,sporadic,BatchBH,0.05,3,23236,22512,89,0,89,0.0,0.0,0.0,0.0,0.0,0.0,inf,100,89,0.10999999999999999,504.91011235955057,426.0,678.2
500,sporadic,BatchBH,0.1,3,23223,22587,94,0,94,0.0,0.0,0.0,0.0,0.0,0.0,inf,100,94,0.06000000000000005,499.6063829787234,402.5,590.2
500,sporadic,BatchBH,0.2,3,23212,22691,96,0,96,0.0,0.0,0.0,0.0,0.0,0.0,inf,100,96,0.040000000000000036,405.65625,368.0,475.2
500,sporadic,bonferroni,1e-05,3,23468,21281,12,0,12,0.0,0.0,0.0,0.0,0.0,0.0,inf,100,12,0.88,1000.5,735.0,2141.2
500,sporadic,bonferroni,0.0001,3,23392,21587,40,0,40,0.0,0.0,0.0,0.0,0.0,0.0,inf,100,40,0.6,1018.175,861.5,1759.2
500,sporadic,bonferroni,0.001,3,23295,22155,71,0,71,0.0,0.0,0.0,0.0,0.0,0.0,inf,100,71,0.29000000000000004,653.3943661971831,446.0,1094.2
500,sporadic,bonferroni,0.01,3,23220,22612,94,0,94,0.0,0.0,0.0,0.0,0.0,0.0,inf,100,94,0.06000000000000005,454.5425531914894,351.5,562.2
500,sporadic,bonferroni,0.05,3,23202,22809,100,0,100,0.0,0.0,0.0,0.0,0.0,0.0,inf,100,100,0.0,347.2,312.5,347.2
500,sporadic,bonferroni,0.1,3,23201,22847,100,0,100,0.0,0.0,0.0,0.0,0.0,0.0,inf,100,100,0.0,308.2,279.5,308.2
500,sporadic,bonferroni,0.2,3,23200,22878,100,0,100,0.0,0.0,0.0,0.0,0.0,0.0,inf,100,100,0.0,276.2,267.5,276.2
500,sporadic,LORD++,1e-05,2,23293,22091,69,0,69,0.0,0.0,0.0,0.0,0.0,0.0,inf,100,69,0.31000000000000005,683.8115942028985,555.0,1153.98
500,sporadic,LORD++,0.0001,2,23252,22377,85,0,85,0.0,0.0,0.0,0.0,0.0,0.0,inf,100,85,0.15000000000000002,542.3294117647059,437.0,826.98
500,sporadic,LORD++,0.001,2,23206,22736,98,0,98,0.0,0.0,0.0,0.0,0.0,0.0,inf,100,98,0.020000000000000018,393.4387755102041,334.5,421.98
500,sporadic,LORD++,0.01,2,23203,22830,99,0,99,0.0,0.0,0.0,0.0,0.0,0.0,inf,100,99,0.010000000000000009,306.42424242424244,285.0,324.98
500,sporadic,LORD++,0.05,2,23200,22905,100,0,100,0.0,0.0,0.0,0.0,0.0,0.0,inf,100,100,0.0,246.98,233.0,246.98
500,sporadic,LORD++,0.1,2,23179,22905,107,7,100,0.06542056074766354,0.016312056737588652,0.00030561012879284,0.14893617021276595,0.0851063829787234,0.0029787234042553193,335714.28571428574,100,100,0.0,225.98,219.0,225.98
500,sporadic,LORD++,0.2,2,23182,22923,107,7,100,0.06542056074766354,0.05930428909152313,0.0003053701522488331,0.14893617021276595,0.1276595744680851,0.0029787234042553193,335714.28571428574,100,100,0.0,210.98,203.0,210.98
500,sporadic,uncorrected,1e-05,2,23203,22811,99,0,99,0.0,0.0,0.0,0.0,0.0,0.0,inf,100,99,0.010000000000000009,325.6161616161616,293.0,343.98
500,sporadic,uncorrected,0.0001,2,23200,22914,101,1,100,0.009900990099009901,0.02127659574468085,4.3641441913240814e-05,0.02127659574468085,0.02127659574468085,0.000425531914893617,2350000.0,100,100,0.0,237.98,229.5,237.98
500,sporadic,uncorrected,0.001,2,23157,22924,117,17,100,0.1452991452991453,0.17928064842958458,0.0007415808759378817,0.3617021276595745,0.2978723404255319,0.00723404255319149,138235.29411764705,100,100,0.0,184.98,185.0,184.98
500,sporadic,uncorrected,0.01,2,22875,22688,220,120,100,0.5454545454545454,0.48013912801146846,0.005289139633286318,2.5531914893617023,0.7021276595744681,0.05106382978723404,19583.333333333332,100,100,0.0,138.98,136.0,138.98
500,sporadic,uncorrected,0.05,2,22088,21931,495,395,100,0.797979797979798,0.6952487492150615,0.01801103460854498,8.404255319148936,0.9148936170212766,0.16808510638297872,5949.367088607595,100,100,0.0,118.98,116.0,118.98
500,sporadic,uncorrected,0.1,2,21177,21028,813,713,100,0.8769987699876999,0.7455684774621928,0.033907171390526916,15.170212765957446,0.9148936170212766,0.30340425531914894,3295.9326788218796,100,100,0.0,128.98,117.0,128.98
500,sporadic,uncorrected,0.2,2,19235,19099,1477,1377,100,0.9322951929587001,0.9011550663822405,0.07209801560291115,29.29787234042553,1.0,0.5859574468085106,1706.6085693536675,100,100,0.0,116.98,104.0,116.98
500,sporadic,bh_window,1e-05,2,23261,22338,81,0,81,0.0,0.0,0.0,0.0,0.0,0.0,inf,100,81,0.18999999999999995,536.7407407407408,452.0,874.98
500,sporadic,bh_window,0.0001,2,23212,22655,96,0,96,0.0,0.0,0.0,0.0,0.0,0.0,inf,100,96,0.040000000000000036,438.7604166666667,365.0,508.98
500,sporadic,bh_window,0.001,2,23206,22810,98,0,98,0.0,0.0,0.0,0.0,0.0,0.0,inf,100,98,0.020000000000000018,317.92857142857144,295.0,347.98
500,sporadic,bh_window,0.01,2,23197,22908,101,1,100,0.009900990099009901,0.0016366612111292963,4.365287235900122e-05,0.02127659574468085,0.02127659574468085,0.000425531914893617,2350000.0,100,100,0.0,240.98,231.5,240.98
500,sporadic,bh_window,0.05,2,23176,22925,110,10,100,0.09090909090909091,0.04078014184397163,0.0004362050163576881,0.2127659574468085,0.1276595744680851,0.00425531914893617,235000.0,100,100,0.0,202.98,197.0,202.98
500,sporadic,bh_window,0.1,2,23149,22914,117,17,100,0.1452991452991453,0.045501779544332745,0.0007419045125250938,0.3617021276595745,0.1702127659574468,0.00723404255319149,138235.29411764705,100,100,0.0,186.98,184.5,186.98
500,sporadic,bh_window,0.2,2,22966,22750,178,78,100,0.43820224719101125,0.09067323775001851,0.0034285714285714284,1.6595744680851063,0.2553191489361702,0.033191489361702124,30128.20512820513,100,100,0.0,170.98,166.5,170.98
500,sporadic,storey_bh,1e-05,2,23225,22492,94,0,94,0.0,0.0,0.0,0.0,0.0,0.0,inf,100,94,0.06000000000000005,584.3085106382979,439.5,684.98
500,sporadic,storey_bh,0.0001,2,23206,22723,98,0,98,0.0,0.0,0.0,0.0,0.0,0.0,inf,100,98,0.020000000000000018,406.7040816326531,328.5,434.98
500,sporadic,storey_bh,0.001,2,23200,22861,100,0,100,0.0,0.0,0.0,0.0,0.0,0.0,inf,100,100,0.0,290.98,276.0,290.98
500,sporadic,storey_bh,0.01,2,23182,22906,106,6,100,0.05660377358490566,0.01371158392434988,0.00026194010302977384,0.1276595744680851,0.0425531914893617,0.002553191489361702,391666.6666666667,100,100,0.0,227.98,225.0,227.98
500,sporadic,storey_bh,0.05,2,22993,22737,169,70,99,0.41420118343195267,0.04245040600267242,0.003078682323965343,1.4893617021276595,0.10638297872340426,0.029787234042553193,33571.42857142857,100,99,0.010000000000000009,195.75757575757575,187.0,209.98
500,sporadic,storey_bh,0.1,2,22135,21847,455,359,96,0.789010989010989,0.0539265778473748,0.016432462122945943,7.638297872340425,0.1276595744680851,0.15276595744680851,6545.961002785515,100,96,0.040000000000000036,194.69791666666666,187.5,255.98
500,sporadic,storey_bh,0.2,2,21073,20812,809,711,98,0.8788627935723115,0.10497159245237246,0.034162982894483954,15.127659574468085,0.1702127659574468,0.3025531914893617,3305.2039381153304,100,98,0.020000000000000018,211.4795918367347,183.5,242.98
500,sporadic,BatchBH,1e-05,2,23417,21506,30,0,30,0.0,0.0,0.0,0.0,0.0,0.0,inf,100,30,0.7,930.9,801.5,1862.98
500,sporadic,BatchBH,0.0001,2,23322,21931,63,0,63,0.0,0.0,0.0,0.0,0.0,0.0,inf,100,63,0.37,793.8571428571429,575.0,1342.98
500,sporadic,BatchBH,0.001,2,23256,22324,86,0,86,0.0,0.0,0.0,0.0,0.0,0.0,inf,100,86,0.14,608.5697674418604,453.5,883.98
500,sporadic,BatchBH,0.01,2,23206,22697,98,0,98,0.0,0.0,0.0,0.0,0.0,0.0,inf,100,98,0.020000000000000018,433.234693877551,363.5,460.98
500,sporadic,BatchBH,0.05,2,23203,22789,99,0,99,0.0,0.0,0.0,0.0,0.0,0.0,inf,100,99,0.010000000000000009,347.83838383838383,297.0,365.98
500,sporadic,BatchBH,0.1,2,23203,22819,99,0,99,0.0,0.0,0.0,0.0,0.0,0.0,inf,100,99,0.010000000000000009,317.5353535353535,293.0,335.98
500,sporadic,BatchBH,0.2,2,23200,22873,100,0,100,0.0,0.0,0.0,0.0,0.0,0.0,inf,100,100,0.0,278.98,254.0,278.98
500,sporadic,bonferroni,1e-05,2,23328,21986,60,0,60,0.0,0.0,0.0,0.0,0.0,0.0,inf,100,60,0.4,685.8666666666667,443.0,1293.98
500,sporadic,bonferroni,0.0001,2,23250,22403,86,0,86,0.0,0.0,0.0,0.0,0.0,0.0,inf,100,86,0.14,501.77906976744185,418.5,798.98
500,sporadic,bonferroni,0.001,2,23212,22693,96,0,96,0.0,0.0,0.0,0.0,0.0,0.0,inf,100,96,0.040000000000000036,399.1770833333333,339.5,470.98
500,sporadic,bonferroni,0.01,2,23200,22844,100,0,100,0.0,0.0,0.0,0.0,0.0,0.0,inf,100,100,0.0,307.98,281.5,307.98
500,sporadic,bonferroni,0.05,2,23200,22914,101,1,100,0.009900990099009901,0.02127659574468085,4.3641441913240814e-05,0.02127659574468085,0.02127659574468085,0.000425531914893617,2350000.0,100,100,0.0,237.98,229.5,237.98
500,sporadic,bonferroni,0.1,2,23196,22931,103,3,100,0.02912621359223301,0.04468085106382979,0.00013082726440190136,0.06382978723404255,0.06382978723404255,0.001276595744680851,783333.3333333334,100,100,0.0,216.98,216.0,216.98
500,sporadic,bonferroni,0.2,2,23188,22940,106,6,100,0.05660377358490566,0.09456264775413711,0.00026155187445510024,0.1276595744680851,0.1276595744680851,0.002553191489361702,391666.6666666667,100,100,0.0,199.98,193.5,199.98
500,sporadic,LORD++,1e-05,0,23278,22103,74,0,74,0.0,0.0,0.0,0.0,0.0,0.0,inf,100,74,0.26,843.2837837837837,839.5,1129.33
500,sporadic,LORD++,0.0001,0,23233,22545,89,0,89,0.0,0.0,0.0,0.0,0.0,0.0,inf,100,89,0.10999999999999999,508.1685393258427,435.0,642.33
500,sporadic,LORD++,0.001,0,23206,22781,98,0,98,0.0,0.0,0.0,0.0,0.0,0.0,inf,100,98,0.020000000000000018,361.5,341.0,379.33
500,sporadic,LORD++,0.01,0,23200,22866,100,0,100,0.0,0.0,0.0,0.0,0.0,0.0,inf,100,100,0.0,288.33,274.5,288.33
500,sporadic,LORD++,0.05,0,23194,22910,102,2,100,0.0196078431372549,0.0056990881458966565,8.729812309035356e-05,0.0425531914893617,0.0425531914893617,0.000851063829787234,1175000.0,100,100,0.0,238.33,241.0,238.33
500,sporadic,LORD++,0.1,0,23182,22915,106,6,100,0.05660377358490566,0.02264667956157318,0.00026183722452542,0.1276595744680851,0.10638297872340426,0.002553191489361702,391666.6666666667,100,100,0.0,221.33,219.0,221.33
500,sporadic,LORD++,0.2,0,23164,22911,112,12,100,0.10714285714285714,0.03606889564336373,0.0005237658766531361,0.2553191489361702,0.14893617021276595,0.005106382978723404,195833.33333333334,100,100,0.0,207.33,196.5,207.33
500,sporadic,uncorrected,1e-05,0,23200,22865,100,0,100,0.0,0.0,0.0,0.0,0.0,0.0,inf,100,100,0.0,289.33,277.5,289.33
500,sporadic,uncorrected,0.0001,0,23200,22919,100,0,100,0.0,0.0,0.0,0.0,0.0,0.0,inf,100,100,0.0,235.33,238.0,235.33
500,sporadic,uncorrected,0.001,0,23152,22925,116,16,100,0.13793103448275862,0.1932624113475177,0.000697928026172301,0.3404255319148936,0.2553191489361702,0.006808510638297872,146875.0,100,100,0.0,181.33,178.5,181.33
500,sporadic,uncorrected,0.01,0,22750,22560,252,152,100,0.6031746031746031,0.5149872430667504,0.00673758865248227,3.234042553191489,0.7021276595744681,0.06468085106382979,15460.526315789473,100,100,0.0,150.33,151.0,150.33
500,sporadic,uncorrected,0.05,0,21892,21734,543,443,100,0.8158379373848987,0.6996725103108081,0.020382810343241006,9.425531914893616,0.9361702127659575,0.18851063829787235,5304.740406320542,100,100,0.0,117.33,119.0,117.33
500,sporadic,uncorrected,0.1,0,20901,20752,877,777,100,0.8859749144811858,0.7839905518912172,0.03744217424826523,16.53191489361702,0.9787234042553191,0.33063829787234045,3024.453024453024,100,100,0.0,112.33,107.0,112.33
500,sporadic,uncorrected,0.2,0,18894,18760,1557,1457,100,0.9357739242132306,0.8825681595193005,0.07766524520255863,31.0,1.0,0.62,1612.9032258064517,100,100,0.0,109.33,96.0,109.33
500,sporadic,bh_window,1e-05,0,23257,22460,81,0,81,0.0,0.0,0.0,0.0,0.0,0.0,inf,100,81,0.18999999999999995,497.4074074074074,420.0,751.33
500,sporadic,bh_window,0.0001,0,23212,22730,96,0,96,0.0,0.0,0.0,0.0,0.0,0.0,inf,100,96,0.040000000000000036,397.6979166666667,350.5,436.33
500,sporadic,bh_window,0.001,0,23200,22865,100,0,100,0.0,0.0,0.0,0.0,0.0,0.0,inf,100,100,0.0,289.33,277.5,289.33
500,sporadic,bh_window,0.01,0,23197,22916,101,1,100,0.009900990099009901,0.0026595744680851063,4.363763309478094e-05,0.02127659574468085,0.02127659574468085,0.000425531914893617,2350000.0,100,100,0.0,235.33,238.0,235.33
500,sporadic,bh_window,0.05,0,23179,22937,107,7,100,0.06542056074766354,0.01714402618657938,0.0003051837642237433,0.14893617021276595,0.06382978723404255,0.0029787234042553193,335714.28571428574,100,100,0.0,196.33,191.5,196.33
500,sporadic,bh_window,0.1,0,23089,22857,137,38,99,0.2773722627737226,0.04911347517730497,0.0016625103906899418,0.8085106382978723,0.1276595744680851,0.016170212765957447,61842.10526315789,100,99,0.010000000000000009,178.42424242424244,176.0,189.33
500,sporadic,bh_window,0.2,0,22627,22398,291,191,100,0.6563573883161512,0.07174031642116749,0.008527547102419859,4.0638297872340425,0.14893617021276595,0.08127659574468085,12303.664921465968,100,100,0.0,183.33,176.5,183.33
500,sporadic,storey_bh,1e-05,0,23221,22580,93,0,93,0.0,0.0,0.0,0.0,0.0,0.0,inf,100,93,0.06999999999999995,534.3118279569892,420.0,595.33
500,sporadic,storey_bh,0.0001,0,23203,22778,99,0,99,0.0,0.0,0.0,0.0,0.0,0.0,inf,100,99,0.010000000000000009,370.2323232323232,334.0,379.33
500,sporadic,storey_bh,0.001,0,23200,22880,100,0,100,0.0,0.0,0.0,0.0,0.0,0.0,inf,100,100,0.0,274.33,268.5,274.33
500,sporadic,storey_bh,0.01,0,23155,22877,115,16,99,0.1391304347826087,0.0152321083172147,0.000699392402850024,0.3404255319148936,0.0425531914893617,0.006808510638297872,146875.0,100,99,0.010000000000000009,225.66666666666666,220.0,235.33
500,sporadic,storey_bh,0.05,0,21952,21688,516,418,98,0.810077519379845,0.05820722873288581,0.019273330874216156,8.893617021276595,0.10638297872340426,0.1778723404255319,5622.00956937799,100,98,0.020000000000000018,206.12244897959184,196.5,224.33
500,sporadic,storey_bh,0.1,0,20626,20350,958,863,95,0.9008350730688935,0.12752817078878206,0.04240786240786241,18.361702127659573,0.19148936170212766,0.3672340425531915,2723.05909617613,100,95,0.050000000000000044,210.10526315789474,187.0,258.33
500,sporadic,storey_bh,0.2,0,18688,18448,1604,1507,97,0.9395261845386533,0.13970279422692292,0.08168907198612316,32.06382978723404,0.19148936170212766,0.6412765957446809,1559.389515593895,100,97,0.030000000000000027,200.9278350515464,177.0,230.33
500,sporadic,BatchBH,1e-05,0,23377,21487,41,0,41,0.0,0.0,0.0,0.0,0.0,0.0,inf,100,41,0.5900000000000001,1492.6097560975609,1425.0,1844.33
500,sporadic,BatchBH,0.0001,0,23293,22164,69,0,69,0.0,0.0,0.0,0.0,0.0,0.0,inf,100,69,0.31000000000000005,701.1304347826087,542.0,1083.33
500,sporadic,BatchBH,0.001,0,23248,22478,84,0,84,0.0,0.0,0.0,0.0,0.0,0.0,inf,100,84,0.16000000000000003,534.9404761904761,421.0,724.33
500,sporadic,BatchBH,0.01,0,23212,22729,97,0,97,0.0,0.0,0.0,0.0,0.0,0.0,inf,100,97,0.030000000000000027,407.2680412371134,348.0,437.33
500,sporadic,BatchBH,0.05,0,23200,22854,100,0,100,0.0,0.0,0.0,0.0,0.0,0.0,inf,100,100,0.0,300.33,288.5,300.33
500,sporadic,BatchBH,0.1,0,23200,22869,100,0,100,0.0,0.0,0.0,0.0,0.0,0.0,inf,100,100,0.0,285.33,278.5,285.33
500,sporadic,BatchBH,0.2,0,23200,22890,100,0,100,0.0,0.0,0.0,0.0,0.0,0.0,inf,100,100,0.0,264.33,262.5,264.33
500,sporadic,bonferroni,1e-05,0,23298,22150,68,0,68,0.0,0.0,0.0,0.0,0.0,0.0,inf,100,68,0.31999999999999995,704.9411764705883,477.5,1102.33
500,sporadic,bonferroni,0.0001,0,23239,22534,87,0,87,0.0,0.0,0.0,0.0,0.0,0.0,inf,100,87,0.13,469.32183908045977,395.0,659.33
500,sporadic,bonferroni,0.001,0,23206,22767,99,0,99,0.0,0.0,0.0,0.0,0.0,0.0,inf,100,99,0.010000000000000009,384.37373737373736,334.0,393.33
500,sporadic,bonferroni,0.01,0,23200,22882,100,0,100,0.0,0.0,0.0,0.0,0.0,0.0,inf,100,100,0.0,272.33,271.5,272.33
500,sporadic,bonferroni,0.05,0,23200,22921,100,0,100,0.0,0.0,0.0,0.0,0.0,0.0,inf,100,100,0.0,233.33,237.0,233.33
500,sporadic,bonferroni,0.1,0,23194,22936,102,2,100,0.0196078431372549,0.0243161094224924,8.719916288803627e-05,0.0425531914893617,0.0425531914893617,0.000851063829787234,1175000.0,100,100,0.0,212.33,207.0,212.33
500,sporadic,bonferroni,0.2,0,23190,22948,104,4,100,0.038461538461538464,0.0851063829787234,0.0001743071291615827,0.0851063829787234,0.0851063829787234,0.001702127659574468,587500.0,100,100,0.0,196.33,191.5,196.33
500,sporadic,LORD++,1e-05,1,23260,22322,80,0,80,0.0,0.0,0.0,0.0,0.0,0.0,inf,100,80,0.19999999999999996,614.55,477.0,887.12
500,sporadic,LORD++,0.0001,1,23224,22645,92,0,92,0.0,0.0,0.0,0.0,0.0,0.0,inf,100,92,0.07999999999999996,409.7282608695652,367.5,528.12
500,sporadic,LORD++,0.001,1,23206,22777,98,1,97,0.01020408163265306,0.00303951367781155,4.390393818325504e-05,0.02127659574468085,0.02127659574468085,0.000425531914893617,2350000.0,100,97,0.030000000000000027,322.55670103092785,302.0,378.12
500,sporadic,LORD++,0.01,1,23197,22892,101,1,100,0.009900990099009901,0.0026595744680851063,4.368338284116722e-05,0.02127659574468085,0.02127659574468085,0.000425531914893617,2350000.0,100,100,0.0,254.12,256.0,254.12
500,sporadic,LORD++,0.05,1,23149,22892,117,17,100,0.1452991452991453,0.02437137330754352,0.0007426175082998427,0.3617021276595745,0.06382978723404255,0.00723404255319149,138235.29411764705,100,100,0.0,206.12,196.5,206.12
500,sporadic,LORD++,0.1,1,23092,22842,136,36,100,0.2647058823529412,0.03295982569643611,0.0015760441292356187,0.7659574468085106,0.06382978723404255,0.015319148936170212,65277.77777777778,100,100,0.0,201.12,192.0,201.12
500,sporadic,LORD++,0.2,1,22984,22751,172,72,100,0.4186046511627907,0.07443815050198029,0.003164696057316162,1.5319148936170213,0.14893617021276595,0.030638297872340424,32638.88888888889,100,100,0.0,185.12,180.5,185.12
500,sporadic,uncorrected,1e-05,1,23197,22869,101,1,100,0.009900990099009901,0.005319148936170213,4.372731645458918e-05,0.02127659574468085,0.02127659574468085,0.000425531914893617,2350000.0,100,100,0.0,277.12,263.5,277.12
500,sporadic,uncorrected,0.0001,1,23182,22930,106,6,100,0.05660377358490566,0.09468085106382979,0.00026166593981683385,0.1276595744680851,0.1276595744680851,0.002553191489361702,391666.6666666667,100,100,0.0,201.12,191.5,201.12
500,sporadic,uncorrected,0.001,1,23074,22849,142,42,100,0.29577464788732394,0.1965045592705167,0.0018381548426626986,0.8936170212765957,0.3617021276595745,0.017872340425531916,55952.380952380954,100,100,0.0,174.12,173.5,174.12
500,sporadic,uncorrected,0.01,1,22555,22349,315,215,100,0.6825396825396826,0.4980111558219062,0.009620117231196027,4.574468085106383,0.6382978723404256,0.09148936170212765,10930.232558139534,100,100,0.0,161.12,134.0,161.12
500,sporadic,uncorrected,0.05,1,21463,21301,680,580,100,0.8529411764705882,0.6553027632299848,0.027228768602413033,12.340425531914894,0.8723404255319149,0.24680851063829787,4051.7241379310344,100,100,0.0,117.12,110.0,117.12
500,sporadic,uncorrected,0.1,1,20524,20367,994,894,100,0.8993963782696177,0.7215144282853178,0.04389453527765503,19.02127659574468,0.8936170212765957,0.38042553191489364,2628.635346756152,100,100,0.0,122.12,108.5,122.12
500,sporadic,uncorrected,0.2,1,18781,18639,1590,1490,100,0.9371069182389937,0.8623475454966724,0.07993991093942808,31.70212765957447,0.9574468085106383,0.6340425531914894,1577.1812080536913,100,100,0.0,123.12,106.0,123.12
500,sporadic,bh_window,1e-05,1,23227,22613,91,0,91,0.0,0.0,0.0,0.0,0.0,0.0,inf,100,91,0.08999999999999997,441.16483516483515,375.0,563.12
500,sporadic,bh_window,0.0001,1,23209,22753,97,1,96,0.010309278350515464,0.0017730496453900709,4.3950248318903e-05,0.02127659574468085,0.02127659574468085,0.000425531914893617,2350000.0,100,96,0.040000000000000036,338.9895833333333,308.5,405.12
500,sporadic,bh_window,0.001,1,23197,22875,101,1,100,0.009900990099009901,0.0026595744680851063,4.371584699453552e-05,0.02127659574468085,0.02127659574468085,0.000425531914893617,2350000.0,100,100,0.0,271.12,263.5,271.12
500,sporadic,bh_window,0.01,1,23185,22932,105,5,100,0.047619047619047616,0.01405775075987842,0.0002180359323216466,0.10638297872340426,0.0425531914893617,0.002127659574468085,470000.0,100,100,0.0,202.12,191.5,202.12
500,sporadic,bh_window,0.05,1,23059,22826,147,47,100,0.3197278911564626,0.12573454913880447,0.0020590554630684306,1.0,0.1702127659574468,0.02,50000.0,100,100,0.0,182.12,180.5,182.12
500,sporadic,bh_window,0.1,1,22828,22571,224,125,99,0.5580357142857143,0.06332625860322118,0.00553807983695893,2.6595744680851063,0.14893617021276595,0.05319148936170213,18800.0,100,99,0.010000000000000009,179.12121212121212,171.0,209.12
500,sporadic,bh_window,0.2,1,22114,21889,462,362,100,0.7835497835497836,0.09161669268052246,0.016537987116816665,7.702127659574468,0.14893617021276595,0.15404255319148935,6491.712707182321,100,100,0.0,178.12,169.5,178.12
500,sporadic,storey_bh,1e-05,1,23227,22679,91,0,91,0.0,0.0,0.0,0.0,0.0,0.0,inf,100,91,0.08999999999999997,368.6373626373626,334.0,497.12
500,sporadic,storey_bh,0.0001,1,23203,22816,99,1,98,0.010101010101010102,0.00425531914893617,4.38288920056101e-05,0.02127659574468085,0.02127659574468085,0.000425531914893617,2350000.0,100,98,0.020000000000000018,302.98979591836735,287.0,336.12
500,sporadic,storey_bh,0.001,1,23188,22892,104,4,100,0.038461538461538464,0.0070921985815602835,0.00017473353136466887,0.0851063829787234,0.02127659574468085,0.001702127659574468,587500.0,100,100,0.0,246.12,252.0,246.12
500,sporadic,storey_bh,0.01,1,22918,22633,194,95,99,0.4896907216494845,0.09759832366215344,0.00419741086024831,2.021276595744681,0.10638297872340426,0.04042553191489362,24736.842105263157,100,99,0.010000000000000009,208.62626262626262,197.0,237.12
500,sporadic,storey_bh,0.05,1,21793,21493,569,471,98,0.827768014059754,0.06291851274810523,0.02191411157120923,10.02127659574468,0.0851063829787234,0.20042553191489362,4989.384288747346,100,98,0.020000000000000018,199.8469387755102,196.0,257.12
500,sporadic,storey_bh,0.1,1,20467,20174,1011,913,98,0.9030662710187932,0.08560504545405026,0.04525627044711014,19.425531914893618,0.1276595744680851,0.38851063829787236,2573.932092004381,100,98,0.020000000000000018,198.8265306122449,197.5,256.12
500,sporadic,storey_bh,0.2,1,19534,19259,1322,1224,98,0.9258698940998488,0.09570304528401556,0.06355470169790747,26.04255319148936,0.14893617021276595,0.5208510638297872,1919.9346405228757,100,98,0.020000000000000018,182.5,182.5,240.12
500,sporadic,BatchBH,1e-05,1,23341,21834,53,0,53,0.0,0.0,0.0,0.0,0.0,0.0,inf,100,53,0.47,890.4150943396227,569.0,1456.12
500,sporadic,BatchBH,0.0001,1,23272,22315,76,0,76,0.0,0.0,0.0,0.0,0.0,0.0,inf,100,76,0.24,571.3684210526316,429.0,906.12
500,sporadic,BatchBH,0.001,1,23227,22615,91,0,91,0.0,0.0,0.0,0.0,0.0,0.0,inf,100,91,0.08999999999999997,438.967032967033,386.0,561.12
500,sporadic,BatchBH,0.01,1,23206,22793,98,0,98,0.0,0.0,0.0,0.0,0.0,0.0,inf,100,98,0.020000000000000018,329.5204081632653,303.0,362.12
500,sporadic,BatchBH,0.05,1,23197,22866,101,1,100,0.009900990099009901,0.0026595744680851063,4.3733053441791306e-05,0.02127659574468085,0.02127659574468085,0.000425531914893617,2350000.0,100,100,0.0,280.12,271.0,280.12
500,sporadic,BatchBH,0.1,1,23197,22882,101,1,100,0.009900990099009901,0.0035460992907801418,4.37024735600035e-05,0.02127659574468085,0.02127659574468085,0.000425531914893617,2350000.0,100,100,0.0,264.12,263.0,264.12
500,sporadic,BatchBH,0.2,1,23092,22841,136,36,100,0.2647058823529412,0.06572948328267478,0.0015761131298979904,0.7659574468085106,0.0851063829787234,0.015319148936170212,65277.77777777778,100,100,0.0,200.12,191.0,200.12
500,sporadic,bonferroni,1e-05,1,23263,22372,79,0,79,0.0,0.0,0.0,0.0,0.0,0.0,inf,100,79,0.20999999999999996,502.49367088607596,398.0,840.12
500,sporadic,bonferroni,0.0001,1,23224,22661,92,0,92,0.0,0.0,0.0,0.0,0.0,0.0,inf,100,92,0.07999999999999996,392.3369565217391,358.5,512.12
500,sporadic,bonferroni,0.001,1,23206,22813,98,0,98,0.0,0.0,0.0,0.0,0.0,0.0,inf,100,98,0.020000000000000018,309.11224489795916,289.0,342.12
500,sporadic,bonferroni,0.01,1,23197,22896,101,1,100,0.009900990099009901,0.00303951367781155,4.367575122292103e-05,0.02127659574468085,0.02127659574468085,0.000425531914893617,2350000.0,100,100,0.0,250.12,255.5,250.12
500,sporadic,bonferroni,0.05,1,23182,22930,106,6,100,0.05660377358490566,0.09468085106382979,0.00026166593981683385,0.1276595744680851,0.1276595744680851,0.002553191489361702,391666.6666666667,100,100,0.0,201.12,191.5,201.12
500,sporadic,bonferroni,0.1,1,23173,22933,109,9,100,0.08256880733944955,0.10430597771023302,0.00039244756464483494,0.19148936170212766,0.1702127659574468,0.003829787234042553,261111.11111111112,100,100,0.0,189.12,183.5,189.12
500,sporadic,bonferroni,0.2,1,23140,22911,120,20,100,0.16666666666666666,0.18121948973012805,0.0008729431277552267,0.425531914893617,0.2553191489361702,0.00851063829787234,117500.0,100,100,0.0,178.12,179.0,178.12
500,sporadic,LORD++,1e-05,4,23359,21718,47,0,47,0.0,0.0,0.0,0.0,0.0,0.0,inf,100,47,0.53,919.1914893617021,700.0,1593.03
500,sporadic,LORD++,0.0001,4,23281,22066,73,0,73,0.0,0.0,0.0,0.0,0.0,0.0,inf,100,73,0.27,823.082191780822,622.0,1167.03
500,sporadic,LORD++,0.001,4,23233,22493,89,0,89,0.0,0.0,0.0,0.0,0.0,0.0,inf,100,89,0.10999999999999999,519.7752808988764,413.0,692.03
500,sporadic,LORD++,0.01,4,23203,22771,99,0,99,0.0,0.0,0.0,0.0,0.0,0.0,inf,100,99,0.010000000000000009,359.77777777777777,328.0,384.03
500,sporadic,LORD++,0.05,4,23203,22833,99,0,99,0.0,0.0,0.0,0.0,0.0,0.0,inf,100,99,0.010000000000000009,297.1515151515151,283.0,322.03
500,sporadic,LORD++,0.1,4,23200,22875,100,0,100,0.0,0.0,0.0,0.0,0.0,0.0,inf,100,100,0.0,277.03,256.0,277.03
500,sporadic,LORD++,0.2,4,23200,22908,100,0,100,0.0,0.0,0.0,0.0,0.0,0.0,inf,100,100,0.0,244.03,229.0,244.03
500,sporadic,uncorrected,1e-05,4,23207,22718,98,0,98,0.0,0.0,0.0,0.0,0.0,0.0,inf,100,98,0.020000000000000018,395.5816326530612,329.0,441.03
500,sporadic,uncorrected,0.0001,4,23203,22853,99,0,99,0.0,0.0,0.0,0.0,0.0,0.0,inf,100,99,0.010000000000000009,276.949494949495,266.0,302.03
500,sporadic,uncorrected,0.001,4,23194,22934,102,2,100,0.0196078431372549,0.024822695035460994,8.720676724513822e-05,0.0425531914893617,0.0425531914893617,0.000851063829787234,1175000.0,100,100,0.0,212.03,212.0,212.03
500,sporadic,uncorrected,0.01,4,23110,22903,130,30,100,0.23076923076923078,0.24279869067103108,0.0013098720691612452,0.6382978723404256,0.3191489361702128,0.01276595744680851,78333.33333333333,100,100,0.0,159.03,154.0,159.03
500,sporadic,uncorrected,0.05,4,22773,22605,243,143,100,0.588477366255144,0.5221884498480244,0.006326034063260341,3.0425531914893615,0.7021276595744681,0.060851063829787236,16433.566433566433,100,100,0.0,123.03,122.5,123.03
500,sporadic,uncorrected,0.1,4,22083,21896,477,378,99,0.7924528301886793,0.7109418199982734,0.017263427109974423,8.042553191489361,0.9148936170212766,0.16085106382978723,6216.931216931217,100,99,0.010000000000000009,123.4040404040404,121.0,156.03
500,sporadic,uncorrected,0.2,4,20616,20474,970,870,100,0.8969072164948454,0.8329147231218161,0.042492917847025496,18.51063829787234,1.0,0.3702127659574468,2701.1494252873563,100,100,0.0,112.03,106.5,112.03
500,sporadic,bh_window,1e-05,4,23317,21989,61,0,61,0.0,0.0,0.0,0.0,0.0,0.0,inf,100,61,0.39,655.4426229508197,499.0,1280.03
500,sporadic,bh_window,0.0001,4,23251,22381,83,0,83,0.0,0.0,0.0,0.0,0.0,0.0,inf,100,83,0.17000000000000004,599.7349397590361,418.0,822.03
500,sporadic,bh_window,0.001,4,23209,22725,97,0,97,0.0,0.0,0.0,0.0,0.0,0.0,inf,100,97,0.030000000000000027,382.88659793814435,350.0,436.03
500,sporadic,bh_window,0.01,4,23203,22853,99,0,99,0.0,0.0,0.0,0.0,0.0,0.0,inf,100,99,0.010000000000000009,276.949494949495,263.0,302.03
500,sporadic,bh_window,0.05,4,23200,22922,100,0,100,0.0,0.0,0.0,0.0,0.0,0.0,inf,100,100,0.0,230.03,221.5,230.03
500,sporadic,bh_window,0.1,4,23197,22938,101,1,100,0.009900990099009901,0.0026595744680851063,4.3595779928502924e-05,0.02127659574468085,0.02127659574468085,0.000425531914893617,2350000.0,100,100,0.0,211.03,208.5,211.03
500,sporadic,bh_window,0.2,4,23188,22939,104,4,100,0.038461538461538464,0.00851063829787234,0.0001743755176773181,0.0851063829787234,0.0425531914893617,0.001702127659574468,587500.0,100,100,0.0,201.03,198.0,201.03
500,sporadic,storey_bh,1e-05,4,23290,22073,70,0,70,0.0,0.0,0.0,0.0,0.0,0.0,inf,100,70,0.30000000000000004,725.8142857142857,520.5,1169.03
500,sporadic,storey_bh,0.0001,4,23242,22432,86,0,86,0.0,0.0,0.0,0.0,0.0,0.0,inf,100,86,0.14,585.3139534883721,427.5,762.03
500,sporadic,storey_bh,0.001,4,23206,22731,98,0,98,0.0,0.0,0.0,0.0,0.0,0.0,inf,100,98,0.020000000000000018,395.8265306122449,360.0,427.03
500,sporadic,storey_bh,0.01,4,23203,22849,99,0,99,0.0,0.0,0.0,0.0,0.0,0.0,inf,100,99,0.010000000000000009,280.989898989899,272.0,306.03
500,sporadic,storey_bh,0.05,4,23194,22911,102,2,100,0.0196078431372549,0.004728132387706856,8.729431277552268e-05,0.0425531914893617,0.02127659574468085,0.000851063829787234,1175000.0,100,100,0.0,235.03,222.0,235.03
500,sporadic,storey_bh,0.1,4,23149,22887,117,17,100,0.1452991452991453,0.013911620294599018,0.000742779743959453,0.3617021276595745,0.02127659574468085,0.00723404255319149,138235.29411764705,100,100,0.0,214.03,211.0,214.03
500,sporadic,storey_bh,0.2,4,22069,21818,477,377,100,0.790356394129979,0.043934788615639674,0.017279310660922174,8.02127659574468,0.06382978723404255,0.16042553191489362,6233.42175066313,100,100,0.0,203.03,205.0,203.03
500,sporadic,BatchBH,1e-05,4,23479,21352,7,0,7,0.0,0.0,0.0,0.0,0.0,0.0,inf,100,7,0.9299999999999999,1543.4285714285713,1888.0,2079.03
500,sporadic,BatchBH,0.0001,4,23407,21625,31,0,31,0.0,0.0,0.0,0.0,0.0,0.0,inf,100,31,0.69,862.5483870967741,636.0,1734.03
500,sporadic,BatchBH,0.001,4,23320,21967,60,0,60,0.0,0.0,0.0,0.0,0.0,0.0,inf,100,60,0.4,701.7666666666667,504.0,1305.03
500,sporadic,BatchBH,0.01,4,23251,22413,83,0,83,0.0,0.0,0.0,0.0,0.0,0.0,inf,100,83,0.17000000000000004,561.1807228915662,400.0,790.03
500,sporadic,BatchBH,0.05,4,23212,22688,96,0,96,0.0,0.0,0.0,0.0,0.0,0.0,inf,100,96,0.040000000000000036,411.3333333333333,362.5,476.03
500,sporadic,BatchBH,0.1,4,23203,22729,99,0,99,0.0,0.0,0.0,0.0,0.0,0.0,inf,100,99,0.010000000000000009,402.2020202020202,345.0,426.03
500,sporadic,BatchBH,0.2,4,23203,22793,99,0,99,0.0,0.0,0.0,0.0,0.0,0.0,inf,100,99,0.010000000000000009,337.55555555555554,318.0,362.03
500,sporadic,bonferroni,1e-05,4,23380,21734,40,0,40,0.0,0.0,0.0,0.0,0.0,0.0,inf,100,40,0.6,727.6,513.5,1598.03
500,sporadic,bonferroni,0.0001,4,23308,22055,64,0,64,0.0,0.0,0.0,0.0,0.0,0.0,inf,100,64,0.36,625.84375,445.5,1205.03
500,sporadic,bonferroni,0.001,4,23239,22462,88,0,88,0.0,0.0,0.0,0.0,0.0,0.0,inf,100,88,0.12,558.8863636363636,387.5,729.03
500,sporadic,bonferroni,0.01,4,23206,22764,98,0,98,0.0,0.0,0.0,0.0,0.0,0.0,inf,100,98,0.020000000000000018,347.6224489795918,317.0,394.03
500,sporadic,bonferroni,0.05,4,23203,22854,99,0,99,0.0,0.0,0.0,0.0,0.0,0.0,inf,100,99,0.010000000000000009,275.93939393939394,266.0,301.03
500,sporadic,bonferroni,0.1,4,23203,22871,100,0,100,0.0,0.0,0.0,0.0,0.0,0.0,inf,100,100,0.0,284.03,248.5,284.03
500,sporadic,bonferroni,0.2,4,23200,22923,100,0,100,0.0,0.0,0.0,0.0,0.0,0.0,inf,100,100,0.0,229.03,221.5,229.03
500,sporadic,LORD++,1e-05,5,23347,21712,51,0,51,0.0,0.0,0.0,0.0,0.0,0.0,inf,100,51,0.49,1044.8039215686274,999.0,1588.54
500,sporadic,LORD++,0.0001,5,23275,22163,75,0,75,0.0,0.0,0.0,0.0,0.0,0.0,inf,100,75,0.25,792.84,633.0,1065.54
500,sporadic,LORD++,0.001,5,23215,22646,95,0,95,0.0,0.0,0.0,0.0,0.0,0.0,inf,100,95,0.050000000000000044,459.6736842105263,391.0,522.54
500,sporadic,LORD++,0.01,5,23200,22821,100,0,100,0.0,0.0,0.0,0.0,0.0,0.0,inf,100,100,0.0,332.54,328.0,332.54
500,sporadic,LORD++,0.05,5,23200,22882,100,0,100,0.0,0.0,0.0,0.0,0.0,0.0,inf,100,100,0.0,271.54,259.0,271.54
500,sporadic,LORD++,0.1,5,23197,22902,101,1,100,0.009900990099009901,0.00425531914893617,4.366430879399179e-05,0.02127659574468085,0.02127659574468085,0.000425531914893617,2350000.0,100,100,0.0,248.54,241.5,248.54
500,sporadic,LORD++,0.2,5,23182,22906,106,6,100,0.05660377358490566,0.013829787234042554,0.00026194010302977384,0.1276595744680851,0.0851063829787234,0.002553191489361702,391666.6666666667,100,100,0.0,229.54,226.5,229.54
500,sporadic,uncorrected,1e-05,5,23203,22778,99,0,99,0.0,0.0,0.0,0.0,0.0,0.0,inf,100,99,0.010000000000000009,365.55555555555554,337.0,378.54
500,sporadic,uncorrected,0.0001,5,23200,22888,100,0,100,0.0,0.0,0.0,0.0,0.0,0.0,inf,100,100,0.0,265.54,257.0,265.54
500,sporadic,uncorrected,0.001,5,23182,22939,106,6,100,0.05660377358490566,0.0673758865248227,0.00026156327651597714,0.1276595744680851,0.1276595744680851,0.002553191489361702,391666.6666666667,100,100,0.0,196.54,194.5,196.54
500,sporadic,uncorrected,0.01,5,22975,22769,176,76,100,0.4318181818181818,0.4427934358785423,0.003337871667618253,1.6170212765957446,0.6808510638297872,0.03234042553191489,30921.052631578947,100,100,0.0,159.54,157.0,159.54
500,sporadic,uncorrected,0.05,5,22462,22273,347,248,99,0.7146974063400576,0.6275645407224354,0.011134557536030171,5.276595744680851,0.8723404255319149,0.10553191489361702,9475.806451612903,100,99,0.010000000000000009,122.78787878787878,126.0,145.54
500,sporadic,uncorrected,0.1,5,21688,21536,609,509,100,0.8357963875205254,0.7763329499806472,0.02363484398216939,10.829787234042554,0.9787234042553191,0.21659574468085108,4616.895874263261,100,100,0.0,126.54,116.5,126.54
500,sporadic,uncorrected,0.2,5,20065,19926,1154,1054,100,0.9133448873483535,0.8879747444445578,0.052895714142326605,22.425531914893618,1.0,0.44851063829787235,2229.6015180265654,100,100,0.0,108.54,98.5,108.54
500,sporadic,bh_window,1e-05,5,23296,22131,68,0,68,0.0,0.0,0.0,0.0,0.0,0.0,inf,100,68,0.31999999999999995,704.0588235294117,511.0,1118.54
500,sporadic,bh_window,0.0001,5,23248,22485,84,0,84,0.0,0.0,0.0,0.0,0.0,0.0,inf,100,84,0.16000000000000003,464.9166666666667,403.0,716.54
500,sporadic,bh_window,0.001,5,23203,22771,99,0,99,0.0,0.0,0.0,0.0,0.0,0.0,inf,100,99,0.010000000000000009,372.62626262626264,339.0,385.54
500,sporadic,bh_window,0.01,5,23200,22886,100,0,100,0.0,0.0,0.0,0.0,0.0,0.0,inf,100,100,0.0,267.54,257.0,267.54
500,sporadic,bh_window,0.05,5,23191,22921,103,3,100,0.02912621359223301,0.007414571244358479,0.00013088434186990096,0.06382978723404255,0.0425531914893617,0.001276595744680851,783333.3333333334,100,100,0.0,223.54,227.5,223.54
500,sporadic,bh_window,0.1,5,23182,22935,106,6,100,0.05660377358490566,0.017546283503730314,0.0002616088947024199,0.1276595744680851,0.10638297872340426,0.002553191489361702,391666.6666666667,100,100,0.0,200.54,194.5,200.54
500,sporadic,bh_window,0.2,5,23038,22803,154,54,100,0.35064935064935066,0.07582999280501593,0.0023681094592816736,1.148936170212766,0.14893617021276595,0.02297872340425532,43518.51851851852,100,100,0.0,190.54,186.5,190.54
500,sporadic,storey_bh,1e-05,5,23290,22186,70,0,70,0.0,0.0,0.0,0.0,0.0,0.0,inf,100,70,0.30000000000000004,660.8285714285714,468.0,1057.54
500,sporadic,storey_bh,0.0001,5,23229,22598,91,0,91,0.0,0.0,0.0,0.0,0.0,0.0,inf,100,91,0.08999999999999997,456.7692307692308,396.0,584.54
500,sporadic,storey_bh,0.001,5,23200,22807,100,0,100,0.0,0.0,0.0,0.0,0.0,0.0,inf,100,100,0.0,346.54,331.0,346.54
500,sporadic,storey_bh,0.01,5,23200,22895,100,0,100,0.0,0.0,0.0,0.0,0.0,0.0,inf,100,100,0.0,258.54,247.5,258.54
500,sporadic,storey_bh,0.05,5,23182,22922,106,6,100,0.05660377358490566,0.015427834576770745,0.00026175726376406945,0.1276595744680851,0.0851063829787234,0.002553191489361702,391666.6666666667,100,100,0.0,213.54,221.0,213.54
500,sporadic,storey_bh,0.1,5,23083,22842,139,39,100,0.2805755395683453,0.039290885175543626,0.0017073811400052535,0.8297872340425532,0.10638297872340426,0.016595744680851062,60256.41025641026,100,100,0.0,194.54,192.5,194.54
500,sporadic,storey_bh,0.2,5,22720,22486,260,161,99,0.6192307692307693,0.09528414847563785,0.007160010673307836,3.425531914893617,0.14893617021276595,0.06851063829787234,14596.273291925465,100,99,0.010000000000000009,177.40404040404042,174.0,190.54
500,sporadic,BatchBH,1e-05,5,23464,21245,12,0,12,0.0,0.0,0.0,0.0,0.0,0.0,inf,100,12,0.88,1273.0,1178.5,2172.54
500,sporadic,BatchBH,0.0001,5,23407,21516,31,0,31,0.0,0.0,0.0,0.0,0.0,0.0,inf,100,31,0.69,842.9354838709677,765.0,1844.54
500,sporadic,BatchBH,0.001,5,23293,22123,69,0,69,0.0,0.0,0.0,0.0,0.0,0.0,inf,100,69,0.31000000000000005,720.7246376811594,529.0,1123.54
500,sporadic,BatchBH,0.01,5,23218,22576,94,0,94,0.0,0.0,0.0,0.0,0.0,0.0,inf,100,94,0.06000000000000005,483.93617021276594,420.0,595.54
500,sporadic,BatchBH,0.05,5,23203,22757,99,0,99,0.0,0.0,0.0,0.0,0.0,0.0,inf,100,99,0.010000000000000009,386.7676767676768,340.0,399.54
500,sporadic,BatchBH,0.1,5,23200,22806,100,0,100,0.0,0.0,0.0,0.0,0.0,0.0,inf,100,100,0.0,347.54,333.5,347.54
500,sporadic,BatchBH,0.2,5,23200,22827,100,0,100,0.0,0.0,0.0,0.0,0.0,0.0,inf,100,100,0.0,326.54,323.5,326.54
500,sporadic,bonferroni,1e-05,5,23377,21720,41,0,41,0.0,0.0,0.0,0.0,0.0,0.0,inf,100,41,0.5900000000000001,717.2439024390244,471.0,1610.54
500,sporadic,bonferroni,0.0001,5,23284,22219,72,0,72,0.0,0.0,0.0,0.0,0.0,0.0,inf,100,72,0.28,620.25,441.0,1018.54
500,sporadic,bonferroni,0.001,5,23216,22630,95,0,95,0.0,0.0,0.0,0.0,0.0,0.0,inf,100,95,0.050000000000000044,444.34736842105264,383.0,539.54
500,sporadic,bonferroni,0.01,5,23200,22815,100,0,100,0.0,0.0,0.0,0.0,0.0,0.0,inf,100,100,0.0,338.54,299.5,338.54
500,sporadic,bonferroni,0.05,5,23200,22889,100,0,100,0.0,0.0,0.0,0.0,0.0,0.0,inf,100,100,0.0,264.54,257.0,264.54
500,sporadic,bonferroni,0.1,5,23200,22907,100,0,100,0.0,0.0,0.0,0.0,0.0,0.0,inf,100,100,0.0,246.54,239.5,246.54
500,sporadic,bonferroni,0.2,5,23197,22926,101,1,100,0.009900990099009901,0.005319148936170213,4.3618598970601065e-05,0.02127659574468085,0.02127659574468085,0.000425531914893617,2350000.0,100,100,0.0,224.54,226.5,224.54
500,2 events,LORD++,1e-05,0,23314,22439,62,0,62,0.0,0.0,0.0,0.0,0.0,0.0,inf,100,62,0.38,422.258064516129,419.0,807.0
500,2 events,LORD++,0.0001,0,23221,22678,93,0,93,0.0,0.0,0.0,0.0,0.0,0.0,inf,100,93,0.06999999999999995,402.26881720430106,419.0,475.0
500,2 events,LORD++,0.001,0,23203,22841,99,0,99,0.0,0.0,0.0,0.0,0.0,0.0,inf,100,99,0.010000000000000009,282.6363636363636,245.0,294.0
500,2 events,LORD++,0.01,0,23197,22880,101,1,100,0.009900990099009901,0.0002532928064842958,4.3706293706293706e-05,0.02127659574468085,0.02127659574468085,0.000425531914893617,2350000.0,100,100,0.0,249.0,245.0,249.0
500,2 events,LORD++,0.05,0,23182,22876,106,6,100,0.05660377358490566,0.001276595744680851,0.0002622836160167862,0.1276595744680851,0.02127659574468085,0.002553191489361702,391666.6666666667,100,100,0.0,238.0,245.0,238.0
500,2 events,LORD++,0.1,0,23149,22843,117,17,100,0.1452991452991453,0.008247120827640056,0.0007442104802346452,0.3617021276595745,0.0425531914893617,0.00723404255319149,138235.29411764705,100,100,0.0,238.0,245.0,238.0
500,2 events,LORD++,0.2,0,23089,22783,137,37,100,0.27007299270072993,0.03506382978723405,0.001624017908089365,0.7872340425531915,0.06382978723404255,0.01574468085106383,63513.51351351351,100,100,0.0,238.0,245.0,238.0
500,2 events,uncorrected,1e-05,0,23197,22855,101,1,100,0.009900990099009901,0.02127659574468085,4.3754101947057534e-05,0.02127659574468085,0.02127659574468085,0.000425531914893617,2350000.0,100,100,0.0,274.0,245.0,274.0
500,2 events,uncorrected,0.0001,0,23197,22908,101,1,100,0.009900990099009901,0.02127659574468085,4.365287235900122e-05,0.02127659574468085,0.02127659574468085,0.000425531914893617,2350000.0,100,100,0.0,221.0,219.0,221.0
500,2 events,uncorrected,0.001,0,23150,22900,117,17,100,0.1452991452991453,0.27701293283270756,0.0007423580786026201,0.3617021276595745,0.2978723404255319,0.00723404255319149,138235.29411764705,100,100,0.0,182.0,182.0,182.0
500,2 events,uncorrected,0.01,0,22795,22586,237,137,100,0.5780590717299579,0.6256291337955215,0.00606570441866643,2.9148936170212765,0.6595744680851063,0.05829787234042553,17153.284671532845,100,100,0.0,147.0,145.0,147.0
500,2 events,uncorrected,0.05,0,21889,21694,549,449,100,0.8178506375227687,0.8872389714942907,0.020696966903291234,9.553191489361701,0.9148936170212766,0.19106382978723405,5233.853006681515,100,100,0.0,132.0,119.0,132.0
500,2 events,uncorrected,0.1,0,21146,20954,801,701,100,0.8751560549313359,0.9668208612228513,0.03345423308198912,14.914893617021276,1.0,0.29829787234042554,3352.3537803138374,100,100,0.0,133.0,119.0,133.0
500,2 events,uncorrected,0.2,0,19224,19045,1451,1351,100,0.9310820124052378,0.9685855639441775,0.07093725387240746,28.74468085106383,1.0,0.5748936170212766,1739.4522575869726,100,100,0.0,131.0,119.0,131.0
500,2 events,bh_window,1e-05,0,23272,22611,76,0,76,0.0,0.0,0.0,0.0,0.0,0.0,inf,100,76,0.24,325.6578947368421,319.0,593.0
500,2 events,bh_window,0.0001,0,23218,22805,94,0,94,0.0,0.0,0.0,0.0,0.0,0.0,inf,100,94,0.06000000000000005,275.06382978723406,245.0,345.0
500,2 events,bh_window,0.001,0,23198,22894,101,1,100,0.009900990099009901,0.00024177949709864604,4.367956669869835e-05,0.02127659574468085,0.02127659574468085,0.000425531914893617,2350000.0,100,100,0.0,236.0,219.0,236.0
500,2 events,bh_window,0.01,0,23191,22950,103,3,100,0.02912621359223301,0.022266204849084613,0.00013071895424836603,0.06382978723404255,0.0425531914893617,0.001276595744680851,783333.3333333334,100,100,0.0,173.0,145.0,173.0
500,2 events,bh_window,0.05,0,23176,22968,108,8,100,0.07407407407407407,0.02278100150440576,0.00034831069313827936,0.1702127659574468,0.0425531914893617,0.003404255319148936,293750.0,100,100,0.0,140.0,145.0,140.0
500,2 events,bh_window,0.1,0,23146,22942,118,18,100,0.15254237288135594,0.04526112185686653,0.0007845872199459507,0.3829787234042553,0.06382978723404255,0.007659574468085106,130555.55555555556,100,100,0.0,136.0,145.0,136.0
500,2 events,bh_window,0.2,0,22711,22511,263,163,100,0.6197718631178707,0.08755413293165128,0.00724090444671494,3.4680851063829787,0.10638297872340426,0.06936170212765957,14417.177914110429,100,100,0.0,132.0,132.0,132.0
500,2 events,storey_bh,1e-05,0,23227,22787,91,0,91,0.0,0.0,0.0,0.0,0.0,0.0,inf,100,91,0.08999999999999997,266.45054945054943,245.0,372.0
500,2 events,storey_bh,0.0001,0,23200,22879,100,1,99,0.01,0.00021934634788330773,4.3708204029896414e-05,0.02127659574468085,0.02127659574468085,0.000425531914893617,2350000.0,100,99,0.010000000000000009,241.22222222222223,245.0,253.0
500,2 events,storey_bh,0.001,0,23191,22904,103,3,100,0.02912621359223301,0.02175472149175233,0.00013098148794970312,0.06382978723404255,0.0425531914893617,0.001276595744680851,783333.3333333334,100,100,0.0,219.0,219.0,219.0
500,2 events,storey_bh,0.01,0,23113,22880,129,29,100,0.2248062015503876,0.031042901988140914,0.0012674825174825175,0.6170212765957447,0.0425531914893617,0.012340425531914894,81034.4827586207,100,100,0.0,165.0,145.0,165.0
500,2 events,storey_bh,0.05,0,22675,22462,275,175,100,0.6363636363636364,0.053007736943907154,0.007790935802688986,3.723404255319149,0.0851063829787234,0.07446808510638298,13428.57142857143,100,100,0.0,145.0,145.0,145.0
500,2 events,storey_bh,0.1,0,21865,21658,545,445,100,0.8165137614678899,0.09752239641657336,0.020546680210545756,9.46808510638298,0.1276595744680851,0.18936170212765957,5280.898876404494,100,100,0.0,139.0,145.0,139.0
500,2 events,storey_bh,0.2,0,20997,20797,838,738,100,0.8806682577565632,0.1072013093289689,0.035485887387603984,15.702127659574469,0.1276595744680851,0.3140425531914894,3184.2818428184282,100,100,0.0,132.0,132.0,132.0
500,2 events,BatchBH,1e-05,0,23452,22083,16,0,16,0.0,0.0,0.0,0.0,0.0,0.0,inf,100,16,0.84,613.25,532.0,1301.0
500,2 events,BatchBH,0.0001,0,23389,22202,37,0,37,0.0,0.0,0.0,0.0,0.0,0.0,inf,100,37,0.63,582.8918918918919,519.0,1119.0
500,2 events,BatchBH,0.001,0,23278,22518,74,0,74,0.0,0.0,0.0,0.0,0.0,0.0,inf,100,74,0.26,429.5405405405405,519.0,692.0
500,2 events,BatchBH,0.01,0,23209,22743,97,0,97,0.0,0.0,0.0,0.0,0.0,0.0,inf,100,97,0.030000000000000027,365.88659793814435,319.0,398.0
500,2 events,BatchBH,0.05,0,23201,22829,100,0,100,0.0,0.0,0.0,0.0,0.0,0.0,inf,100,100,0.0,304.0,245.0,304.0
500,2 events,BatchBH,0.1,0,23200,22852,100,0,100,0.0,0.0,0.0,0.0,0.0,0.0,inf,100,100,0.0,280.0,245.0,280.0
500,2 events,BatchBH,0.2,0,23200,22874,100,0,100,0.0,0.0,0.0,0.0,0.0,0.0,inf,100,100,0.0,258.0,245.0,258.0
500,2 events,bonferroni,1e-05,0,23338,22354,54,0,54,0.0,0.0,0.0,0.0,0.0,0.0,inf,100,54,0.45999999999999996,473.0740740740741,432.0,916.0
500,2 events,bonferroni,0.0001,0,23256,22579,82,0,82,0.0,0.0,0.0,0.0,0.0,0.0,inf,100,82,0.18000000000000005,427.0731707317073,382.0,609.0
500,2 events,bonferroni,0.001,0,23204,22789,99,0,99,0.0,0.0,0.0,0.0,0.0,0.0,inf,100,99,0.010000000000000009,335.90909090909093,319.0,347.0
500,2 events,bonferroni,0.01,0,23197,22874,101,1,100,0.009900990099009901,0.02127659574468085,4.37177581533619e-05,0.02127659574468085,0.02127659574468085,0.000425531914893617,2350000.0,100,100,0.0,255.0,245.0,255.0
500,2 events,bonferroni,0.05,0,23197,22908,101,1,100,0.009900990099009901,0.02127659574468085,4.365287235900122e-05,0.02127659574468085,0.02127659574468085,0.000425531914893617,2350000.0,100,100,0.0,221.0,219.0,221.0
500,2 events,bonferroni,0.1,0,23191,22914,103,3,100,0.02912621359223301,0.06382978723404255,0.00013092432573972245,0.06382978723404255,0.06382978723404255,0.001276595744680851,783333.3333333334,100,100,0.0,209.0,219.0,209.0
500,2 events,bonferroni,0.2,0,23176,22905,108,8,100,0.07407407407407407,0.14893617021276595,0.0003492687186203886,0.1702127659574468,0.14893617021276595,0.003404255319148936,293750.0,100,100,0.0,203.0,219.0,203.0
500,2 events,LORD++,1e-05,1,23257,22545,81,0,81,0.0,0.0,0.0,0.0,0.0,0.0,inf,100,81,0.18999999999999995,468.3333333333333,451.0,681.0
500,2 events,LORD++,0.0001,1,23209,22730,97,0,97,0.0,0.0,0.0,0.0,0.0,0.0,inf,100,97,0.030000000000000027,416.97938144329896,487.0,448.0
500,2 events,LORD++,0.001,1,23206,22838,98,0,98,0.0,0.0,0.0,0.0,0.0,0.0,inf,100,98,0.020000000000000018,314.265306122449,287.0,337.0
500,2 events,LORD++,0.01,1,23197,22903,101,1,100,0.009900990099009901,0.0006447453255963894,4.366240230537484e-05,0.02127659574468085,0.02127659574468085,0.000425531914893617,2350000.0,100,100,0.0,263.0,287.0,263.0
500,2 events,LORD++,0.05,1,23194,22923,102,2,100,0.0196078431372549,0.0014980460269214068,8.724861492823801e-05,0.0425531914893617,0.0425531914893617,0.000851063829787234,1175000.0,100,100,0.0,240.0,269.0,240.0
500,2 events,LORD++,0.1,1,23194,22933,102,2,100,0.0196078431372549,0.0009924617511931843,8.721056992107443e-05,0.0425531914893617,0.0425531914893617,0.000851063829787234,1175000.0,100,100,0.0,230.0,269.0,230.0
500,2 events,LORD++,0.2,1,23185,22933,105,5,100,0.047619047619047616,0.004812563323201621,0.00021802642480268607,0.10638297872340426,0.06382978723404255,0.002127659574468085,470000.0,100,100,0.0,221.0,269.0,221.0
500,2 events,uncorrected,1e-05,1,23197,22886,101,1,100,0.009900990099009901,0.02127659574468085,4.369483527047103e-05,0.02127659574468085,0.02127659574468085,0.000425531914893617,2350000.0,100,100,0.0,280.0,251.0,280.0
500,2 events,uncorrected,0.0001,1,23188,22926,104,4,100,0.038461538461538464,0.0851063829787234,0.00017447439588240426,0.0851063829787234,0.0851063829787234,0.001702127659574468,587500.0,100,100,0.0,231.0,251.0,231.0
500,2 events,uncorrected,0.001,1,23089,22883,137,37,100,0.27007299270072993,0.3191489361702128,0.0016169208582790717,0.7872340425531915,0.3191489361702128,0.01574468085106383,63513.51351351351,100,100,0.0,175.0,187.0,175.0
500,2 events,uncorrected,0.01,1,22531,22330,323,225,98,0.6965944272445821,0.7697399527186761,0.010076130765785939,4.787234042553192,0.8085106382978723,0.09574468085106383,10444.444444444445,100,98,0.020000000000000018,152.30612244897958,151.0,183.0
500,2 events,uncorrected,0.05,1,21575,21405,642,543,99,0.8457943925233645,0.8104721519615137,0.02536790469516468,11.553191489361701,0.8723404255319149,0.23106382978723405,4327.80847145488,100,99,0.010000000000000009,132.45454545454547,151.0,148.0
500,2 events,uncorrected,0.1,1,20681,20522,940,841,99,0.8946808510638298,0.8767539332071649,0.040980411265958486,17.893617021276597,0.9361702127659575,0.3578723404255319,2794.292508917955,100,99,0.010000000000000009,135.4848484848485,151.0,151.0
500,2 events,uncorrected,0.2,1,18767,18615,1582,1482,100,0.9367888748419722,0.9227156826676388,0.07961321514907332,31.53191489361702,0.9787234042553191,0.6306382978723404,1585.6950067476382,100,100,0.0,178.0,151.0,178.0
500,2 events,bh_window,1e-05,1,23224,22718,92,0,92,0.0,0.0,0.0,0.0,0.0,0.0,inf,100,92,0.07999999999999996,385.0,351.0,475.0
500,2 events,bh_window,0.0001,1,23209,22836,97,0,97,0.0,0.0,0.0,0.0,0.0,0.0,inf,100,97,0.030000000000000027,307.70103092783506,287.0,342.0
500,2 events,bh_window,0.001,1,23197,22915,101,1,100,0.009900990099009901,0.0005189413596263622,4.363953742090334e-05,0.02127659574468085,0.02127659574468085,0.000425531914893617,2350000.0,100,100,0.0,251.0,251.0,251.0
500,2 events,bh_window,0.01,1,23194,22977,102,2,100,0.0196078431372549,0.0425531914893617,8.704356530443487e-05,0.0425531914893617,0.0425531914893617,0.000851063829787234,1175000.0,100,100,0.0,186.0,187.0,186.0
500,2 events,bh_window,0.05,1,23020,22818,160,61,99,0.38125,0.10735009671179883,0.0026733280743272856,1.297872340425532,0.1276595744680851,0.02595744680851064,38524.59016393442,100,99,0.010000000000000009,160.0909090909091,151.0,173.0
500,2 events,bh_window,0.1,1,22813,22618,229,130,99,0.5676855895196506,0.08897485493230174,0.005747634627288001,2.765957446808511,0.10638297872340426,0.05531914893617021,18076.923076923078,100,99,0.010000000000000009,153.02020202020202,151.0,166.0
500,2 events,bh_window,0.2,1,22555,22381,315,215,100,0.6825396825396826,0.06642449403217436,0.00960636253965417,4.574468085106383,0.0851063829787234,0.09148936170212765,10930.232558139534,100,100,0.0,143.0,151.0,143.0
500,2 events,storey_bh,1e-05,1,23212,22763,96,0,96,0.0,0.0,0.0,0.0,0.0,0.0,inf,100,96,0.040000000000000036,374.9583333333333,351.0,418.0
500,2 events,storey_bh,0.0001,1,23209,22847,97,0,97,0.0,0.0,0.0,0.0,0.0,0.0,inf,100,97,0.030000000000000027,296.36082474226805,287.0,331.0
500,2 events,storey_bh,0.001,1,23197,22921,101,1,100,0.009900990099009901,0.0005189413596263622,4.3628113956633656e-05,0.02127659574468085,0.02127659574468085,0.000425531914893617,2350000.0,100,100,0.0,245.0,251.0,245.0
500,2 events,storey_bh,0.01,1,22720,22472,260,160,100,0.6153846153846154,0.0851063829787234,0.00711997152011392,3.404255319148936,0.0851063829787234,0.06808510638297872,14687.5,100,100,0.0,217.0,187.0,217.0
500,2 events,storey_bh,0.05,1,22258,22023,414,314,100,0.7584541062801933,0.06382978723404255,0.014257821368569222,6.680851063829787,0.06382978723404255,0.13361702127659575,7484.076433121019,100,100,0.0,204.0,187.0,204.0
500,2 events,storey_bh,0.1,1,21043,20821,819,719,100,0.8778998778998779,0.0851063829787234,0.034532443206378174,15.297872340425531,0.0851063829787234,0.3059574468085106,3268.4283727399165,100,100,0.0,191.0,187.0,191.0
500,2 events,storey_bh,0.2,1,19927,19733,1191,1091,100,0.9160369437447523,0.09000324182292822,0.0552880960827041,23.21276595744681,0.1276595744680851,0.4642553191489362,2153.987167736022,100,100,0.0,163.0,151.0,163.0
500,2 events,BatchBH,1e-05,1,23419,22083,27,0,27,0.0,0.0,0.0,0.0,0.0,0.0,inf,100,27,0.73,569.3703703703703,487.0,1305.0
500,2 events,BatchBH,0.0001,1,23311,22373,63,0,63,0.0,0.0,0.0,0.0,0.0,0.0,inf,100,63,0.37,508.8412698412698,451.0,907.0
500,2 events,BatchBH,0.001,1,23242,22580,86,0,86,0.0,0.0,0.0,0.0,0.0,0.0,inf,100,86,0.14,472.8139534883721,451.0,631.0
500,2 events,BatchBH,0.01,1,23212,22780,96,0,96,0.0,0.0,0.0,0.0,0.0,0.0,inf,100,96,0.040000000000000036,357.25,351.0,401.0
500,2 events,BatchBH,0.05,1,23209,22838,97,0,97,0.0,0.0,0.0,0.0,0.0,0.0,inf,100,97,0.030000000000000027,305.63917525773195,287.0,340.0
500,2 events,BatchBH,0.1,1,23200,22880,100,1,99,0.01,0.02127659574468085,4.3706293706293706e-05,0.02127659574468085,0.02127659574468085,0.000425531914893617,2350000.0,100,99,0.010000000000000009,277.26262626262627,251.0,289.0
500,2 events,BatchBH,0.2,1,23194,22905,102,2,100,0.0196078431372549,0.02127659574468085,8.731717965509715e-05,0.0425531914893617,0.02127659574468085,0.000851063829787234,1175000.0,100,100,0.0,258.0,251.0,258.0
500,2 events,bonferroni,1e-05,1,23269,22484,77,0,77,0.0,0.0,0.0,0.0,0.0,0.0,inf,100,77,0.22999999999999998,496.76623376623377,451.0,754.0
500,2 events,bonferroni,0.0001,1,23218,22696,94,0,94,0.0,0.0,0.0,0.0,0.0,0.0,inf,100,94,0.06000000000000005,424.70212765957444,387.0,491.0
500,2 events,bonferroni,0.001,1,23206,22825,98,0,98,0.0,0.0,0.0,0.0,0.0,0.0,inf,100,98,0.020000000000000018,327.53061224489795,351.0,350.0
500,2 events,bonferroni,0.01,1,23194,22902,102,2,100,0.0196078431372549,0.0425531914893617,8.732861758798358e-05,0.0425531914893617,0.0425531914893617,0.000851063829787234,1175000.0,100,100,0.0,261.0,251.0,261.0
500,2 events,bonferroni,0.05,1,23188,22930,104,4,100,0.038461538461538464,0.0851063829787234,0.00017444395987788923,0.0851063829787234,0.0851063829787234,0.001702127659574468,587500.0,100,100,0.0,227.0,251.0,227.0
500,2 events,bonferroni,0.1,1,23170,22927,110,10,100,0.09090909090909091,0.14893617021276595,0.00043616696471409256,0.2127659574468085,0.14893617021276595,0.00425531914893617,235000.0,100,100,0.0,212.0,187.0,212.0
500,2 events,bonferroni,0.2,1,23146,22919,118,18,100,0.15254237288135594,0.2127659574468085,0.0007853745800427593,0.3829787234042553,0.2127659574468085,0.007659574468085106,130555.55555555556,100,100,0.0,196.0,187.0,196.0
500,2 events,LORD++,1e-05,2,23344,21394,52,0,52,0.0,0.0,0.0,0.0,0.0,0.0,inf,100,52,0.48,690.0,504.0,1890.0
500,2 events,LORD++,0.0001,2,23248,22223,85,0,85,0.0,0.0,0.0,0.0,0.0,0.0,inf,100,85,0.15000000000000002,579.9058823529411,404.0,965.0
500,2 events,LORD++,0.001,2,23218,22623,94,0,94,0.0,0.0,0.0,0.0,0.0,0.0,inf,100,94,0.06000000000000005,379.1914893617021,404.0,535.0
500,2 events,LORD++,0.01,2,23203,22800,99,0,99,0.0,0.0,0.0,0.0,0.0,0.0,inf,100,99,0.010000000000000009,316.4040404040404,304.0,343.0
500,2 events,LORD++,0.05,2,23200,22872,100,0,100,0.0,0.0,0.0,0.0,0.0,0.0,inf,100,100,0.0,268.0,304.0,268.0
500,2 events,LORD++,0.1,2,23200,22896,100,0,100,0.0,0.0,0.0,0.0,0.0,0.0,inf,100,100,0.0,244.0,276.0,244.0
500,2 events,LORD++,0.2,2,23194,22905,102,2,100,0.0196078431372549,0.0027186761229314417,8.731717965509715e-05,0.0425531914893617,0.0425531914893617,0.000851063829787234,1175000.0,100,100,0.0,229.0,204.0,229.0
500,2 events,uncorrected,1e-05,2,23203,22766,99,0,99,0.0,0.0,0.0,0.0,0.0,0.0,inf,100,99,0.010000000000000009,350.74747474747477,304.0,377.0
500,2 events,uncorrected,0.0001,2,23200,22865,100,0,100,0.0,0.0,0.0,0.0,0.0,0.0,inf,100,100,0.0,275.0,276.0,275.0
500,2 events,uncorrected,0.001,2,23190,22925,106,6,100,0.05660377358490566,0.10638297872340426,0.0002617230098146129,0.1276595744680851,0.10638297872340426,0.002553191489361702,391666.6666666667,100,100,0.0,205.0,204.0,205.0
500,2 events,uncorrected,0.01,2,22937,22724,195,95,100,0.48717948717948717,0.5638082522181066,0.004180602006688963,2.021276595744681,0.6170212765957447,0.04042553191489362,24736.842105263157,100,100,0.0,153.0,176.0,153.0
500,2 events,uncorrected,0.05,2,22247,22074,441,341,100,0.7732426303854876,0.8025156232705848,0.015448038416236296,7.25531914893617,0.8723404255319149,0.1451063829787234,6891.49560117302,100,100,0.0,117.0,104.0,117.0
500,2 events,uncorrected,0.1,2,21349,21189,762,662,100,0.868766404199475,0.8766212767549183,0.03124262589079239,14.085106382978724,0.9361702127659575,0.2817021276595745,3549.8489425981875,100,100,0.0,110.0,104.0,110.0
500,2 events,uncorrected,0.2,2,19530,19387,1389,1289,100,0.9280057595392368,0.9137325637325637,0.06648785268478878,27.425531914893618,0.9574468085106383,0.5485106382978724,1823.1186966640807,100,100,0.0,120.0,104.0,120.0
500,2 events,bh_window,1e-05,2,23257,22065,81,0,81,0.0,0.0,0.0,0.0,0.0,0.0,inf,100,81,0.18999999999999995,662.4691358024692,404.0,1132.0
500,2 events,bh_window,0.0001,2,23227,22535,91,0,91,0.0,0.0,0.0,0.0,0.0,0.0,inf,100,91,0.08999999999999997,390.7692307692308,376.0,632.0
500,2 events,bh_window,0.001,2,23206,22786,98,0,98,0.0,0.0,0.0,0.0,0.0,0.0,inf,100,98,0.020000000000000018,306.61224489795916,276.0,360.0
500,2 events,bh_window,0.01,2,23200,22898,100,0,100,0.0,0.0,0.0,0.0,0.0,0.0,inf,100,100,0.0,242.0,204.0,242.0
500,2 events,bh_window,0.05,2,23194,22938,102,2,100,0.0196078431372549,0.0009250693802035152,8.719155985700585e-05,0.0425531914893617,0.0425531914893617,0.000851063829787234,1175000.0,100,100,0.0,196.0,190.0,196.0
500,2 events,bh_window,0.1,2,23191,22946,104,4,100,0.038461538461538464,0.043520309477756286,0.0001743223219733287,0.0851063829787234,0.0851063829787234,0.001702127659574468,587500.0,100,100,0.0,185.0,176.0,185.0
500,2 events,bh_window,0.2,2,23139,22934,135,35,100,0.25925925925925924,0.030057776962582543,0.0015261184267899189,0.7446808510638298,0.06382978723404255,0.014893617021276596,67142.85714285714,100,100,0.0,145.0,176.0,145.0
500,2 events,storey_bh,1e-05,2,23239,22269,87,0,87,0.0,0.0,0.0,0.0,0.0,0.0,inf,100,87,0.13,576.6896551724138,404.0,910.0
500,2 events,storey_bh,0.0001,2,23206,22682,98,0,98,0.0,0.0,0.0,0.0,0.0,0.0,inf,100,98,0.020000000000000018,412.734693877551,376.0,464.0
500,2 events,storey_bh,0.001,2,23206,22789,98,0,98,0.0,0.0,0.0,0.0,0.0,0.0,inf,100,98,0.020000000000000018,303.55102040816325,276.0,357.0
500,2 events,storey_bh,0.01,2,23200,22905,100,0,100,0.0,0.0,0.0,0.0,0.0,0.0,inf,100,100,0.0,235.0,204.0,235.0
500,2 events,storey_bh,0.05,2,23011,22759,193,93,100,0.48186528497409326,0.04352231179243205,0.0040862955314381125,1.9787234042553192,0.0851063829787234,0.03957446808510638,25268.817204301075,100,100,0.0,192.0,190.0,192.0
500,2 events,storey_bh,0.1,2,22975,22749,175,75,100,0.42857142857142855,0.02905498756562586,0.0032968482131082687,1.5957446808510638,0.06382978723404255,0.031914893617021274,31333.333333333332,100,100,0.0,166.0,176.0,166.0
500,2 events,storey_bh,0.2,2,21880,21699,541,441,100,0.8151571164510166,0.057117823075269886,0.020323517212774783,9.382978723404255,0.0851063829787234,0.1876595744680851,5328.798185941043,100,100,0.0,121.0,104.0,121.0
500,2 events,BatchBH,1e-05,2,23435,20666,25,0,25,0.0,0.0,0.0,0.0,0.0,0.0,inf,100,25,0.75,1240.32,876.0,2709.0
500,2 events,BatchBH,0.0001,2,23338,21410,55,0,55,0.0,0.0,0.0,0.0,0.0,0.0,inf,100,55,0.44999999999999996,766.9090909090909,676.0,1868.0
500,2 events,BatchBH,0.001,2,23251,22173,83,0,83,0.0,0.0,0.0,0.0,0.0,0.0,inf,100,83,0.17000000000000004,580.8674698795181,476.0,1018.0
500,2 events,BatchBH,0.01,2,23214,22597,96,0,96,0.0,0.0,0.0,0.0,0.0,0.0,inf,100,96,0.040000000000000036,451.75,376.0,557.0
500,2 events,BatchBH,0.05,2,23203,22776,99,0,99,0.0,0.0,0.0,0.0,0.0,0.0,inf,100,99,0.010000000000000009,340.64646464646466,276.0,367.0
500,2 events,BatchBH,0.1,2,23200,22809,100,0,100,0.0,0.0,0.0,0.0,0.0,0.0,inf,100,100,0.0,331.0,276.0,331.0
500,2 events,BatchBH,0.2,2,23200,22838,100,0,100,0.0,0.0,0.0,0.0,0.0,0.0,inf,100,100,0.0,302.0,276.0,302.0
500,2 events,bonferroni,1e-05,2,23344,21306,54,0,54,0.0,0.0,0.0,0.0,0.0,0.0,inf,100,54,0.45999999999999996,921.7777777777778,626.0,1978.0
500,2 events,bonferroni,0.0001,2,23249,22122,84,0,84,0.0,0.0,0.0,0.0,0.0,0.0,inf,100,84,0.16000000000000003,672.8095238095239,476.0,1067.0
500,2 events,bonferroni,0.001,2,23206,22600,98,0,98,0.0,0.0,0.0,0.0,0.0,0.0,inf,100,98,0.020000000000000018,496.40816326530614,404.0,546.0
500,2 events,bonferroni,0.01,2,23200,22825,100,0,100,0.0,0.0,0.0,0.0,0.0,0.0,inf,100,100,0.0,315.0,304.0,315.0
500,2 events,bonferroni,0.05,2,23200,22865,100,0,100,0.0,0.0,0.0,0.0,0.0,0.0,inf,100,100,0.0,275.0,276.0,275.0
500,2 events,bonferroni,0.1,2,23197,22886,102,2,100,0.0196078431372549,0.0425531914893617,8.738967054094207e-05,0.0425531914893617,0.0425531914893617,0.000851063829787234,1175000.0,100,100,0.0,251.0,276.0,251.0
500,2 events,bonferroni,0.2,2,23197,22905,102,2,100,0.0196078431372549,0.0425531914893617,8.731717965509715e-05,0.0425531914893617,0.0425531914893617,0.000851063829787234,1175000.0,100,100,0.0,232.0,204.0,232.0
500,2 events,LORD++,1e-05,3,23446,20875,19,0,19,0.0,0.0,0.0,0.0,0.0,0.0,inf,100,19,0.81,1031.6315789473683,716.0,2522.5
500,2 events,LORD++,0.0001,3,23293,21797,69,0,69,0.0,0.0,0.0,0.0,0.0,0.0,inf,100,69,0.31000000000000005,782.6811594202899,516.0,1447.5
500,2 events,LORD++,0.001,3,23242,22448,86,0,86,0.0,0.0,0.0,0.0,0.0,0.0,inf,100,86,0.14,394.86046511627904,387.0,745.5
500,2 events,LORD++,0.01,3,23206,22775,98,0,98,0.0,0.0,0.0,0.0,0.0,0.0,inf,100,98,0.020000000000000018,338.9591836734694,316.0,382.5
500,2 events,LORD++,0.05,3,23203,22845,99,0,99,0.0,0.0,0.0,0.0,0.0,0.0,inf,100,99,0.010000000000000009,287.2121212121212,287.0,309.5
500,2 events,LORD++,0.1,3,23200,22872,100,0,100,0.0,0.0,0.0,0.0,0.0,0.0,inf,100,100,0.0,279.5,287.0,279.5
500,2 events,LORD++,0.2,3,23200,22883,100,0,100,0.0,0.0,0.0,0.0,0.0,0.0,inf,100,100,0.0,268.5,287.0,268.5
500,2 events,uncorrected,1e-05,3,23218,22613,94,0,94,0.0,0.0,0.0,0.0,0.0,0.0,inf,100,94,0.06000000000000005,410.01063829787233,316.0,556.5
500,2 events,uncorrected,0.0001,3,23203,22835,99,0,99,0.0,0.0,0.0,0.0,0.0,0.0,inf,100,99,0.010000000000000009,297.3131313131313,287.0,319.5
500,2 events,uncorrected,0.001,3,23200,22920,100,0,100,0.0,0.0,0.0,0.0,0.0,0.0,inf,100,100,0.0,231.5,216.0,231.5
500,2 events,uncorrected,0.01,3,23167,22946,112,12,100,0.10714285714285714,0.19148936170212766,0.0005229669659199861,0.2553191489361702,0.19148936170212766,0.005106382978723404,195833.33333333334,100,100,0.0,172.5,187.0,172.5
500,2 events,uncorrected,0.05,3,22924,22735,196,96,100,0.4897959183673469,0.5936170212765958,0.004222564328128437,2.0425531914893615,0.5957446808510638,0.04085106382978723,24479.166666666668,100,100,0.0,147.5,116.0,147.5
500,2 events,uncorrected,0.1,3,22533,22360,335,235,100,0.7014925373134329,0.7354712901108237,0.01050983899821109,5.0,0.7659574468085106,0.1,10000.0,100,100,0.0,133.5,116.0,133.5
500,2 events,uncorrected,0.2,3,21240,21088,792,692,100,0.8737373737373737,0.8939034937252318,0.032814871016691956,14.72340425531915,0.9361702127659575,0.294468085106383,3395.9537572254335,100,100,0.0,118.5,116.0,118.5
500,2 events,bh_window,1e-05,3,23365,21470,52,0,52,0.0,0.0,0.0,0.0,0.0,0.0,inf,100,52,0.48,867.1923076923077,416.0,1846.5
500,2 events,bh_window,0.0001,3,23272,22216,76,0,76,0.0,0.0,0.0,0.0,0.0,0.0,inf,100,76,0.24,416.35526315789474,387.0,1007.5
500,2 events,bh_window,0.001,3,23215,22679,95,0,95,0.0,0.0,0.0,0.0,0.0,0.0,inf,100,95,0.050000000000000044,366.61052631578946,316.0,487.5
500,2 events,bh_window,0.01,3,23203,22866,99,0,99,0.0,0.0,0.0,0.0,0.0,0.0,inf,100,99,0.010000000000000009,266.0,216.0,288.5
500,2 events,bh_window,0.05,3,23203,22906,99,0,99,0.0,0.0,0.0,0.0,0.0,0.0,inf,100,99,0.010000000000000009,225.59595959595958,216.0,248.5
500,2 events,bh_window,0.1,3,23200,22945,100,0,100,0.0,0.0,0.0,0.0,0.0,0.0,inf,100,100,0.0,206.5,187.0,206.5
500,2 events,bh_window,0.2,3,23200,22978,100,0,100,0.0,0.0,0.0,0.0,0.0,0.0,inf,100,100,0.0,173.5,187.0,173.5
500,2 events,storey_bh,1e-05,3,23374,21480,53,0,53,0.0,0.0,0.0,0.0,0.0,0.0,inf,100,53,0.47,934.3962264150944,416.0,1845.5
500,2 events,storey_bh,0.0001,3,23272,22258,79,0,79,0.0,0.0,0.0,0.0,0.0,0.0,inf,100,79,0.20999999999999996,459.9113924050633,387.0,965.5
500,2 events,storey_bh,0.001,3,23212,22707,96,0,96,0.0,0.0,0.0,0.0,0.0,0.0,inf,100,96,0.040000000000000036,363.6979166666667,287.0,456.5
500,2 events,storey_bh,0.01,3,23206,22851,98,0,98,0.0,0.0,0.0,0.0,0.0,0.0,inf,100,98,0.020000000000000018,261.40816326530614,216.0,306.5
500,2 events,storey_bh,0.05,3,23203,22910,99,0,99,0.0,0.0,0.0,0.0,0.0,0.0,inf,100,99,0.010000000000000009,221.55555555555554,216.0,244.5
500,2 events,storey_bh,0.1,3,23200,22942,100,0,100,0.0,0.0,0.0,0.0,0.0,0.0,inf,100,100,0.0,209.5,216.0,209.5
500,2 events,storey_bh,0.2,3,23200,22953,100,0,100,0.0,0.0,0.0,0.0,0.0,0.0,inf,100,100,0.0,198.5,187.0,198.5
500,2 events,BatchBH,1e-05,3,23497,20618,1,0,1,0.0,0.0,0.0,0.0,0.0,0.0,inf,100,1,0.99,416.0,416.0,2830.5
500,2 events,BatchBH,0.0001,3,23479,20735,8,0,8,0.0,0.0,0.0,0.0,0.0,0.0,inf,100,8,0.92,901.5,466.0,2695.5
500,2 events,BatchBH,0.001,3,23338,21495,54,0,54,0.0,0.0,0.0,0.0,0.0,0.0,inf,100,54,0.45999999999999996,856.8148148148148,716.0,1794.5
500,2 events,BatchBH,0.01,3,23257,22274,82,0,82,0.0,0.0,0.0,0.0,0.0,0.0,inf,100,82,0.18000000000000005,489.1463414634146,387.0,934.5
500,2 events,BatchBH,0.05,3,23212,22636,96,0,96,0.0,0.0,0.0,0.0,0.0,0.0,inf,100,96,0.040000000000000036,437.65625,316.0,527.5
500,2 events,BatchBH,0.1,3,23212,22673,96,0,96,0.0,0.0,0.0,0.0,0.0,0.0,inf,100,96,0.040000000000000036,399.1145833333333,316.0,490.5
500,2 events,BatchBH,0.2,3,23206,22783,98,0,98,0.0,0.0,0.0,0.0,0.0,0.0,inf,100,98,0.020000000000000018,330.7959183673469,287.0,374.5
500,2 events,bonferroni,1e-05,3,23425,21001,26,0,26,0.0,0.0,0.0,0.0,0.0,0.0,inf,100,26,0.74,969.1153846153846,601.5,2375.5
500,2 events,bonferroni,0.0001,3,23341,21530,55,0,55,0.0,0.0,0.0,0.0,0.0,0.0,inf,100,55,0.44999999999999996,816.6,516.0,1762.5
500,2 events,bonferroni,0.001,3,23248,22263,84,0,84,0.0,0.0,0.0,0.0,0.0,0.0,inf,100,84,0.16000000000000003,547.7738095238095,387.0,936.5
500,2 events,bonferroni,0.01,3,23206,22741,98,0,98,0.0,0.0,0.0,0.0,0.0,0.0,inf,100,98,0.020000000000000018,366.8061224489796,316.0,416.5
500,2 events,bonferroni,0.05,3,23203,22838,99,0,99,0.0,0.0,0.0,0.0,0.0,0.0,inf,100,99,0.010000000000000009,294.2828282828283,287.0,316.5
500,2 events,bonferroni,0.1,3,23203,22859,99,0,99,0.0,0.0,0.0,0.0,0.0,0.0,inf,100,99,0.010000000000000009,273.07070707070704,287.0,295.5
500,2 events,bonferroni,0.2,3,23200,22890,100,0,100,0.0,0.0,0.0,0.0,0.0,0.0,inf,100,100,0.0,261.5,216.0,261.5
500,2 events,LORD++,1e-05,4,23500,21150,0,0,0,0.0,0.0,0.0,0.0,0.0,0.0,inf,100,0,1.0,,,2286.5
500,2 events,LORD++,0.0001,4,23314,21331,62,0,62,0.0,0.0,0.0,0.0,0.0,0.0,inf,100,62,0.38,1669.5483870967741,1478.0,1919.5
500,2 events,LORD++,0.001,4,23248,22425,84,0,84,0.0,0.0,0.0,0.0,0.0,0.0,inf,100,84,0.16000000000000003,462.48809523809524,445.0,759.5
500,2 events,LORD++,0.01,4,23215,22705,95,0,95,0.0,0.0,0.0,0.0,0.0,0.0,inf,100,95,0.050000000000000044,357.82105263157894,345.0,446.5
500,2 events,LORD++,0.05,4,23200,22800,100,0,100,0.0,0.0,0.0,0.0,0.0,0.0,inf,100,100,0.0,336.5,345.0,336.5
500,2 events,LORD++,0.1,4,23200,22828,100,0,100,0.0,0.0,0.0,0.0,0.0,0.0,inf,100,100,0.0,308.5,345.0,308.5
500,2 events,LORD++,0.2,4,23197,22838,101,1,100,0.009900990099009901,0.0004625346901017576,4.378667133724494e-05,0.02127659574468085,0.02127659574468085,0.000425531914893617,2350000.0,100,100,0.0,295.5,336.5,295.5
500,2 events,uncorrected,1e-05,4,23228,22472,91,0,91,0.0,0.0,0.0,0.0,0.0,0.0,inf,100,91,0.08999999999999997,543.3736263736264,345.0,692.5
500,2 events,uncorrected,0.0001,4,23206,22766,98,0,98,0.0,0.0,0.0,0.0,0.0,0.0,inf,100,98,0.020000000000000018,337.5204081632653,328.0,376.5
500,2 events,uncorrected,0.001,4,23197,22885,101,1,100,0.009900990099009901,0.02127659574468085,4.3696744592527856e-05,0.02127659574468085,0.02127659574468085,0.000425531914893617,2350000.0,100,100,0.0,248.5,228.0,248.5
500,2 events,uncorrected,0.01,4,23169,22918,111,11,100,0.0990990990990991,0.17083854818523153,0.0004799720743520377,0.23404255319148937,0.19148936170212766,0.004680851063829788,213636.36363636365,100,100,0.0,187.5,186.5,187.5
500,2 events,uncorrected,0.05,4,22967,22758,179,79,100,0.441340782122905,0.5066892327530625,0.0034713067932155726,1.6808510638297873,0.5531914893617021,0.03361702127659574,29746.835443037973,100,100,0.0,145.5,145.0,145.5
500,2 events,uncorrected,0.1,4,22549,22355,323,223,100,0.6904024767801857,0.8129455650732248,0.009975397002907628,4.74468085106383,0.8723404255319149,0.09489361702127659,10538.11659192825,100,100,0.0,134.5,128.0,134.5
500,2 events,uncorrected,0.2,4,21384,21202,717,617,100,0.8605299860529986,0.9323997684180055,0.02910102820488633,13.127659574468085,1.0,0.2625531914893617,3808.7520259319285,100,100,0.0,127.5,128.0,127.5
500,2 events,bh_window,1e-05,4,23360,21662,47,0,47,0.0,0.0,0.0,0.0,0.0,0.0,inf,100,47,0.53,871.7659574468086,928.0,1634.5
500,2 events,bh_window,0.0001,4,23290,22134,70,0,70,0.0,0.0,0.0,0.0,0.0,0.0,inf,100,70,0.30000000000000004,573.4,428.0,1092.5
500,2 events,bh_window,0.001,4,23242,22524,86,0,86,0.0,0.0,0.0,0.0,0.0,0.0,inf,100,86,0.14,388.8255813953488,328.0,654.5
500,2 events,bh_window,0.01,4,23200,22838,100,0,100,0.0,0.0,0.0,0.0,0.0,0.0,inf,100,100,0.0,298.5,245.0,298.5
500,2 events,bh_window,0.05,4,23200,22900,100,0,100,0.0,0.0,0.0,0.0,0.0,0.0,inf,100,100,0.0,236.5,228.0,236.5
500,2 events,bh_window,0.1,4,23200,22917,100,0,100,0.0,0.0,0.0,0.0,0.0,0.0,inf,100,100,0.0,219.5,228.0,219.5
500,2 events,bh_window,0.2,4,23197,22938,101,1,100,0.009900990099009901,0.0004728132387706856,4.3595779928502924e-05,0.02127659574468085,0.02127659574468085,0.000425531914893617,2350000.0,100,100,0.0,195.5,228.0,195.5
500,2 events,storey_bh,1e-05,4,23350,21657,50,0,50,0.0,0.0,0.0,0.0,0.0,0.0,inf,100,50,0.5,962.16,928.0,1629.5
500,2 events,storey_bh,0.0001,4,23275,22161,75,0,75,0.0,0.0,0.0,0.0,0.0,0.0,inf,100,75,0.25,621.2666666666667,428.0,1050.5
500,2 events,storey_bh,0.001,4,23242,22497,86,0,86,0.0,0.0,0.0,0.0,0.0,0.0,inf,100,86,0.14,420.22093023255815,336.5,681.5
500,2 events,storey_bh,0.01,4,23200,22808,100,0,100,0.0,0.0,0.0,0.0,0.0,0.0,inf,100,100,0.0,328.5,245.0,328.5
500,2 events,storey_bh,0.05,4,23200,22878,100,0,100,0.0,0.0,0.0,0.0,0.0,0.0,inf,100,100,0.0,258.5,245.0,258.5
500,2 events,storey_bh,0.1,4,23200,22912,100,0,100,0.0,0.0,0.0,0.0,0.0,0.0,inf,100,100,0.0,224.5,228.0,224.5
500,2 events,storey_bh,0.2,4,23197,22919,101,1,100,0.009900990099009901,0.0004091653027823241,4.363192111348663e-05,0.02127659574468085,0.02127659574468085,0.000425531914893617,2350000.0,100,100,0.0,214.5,228.0,214.5
500,2 events,BatchBH,1e-05,4,23500,21150,0,0,0,0.0,0.0,0.0,0.0,0.0,0.0,inf,100,0,1.0,,,2286.5
500,2 events,BatchBH,0.0001,4,23485,21214,5,0,5,0.0,0.0,0.0,0.0,0.0,0.0,inf,100,5,0.95,758.2,928.0,2207.5
500,2 events,BatchBH,0.001,4,23401,21432,33,0,33,0.0,0.0,0.0,0.0,0.0,0.0,inf,100,33,0.6699999999999999,1092.7878787878788,945.0,1905.5
500,2 events,BatchBH,0.01,4,23284,22076,72,0,72,0.0,0.0,0.0,0.0,0.0,0.0,inf,100,72,0.28,678.8472222222222,486.5,1144.5
500,2 events,BatchBH,0.05,4,23230,22349,90,0,90,0.0,0.0,0.0,0.0,0.0,0.0,inf,100,90,0.09999999999999998,660.0222222222222,345.0,817.5
500,2 events,BatchBH,0.1,4,23230,22461,90,0,90,0.0,0.0,0.0,0.0,0.0,0.0,inf,100,90,0.09999999999999998,535.5777777777778,345.0,705.5
500,2 events,BatchBH,0.2,4,23224,22581,92,0,92,0.0,0.0,0.0,0.0,0.0,0.0,inf,100,92,0.07999999999999996,436.6847826086956,345.0,579.5
500,2 events,bonferroni,1e-05,4,23445,21312,19,0,19,0.0,0.0,0.0,0.0,0.0,0.0,inf,100,19,0.81,1130.7894736842106,1045.0,2069.5
500,2 events,bonferroni,0.0001,4,23358,21655,48,0,48,0.0,0.0,0.0,0.0,0.0,0.0,inf,100,48,0.52,895.5,928.0,1639.5
500,2 events,bonferroni,0.001,4,23260,22198,80,0,80,0.0,0.0,0.0,0.0,0.0,0.0,inf,100,80,0.19999999999999996,663.575,428.0,998.5
500,2 events,bonferroni,0.01,4,23221,22548,93,0,93,0.0,0.0,0.0,0.0,0.0,0.0,inf,100,93,0.06999999999999995,491.61290322580646,345.0,609.5
500,2 events,bonferroni,0.05,4,23206,22774,98,0,98,0.0,0.0,0.0,0.0,0.0,0.0,inf,100,98,0.020000000000000018,329.35714285714283,328.0,368.5
500,2 events,bonferroni,0.1,4,23200,22823,100,1,99,0.01,0.02127659574468085,4.381544932743285e-05,0.02127659574468085,0.02127659574468085,0.000425531914893617,2350000.0,100,99,0.010000000000000009,290.95959595959596,245.0,313.5
500,2 events,bonferroni,0.2,4,23197,22855,101,1,100,0.009900990099009901,0.02127659574468085,4.3754101947057534e-05,0.02127659574468085,0.02127659574468085,0.000425531914893617,2350000.0,100,100,0.0,278.5,245.0,278.5
500,2 events,LORD++,1e-05,5,23383,21473,39,0,39,0.0,0.0,0.0,0.0,0.0,0.0,inf,100,39,0.61,1104.179487179487,767.0,1852.0
500,2 events,LORD++,0.0001,5,23293,22049,69,0,69,0.0,0.0,0.0,0.0,0.0,0.0,inf,100,69,0.31000000000000005,789.463768115942,617.0,1186.0
500,2 events,LORD++,0.001,5,23245,22549,85,0,85,0.0,0.0,0.0,0.0,0.0,0.0,inf,100,85,0.15000000000000002,418.1764705882353,317.0,638.0
500,2 events,LORD++,0.01,5,23209,22832,97,0,97,0.0,0.0,0.0,0.0,0.0,0.0,inf,100,97,0.030000000000000027,292.77319587628864,317.0,319.0
500,2 events,LORD++,0.05,5,23200,22890,100,0,100,0.0,0.0,0.0,0.0,0.0,0.0,inf,100,100,0.0,252.0,267.0,252.0
500,2 events,LORD++,0.1,5,23200,22910,100,0,100,0.0,0.0,0.0,0.0,0.0,0.0,inf,100,100,0.0,232.0,217.0,232.0
500,2 events,LORD++,0.2,5,23194,22926,102,2,100,0.0196078431372549,0.002099195901231054,8.723719794120213e-05,0.0425531914893617,0.0425531914893617,0.000851063829787234,1175000.0,100,100,0.0,210.0,217.0,210.0
500,2 events,uncorrected,1e-05,5,23208,22749,98,0,98,0.0,0.0,0.0,0.0,0.0,0.0,inf,100,98,0.020000000000000018,385.3673469387755,317.0,401.0
500,2 events,uncorrected,0.0001,5,23200,22889,100,0,100,0.0,0.0,0.0,0.0,0.0,0.0,inf,100,100,0.0,253.0,267.0,253.0
500,2 events,uncorrected,0.001,5,23194,22943,102,2,100,0.0196078431372549,0.0425531914893617,8.717255807871682e-05,0.0425531914893617,0.0425531914893617,0.000851063829787234,1175000.0,100,100,0.0,193.0,217.0,193.0
500,2 events,uncorrected,0.01,5,23049,22858,151,51,100,0.33774834437086093,0.4900265957446808,0.002231166331262578,1.0851063829787233,0.5106382978723404,0.02170212765957447,46078.43137254902,100,100,0.0,135.0,117.0,135.0
500,2 events,uncorrected,0.05,5,22595,22428,302,202,100,0.6688741721854304,0.7578106691335185,0.009006598894239343,4.297872340425532,0.8085106382978723,0.08595744680851064,11633.663366336634,100,100,0.0,114.0,117.0,114.0
500,2 events,uncorrected,0.1,5,21918,21767,531,431,100,0.8116760828625236,0.9122052888010336,0.01980061561078697,9.170212765957446,0.9787234042553191,0.18340425531914895,5452.436194895592,100,100,0.0,106.0,117.0,106.0
500,2 events,uncorrected,0.2,5,20435,20284,1036,937,99,0.9044401544401545,0.9488461892717213,0.04619404456714652,19.93617021276596,1.0,0.39872340425531916,2508.0042689434363,100,99,0.010000000000000009,100.33333333333333,117.0,111.0
500,2 events,bh_window,1e-05,5,23323,21949,59,0,59,0.0,0.0,0.0,0.0,0.0,0.0,inf,100,59,0.41000000000000003,763.6101694915254,367.0,1316.0
500,2 events,bh_window,0.0001,5,23251,22445,83,0,83,0.0,0.0,0.0,0.0,0.0,0.0,inf,100,83,0.17000000000000004,480.855421686747,317.0,748.0
500,2 events,bh_window,0.001,5,23212,22769,96,0,96,0.0,0.0,0.0,0.0,0.0,0.0,inf,100,96,0.040000000000000036,352.4166666666667,267.0,385.0
500,2 events,bh_window,0.01,5,23200,22922,100,0,100,0.0,0.0,0.0,0.0,0.0,0.0,inf,100,100,0.0,220.0,217.0,220.0
500,2 events,bh_window,0.05,5,23200,22970,100,0,100,0.0,0.0,0.0,0.0,0.0,0.0,inf,100,100,0.0,172.0,167.0,172.0
500,2 events,bh_window,0.1,5,23188,22977,104,4,100,0.038461538461538464,0.0020161768542897125,0.00017408713060886974,0.0851063829787234,0.0425531914893617,0.001702127659574468,587500.0,100,100,0.0,153.0,167.0,153.0
500,2 events,bh_window,0.2,5,23152,22968,116,16,100,0.13793103448275862,0.02946182728410513,0.0006966213862765587,0.3404255319148936,0.06382978723404255,0.006808510638297872,146875.0,100,100,0.0,126.0,117.0,126.0
500,2 events,storey_bh,1e-05,5,23302,22092,66,0,66,0.0,0.0,0.0,0.0,0.0,0.0,inf,100,66,0.33999999999999997,753.3636363636364,367.0,1152.0
500,2 events,storey_bh,0.0001,5,23245,22484,85,0,85,0.0,0.0,0.0,0.0,0.0,0.0,inf,100,85,0.15000000000000002,494.6470588235294,317.0,703.0
500,2 events,storey_bh,0.001,5,23212,22781,96,0,96,0.0,0.0,0.0,0.0,0.0,0.0,inf,100,96,0.040000000000000036,339.9166666666667,267.0,373.0
500,2 events,storey_bh,0.01,5,23200,22928,100,0,100,0.0,0.0,0.0,0.0,0.0,0.0,inf,100,100,0.0,214.0,217.0,214.0
500,2 events,storey_bh,0.05,5,23191,22973,103,3,100,0.02912621359223301,0.022396416573348264,0.0001305880816610804,0.06382978723404255,0.0425531914893617,0.001276595744680851,783333.3333333334,100,100,0.0,160.0,167.0,160.0
500,2 events,storey_bh,0.1,5,23164,22962,112,12,100,0.10714285714285714,0.026325112681323436,0.0005226025607525476,0.2553191489361702,0.06382978723404255,0.005106382978723404,195833.33333333334,100,100,0.0,144.0,117.0,144.0
500,2 events,storey_bh,0.2,5,22060,21855,480,383,97,0.7979166666666667,0.02997025852207733,0.017524593914436056,8.148936170212766,0.06382978723404255,0.16297872340425532,6135.770234986945,100,97,0.030000000000000027,153.5979381443299,167.0,184.0
500,2 events,BatchBH,1e-05,5,23470,21322,10,0,10,0.0,0.0,0.0,0.0,0.0,0.0,inf,100,10,0.9,1152.0,1217.0,2090.0
500,2 events,BatchBH,0.0001,5,23416,21486,28,0,28,0.0,0.0,0.0,0.0,0.0,0.0,inf,100,28,0.72,690.2142857142857,392.0,1872.0
500,2 events,BatchBH,0.001,5,23314,22058,62,0,62,0.0,0.0,0.0,0.0,0.0,0.0,inf,100,62,0.38,731.516129032258,517.0,1198.0
500,2 events,BatchBH,0.01,5,23239,22494,87,0,87,0.0,0.0,0.0,0.0,0.0,0.0,inf,100,87,0.13,516.4252873563219,317.0,687.0
500,2 events,BatchBH,0.05,5,23215,22747,95,0,95,0.0,0.0,0.0,0.0,0.0,0.0,inf,100,95,0.050000000000000044,370.1578947368421,267.0,410.0
500,2 events,BatchBH,0.1,5,23212,22787,96,0,96,0.0,0.0,0.0,0.0,0.0,0.0,inf,100,96,0.040000000000000036,333.6666666666667,267.0,367.0
500,2 events,BatchBH,0.2,5,23200,22860,100,0,100,0.0,0.0,0.0,0.0,0.0,0.0,inf,100,100,0.0,282.0,217.0,282.0
500,2 events,bonferroni,1e-05,5,23380,21662,40,0,40,0.0,0.0,0.0,0.0,0.0,0.0,inf,100,40,0.6,787.0,467.0,1660.0
500,2 events,bonferroni,0.0001,5,23296,22121,68,0,68,0.0,0.0,0.0,0.0,0.0,0.0,inf,100,68,0.31999999999999995,682.4411764705883,442.0,1117.0
500,2 events,bonferroni,0.001,5,23240,22506,87,0,87,0.0,0.0,0.0,0.0,0.0,0.0,inf,100,87,0.13,454.35632183908046,367.0,676.0
500,2 events,bonferroni,0.01,5,23200,22817,100,0,100,0.0,0.0,0.0,0.0,0.0,0.0,inf,100,100,0.0,325.0,317.0,325.0
500,2 events,bonferroni,0.05,5,23200,22890,100,0,100,0.0,0.0,0.0,0.0,0.0,0.0,inf,100,100,0.0,252.0,267.0,252.0
500,2 events,bonferroni,0.1,5,23200,22906,100,0,100,0.0,0.0,0.0,0.0,0.0,0.0,inf,100,100,0.0,236.0,217.0,236.0
500,2 events,bonferroni,0.2,5,23197,22926,101,1,100,0.009900990099009901,0.02127659574468085,4.3618598970601065e-05,0.02127659574468085,0.02127659574468085,0.000425531914893617,2350000.0,100,100,0.0,213.0,217.0,213.0
500,1 event,LORD++,1e-05,0,23307,22486,66,0,66,0.0,0.0,0.0,0.0,0.0,0.0,inf,100,66,0.33999999999999997,416.2121212121212,345.0,766.0
500,1 event,LORD++,0.0001,0,23227,22747,91,0,91,0.0,0.0,0.0,0.0,0.0,0.0,inf,100,91,0.08999999999999997,324.1208791208791,345.0,425.0
500,1 event,LORD++,0.001,0,23203,22871,99,0,99,0.0,0.0,0.0,0.0,0.0,0.0,inf,100,99,0.010000000000000009,265.2020202020202,245.0,277.0
500,1 event,LORD++,0.01,0,23200,22920,100,0,100,0.0,0.0,0.0,0.0,0.0,0.0,inf,100,100,0.0,225.0,245.0,225.0
500,1 event,LORD++,0.05,0,23191,22954,103,3,100,0.02912621359223301,0.0015957446808510637,0.0001306961749586129,0.06382978723404255,0.02127659574468085,0.001276595744680851,783333.3333333334,100,100,0.0,182.0,145.0,182.0
500,1 event,LORD++,0.1,0,23185,22956,105,5,100,0.047619047619047616,0.002577601282424949,0.00021780798048440494,0.10638297872340426,0.0425531914893617,0.002127659574468085,470000.0,100,100,0.0,174.0,145.0,174.0
500,1 event,LORD++,0.2,0,23152,22937,116,16,100,0.13793103448275862,0.03029602220166512,0.0006975628896542704,0.3404255319148936,0.06382978723404255,0.006808510638297872,146875.0,100,100,0.0,160.0,145.0,160.0
500,1 event,uncorrected,1e-05,0,23200,22864,100,1,99,0.01,0.02127659574468085,4.37368789363191e-05,0.02127659574468085,0.02127659574468085,0.000425531914893617,2350000.0,100,99,0.010000000000000009,271.26262626262627,245.0,283.0
500,1 event,uncorrected,0.0001,0,23197,22925,101,1,100,0.009900990099009901,0.02127659574468085,4.362050163576881e-05,0.02127659574468085,0.02127659574468085,0.000425531914893617,2350000.0,100,100,0.0,219.0,245.0,219.0
500,1 event,uncorrected,0.001,0,23160,22932,115,15,100,0.13043478260869565,0.2347762289068232,0.0006541077969649398,0.3191489361702128,0.2553191489361702,0.006382978723404255,156666.66666666666,100,100,0.0,173.0,145.0,173.0
500,1 event,uncorrected,0.01,0,22806,22611,233,133,100,0.5708154506437768,0.616514690982776,0.00588209278669674,2.8297872340425534,0.6382978723404256,0.056595744680851066,17669.17293233083,100,100,0.0,148.0,145.0,148.0
500,1 event,uncorrected,0.05,0,21912,21731,540,440,100,0.8148148148148148,0.8771339918946301,0.020247572592149463,9.361702127659575,0.9148936170212766,0.18723404255319148,5340.909090909091,100,100,0.0,141.0,145.0,141.0
500,1 event,uncorrected,0.1,0,21204,21025,782,682,100,0.8721227621483376,0.9595504105532372,0.03243757431629013,14.51063829787234,1.0,0.2902127659574468,3445.74780058651,100,100,0.0,131.0,145.0,131.0
500,1 event,uncorrected,0.2,0,19240,19078,1448,1348,100,0.930939226519337,0.9616842180671968,0.07065730160394171,28.680851063829788,1.0,0.5736170212765958,1743.3234421364984,100,100,0.0,128.0,145.0,128.0
500,1 event,bh_window,1e-05,0,23230,22719,90,0,90,0.0,0.0,0.0,0.0,0.0,0.0,inf,100,90,0.09999999999999998,346.1111111111111,345.0,456.0
500,1 event,bh_window,0.0001,0,23221,22813,93,0,93,0.0,0.0,0.0,0.0,0.0,0.0,inf,100,93,0.06999999999999995,270.80645161290323,245.0,353.0
500,1 event,bh_window,0.001,0,23200,22922,100,0,100,0.0,0.0,0.0,0.0,0.0,0.0,inf,100,100,0.0,223.0,245.0,223.0
500,1 event,bh_window,0.01,0,23197,22975,101,1,100,0.009900990099009901,0.02127659574468085,4.352557127312296e-05,0.02127659574468085,0.02127659574468085,0.000425531914893617,2350000.0,100,100,0.0,169.0,145.0,169.0
500,1 event,bh_window,0.05,0,23179,22978,107,7,100,0.06542056074766354,0.022516009089031192,0.0003046392201235965,0.14893617021276595,0.0425531914893617,0.0029787234042553193,335714.28571428574,100,100,0.0,148.0,145.0,148.0
500,1 event,bh_window,0.1,0,23146,22946,118,18,100,0.15254237288135594,0.04516610675625233,0.0007844504488799791,0.3829787234042553,0.06382978723404255,0.007659574468085106,130555.55555555556,100,100,0.0,145.0,145.0,145.0
500,1 event,bh_window,0.2,0,22708,22508,264,164,100,0.6212121212121212,0.08771929824561403,0.007286298205082638,3.4893617021276597,0.10638297872340426,0.06978723404255319,14329.268292682927,100,100,0.0,145.0,145.0,145.0
500,1 event,storey_bh,1e-05,0,23233,22763,89,0,89,0.0,0.0,0.0,0.0,0.0,0.0,inf,100,89,0.10999999999999999,287.69662921348316,245.0,415.0
500,1 event,storey_bh,0.0001,0,23203,22890,99,0,99,0.0,0.0,0.0,0.0,0.0,0.0,inf,100,99,0.010000000000000009,246.010101010101,245.0,258.0
500,1 event,storey_bh,0.001,0,23191,22926,103,3,100,0.02912621359223301,0.021893308664816525,0.00013085579691180318,0.06382978723404255,0.0425531914893617,0.001276595744680851,783333.3333333334,100,100,0.0,212.0,245.0,212.0
500,1 event,storey_bh,0.01,0,23185,22973,105,5,100,0.047619047619047616,0.02441972920696325,0.00021764680276846734,0.10638297872340426,0.06382978723404255,0.002127659574468085,470000.0,100,100,0.0,159.0,145.0,159.0
500,1 event,storey_bh,0.05,0,22711,22511,263,163,100,0.6197718631178707,0.04276385085317042,0.00724090444671494,3.4680851063829787,0.06382978723404255,0.06936170212765957,14417.177914110429,100,100,0.0,145.0,145.0,145.0
500,1 event,storey_bh,0.1,0,21883,21680,539,439,100,0.8144712430426716,0.09748154580981329,0.020249077490774908,9.340425531914894,0.1276595744680851,0.18680851063829787,5353.075170842824,100,100,0.0,148.0,145.0,148.0
500,1 event,storey_bh,0.2,0,21277,21076,741,641,100,0.865047233468286,0.08540542242045188,0.030413740747769976,13.638297872340425,0.10638297872340426,0.27276595744680854,3666.1466458658347,100,100,0.0,146.0,145.0,146.0
500,1 event,BatchBH,1e-05,0,23425,22116,25,0,25,0.0,0.0,0.0,0.0,0.0,0.0,inf,100,25,0.75,681.0,445.0,1254.0
500,1 event,BatchBH,0.0001,0,23326,22360,59,0,59,0.0,0.0,0.0,0.0,0.0,0.0,inf,100,59,0.41000000000000003,539.9152542372881,545.0,911.0
500,1 event,BatchBH,0.001,0,23253,22617,83,0,83,0.0,0.0,0.0,0.0,0.0,0.0,inf,100,83,0.17000000000000004,404.03614457831327,345.0,581.0
500,1 event,BatchBH,0.01,0,23227,22752,91,0,91,0.0,0.0,0.0,0.0,0.0,0.0,inf,100,91,0.08999999999999997,318.6263736263736,245.0,420.0
500,1 event,BatchBH,0.05,0,23203,22842,99,0,99,0.0,0.0,0.0,0.0,0.0,0.0,inf,100,99,0.010000000000000009,294.4949494949495,245.0,306.0
500,1 event,BatchBH,0.1,0,23203,22864,99,0,99,0.0,0.0,0.0,0.0,0.0,0.0,inf,100,99,0.010000000000000009,272.27272727272725,245.0,284.0
500,1 event,BatchBH,0.2,0,23200,22884,100,0,100,0.0,0.0,0.0,0.0,0.0,0.0,inf,100,100,0.0,261.0,245.0,261.0
500,1 event,bonferroni,1e-05,0,23308,22430,65,0,65,0.0,0.0,0.0,0.0,0.0,0.0,inf,100,65,0.35,488.0769230769231,445.0,823.0
500,1 event,bonferroni,0.0001,0,23243,22650,86,0,86,0.0,0.0,0.0,0.0,0.0,0.0,inf,100,86,0.14,390.3488372093023,345.0,538.0
500,1 event,bonferroni,0.001,0,23203,22823,99,0,99,0.0,0.0,0.0,0.0,0.0,0.0,inf,100,99,0.010000000000000009,313.6868686868687,245.0,325.0
500,1 event,bonferroni,0.01,0,23197,22890,101,1,100,0.009900990099009901,0.02127659574468085,4.3687199650502406e-05,0.02127659574468085,0.02127659574468085,0.000425531914893617,2350000.0,100,100,0.0,254.0,245.0,254.0
500,1 event,bonferroni,0.05,0,23197,22925,101,1,100,0.009900990099009901,0.02127659574468085,4.362050163576881e-05,0.02127659574468085,0.02127659574468085,0.000425531914893617,2350000.0,100,100,0.0,219.0,245.0,219.0
500,1 event,bonferroni,0.1,0,23194,22938,102,2,100,0.0196078431372549,0.0425531914893617,8.719155985700585e-05,0.0425531914893617,0.0425531914893617,0.000851063829787234,1175000.0,100,100,0.0,203.0,245.0,203.0
500,1 event,bonferroni,0.2,0,23179,22929,107,7,100,0.06542056074766354,0.1276595744680851,0.0003052902437960661,0.14893617021276595,0.1276595744680851,0.0029787234042553193,335714.28571428574,100,100,0.0,195.0,195.0,195.0
500,1 event,LORD++,1e-05,2,23341,21659,53,0,53,0.0,0.0,0.0,0.0,0.0,0.0,inf,100,53,0.47,489.20754716981133,476.0,1658.0
500,1 event,LORD++,0.0001,2,23257,22286,81,0,81,0.0,0.0,0.0,0.0,0.0,0.0,inf,100,81,0.18999999999999995,471.0617283950617,476.0,947.0
500,1 event,LORD++,0.001,2,23212,22752,96,0,96,0.0,0.0,0.0,0.0,0.0,0.0,inf,100,96,0.040000000000000036,330.1666666666667,276.0,436.0
500,1 event,LORD++,0.01,2,23200,22873,100,0,100,0.0,0.0,0.0,0.0,0.0,0.0,inf,100,100,0.0,303.0,276.0,303.0
500,1 event,LORD++,0.05,2,23197,22919,101,1,100,0.009900990099009901,0.00026932399676811203,4.363192111348663e-05,0.02127659574468085,0.02127659574468085,0.000425531914893617,2350000.0,100,100,0.0,254.0,276.0,254.0
500,1 event,LORD++,0.1,2,23197,22930,101,1,100,0.009900990099009901,0.00031289111389236547,4.361098996947231e-05,0.02127659574468085,0.02127659574468085,0.000425531914893617,2350000.0,100,100,0.0,243.0,276.0,243.0
500,1 event,LORD++,0.2,2,23194,22931,102,2,100,0.0196078431372549,0.0008923572228443448,8.721817626793424e-05,0.0425531914893617,0.0425531914893617,0.000851063829787234,1175000.0,100,100,0.0,239.0,276.0,239.0
500,1 event,uncorrected,1e-05,2,23200,22824,100,0,100,0.0,0.0,0.0,0.0,0.0,0.0,inf,100,100,0.0,352.0,276.0,352.0
500,1 event,uncorrected,0.0001,2,23200,22909,100,0,100,0.0,0.0,0.0,0.0,0.0,0.0,inf,100,100,0.0,267.0,276.0,267.0
500,1 event,uncorrected,0.001,2,23185,22962,108,8,100,0.07407407407407407,0.14893617021276595,0.0003484017071683651,0.1702127659574468,0.14893617021276595,0.003404255319148936,293750.0,100,100,0.0,199.0,176.0,199.0
500,1 event,uncorrected,0.01,2,22957,22755,186,87,99,0.46774193548387094,0.5411347517730497,0.0038233355306526036,1.851063829787234,0.574468085106383,0.03702127659574468,27011.494252873563,100,99,0.010000000000000009,152.76767676767676,176.0,181.0
500,1 event,uncorrected,0.05,2,22296,22139,422,322,100,0.7630331753554502,0.8180436584691904,0.014544469036541849,6.851063829787234,0.851063829787234,0.13702127659574467,7298.1366459627325,100,100,0.0,142.0,76.0,142.0
500,1 event,uncorrected,0.1,2,21384,21268,746,646,100,0.8659517426273459,0.9081013394446036,0.03037427120556705,13.74468085106383,0.9574468085106383,0.27489361702127657,3637.7708978328174,100,100,0.0,121.0,76.0,121.0
500,1 event,uncorrected,0.2,2,19589,19484,1368,1268,100,0.9269005847953217,0.9213896939280413,0.06507903921166085,26.97872340425532,0.9574468085106383,0.5395744680851063,1853.3123028391167,100,100,0.0,128.0,76.0,128.0
500,1 event,bh_window,1e-05,2,23278,22061,75,0,75,0.0,0.0,0.0,0.0,0.0,0.0,inf,100,75,0.25,598.6666666666666,376.0,1193.0
500,1 event,bh_window,0.0001,2,23229,22578,91,0,91,0.0,0.0,0.0,0.0,0.0,0.0,inf,100,91,0.08999999999999997,394.68131868131866,276.0,627.0
500,1 event,bh_window,0.001,2,23203,22852,99,0,99,0.0,0.0,0.0,0.0,0.0,0.0,inf,100,99,0.010000000000000009,300.24242424242425,276.0,327.0
500,1 event,bh_window,0.01,2,23200,22971,100,0,100,0.0,0.0,0.0,0.0,0.0,0.0,inf,100,100,0.0,205.0,176.0,205.0
500,1 event,bh_window,0.05,2,23197,22996,101,1,100,0.009900990099009901,0.00023380874444704235,4.348582362149939e-05,0.02127659574468085,0.02127659574468085,0.000425531914893617,2350000.0,100,100,0.0,177.0,176.0,177.0
500,1 event,bh_window,0.1,2,23176,22985,109,9,100,0.08256880733944955,0.04559270516717325,0.00039155971285621057,0.19148936170212766,0.0851063829787234,0.003829787234042553,261111.11111111112,100,100,0.0,167.0,176.0,167.0
500,1 event,bh_window,0.2,2,23139,22993,123,23,100,0.18699186991869918,0.026901920083030616,0.0010003044404818858,0.48936170212765956,0.06382978723404255,0.00978723404255319,102173.91304347826,100,100,0.0,122.0,76.0,122.0
500,1 event,storey_bh,1e-05,2,23239,22335,89,0,89,0.0,0.0,0.0,0.0,0.0,0.0,inf,100,89,0.10999999999999999,620.943820224719,376.0,880.0
500,1 event,storey_bh,0.0001,2,23208,22710,98,0,98,0.0,0.0,0.0,0.0,0.0,0.0,inf,100,98,0.020000000000000018,422.9387755102041,276.0,474.0
500,1 event,storey_bh,0.001,2,23203,22870,99,0,99,0.0,0.0,0.0,0.0,0.0,0.0,inf,100,99,0.010000000000000009,282.06060606060606,276.0,309.0
500,1 event,storey_bh,0.01,2,23200,22981,100,0,100,0.0,0.0,0.0,0.0,0.0,0.0,inf,100,100,0.0,195.0,176.0,195.0
500,1 event,storey_bh,0.05,2,23135,22952,132,32,100,0.24242424242424243,0.06553191489361702,0.0013942140118508191,0.6808510638297872,0.0851063829787234,0.013617021276595745,73437.5,100,100,0.0,159.0,176.0,159.0
500,1 event,storey_bh,0.1,2,22486,22357,428,328,100,0.7663551401869159,0.0697718995591336,0.0146710202621103,6.9787234042553195,0.0851063829787234,0.13957446808510637,7164.634146341464,100,100,0.0,105.0,76.0,105.0
500,1 event,storey_bh,0.2,2,22285,22179,405,305,100,0.7530864197530864,0.03373340607383161,0.013751747148203255,6.48936170212766,0.0425531914893617,0.12978723404255318,7704.918032786885,100,100,0.0,82.0,76.0,82.0
500,1 event,BatchBH,1e-05,2,23423,20883,36,0,36,0.0,0.0,0.0,0.0,0.0,0.0,inf,100,36,0.64,1698.2222222222222,1176.0,2516.0
500,1 event,BatchBH,0.0001,2,23340,21543,55,0,55,0.0,0.0,0.0,0.0,0.0,0.0,inf,100,55,0.44999999999999996,788.7272727272727,676.0,1773.0
500,1 event,BatchBH,0.001,2,23248,22227,84,0,84,0.0,0.0,0.0,0.0,0.0,0.0,inf,100,84,0.16000000000000003,620.047619047619,376.0,997.0
500,1 event,BatchBH,0.01,2,23209,22620,98,0,98,0.0,0.0,0.0,0.0,0.0,0.0,inf,100,98,0.020000000000000018,515.795918367347,376.0,565.0
500,1 event,BatchBH,0.05,2,23203,22812,99,0,99,0.0,0.0,0.0,0.0,0.0,0.0,inf,100,99,0.010000000000000009,340.64646464646466,276.0,367.0
500,1 event,BatchBH,0.1,2,23200,22838,100,0,100,0.0,0.0,0.0,0.0,0.0,0.0,inf,100,100,0.0,338.0,276.0,338.0
500,1 event,BatchBH,0.2,2,23200,22875,100,0,100,0.0,0.0,0.0,0.0,0.0,0.0,inf,100,100,0.0,301.0,276.0,301.0
500,1 event,bonferroni,1e-05,2,23325,21664,60,0,60,0.0,0.0,0.0,0.0,0.0,0.0,inf,100,60,0.4,744.3333333333334,526.0,1637.0
500,1 event,bonferroni,0.0001,2,23253,22206,84,0,84,0.0,0.0,0.0,0.0,0.0,0.0,inf,100,84,0.16000000000000003,651.0,376.0,1023.0
500,1 event,bonferroni,0.001,2,23207,22633,98,0,98,0.0,0.0,0.0,0.0,0.0,0.0,inf,100,98,0.020000000000000018,500.48979591836735,376.0,550.0
500,1 event,bonferroni,0.01,2,23200,22861,100,0,100,0.0,0.0,0.0,0.0,0.0,0.0,inf,100,100,0.0,315.0,276.0,315.0
500,1 event,bonferroni,0.05,2,23200,22913,100,0,100,0.0,0.0,0.0,0.0,0.0,0.0,inf,100,100,0.0,263.0,276.0,263.0
500,1 event,bonferroni,0.1,2,23197,22928,102,2,100,0.0196078431372549,0.0425531914893617,8.722958827634333e-05,0.0425531914893617,0.0425531914893617,0.000851063829787234,1175000.0,100,100,0.0,245.0,276.0,245.0
500,1 event,bonferroni,0.2,2,23195,22945,103,3,100,0.02912621359223301,0.06382978723404255,0.00013074743952930923,0.06382978723404255,0.06382978723404255,0.001276595744680851,783333.3333333334,100,100,0.0,226.0,276.0,226.0
500,1 event,LORD++,1e-05,1,23263,22533,79,0,79,0.0,0.0,0.0,0.0,0.0,0.0,inf,100,79,0.20999999999999996,459.1518987341772,387.0,717.0
500,1 event,LORD++,0.0001,1,23236,22712,88,0,88,0.0,0.0,0.0,0.0,0.0,0.0,inf,100,88,0.12,350.6363636363636,287.0,511.0
500,1 event,LORD++,0.001,1,23206,22860,98,0,98,0.0,0.0,0.0,0.0,0.0,0.0,inf,100,98,0.020000000000000018,305.3673469387755,287.0,333.0
500,1 event,LORD++,0.01,1,23200,22950,100,0,100,0.0,0.0,0.0,0.0,0.0,0.0,inf,100,100,0.0,237.0,187.0,237.0
500,1 event,LORD++,0.05,1,23197,22958,101,1,100,0.009900990099009901,0.00034317089910775565,4.355780120219531e-05,0.02127659574468085,0.02127659574468085,0.000425531914893617,2350000.0,100,100,0.0,226.0,187.0,226.0
500,1 event,LORD++,0.1,1,23188,22974,104,4,100,0.038461538461538464,0.0009456264775413712,0.0001741098633237573,0.0851063829787234,0.02127659574468085,0.001702127659574468,587500.0,100,100,0.0,201.0,187.0,201.0
500,1 event,LORD++,0.2,1,23167,22954,111,11,100,0.0990990990990991,0.0023881893182805037,0.00047921930818158054,0.23404255319148937,0.02127659574468085,0.004680851063829788,213636.36363636365,100,100,0.0,200.0,187.0,200.0
500,1 event,uncorrected,1e-05,1,23197,22882,101,1,100,0.009900990099009901,0.02127659574468085,4.37024735600035e-05,0.02127659574468085,0.02127659574468085,0.000425531914893617,2350000.0,100,100,0.0,302.0,287.0,302.0
500,1 event,uncorrected,0.0001,1,23188,22952,104,4,100,0.038461538461538464,0.0851063829787234,0.0001742767514813524,0.0851063829787234,0.0851063829787234,0.001702127659574468,587500.0,100,100,0.0,223.0,187.0,223.0
500,1 event,uncorrected,0.001,1,23086,22894,138,38,100,0.2753623188405797,0.3404255319148936,0.0016598235345505372,0.8085106382978723,0.3404255319148936,0.016170212765957447,61842.10526315789,100,100,0.0,179.0,187.0,179.0
500,1 event,uncorrected,0.01,1,22516,22358,328,229,99,0.698170731707317,0.7879805897723031,0.010242418821003667,4.872340425531915,0.8085106382978723,0.09744680851063829,10262.008733624454,100,99,0.010000000000000009,137.5050505050505,87.0,153.0
500,1 event,uncorrected,0.05,1,21502,21364,666,567,99,0.8513513513513513,0.820542309904012,0.02653997378768021,12.063829787234043,0.8723404255319149,0.24127659574468086,4144.620811287478,100,99,0.010000000000000009,117.3030303030303,87.0,133.0
500,1 event,uncorrected,0.1,1,20621,20489,960,861,99,0.896875,0.8867512062267567,0.042022548684660065,18.319148936170212,0.9361702127659575,0.36638297872340425,2729.38443670151,100,99,0.010000000000000009,121.34343434343434,87.0,137.0
500,1 event,uncorrected,0.2,1,18691,18571,1609,1509,100,0.9378495960223742,0.9306513521939053,0.08125572128587583,32.1063829787234,1.0,0.642127659574468,1557.3227302849568,100,100,0.0,154.0,87.0,154.0
500,1 event,bh_window,1e-05,1,23248,22644,84,0,84,0.0,0.0,0.0,0.0,0.0,0.0,inf,100,84,0.16000000000000003,382.23809523809524,387.0,591.0
500,1 event,bh_window,0.0001,1,23221,22804,93,0,93,0.0,0.0,0.0,0.0,0.0,0.0,inf,100,93,0.06999999999999995,307.4301075268817,287.0,404.0
500,1 event,bh_window,0.001,1,23200,22946,100,0,100,0.0,0.0,0.0,0.0,0.0,0.0,inf,100,100,0.0,241.0,187.0,241.0
500,1 event,bh_window,0.01,1,23191,22998,103,3,100,0.02912621359223301,0.04285286185196284,0.00013044612575006522,0.06382978723404255,0.06382978723404255,0.001276595744680851,783333.3333333334,100,100,0.0,180.0,187.0,180.0
500,1 event,bh_window,0.05,1,22972,22829,176,76,100,0.4318181818181818,0.110435663627153,0.0033290989530859873,1.6170212765957446,0.1276595744680851,0.03234042553191489,30921.052631578947,100,100,0.0,130.0,87.0,130.0
500,1 event,bh_window,0.1,1,22762,22630,246,146,100,0.5934959349593496,0.09019426456984274,0.0064516129032258064,3.106382978723404,0.10638297872340426,0.062127659574468086,16095.890410958904,100,100,0.0,119.0,87.0,119.0
500,1 event,bh_window,0.2,1,22507,22386,331,231,100,0.6978851963746223,0.06821026282853568,0.010318949343339587,4.914893617021277,0.0851063829787234,0.09829787234042553,10173.160173160173,100,100,0.0,108.0,87.0,108.0
500,1 event,storey_bh,1e-05,1,23233,22702,89,0,89,0.0,0.0,0.0,0.0,0.0,0.0,inf,100,89,0.10999999999999999,373.5168539325843,287.0,518.0
500,1 event,storey_bh,0.0001,1,23206,22841,98,0,98,0.0,0.0,0.0,0.0,0.0,0.0,inf,100,98,0.020000000000000018,324.7551020408163,287.0,352.0
500,1 event,storey_bh,0.001,1,23200,22965,100,0,100,0.0,0.0,0.0,0.0,0.0,0.0,inf,100,100,0.0,222.0,187.0,222.0
500,1 event,storey_bh,0.01,1,22720,22491,260,160,100,0.6153846153846154,0.0851063829787234,0.007113956693788627,3.404255319148936,0.0851063829787234,0.06808510638297872,14687.5,100,100,0.0,216.0,187.0,216.0
500,1 event,storey_bh,0.05,1,22252,22091,416,316,100,0.7596153846153846,0.06466416353775553,0.01430446788284822,6.723404255319149,0.0851063829787234,0.13446808510638297,7436.708860759493,100,100,0.0,148.0,187.0,148.0
500,1 event,storey_bh,0.1,1,21025,20861,825,725,100,0.8787878787878788,0.08738601823708207,0.034753846891328315,15.425531914893616,0.10638297872340426,0.30851063829787234,3241.3793103448274,100,100,0.0,151.0,137.0,151.0
500,1 event,storey_bh,0.2,1,19888,19749,1204,1104,100,0.9169435215946844,0.10938352427714129,0.05590156463618411,23.48936170212766,0.1276595744680851,0.4697872340425532,2128.623188405797,100,100,0.0,126.0,87.0,126.0
500,1 event,BatchBH,1e-05,1,23413,21998,29,0,29,0.0,0.0,0.0,0.0,0.0,0.0,inf,100,29,0.71,704.2413793103449,687.0,1402.0
500,1 event,BatchBH,0.0001,1,23296,22352,68,0,68,0.0,0.0,0.0,0.0,0.0,0.0,inf,100,68,0.31999999999999995,575.2352941176471,687.0,931.0
500,1 event,BatchBH,0.001,1,23251,22560,83,0,83,0.0,0.0,0.0,0.0,0.0,0.0,inf,100,83,0.17000000000000004,471.33734939759034,487.0,678.0
500,1 event,BatchBH,0.01,1,23224,22733,92,0,92,0.0,0.0,0.0,0.0,0.0,0.0,inf,100,92,0.07999999999999996,372.8695652173913,287.0,478.0
500,1 event,BatchBH,0.05,1,23206,22824,98,0,98,0.0,0.0,0.0,0.0,0.0,0.0,inf,100,98,0.020000000000000018,342.1020408163265,287.0,369.0
500,1 event,BatchBH,0.1,1,23197,22875,101,1,100,0.009900990099009901,0.02127659574468085,4.371584699453552e-05,0.02127659574468085,0.02127659574468085,0.000425531914893617,2350000.0,100,100,0.0,309.0,287.0,309.0
500,1 event,BatchBH,0.2,1,23194,22918,102,2,100,0.0196078431372549,0.02127659574468085,8.726764988218868e-05,0.0425531914893617,0.02127659574468085,0.000851063829787234,1175000.0,100,100,0.0,263.0,287.0,263.0
500,1 event,bonferroni,1e-05,1,23278,22430,74,0,74,0.0,0.0,0.0,0.0,0.0,0.0,inf,100,74,0.26,535.6486486486486,487.0,835.0
500,1 event,bonferroni,0.0001,1,23233,22639,89,0,89,0.0,0.0,0.0,0.0,0.0,0.0,inf,100,89,0.10999999999999999,444.30337078651684,387.0,581.0
500,1 event,bonferroni,0.001,1,23206,22804,98,0,98,0.0,0.0,0.0,0.0,0.0,0.0,inf,100,98,0.020000000000000018,362.51020408163265,287.0,389.0
500,1 event,bonferroni,0.01,1,23194,22904,102,2,100,0.0196078431372549,0.0425531914893617,8.732099196646873e-05,0.0425531914893617,0.0425531914893617,0.000851063829787234,1175000.0,100,100,0.0,277.0,287.0,277.0
500,1 event,bonferroni,0.05,1,23188,22952,104,4,100,0.038461538461538464,0.0851063829787234,0.0001742767514813524,0.0851063829787234,0.0851063829787234,0.001702127659574468,587500.0,100,100,0.0,223.0,187.0,223.0
500,1 event,bonferroni,0.1,1,23170,22942,110,10,100,0.09090909090909091,0.14893617021276595,0.0004358817888588615,0.2127659574468085,0.14893617021276595,0.00425531914893617,235000.0,100,100,0.0,215.0,187.0,215.0
500,1 event,bonferroni,0.2,1,23146,22938,118,18,100,0.15254237288135594,0.2127659574468085,0.0007847240387130526,0.3829787234042553,0.2127659574468085,0.007659574468085106,130555.55555555556,100,100,0.0,195.0,187.0,195.0
500,1 event,LORD++,1e-05,3,23500,20300,0,0,0,0.0,0.0,0.0,0.0,0.0,0.0,inf,100,0,1.0,,,3187.0
500,1 event,LORD++,0.0001,3,23500,20300,0,0,0,0.0,0.0,0.0,0.0,0.0,0.0,inf,100,0,1.0,,,3187.0
500,1 event,LORD++,0.001,3,23221,22621,93,0,93,0.0,0.0,0.0,0.0,0.0,0.0,inf,100,93,0.06999999999999995,391.3010752688172,387.0,587.0
500,1 event,LORD++,0.01,3,23203,22803,99,0,99,0.0,0.0,0.0,0.0,0.0,0.0,inf,100,99,0.010000000000000009,358.7171717171717,387.0,387.0
500,1 event,LORD++,0.05,3,23200,22890,100,0,100,0.0,0.0,0.0,0.0,0.0,0.0,inf,100,100,0.0,297.0,287.0,297.0
500,1 event,LORD++,0.1,3,23200,22890,100,0,100,0.0,0.0,0.0,0.0,0.0,0.0,inf,100,100,0.0,297.0,287.0,297.0
500,1 event,LORD++,0.2,3,23197,22887,101,1,100,0.009900990099009901,0.00023380874444704235,4.369292611526194e-05,0.02127659574468085,0.02127659574468085,0.000425531914893617,2350000.0,100,100,0.0,297.0,287.0,297.0
500,1 event,uncorrected,1e-05,3,23224,22530,94,0,94,0.0,0.0,0.0,0.0,0.0,0.0,inf,100,94,0.06000000000000005,521.0425531914893,387.0,681.0
500,1 event,uncorrected,0.0001,3,23200,22882,100,0,100,0.0,0.0,0.0,0.0,0.0,0.0,inf,100,100,0.0,305.0,287.0,305.0
500,1 event,uncorrected,0.001,3,23200,22953,100,0,100,0.0,0.0,0.0,0.0,0.0,0.0,inf,100,100,0.0,234.0,187.0,234.0
500,1 event,uncorrected,0.01,3,23173,22977,110,10,100,0.09090909090909091,0.19148936170212766,0.00043521782652217433,0.2127659574468085,0.19148936170212766,0.00425531914893617,235000.0,100,100,0.0,183.0,187.0,183.0
500,1 event,uncorrected,0.05,3,22971,22773,182,83,99,0.45604395604395603,0.5725338491295938,0.0036446669301365654,1.7659574468085106,0.574468085106383,0.03531914893617021,28313.253012048193,100,99,0.010000000000000009,159.72727272727272,187.0,190.0
500,1 event,uncorrected,0.1,3,22587,22434,317,217,100,0.6845425867507886,0.8061241348925154,0.009672818044040295,4.617021276595745,0.8297872340425532,0.09234042553191489,10829.493087557603,100,100,0.0,150.0,187.0,150.0
500,1 event,uncorrected,0.2,3,21296,21179,762,662,100,0.868766404199475,0.921824367179842,0.031257377591009966,14.085106382978724,0.9361702127659575,0.2817021276595745,3549.8489425981875,100,100,0.0,119.0,87.0,119.0
500,1 event,bh_window,1e-05,3,23383,21178,40,0,40,0.0,0.0,0.0,0.0,0.0,0.0,inf,100,40,0.6,699.5,387.0,2192.0
500,1 event,bh_window,0.0001,3,23290,22072,70,0,70,0.0,0.0,0.0,0.0,0.0,0.0,inf,100,70,0.30000000000000004,355.57142857142856,287.0,1205.0
500,1 event,bh_window,0.001,3,23218,22712,94,0,94,0.0,0.0,0.0,0.0,0.0,0.0,inf,100,94,0.06000000000000005,321.0425531914894,287.0,493.0
500,1 event,bh_window,0.01,3,23200,22953,100,0,100,0.0,0.0,0.0,0.0,0.0,0.0,inf,100,100,0.0,234.0,187.0,234.0
500,1 event,bh_window,0.05,3,23200,22994,100,0,100,0.0,0.0,0.0,0.0,0.0,0.0,inf,100,100,0.0,193.0,187.0,193.0
500,1 event,bh_window,0.1,3,23200,23000,100,0,100,0.0,0.0,0.0,0.0,0.0,0.0,inf,100,100,0.0,187.0,187.0,187.0
500,1 event,bh_window,0.2,3,23200,23000,100,0,100,0.0,0.0,0.0,0.0,0.0,0.0,inf,100,100,0.0,187.0,187.0,187.0
500,1 event,storey_bh,1e-05,3,23374,21360,42,0,42,0.0,0.0,0.0,0.0,0.0,0.0,inf,100,42,0.5800000000000001,363.1904761904762,387.0,2001.0
500,1 event,storey_bh,0.0001,3,23287,22111,71,0,71,0.0,0.0,0.0,0.0,0.0,0.0,inf,100,71,0.29000000000000004,336.2957746478873,287.0,1163.0
500,1 event,storey_bh,0.001,3,23215,22761,95,0,95,0.0,0.0,0.0,0.0,0.0,0.0,inf,100,95,0.050000000000000044,296.4736842105263,287.0,441.0
500,1 event,storey_bh,0.01,3,23200,22953,100,0,100,0.0,0.0,0.0,0.0,0.0,0.0,inf,100,100,0.0,234.0,187.0,234.0
500,1 event,storey_bh,0.05,3,23200,22995,100,0,100,0.0,0.0,0.0,0.0,0.0,0.0,inf,100,100,0.0,192.0,187.0,192.0
500,1 event,storey_bh,0.1,3,23200,23000,100,0,100,0.0,0.0,0.0,0.0,0.0,0.0,inf,100,100,0.0,187.0,187.0,187.0
500,1 event,storey_bh,0.2,3,23200,23000,100,0,100,0.0,0.0,0.0,0.0,0.0,0.0,inf,100,100,0.0,187.0,187.0,187.0
500,1 event,BatchBH,1e-05,3,23500,20300,0,0,0,0.0,0.0,0.0,0.0,0.0,0.0,inf,100,0,1.0,,,3187.0
500,1 event,BatchBH,0.0001,3,23466,20534,13,0,13,0.0,0.0,0.0,0.0,0.0,0.0,inf,100,13,0.87,1125.4615384615386,387.0,2919.0
500,1 event,BatchBH,0.001,3,23353,21146,49,0,49,0.0,0.0,0.0,0.0,0.0,0.0,inf,100,49,0.51,1160.469387755102,1087.0,2194.0
500,1 event,BatchBH,0.01,3,23263,22008,79,0,79,0.0,0.0,0.0,0.0,0.0,0.0,inf,100,79,0.20999999999999996,724.9746835443038,387.0,1242.0
500,1 event,BatchBH,0.05,3,23221,22580,95,0,95,0.0,0.0,0.0,0.0,0.0,0.0,inf,100,95,0.050000000000000044,493.3157894736842,287.0,628.0
500,1 event,BatchBH,0.1,3,23209,22695,98,0,98,0.0,0.0,0.0,0.0,0.0,0.0,inf,100,98,0.020000000000000018,446.18367346938777,287.0,501.0
500,1 event,BatchBH,0.2,3,23207,22723,98,0,98,0.0,0.0,0.0,0.0,0.0,0.0,inf,100,98,0.020000000000000018,415.57142857142856,287.0,471.0
500,1 event,bonferroni,1e-05,3,23443,20690,19,0,19,0.0,0.0,0.0,0.0,0.0,0.0,inf,100,19,0.81,834.3684210526316,387.0,2740.0
500,1 event,bonferroni,0.0001,3,23359,21280,47,0,47,0.0,0.0,0.0,0.0,0.0,0.0,inf,100,47,0.53,801.8936170212766,487.0,2066.0
500,1 event,bonferroni,0.001,3,23276,21991,77,0,77,0.0,0.0,0.0,0.0,0.0,0.0,inf,100,77,0.22999999999999998,699.987012987013,387.0,1272.0
500,1 event,bonferroni,0.01,3,23209,22700,97,0,97,0.0,0.0,0.0,0.0,0.0,0.0,inf,100,97,0.030000000000000027,412.77319587628864,287.0,496.0
500,1 event,bonferroni,0.05,3,23200,22883,100,0,100,0.0,0.0,0.0,0.0,0.0,0.0,inf,100,100,0.0,304.0,287.0,304.0
500,1 event,bonferroni,0.1,3,23200,22911,100,0,100,0.0,0.0,0.0,0.0,0.0,0.0,inf,100,100,0.0,276.0,287.0,276.0
500,1 event,bonferroni,0.2,3,23200,22935,100,0,100,0.0,0.0,0.0,0.0,0.0,0.0,inf,100,100,0.0,252.0,287.0,252.0
100,sporadic,LORD++,1e-05,0,4670,4311,10,0,10,0.0,0.0,0.0,0.0,0.0,0.0,inf,20,10,0.5,1388.4,1396.0,1756.05
100,sporadic,LORD++,0.0001,0,4658,4351,14,0,14,0.0,0.0,0.0,0.0,0.0,0.0,inf,20,14,0.30000000000000004,1158.2857142857142,1217.0,1496.05
100,sporadic,LORD++,0.001,0,4655,4437,15,0,15,0.0,0.0,0.0,0.0,0.0,0.0,inf,20,15,0.25,613.2666666666667,448.0,1051.05
100,sporadic,LORD++,0.01,0,4643,4517,19,0,19,0.0,0.0,0.0,0.0,0.0,0.0,inf,20,19,0.050000000000000044,471.7894736842105,288.0,591.05
100,sporadic,LORD++,0.05,0,4637,4548,21,1,20,0.047619047619047616,0.02127659574468085,0.00021987686895338611,0.02127659574468085,0.02127659574468085,0.002127659574468085,470000.0,20,20,0.0,406.05,287.5,406.05
100,sporadic,LORD++,0.1,0,4637,4554,21,1,20,0.047619047619047616,0.02127659574468085,0.00021958717610891525,0.02127659574468085,0.02127659574468085,0.002127659574468085,470000.0,20,20,0.0,376.05,288.5,376.05
100,sporadic,LORD++,0.2,0,4634,4556,22,2,20,0.09090909090909091,0.02127659574468085,0.0004389815627743635,0.0425531914893617,0.0425531914893617,0.00425531914893617,235000.0,20,20,0.0,351.05,250.0,351.05
100,sporadic,uncorrected,1e-05,0,4643,4494,19,0,19,0.0,0.0,0.0,0.0,0.0,0.0,inf,20,19,0.050000000000000044,592.8421052631579,348.0,706.05
100,sporadic,uncorrected,0.0001,0,4637,4566,21,1,20,0.047619047619047616,0.02127659574468085,0.0002190100744634253,0.02127659574468085,0.02127659574468085,0.002127659574468085,470000.0,20,20,0.0,316.05,287.5,316.05
100,sporadic,uncorrected,0.001,0,4637,4583,21,1,20,0.047619047619047616,0.02127659574468085,0.0002181976871045167,0.02127659574468085,0.02127659574468085,0.002127659574468085,470000.0,20,20,0.0,231.05,224.0,231.05
100,sporadic,uncorrected,0.01,0,4611,4569,30,10,20,0.3333333333333333,0.1524822695035461,0.002188662727073758,0.2127659574468085,0.19148936170212766,0.02127659574468085,47000.0,20,20,0.0,171.05,181.5,171.05
100,sporadic,uncorrected,0.05,0,4514,4480,65,45,20,0.6923076923076923,0.4471631205673759,0.010044642857142858,0.9574468085106383,0.48936170212765956,0.09574468085106383,10444.444444444445,20,20,0.0,131.05,133.0,131.05
100,sporadic,uncorrected,0.1,0,4352,4322,120,100,20,0.8333333333333334,0.5950523471800068,0.02313743637204998,2.127659574468085,0.6808510638297872,0.2127659574468085,4700.0,20,20,0.0,111.05,108.0,111.05
100,sporadic,uncorrected,0.2,0,4000,3972,242,222,20,0.9173553719008265,0.8497845731888285,0.055891238670694864,4.723404255319149,0.9361702127659575,0.4723404255319149,2117.1171171171172,20,20,0.0,116.05,99.5,116.05
100,sporadic,bh_window,1e-05,0,4661,4386,13,0,13,0.0,0.0,0.0,0.0,0.0,0.0,inf,20,13,0.35,886.7692307692307,852.0,1336.05
100,sporadic,bh_window,0.0001,0,4655,4448,15,0,15,0.0,0.0,0.0,0.0,0.0,0.0,inf,20,15,0.25,539.9333333333333,441.0,996.05
100,sporadic,bh_window,0.001,0,4643,4525,19,0,19,0.0,0.0,0.0,0.0,0.0,0.0,inf,20,19,0.050000000000000044,429.6842105263158,307.0,551.05
100,sporadic,bh_window,0.01,0,4637,4571,21,1,20,0.047619047619047616,0.02127659574468085,0.0002187705097352877,0.02127659574468085,0.02127659574468085,0.002127659574468085,470000.0,20,20,0.0,291.05,287.0,291.05
100,sporadic,bh_window,0.05,0,4637,4579,21,1,20,0.047619047619047616,0.02127659574468085,0.00021838829438742082,0.02127659574468085,0.02127659574468085,0.002127659574468085,470000.0,20,20,0.0,251.05,250.0,251.05
100,sporadic,bh_window,0.1,0,4637,4584,21,1,20,0.047619047619047616,0.02127659574468085,0.0002181500872600349,0.02127659574468085,0.02127659574468085,0.002127659574468085,470000.0,20,20,0.0,226.05,199.5,226.05
100,sporadic,bh_window,0.2,0,4628,4583,24,4,20,0.16666666666666666,0.06028368794326241,0.0008727907484180668,0.0851063829787234,0.0851063829787234,0.00851063829787234,117500.0,20,20,0.0,186.05,184.5,186.05
100,sporadic,storey_bh,1e-05,0,4655,4417,15,0,15,0.0,0.0,0.0,0.0,0.0,0.0,inf,20,15,0.25,746.6,687.0,1151.05
100,sporadic,storey_bh,0.0001,0,4655,4454,15,0,15,0.0,0.0,0.0,0.0,0.0,0.0,inf,20,15,0.25,499.93333333333334,388.0,966.05
100,sporadic,storey_bh,0.001,0,4640,4543,20,0,20,0.0,0.0,0.0,0.0,0.0,0.0,inf,20,20,0.0,446.05,324.0,446.05
100,sporadic,storey_bh,0.01,0,4637,4572,21,1,20,0.047619047619047616,0.02127659574468085,0.00021872265966754156,0.02127659574468085,0.02127659574468085,0.002127659574468085,470000.0,20,20,0.0,286.05,286.5,286.05
100,sporadic,storey_bh,0.05,0,4634,4576,22,2,20,0.09090909090909091,0.028368794326241134,0.00043706293706293706,0.0425531914893617,0.0425531914893617,0.00425531914893617,235000.0,20,20,0.0,251.05,250.0,251.05
100,sporadic,storey_bh,0.1,0,4595,4542,35,15,20,0.42857142857142855,0.04812563323201621,0.0033025099075297227,0.3191489361702128,0.06382978723404255,0.031914893617021274,31333.333333333332,20,20,0.0,226.05,199.5,226.05
100,sporadic,storey_bh,0.2,0,4282,4241,140,120,20,0.8571428571428571,0.09774494496360683,0.028295213393067672,2.5531914893617023,0.10638297872340426,0.2553191489361702,3916.6666666666665,20,20,0.0,186.05,174.0,186.05
100,sporadic,BatchBH,1e-05,0,4694,4259,2,0,2,0.0,0.0,0.0,0.0,0.0,0.0,inf,20,2,0.9,1086.0,1086.0,2136.05
100,sporadic,BatchBH,0.0001,0,4688,4278,4,0,4,0.0,0.0,0.0,0.0,0.0,0.0,inf,20,4,0.8,745.75,586.5,2011.05
100,sporadic,BatchBH,0.001,0,4664,4357,12,0,12,0.0,0.0,0.0,0.0,0.0,0.0,inf,20,12,0.4,1019.6666666666666,974.0,1496.05
100,sporadic,BatchBH,0.01,0,4655,4441,15,0,15,0.0,0.0,0.0,0.0,0.0,0.0,inf,20,15,0.25,586.6,444.0,1031.05
100,sporadic,BatchBH,0.05,0,4646,4475,18,0,18,0.0,0.0,0.0,0.0,0.0,0.0,inf,20,18,0.09999999999999998,554.6666666666666,388.0,816.05
100,sporadic,BatchBH,0.1,0,4643,4491,19,0,19,0.0,0.0,0.0,0.0,0.0,0.0,inf,20,19,0.050000000000000044,608.6315789473684,341.0,721.05
100,sporadic,BatchBH,0.2,0,4637,4534,21,1,20,0.047619047619047616,0.02127659574468085,0.00022055580061755624,0.02127659574468085,0.02127659574468085,0.002127659574468085,470000.0,20,20,0.0,476.05,297.5,476.05
100,sporadic,bonferroni,1e-05,0,4671,4354,10,0,10,0.0,0.0,0.0,0.0,0.0,0.0,inf,20,10,0.5,845.6,769.5,1546.05
100,sporadic,bonferroni,0.0001,0,4655,4433,15,0,15,0.0,0.0,0.0,0.0,0.0,0.0,inf,20,15,0.25,639.9333333333333,488.0,1071.05
100,sporadic,bonferroni,0.001,0,4643,4494,19,0,19,0.0,0.0,0.0,0.0,0.0,0.0,inf,20,19,0.050000000000000044,592.8421052631579,348.0,706.05
100,sporadic,bonferroni,0.01,0,4637,4566,21,1,20,0.047619047619047616,0.02127659574468085,0.0002190100744634253,0.02127659574468085,0.02127659574468085,0.002127659574468085,470000.0,20,20,0.0,316.05,287.5,316.05
100,sporadic,bonferroni,0.05,0,4637,4578,21,1,20,0.047619047619047616,0.02127659574468085,0.00021843599825251202,0.02127659574468085,0.02127659574468085,0.002127659574468085,470000.0,20,20,0.0,256.05,250.0,256.05
100,sporadic,bonferroni,0.1,0,4637,4583,21,1,20,0.047619047619047616,0.02127659574468085,0.0002181976871045167,0.02127659574468085,0.02127659574468085,0.002127659574468085,470000.0,20,20,0.0,231.05,224.0,231.05
100,sporadic,bonferroni,0.2,0,4628,4578,24,4,20,0.16666666666666666,0.07446808510638298,0.0008737439930100481,0.0851063829787234,0.0851063829787234,0.00851063829787234,117500.0,20,20,0.0,211.05,189.0,211.05
100,sporadic,LORD++,1e-05,1,4649,4489,17,0,17,0.0,0.0,0.0,0.0,0.0,0.0,inf,20,17,0.15000000000000002,564.6470588235294,445.0,761.9
100,sporadic,LORD++,0.0001,1,4643,4536,19,0,19,0.0,0.0,0.0,0.0,0.0,0.0,inf,20,19,0.050000000000000044,465.36842105263156,368.0,496.9
100,sporadic,LORD++,0.001,1,4643,4558,19,0,19,0.0,0.0,0.0,0.0,0.0,0.0,inf,20,19,0.050000000000000044,349.57894736842104,308.0,386.9
100,sporadic,LORD++,0.01,1,4640,4577,20,0,20,0.0,0.0,0.0,0.0,0.0,0.0,inf,20,20,0.0,276.9,287.0,276.9
100,sporadic,LORD++,0.05,1,4634,4582,22,2,20,0.09090909090909091,0.02127659574468085,0.00043649061545176777,0.0425531914893617,0.0425531914893617,0.00425531914893617,235000.0,20,20,0.0,221.9,196.5,221.9
100,sporadic,LORD++,0.1,1,4625,4575,25,5,20,0.2,0.02127659574468085,0.001092896174863388,0.10638297872340426,0.0425531914893617,0.010638297872340425,94000.0,20,20,0.0,211.9,191.5,211.9
100,sporadic,LORD++,0.2,1,4613,4565,29,9,20,0.3103448275862069,0.04761904761904762,0.0019715224534501644,0.19148936170212766,0.06382978723404255,0.019148936170212766,52222.22222222222,20,20,0.0,201.9,188.0,201.9
100,sporadic,uncorrected,1e-05,1,4640,4580,20,0,20,0.0,0.0,0.0,0.0,0.0,0.0,inf,20,20,0.0,261.9,256.5,261.9
100,sporadic,uncorrected,0.0001,1,4640,4590,20,0,20,0.0,0.0,0.0,0.0,0.0,0.0,inf,20,20,0.0,211.9,196.5,211.9
100,sporadic,uncorrected,0.001,1,4619,4578,27,7,20,0.25925925925925924,0.08297872340425531,0.0015290519877675841,0.14893617021276595,0.1276595744680851,0.014893617021276596,67142.85714285714,20,20,0.0,166.9,148.0,166.9
100,sporadic,uncorrected,0.01,1,4511,4474,63,43,20,0.6825396825396826,0.4177304964539007,0.009611086276262852,0.9148936170212766,0.44680851063829785,0.09148936170212765,10930.232558139534,20,20,0.0,146.9,150.0,146.9
100,sporadic,uncorrected,0.05,1,4292,4260,136,116,20,0.8529411764705882,0.5980243161094225,0.027230046948356807,2.4680851063829787,0.6808510638297872,0.24680851063829787,4051.7241379310344,20,20,0.0,131.9,136.5,131.9
100,sporadic,uncorrected,0.1,1,4154,4126,182,162,20,0.8901098901098901,0.5790780141843972,0.03926320891904993,3.4468085106382977,0.6382978723404256,0.3446808510638298,2901.2345679012346,20,20,0.0,126.9,103.5,126.9
100,sporadic,uncorrected,0.2,1,3833,3809,289,269,20,0.9307958477508651,0.7994563946691605,0.07062221055395117,5.723404255319149,0.8723404255319149,0.5723404255319149,1747.2118959107806,20,20,0.0,151.9,103.5,151.9
100,sporadic,bh_window,1e-05,1,4643,4534,19,0,19,0.0,0.0,0.0,0.0,0.0,0.0,inf,20,19,0.050000000000000044,475.89473684210526,345.0,506.9
100,sporadic,bh_window,0.0001,1,4643,4564,19,0,19,0.0,0.0,0.0,0.0,0.0,0.0,inf,20,19,0.050000000000000044,318.0,308.0,356.9
100,sporadic,bh_window,0.001,1,4640,4582,20,0,20,0.0,0.0,0.0,0.0,0.0,0.0,inf,20,20,0.0,251.9,245.0,251.9
100,sporadic,bh_window,0.01,1,4634,4585,22,2,20,0.09090909090909091,0.017730496453900707,0.0004362050163576881,0.0425531914893617,0.0425531914893617,0.00425531914893617,235000.0,20,20,0.0,206.9,196.5,206.9
100,sporadic,bh_window,0.05,1,4595,4552,35,15,20,0.42857142857142855,0.09893617021276596,0.003295254833040422,0.3191489361702128,0.1276595744680851,0.031914893617021274,31333.333333333332,20,20,0.0,176.9,152.0,176.9
100,sporadic,bh_window,0.1,1,4553,4513,49,29,20,0.5918367346938775,0.10486322188449848,0.006425880788832263,0.6170212765957447,0.1276595744680851,0.06170212765957447,16206.896551724138,20,20,0.0,161.9,148.0,161.9
100,sporadic,bh_window,0.2,1,4454,4416,82,62,20,0.7560975609756098,0.1656534954407295,0.014039855072463768,1.3191489361702127,0.19148936170212766,0.13191489361702127,7580.645161290323,20,20,0.0,151.9,152.0,151.9
100,sporadic,storey_bh,1e-05,1,4643,4550,19,0,19,0.0,0.0,0.0,0.0,0.0,0.0,inf,20,19,0.050000000000000044,391.6842105263158,345.0,426.9
100,sporadic,storey_bh,0.0001,1,4640,4572,20,0,20,0.0,0.0,0.0,0.0,0.0,0.0,inf,20,20,0.0,301.9,301.0,301.9
100,sporadic,storey_bh,0.001,1,4637,4583,21,1,20,0.047619047619047616,0.00425531914893617,0.0002181976871045167,0.02127659574468085,0.02127659574468085,0.002127659574468085,470000.0,20,20,0.0,231.9,216.5,231.9
100,sporadic,storey_bh,0.01,1,4601,4548,33,13,20,0.3939393939393939,0.06436170212765957,0.0028583992963940193,0.2765957446808511,0.0851063829787234,0.027659574468085105,36153.846153846156,20,20,0.0,226.9,191.0,226.9
100,sporadic,storey_bh,0.05,1,4511,4465,63,43,20,0.6825396825396826,0.061895551257253385,0.009630459126539754,0.9148936170212766,0.06382978723404255,0.09148936170212765,10930.232558139534,20,20,0.0,191.9,188.0,191.9
100,sporadic,storey_bh,0.1,1,4337,4295,121,101,20,0.8347107438016529,0.09042553191489362,0.02351571594877765,2.148936170212766,0.10638297872340426,0.2148936170212766,4653.465346534654,20,20,0.0,171.9,152.0,171.9
100,sporadic,storey_bh,0.2,1,4064,4027,212,192,20,0.9056603773584906,0.09016606123508045,0.047678172336727095,4.085106382978723,0.10638297872340426,0.4085106382978723,2447.9166666666665,20,20,0.0,156.9,150.0,156.9
100,sporadic,BatchBH,1e-05,1,4673,4351,9,0,9,0.0,0.0,0.0,0.0,0.0,0.0,inf,20,9,0.55,479.22222222222223,445.0,1571.9
100,sporadic,BatchBH,0.0001,1,4652,4469,16,0,16,0.0,0.0,0.0,0.0,0.0,0.0,inf,20,16,0.19999999999999996,568.75,485.0,876.9
100,sporadic,BatchBH,0.001,1,4643,4532,19,0,19,0.0,0.0,0.0,0.0,0.0,0.0,inf,20,19,0.050000000000000044,486.42105263157896,368.0,516.9
100,sporadic,BatchBH,0.01,1,4640,4567,20,0,20,0.0,0.0,0.0,0.0,0.0,0.0,inf,20,20,0.0,326.9,316.5,326.9
100,sporadic,BatchBH,0.05,1,4640,4578,20,0,20,0.0,0.0,0.0,0.0,0.0,0.0,inf,20,20,0.0,271.9,287.0,271.9
100,sporadic,BatchBH,0.1,1,4640,4582,20,0,20,0.0,0.0,0.0,0.0,0.0,0.0,inf,20,20,0.0,251.9,245.0,251.9
100,sporadic,BatchBH,0.2,1,4637,4584,21,1,20,0.047619047619047616,0.02127659574468085,0.0002181500872600349,0.02127659574468085,0.02127659574468085,0.002127659574468085,470000.0,20,20,0.0,226.9,203.5,226.9
100,sporadic,bonferroni,1e-05,1,4646,4520,18,0,18,0.0,0.0,0.0,0.0,0.0,0.0,inf,20,18,0.09999999999999998,469.6666666666667,378.0,591.9
100,sporadic,bonferroni,0.0001,1,4643,4560,19,0,19,0.0,0.0,0.0,0.0,0.0,0.0,inf,20,19,0.050000000000000044,339.05263157894734,308.0,376.9
100,sporadic,bonferroni,0.001,1,4640,4580,20,0,20,0.0,0.0,0.0,0.0,0.0,0.0,inf,20,20,0.0,261.9,256.5,261.9
100,sporadic,bonferroni,0.01,1,4637,4587,21,1,20,0.047619047619047616,0.02127659574468085,0.00021800741225201656,0.02127659574468085,0.02127659574468085,0.002127659574468085,470000.0,20,20,0.0,211.9,196.5,211.9
100,sporadic,bonferroni,0.05,1,4625,4582,25,5,20,0.2,0.06382978723404255,0.0010912265386294195,0.10638297872340426,0.0851063829787234,0.010638297872340425,94000.0,20,20,0.0,176.9,167.5,176.9
100,sporadic,bonferroni,0.1,1,4619,4578,27,7,20,0.25925925925925924,0.08297872340425531,0.0015290519877675841,0.14893617021276595,0.1276595744680851,0.014893617021276596,67142.85714285714,20,20,0.0,166.9,148.0,166.9
100,sporadic,bonferroni,0.2,1,4598,4557,34,14,20,0.4117647058823529,0.19680851063829788,0.0030721966205837174,0.2978723404255319,0.2127659574468085,0.029787234042553193,33571.42857142857,20,20,0.0,166.9,148.0,166.9
100,sporadic,LORD++,1e-05,2,4676,4398,8,0,8,0.0,0.0,0.0,0.0,0.0,0.0,inf,20,8,0.6,590.125,437.0,1335.2
100,sporadic,LORD++,0.0001,2,4655,4467,15,0,15,0.0,0.0,0.0,0.0,0.0,0.0,inf,20,15,0.25,625.9333333333333,636.0,885.2
100,sporadic,LORD++,0.001,2,4643,4538,19,0,19,0.0,0.0,0.0,0.0,0.0,0.0,inf,20,19,0.050000000000000044,430.10526315789474,372.0,470.2
100,sporadic,LORD++,0.01,2,4640,4563,20,0,20,0.0,0.0,0.0,0.0,0.0,0.0,inf,20,20,0.0,330.2,299.0,330.2
100,sporadic,LORD++,0.05,2,4640,4572,20,0,20,0.0,0.0,0.0,0.0,0.0,0.0,inf,20,20,0.0,285.2,260.5,285.2
100,sporadic,LORD++,0.1,2,4640,4580,20,0,20,0.0,0.0,0.0,0.0,0.0,0.0,inf,20,20,0.0,245.2,197.5,245.2
100,sporadic,LORD++,0.2,2,4640,4585,20,0,20,0.0,0.0,0.0,0.0,0.0,0.0,inf,20,20,0.0,220.2,206.5,220.2
100,sporadic,uncorrected,1e-05,2,4643,4564,20,0,20,0.0,0.0,0.0,0.0,0.0,0.0,inf,20,20,0.0,340.2,283.5,340.2
100,sporadic,uncorrected,0.0001,2,4640,4584,20,0,20,0.0,0.0,0.0,0.0,0.0,0.0,inf,20,20,0.0,225.2,208.0,225.2
100,sporadic,uncorrected,0.001,2,4637,4589,21,1,20,0.047619047619047616,0.02127659574468085,0.00021791239921551536,0.02127659574468085,0.02127659574468085,0.002127659574468085,470000.0,20,20,0.0,185.2,170.0,185.2
100,sporadic,uncorrected,0.01,2,4594,4557,39,19,20,0.48717948717948717,0.20921985815602834,0.004169409699363616,0.40425531914893614,0.2765957446808511,0.04042553191489362,24736.842105263157,20,20,0.0,130.2,127.5,130.2
100,sporadic,uncorrected,0.05,2,4462,4430,85,65,20,0.7647058823529411,0.5105876393110436,0.014672686230248307,1.3829787234042554,0.574468085106383,0.13829787234042554,7230.7692307692305,20,20,0.0,105.2,106.5,105.2
100,sporadic,uncorrected,0.1,2,4311,4281,138,118,20,0.855072463768116,0.7230058948144054,0.027563653352020556,2.5106382978723403,0.8085106382978723,0.251063829787234,3983.0508474576272,20,20,0.0,95.2,97.5,95.2
100,sporadic,uncorrected,0.2,2,3934,3906,277,257,20,0.927797833935018,0.8819433521561183,0.06579621095750128,5.468085106382978,0.9574468085106383,0.5468085106382978,1828.7937743190662,20,20,0.0,110.2,97.5,110.2
100,sporadic,bh_window,1e-05,2,4658,4478,14,0,14,0.0,0.0,0.0,0.0,0.0,0.0,inf,20,14,0.30000000000000004,501.92857142857144,399.0,845.2
100,sporadic,bh_window,0.0001,2,4643,4544,19,0,19,0.0,0.0,0.0,0.0,0.0,0.0,inf,20,19,0.050000000000000044,398.5263157894737,359.0,440.2
100,sporadic,bh_window,0.001,2,4640,4569,20,0,20,0.0,0.0,0.0,0.0,0.0,0.0,inf,20,20,0.0,300.2,283.5,300.2
100,sporadic,bh_window,0.01,2,4640,4585,20,0,20,0.0,0.0,0.0,0.0,0.0,0.0,inf,20,20,0.0,220.2,206.5,220.2
100,sporadic,bh_window,0.05,2,4637,4589,21,1,20,0.047619047619047616,0.010638297872340425,0.00021791239921551536,0.02127659574468085,0.02127659574468085,0.002127659574468085,470000.0,20,20,0.0,185.2,168.5,185.2
100,sporadic,bh_window,0.1,2,4628,4583,24,4,20,0.16666666666666666,0.03900709219858156,0.0008727907484180668,0.0851063829787234,0.06382978723404255,0.00851063829787234,117500.0,20,20,0.0,170.2,160.5,170.2
100,sporadic,bh_window,0.2,2,4609,4569,34,14,20,0.4117647058823529,0.12978723404255318,0.003064127817903261,0.2978723404255319,0.1702127659574468,0.029787234042553193,33571.42857142857,20,20,0.0,145.2,145.5,145.2
100,sporadic,storey_bh,1e-05,2,4650,4502,18,0,18,0.0,0.0,0.0,0.0,0.0,0.0,inf,20,18,0.09999999999999998,569.3888888888889,431.0,685.2
100,sporadic,storey_bh,0.0001,2,4643,4553,19,0,19,0.0,0.0,0.0,0.0,0.0,0.0,inf,20,19,0.050000000000000044,351.1578947368421,351.0,395.2
100,sporadic,storey_bh,0.001,2,4640,4571,20,0,20,0.0,0.0,0.0,0.0,0.0,0.0,inf,20,20,0.0,290.2,274.5,290.2
100,sporadic,storey_bh,0.01,2,4640,4586,20,0,20,0.0,0.0,0.0,0.0,0.0,0.0,inf,20,20,0.0,215.2,197.5,215.2
100,sporadic,storey_bh,0.05,2,4624,4578,30,10,20,0.3333333333333333,0.06028368794326241,0.00218435998252512,0.2127659574468085,0.0851063829787234,0.02127659574468085,47000.0,20,20,0.0,175.2,164.0,175.2
100,sporadic,storey_bh,0.1,2,4424,4386,98,78,20,0.7959183673469388,0.09186085781830462,0.017783857729138167,1.6595744680851063,0.1276595744680851,0.16595744680851063,6025.641025641025,20,20,0.0,150.2,138.5,150.2
100,sporadic,storey_bh,0.2,2,4424,4373,142,122,20,0.8591549295774648,0.09922331776509254,0.027898467871026754,2.595744680851064,0.1276595744680851,0.25957446808510637,3852.4590163934427,20,20,0.0,210.2,138.5,210.2
100,sporadic,BatchBH,1e-05,2,4684,4360,6,0,6,0.0,0.0,0.0,0.0,0.0,0.0,inf,20,6,0.7,720.5,456.5,1565.2
100,sporadic,BatchBH,0.0001,2,4675,4393,9,0,9,0.0,0.0,0.0,0.0,0.0,0.0,inf,20,9,0.55,483.44444444444446,405.0,1355.2
100,sporadic,BatchBH,0.001,2,4658,4468,14,0,14,0.0,0.0,0.0,0.0,0.0,0.0,inf,20,14,0.30000000000000004,573.3571428571429,424.5,895.2
100,sporadic,BatchBH,0.01,2,4643,4544,19,0,19,0.0,0.0,0.0,0.0,0.0,0.0,inf,20,19,0.050000000000000044,398.5263157894737,359.0,440.2
100,sporadic,BatchBH,0.05,2,4640,4568,20,0,20,0.0,0.0,0.0,0.0,0.0,0.0,inf,20,20,0.0,305.2,299.0,305.2
100,sporadic,BatchBH,0.1,2,4640,4569,20,0,20,0.0,0.0,0.0,0.0,0.0,0.0,inf,20,20,0.0,300.2,283.5,300.2
100,sporadic,BatchBH,0.2,2,4640,4575,20,0,20,0.0,0.0,0.0,0.0,0.0,0.0,inf,20,20,0.0,270.2,264.0,270.2
100,sporadic,bonferroni,1e-05,2,4658,4461,14,0,14,0.0,0.0,0.0,0.0,0.0,0.0,inf,20,14,0.30000000000000004,623.3571428571429,399.0,930.2
100,sporadic,bonferroni,0.0001,2,4643,4540,19,0,19,0.0,0.0,0.0,0.0,0.0,0.0,inf,20,19,0.050000000000000044,419.57894736842104,359.0,460.2
100,sporadic,bonferroni,0.001,2,4640,4569,20,0,20,0.0,0.0,0.0,0.0,0.0,0.0,inf,20,20,0.0,300.2,283.5,300.2
100,sporadic,bonferroni,0.01,2,4640,4584,20,0,20,0.0,0.0,0.0,0.0,0.0,0.0,inf,20,20,0.0,225.2,208.0,225.2
100,sporadic,bonferroni,0.05,2,4640,4589,20,0,20,0.0,0.0,0.0,0.0,0.0,0.0,inf,20,20,0.0,200.2,183.5,200.2
100,sporadic,bonferroni,0.1,2,4634,4586,22,2,20,0.09090909090909091,0.031914893617021274,0.0004361098996947231,0.0425531914893617,0.0425531914893617,0.00425531914893617,235000.0,20,20,0.0,185.2,170.0,185.2
100,sporadic,bonferroni,0.2,2,4627,4583,25,5,20,0.2,0.0851063829787234,0.0010909884355225835,0.10638297872340426,0.10638297872340426,0.010638297872340425,94000.0,20,20,0.0,165.2,160.5,165.2
500,1 event,LORD++,1e-05,4,23500,21400,0,0,0,0.0,0.0,0.0,0.0,0.0,0.0,inf,100,0,1.0,,,2028.0
500,1 event,LORD++,0.0001,4,23305,21846,65,0,65,0.0,0.0,0.0,0.0,0.0,0.0,inf,100,65,0.35,1041.8461538461538,1028.0,1387.0
500,1 event,LORD++,0.001,4,23239,22387,87,0,87,0.0,0.0,0.0,0.0,0.0,0.0,inf,100,87,0.13,593.5172413793103,528.0,780.0
500,1 event,LORD++,0.01,4,23200,22693,100,0,100,0.0,0.0,0.0,0.0,0.0,0.0,inf,100,100,0.0,435.0,428.0,435.0
500,1 event,LORD++,0.05,4,23200,22699,100,0,100,0.0,0.0,0.0,0.0,0.0,0.0,inf,100,100,0.0,429.0,428.0,429.0
500,1 event,LORD++,0.1,4,23200,22760,100,0,100,0.0,0.0,0.0,0.0,0.0,0.0,inf,100,100,0.0,368.0,328.0,368.0
500,1 event,LORD++,0.2,4,23200,22761,100,0,100,0.0,0.0,0.0,0.0,0.0,0.0,inf,100,100,0.0,367.0,328.0,367.0
500,1 event,uncorrected,1e-05,4,23221,22563,93,0,93,0.0,0.0,0.0,0.0,0.0,0.0,inf,100,93,0.06999999999999995,477.4623655913978,428.0,586.0
500,1 event,uncorrected,0.0001,4,23203,22789,100,0,100,0.0,0.0,0.0,0.0,0.0,0.0,inf,100,100,0.0,342.0,328.0,342.0
500,1 event,uncorrected,0.001,4,23197,22874,101,1,100,0.009900990099009901,0.02127659574468085,4.37177581533619e-05,0.02127659574468085,0.02127659574468085,0.000425531914893617,2350000.0,100,100,0.0,251.0,228.0,251.0
500,1 event,uncorrected,0.01,4,23192,22930,103,3,100,0.02912621359223301,0.06382978723404255,0.00013083296990841692,0.06382978723404255,0.06382978723404255,0.001276595744680851,783333.3333333334,100,100,0.0,190.0,228.0,190.0
500,1 event,uncorrected,0.05,4,23018,22802,162,62,100,0.38271604938271603,0.46808510638297873,0.002719059731602491,1.3191489361702127,0.46808510638297873,0.026382978723404255,37903.22580645161,100,100,0.0,146.0,128.0,146.0
500,1 event,uncorrected,0.1,4,22643,22443,291,191,100,0.6563573883161512,0.8528368794326242,0.008510448692242571,4.0638297872340425,0.8723404255319149,0.08127659574468085,12303.664921465968,100,100,0.0,140.0,128.0,140.0
500,1 event,uncorrected,0.2,4,21405,21216,709,609,100,0.8589562764456982,0.9541588730418519,0.028704751131221718,12.957446808510639,1.0,0.2591489361702128,3858.784893267652,100,100,0.0,127.0,128.0,127.0
500,1 event,bh_window,1e-05,4,23383,21851,39,0,39,0.0,0.0,0.0,0.0,0.0,0.0,inf,100,39,0.61,571.5897435897435,428.0,1460.0
500,1 event,bh_window,0.0001,4,23266,22363,78,0,78,0.0,0.0,0.0,0.0,0.0,0.0,inf,100,78,0.21999999999999997,493.38461538461536,428.0,831.0
500,1 event,bh_window,0.001,4,23218,22668,94,0,94,0.0,0.0,0.0,0.0,0.0,0.0,inf,100,94,0.06000000000000005,379.06382978723406,328.0,478.0
500,1 event,bh_window,0.01,4,23203,22859,99,0,99,0.0,0.0,0.0,0.0,0.0,0.0,inf,100,99,0.010000000000000009,254.26262626262627,228.0,272.0
500,1 event,bh_window,0.05,4,23200,22898,100,0,100,0.0,0.0,0.0,0.0,0.0,0.0,inf,100,100,0.0,230.0,228.0,230.0
500,1 event,bh_window,0.1,4,23200,22900,100,0,100,0.0,0.0,0.0,0.0,0.0,0.0,inf,100,100,0.0,228.0,228.0,228.0
500,1 event,bh_window,0.2,4,23200,22965,100,0,100,0.0,0.0,0.0,0.0,0.0,0.0,inf,100,100,0.0,163.0,128.0,163.0
500,1 event,storey_bh,1e-05,4,23329,21950,57,0,57,0.0,0.0,0.0,0.0,0.0,0.0,inf,100,57,0.43000000000000005,763.0877192982456,1028.0,1307.0
500,1 event,storey_bh,0.0001,4,23278,22328,74,0,74,0.0,0.0,0.0,0.0,0.0,0.0,inf,100,74,0.26,473.94594594594594,428.0,878.0
500,1 event,storey_bh,0.001,4,23224,22632,92,0,92,0.0,0.0,0.0,0.0,0.0,0.0,inf,100,92,0.07999999999999996,388.8695652173913,328.0,520.0
500,1 event,storey_bh,0.01,4,23203,22839,99,0,99,0.0,0.0,0.0,0.0,0.0,0.0,inf,100,99,0.010000000000000009,274.4646464646465,228.0,292.0
500,1 event,storey_bh,0.05,4,23200,22889,100,0,100,0.0,0.0,0.0,0.0,0.0,0.0,inf,100,100,0.0,239.0,228.0,239.0
500,1 event,storey_bh,0.1,4,23200,22900,100,0,100,0.0,0.0,0.0,0.0,0.0,0.0,inf,100,100,0.0,228.0,228.0,228.0
500,1 event,storey_bh,0.2,4,23200,22950,100,0,100,0.0,0.0,0.0,0.0,0.0,0.0,inf,100,100,0.0,178.0,128.0,178.0
500,1 event,BatchBH,1e-05,4,23500,21400,0,0,0,0.0,0.0,0.0,0.0,0.0,0.0,inf,100,0,1.0,,,2028.0
500,1 event,BatchBH,0.0001,4,23482,21453,6,0,6,0.0,0.0,0.0,0.0,0.0,0.0,inf,100,6,0.94,844.6666666666666,928.0,1957.0
500,1 event,BatchBH,0.001,4,23413,21645,29,0,29,0.0,0.0,0.0,0.0,0.0,0.0,inf,100,29,0.71,883.1724137931035,928.0,1696.0
500,1 event,BatchBH,0.01,4,23260,22249,80,0,80,0.0,0.0,0.0,0.0,0.0,0.0,inf,100,80,0.19999999999999996,666.75,428.0,939.0
500,1 event,BatchBH,0.05,4,23230,22473,90,0,90,0.0,0.0,0.0,0.0,0.0,0.0,inf,100,90,0.09999999999999998,535.7777777777778,428.0,685.0
500,1 event,BatchBH,0.1,4,23218,22584,94,0,94,0.0,0.0,0.0,0.0,0.0,0.0,inf,100,94,0.06000000000000005,468.4255319148936,328.0,562.0
500,1 event,BatchBH,0.2,4,23212,22650,96,0,96,0.0,0.0,0.0,0.0,0.0,0.0,inf,100,96,0.040000000000000036,425.9166666666667,328.0,490.0
500,1 event,bonferroni,1e-05,4,23449,21550,17,0,17,0.0,0.0,0.0,0.0,0.0,0.0,inf,100,17,0.83,845.6470588235294,1028.0,1827.0
500,1 event,bonferroni,0.0001,4,23376,21796,43,0,43,0.0,0.0,0.0,0.0,0.0,0.0,inf,100,43,0.5700000000000001,818.6976744186046,528.0,1508.0
500,1 event,bonferroni,0.001,4,23266,22261,78,0,78,0.0,0.0,0.0,0.0,0.0,0.0,inf,100,78,0.21999999999999997,624.1538461538462,428.0,933.0
500,1 event,bonferroni,0.01,4,23209,22692,97,0,97,0.0,0.0,0.0,0.0,0.0,0.0,inf,100,97,0.030000000000000027,396.0412371134021,328.0,445.0
500,1 event,bonferroni,0.05,4,23203,22791,100,0,100,0.0,0.0,0.0,0.0,0.0,0.0,inf,100,100,0.0,340.0,328.0,340.0
500,1 event,bonferroni,0.1,4,23200,22824,100,0,100,0.0,0.0,0.0,0.0,0.0,0.0,inf,100,100,0.0,304.0,328.0,304.0
500,1 event,bonferroni,0.2,4,23200,22855,100,0,100,0.0,0.0,0.0,0.0,0.0,0.0,inf,100,100,0.0,273.0,228.0,273.0
100,sporadic,LORD++,1e-05,3,4694,4254,2,0,2,0.0,0.0,0.0,0.0,0.0,0.0,inf,20,2,0.9,616.5,616.5,2150.5
100,sporadic,LORD++,0.0001,3,4676,4301,8,0,8,0.0,0.0,0.0,0.0,0.0,0.0,inf,20,8,0.6,919.125,790.5,1825.5
100,sporadic,LORD++,0.001,3,4658,4432,14,0,14,0.0,0.0,0.0,0.0,0.0,0.0,inf,20,14,0.30000000000000004,536.2857142857143,504.5,1080.5
100,sporadic,LORD++,0.01,3,4646,4511,18,0,18,0.0,0.0,0.0,0.0,0.0,0.0,inf,20,18,0.09999999999999998,460.6111111111111,407.5,625.5
100,sporadic,LORD++,0.05,3,4640,4560,20,0,20,0.0,0.0,0.0,0.0,0.0,0.0,inf,20,20,0.0,350.5,325.0,350.5
100,sporadic,LORD++,0.1,3,4640,4572,20,0,20,0.0,0.0,0.0,0.0,0.0,0.0,inf,20,20,0.0,290.5,265.5,290.5
100,sporadic,LORD++,0.2,3,4640,4574,20,0,20,0.0,0.0,0.0,0.0,0.0,0.0,inf,20,20,0.0,280.5,265.5,280.5
100,sporadic,uncorrected,1e-05,3,4649,4505,17,0,17,0.0,0.0,0.0,0.0,0.0,0.0,inf,20,17,0.15000000000000002,377.7647058823529,344.0,670.5
100,sporadic,uncorrected,0.0001,3,4640,4570,20,0,20,0.0,0.0,0.0,0.0,0.0,0.0,inf,20,20,0.0,300.5,278.0,300.5
100,sporadic,uncorrected,0.001,3,4639,4585,21,1,20,0.047619047619047616,0.02127659574468085,0.00021810250817884405,0.02127659574468085,0.02127659574468085,0.002127659574468085,470000.0,20,20,0.0,220.5,219.0,220.5
100,sporadic,uncorrected,0.01,3,4619,4576,27,7,20,0.25925925925925924,0.11347517730496455,0.0015297202797202797,0.14893617021276595,0.1276595744680851,0.014893617021276596,67142.85714285714,20,20,0.0,165.5,159.0,165.5
100,sporadic,uncorrected,0.05,3,4510,4473,64,44,20,0.6875,0.3617021276595745,0.009836798569192935,0.9361702127659575,0.425531914893617,0.09361702127659574,10681.818181818182,20,20,0.0,140.5,142.5,140.5
100,sporadic,uncorrected,0.1,3,4383,4351,107,87,20,0.8130841121495327,0.566548463356974,0.01999540335555045,1.851063829787234,0.6595744680851063,0.1851063829787234,5402.298850574713,20,20,0.0,115.5,119.0,115.5
100,sporadic,uncorrected,0.2,3,4074,4044,214,194,20,0.9065420560747663,0.7333839918946302,0.04797230464886251,4.127659574468085,0.7659574468085106,0.4127659574468085,2422.680412371134,20,20,0.0,110.5,111.0,110.5
100,sporadic,bh_window,1e-05,3,4675,4313,11,0,11,0.0,0.0,0.0,0.0,0.0,0.0,inf,20,11,0.44999999999999996,1292.1818181818182,567.0,1760.5
100,sporadic,bh_window,0.0001,3,4652,4459,16,0,16,0.0,0.0,0.0,0.0,0.0,0.0,inf,20,16,0.19999999999999996,535.5,442.5,915.5
100,sporadic,bh_window,0.001,3,4647,4507,19,0,19,0.0,0.0,0.0,0.0,0.0,0.0,inf,20,19,0.050000000000000044,518.8421052631579,344.0,650.5
100,sporadic,bh_window,0.01,3,4640,4578,20,0,20,0.0,0.0,0.0,0.0,0.0,0.0,inf,20,20,0.0,260.5,242.5,260.5
100,sporadic,bh_window,0.05,3,4640,4584,20,0,20,0.0,0.0,0.0,0.0,0.0,0.0,inf,20,20,0.0,230.5,223.5,230.5
100,sporadic,bh_window,0.1,3,4636,4584,22,2,20,0.09090909090909091,0.028368794326241134,0.0004363001745200698,0.0425531914893617,0.0425531914893617,0.00425531914893617,235000.0,20,20,0.0,210.5,205.5,210.5
100,sporadic,bh_window,0.2,3,4630,4581,24,4,20,0.16666666666666666,0.04964539007092198,0.0008731717965509714,0.0851063829787234,0.06382978723404255,0.00851063829787234,117500.0,20,20,0.0,195.5,195.0,195.5
100,sporadic,storey_bh,1e-05,3,4669,4367,11,0,11,0.0,0.0,0.0,0.0,0.0,0.0,inf,20,11,0.44999999999999996,746.7272727272727,567.0,1460.5
100,sporadic,storey_bh,0.0001,3,4652,4453,16,0,16,0.0,0.0,0.0,0.0,0.0,0.0,inf,20,16,0.19999999999999996,573.0,442.5,945.5
100,sporadic,storey_bh,0.001,3,4649,4507,17,0,17,0.0,0.0,0.0,0.0,0.0,0.0,inf,20,17,0.15000000000000002,366.0,341.0,660.5
100,sporadic,storey_bh,0.01,3,4640,4577,20,0,20,0.0,0.0,0.0,0.0,0.0,0.0,inf,20,20,0.0,265.5,265.5,265.5
100,sporadic,storey_bh,0.05,3,4637,4582,21,1,20,0.047619047619047616,0.0070921985815602835,0.00021824530772588389,0.02127659574468085,0.02127659574468085,0.002127659574468085,470000.0,20,20,0.0,225.5,219.0,225.5
100,sporadic,storey_bh,0.1,3,4634,4583,22,2,20,0.09090909090909091,0.028368794326241134,0.0004363953742090334,0.0425531914893617,0.0425531914893617,0.00425531914893617,235000.0,20,20,0.0,205.5,205.5,205.5
100,sporadic,storey_bh,0.2,3,4621,4572,27,7,20,0.25925925925925924,0.05106382978723404,0.0015310586176727908,0.14893617021276595,0.06382978723404255,0.014893617021276596,67142.85714285714,20,20,0.0,195.5,195.0,195.5
100,sporadic,BatchBH,1e-05,3,4697,4231,1,0,1,0.0,0.0,0.0,0.0,0.0,0.0,inf,20,1,0.95,408.0,408.0,2280.5
100,sporadic,BatchBH,0.0001,3,4685,4279,5,0,5,0.0,0.0,0.0,0.0,0.0,0.0,inf,20,5,0.75,709.4,525.0,1980.5
100,sporadic,BatchBH,0.001,3,4677,4312,9,0,9,0.0,0.0,0.0,0.0,0.0,0.0,inf,20,9,0.55,847.1111111111111,516.0,1775.5
100,sporadic,BatchBH,0.01,3,4652,4456,16,0,16,0.0,0.0,0.0,0.0,0.0,0.0,inf,20,16,0.19999999999999996,554.25,455.5,930.5
100,sporadic,BatchBH,0.05,3,4649,4503,17,0,17,0.0,0.0,0.0,0.0,0.0,0.0,inf,20,17,0.15000000000000002,389.52941176470586,367.0,680.5
100,sporadic,BatchBH,0.1,3,4647,4508,19,0,19,0.0,0.0,0.0,0.0,0.0,0.0,inf,20,19,0.050000000000000044,513.578947368421,341.0,645.5
100,sporadic,BatchBH,0.2,3,4643,4532,19,0,19,0.0,0.0,0.0,0.0,0.0,0.0,inf,20,19,0.050000000000000044,366.2105263157895,325.0,505.5
100,sporadic,bonferroni,1e-05,3,4678,4311,9,0,9,0.0,0.0,0.0,0.0,0.0,0.0,inf,20,9,0.55,921.7777777777778,516.0,1785.5
100,sporadic,bonferroni,0.0001,3,4658,4424,14,0,14,0.0,0.0,0.0,0.0,0.0,0.0,inf,20,14,0.30000000000000004,593.4285714285714,455.5,1120.5
100,sporadic,bonferroni,0.001,3,4649,4505,17,0,17,0.0,0.0,0.0,0.0,0.0,0.0,inf,20,17,0.15000000000000002,377.7647058823529,344.0,670.5
100,sporadic,bonferroni,0.01,3,4640,4570,20,0,20,0.0,0.0,0.0,0.0,0.0,0.0,inf,20,20,0.0,300.5,278.0,300.5
100,sporadic,bonferroni,0.05,3,4640,4583,20,0,20,0.0,0.0,0.0,0.0,0.0,0.0,inf,20,20,0.0,235.5,231.5,235.5
100,sporadic,bonferroni,0.1,3,4639,4585,21,1,20,0.047619047619047616,0.02127659574468085,0.00021810250817884405,0.02127659574468085,0.02127659574468085,0.002127659574468085,470000.0,20,20,0.0,220.5,219.0,220.5
100,sporadic,bonferroni,0.2,3,4636,4586,22,2,20,0.09090909090909091,0.0425531914893617,0.0004361098996947231,0.0425531914893617,0.0425531914893617,0.00425531914893617,235000.0,20,20,0.0,200.5,195.0,200.5
100,sporadic,LORD++,1e-05,4,4694,4270,4,0,4,0.0,0.0,0.0,0.0,0.0,0.0,inf,20,4,0.8,1960.5,2188.5,2081.65
100,sporadic,LORD++,0.0001,4,4676,4338,8,0,8,0.0,0.0,0.0,0.0,0.0,0.0,inf,20,8,0.6,1200.75,1116.5,1651.65
100,sporadic,LORD++,0.001,4,4663,4463,13,0,13,0.0,0.0,0.0,0.0,0.0,0.0,inf,20,13,0.35,463.61538461538464,398.0,961.65
100,sporadic,LORD++,0.01,4,4640,4543,20,0,20,0.0,0.0,0.0,0.0,0.0,0.0,inf,20,20,0.0,446.65,378.5,446.65
100,sporadic,LORD++,0.05,4,4640,4563,20,0,20,0.0,0.0,0.0,0.0,0.0,0.0,inf,20,20,0.0,346.65,290.5,346.65
100,sporadic,LORD++,0.1,4,4640,4574,20,0,20,0.0,0.0,0.0,0.0,0.0,0.0,inf,20,20,0.0,291.65,272.5,291.65
100,sporadic,LORD++,0.2,4,4640,4576,20,0,20,0.0,0.0,0.0,0.0,0.0,0.0,inf,20,20,0.0,281.65,264.5,281.65
100,sporadic,uncorrected,1e-05,4,4642,4518,20,0,20,0.0,0.0,0.0,0.0,0.0,0.0,inf,20,20,0.0,581.65,368.5,581.65
100,sporadic,uncorrected,0.0001,4,4640,4572,20,0,20,0.0,0.0,0.0,0.0,0.0,0.0,inf,20,20,0.0,301.65,290.5,301.65
100,sporadic,uncorrected,0.001,4,4640,4585,20,0,20,0.0,0.0,0.0,0.0,0.0,0.0,inf,20,20,0.0,236.65,231.0,236.65
100,sporadic,uncorrected,0.01,4,4629,4588,25,5,20,0.2,0.06382978723404255,0.001089799476896251,0.10638297872340426,0.06382978723404255,0.010638297872340425,94000.0,20,20,0.0,166.65,164.0,166.65
100,sporadic,uncorrected,0.05,4,4539,4504,55,35,20,0.6363636363636364,0.43617021276595747,0.0077708703374777975,0.7446808510638298,0.48936170212765956,0.07446808510638298,13428.57142857143,20,20,0.0,136.65,146.5,136.65
100,sporadic,uncorrected,0.1,4,4417,4385,95,75,20,0.7894736842105263,0.6115248226950355,0.01710376282782212,1.5957446808510638,0.7021276595744681,0.1595744680851064,6266.666666666667,20,20,0.0,121.65,131.0,121.65
100,sporadic,uncorrected,0.2,4,4101,4073,202,182,20,0.900990099009901,0.7610630504247525,0.044684507733857105,3.872340425531915,0.8297872340425532,0.3872340425531915,2582.4175824175823,20,20,0.0,106.65,97.5,106.65
100,sporadic,bh_window,1e-05,4,4668,4396,12,0,12,0.0,0.0,0.0,0.0,0.0,0.0,inf,20,12,0.4,914.4166666666666,512.0,1321.65
100,sporadic,bh_window,0.0001,4,4652,4475,16,0,16,0.0,0.0,0.0,0.0,0.0,0.0,inf,20,16,0.19999999999999996,551.1875,401.0,846.65
100,sporadic,bh_window,0.001,4,4640,4544,20,0,20,0.0,0.0,0.0,0.0,0.0,0.0,inf,20,20,0.0,441.65,359.0,441.65
100,sporadic,bh_window,0.01,4,4640,4576,20,0,20,0.0,0.0,0.0,0.0,0.0,0.0,inf,20,20,0.0,281.65,268.5,281.65
100,sporadic,bh_window,0.05,4,4640,4583,20,0,20,0.0,0.0,0.0,0.0,0.0,0.0,inf,20,20,0.0,246.65,239.5,246.65
100,sporadic,bh_window,0.1,4,4640,4589,20,0,20,0.0,0.0,0.0,0.0,0.0,0.0,inf,20,20,0.0,216.65,194.5,216.65
100,sporadic,bh_window,0.2,4,4640,4595,20,0,20,0.0,0.0,0.0,0.0,0.0,0.0,inf,20,20,0.0,186.65,179.5,186.65
100,sporadic,storey_bh,1e-05,4,4667,4392,11,0,11,0.0,0.0,0.0,0.0,0.0,0.0,inf,20,11,0.44999999999999996,920.9090909090909,526.0,1336.65
100,sporadic,storey_bh,0.0001,4,4646,4491,18,0,18,0.0,0.0,0.0,0.0,0.0,0.0,inf,20,18,0.09999999999999998,515.1111111111111,434.5,736.65
100,sporadic,storey_bh,0.001,4,4640,4544,20,0,20,0.0,0.0,0.0,0.0,0.0,0.0,inf,20,20,0.0,441.65,359.0,441.65
100,sporadic,storey_bh,0.01,4,4640,4573,20,0,20,0.0,0.0,0.0,0.0,0.0,0.0,inf,20,20,0.0,296.65,284.0,296.65
100,sporadic,storey_bh,0.05,4,4640,4581,20,0,20,0.0,0.0,0.0,0.0,0.0,0.0,inf,20,20,0.0,256.65,252.0,256.65
100,sporadic,storey_bh,0.1,4,4640,4588,20,0,20,0.0,0.0,0.0,0.0,0.0,0.0,inf,20,20,0.0,221.65,201.0,221.65
100,sporadic,storey_bh,0.2,4,4640,4592,20,0,20,0.0,0.0,0.0,0.0,0.0,0.0,inf,20,20,0.0,201.65,190.5,201.65
100,sporadic,BatchBH,1e-05,4,4693,4275,3,0,3,0.0,0.0,0.0,0.0,0.0,0.0,inf,20,3,0.85,1414.6666666666667,1736.0,2051.65
100,sporadic,BatchBH,0.0001,4,4682,4315,6,0,6,0.0,0.0,0.0,0.0,0.0,0.0,inf,20,6,0.7,1172.3333333333333,1251.0,1796.65
100,sporadic,BatchBH,0.001,4,4673,4377,9,0,9,0.0,0.0,0.0,0.0,0.0,0.0,inf,20,9,0.55,820.4444444444445,526.0,1441.65
100,sporadic,BatchBH,0.01,4,4652,4475,16,0,16,0.0,0.0,0.0,0.0,0.0,0.0,inf,20,16,0.19999999999999996,551.1875,401.0,846.65
100,sporadic,BatchBH,0.05,4,4643,4512,19,0,19,0.0,0.0,0.0,0.0,0.0,0.0,inf,20,19,0.050000000000000044,492.2105263157895,398.0,616.65
100,sporadic,BatchBH,0.1,4,4640,4544,20,0,20,0.0,0.0,0.0,0.0,0.0,0.0,inf,20,20,0.0,441.65,359.0,441.65
100,sporadic,BatchBH,0.2,4,4640,4559,20,0,20,0.0,0.0,0.0,0.0,0.0,0.0,inf,20,20,0.0,366.65,301.0,366.65
100,sporadic,bonferroni,1e-05,4,4673,4372,9,0,9,0.0,0.0,0.0,0.0,0.0,0.0,inf,20,9,0.55,876.0,526.0,1466.65
100,sporadic,bonferroni,0.0001,4,4658,4451,14,0,14,0.0,0.0,0.0,0.0,0.0,0.0,inf,20,14,0.30000000000000004,522.5,412.0,996.65
100,sporadic,bonferroni,0.001,4,4642,4518,20,0,20,0.0,0.0,0.0,0.0,0.0,0.0,inf,20,20,0.0,581.65,368.5,581.65
100,sporadic,bonferroni,0.01,4,4640,4572,20,0,20,0.0,0.0,0.0,0.0,0.0,0.0,inf,20,20,0.0,301.65,290.5,301.65
100,sporadic,bonferroni,0.05,4,4640,4581,20,0,20,0.0,0.0,0.0,0.0,0.0,0.0,inf,20,20,0.0,256.65,248.5,256.65
100,sporadic,bonferroni,0.1,4,4640,4585,20,0,20,0.0,0.0,0.0,0.0,0.0,0.0,inf,20,20,0.0,236.65,231.0,236.65
100,sporadic,bonferroni,0.2,4,4640,4590,20,0,20,0.0,0.0,0.0,0.0,0.0,0.0,inf,20,20,0.0,211.65,201.0,211.65
100,sporadic,LORD++,1e-05,5,4664,4411,12,0,12,0.0,0.0,0.0,0.0,0.0,0.0,inf,20,12,0.4,849.5833333333334,557.0,1205.65
100,sporadic,LORD++,0.0001,5,4658,4449,14,0,14,0.0,0.0,0.0,0.0,0.0,0.0,inf,20,14,0.30000000000000004,695.5,541.0,985.65
100,sporadic,LORD++,0.001,5,4640,4524,20,0,20,0.0,0.0,0.0,0.0,0.0,0.0,inf,20,20,0.0,520.65,384.5,520.65
100,sporadic,LORD++,0.01,5,4640,4567,20,0,20,0.0,0.0,0.0,0.0,0.0,0.0,inf,20,20,0.0,305.65,303.0,305.65
100,sporadic,LORD++,0.05,5,4637,4573,21,1,20,0.047619047619047616,0.0070921985815602835,0.00021867483052700635,0.02127659574468085,0.02127659574468085,0.002127659574468085,470000.0,20,20,0.0,260.65,254.0,260.65
100,sporadic,LORD++,0.1,5,4637,4579,21,1,20,0.047619047619047616,0.0070921985815602835,0.00021838829438742082,0.02127659574468085,0.02127659574468085,0.002127659574468085,470000.0,20,20,0.0,230.65,226.5,230.65
100,sporadic,LORD++,0.2,5,4640,4586,20,0,20,0.0,0.0,0.0,0.0,0.0,0.0,inf,20,20,0.0,210.65,211.5,210.65
100,sporadic,uncorrected,1e-05,5,4640,4567,20,0,20,0.0,0.0,0.0,0.0,0.0,0.0,inf,20,20,0.0,305.65,299.0,305.65
100,sporadic,uncorrected,0.0001,5,4640,4580,20,0,20,0.0,0.0,0.0,0.0,0.0,0.0,inf,20,20,0.0,240.65,239.5,240.65
100,sporadic,uncorrected,0.001,5,4631,4583,23,3,20,0.13043478260869565,0.06382978723404255,0.0006545930613135501,0.06382978723404255,0.06382978723404255,0.006382978723404255,156666.66666666666,20,20,0.0,180.65,203.0,180.65
100,sporadic,uncorrected,0.01,5,4583,4544,40,20,20,0.5,0.32978723404255317,0.0044014084507042256,0.425531914893617,0.3617021276595745,0.0425531914893617,23500.0,20,20,0.0,135.65,133.5,135.65
100,sporadic,uncorrected,0.05,5,4397,4364,101,81,20,0.801980198019802,0.5085106382978724,0.01856095325389551,1.7234042553191489,0.5957446808510638,0.1723404255319149,5802.469135802469,20,20,0.0,115.65,121.0,115.65
100,sporadic,uncorrected,0.1,5,4231,4199,158,138,20,0.8734177215189873,0.66725768321513,0.032864967849487975,2.9361702127659575,0.7446808510638298,0.2936170212765957,3405.7971014492755,20,20,0.0,115.65,107.5,115.65
100,sporadic,uncorrected,0.2,5,3935,3906,257,237,20,0.9221789883268483,0.8354694360013509,0.060675883256528416,5.042553191489362,0.9148936170212766,0.5042553191489362,1983.1223628691982,20,20,0.0,150.65,121.0,150.65
100,sporadic,bh_window,1e-05,5,4655,4474,15,0,15,0.0,0.0,0.0,0.0,0.0,0.0,inf,20,15,0.25,546.6,403.0,845.65
100,sporadic,bh_window,0.0001,5,4646,4524,18,0,18,0.0,0.0,0.0,0.0,0.0,0.0,inf,20,18,0.09999999999999998,433.22222222222223,348.0,550.65
100,sporadic,bh_window,0.001,5,4640,4570,20,0,20,0.0,0.0,0.0,0.0,0.0,0.0,inf,20,20,0.0,290.65,299.0,290.65
100,sporadic,bh_window,0.01,5,4640,4583,20,0,20,0.0,0.0,0.0,0.0,0.0,0.0,inf,20,20,0.0,225.65,233.5,225.65
100,sporadic,bh_window,0.05,5,4634,4584,22,2,20,0.09090909090909091,0.02127659574468085,0.0004363001745200698,0.0425531914893617,0.02127659574468085,0.00425531914893617,235000.0,20,20,0.0,190.65,207.5,190.65
100,sporadic,bh_window,0.1,5,4619,4573,27,7,20,0.25925925925925924,0.07092198581560283,0.0015307238136890444,0.14893617021276595,0.0851063829787234,0.014893617021276596,67142.85714285714,20,20,0.0,170.65,199.0,170.65
100,sporadic,bh_window,0.2,5,4505,4464,65,45,20,0.6923076923076923,0.06261398176291794,0.010080645161290322,0.9574468085106383,0.0851063829787234,0.09574468085106383,10444.444444444445,20,20,0.0,145.65,141.0,145.65
100,sporadic,storey_bh,1e-05,5,4646,4491,18,0,18,0.0,0.0,0.0,0.0,0.0,0.0,inf,20,18,0.09999999999999998,616.5555555555555,418.5,715.65
100,sporadic,storey_bh,0.0001,5,4640,4545,20,0,20,0.0,0.0,0.0,0.0,0.0,0.0,inf,20,20,0.0,415.65,329.5,415.65
100,sporadic,storey_bh,0.001,5,4640,4575,20,0,20,0.0,0.0,0.0,0.0,0.0,0.0,inf,20,20,0.0,265.65,264.0,265.65
100,sporadic,storey_bh,0.01,5,4640,4586,20,0,20,0.0,0.0,0.0,0.0,0.0,0.0,inf,20,20,0.0,210.65,229.0,210.65
100,sporadic,storey_bh,0.05,5,4523,4478,59,39,20,0.6610169491525424,0.10087609511889863,0.008709245198749441,0.8297872340425532,0.10638297872340426,0.08297872340425531,12051.28205128205,20,20,0.0,165.65,199.0,165.65
100,sporadic,storey_bh,0.1,5,4529,4485,57,37,20,0.6491228070175439,0.05319148936170213,0.008249721293199555,0.7872340425531915,0.06382978723404255,0.07872340425531915,12702.702702702703,20,20,0.0,175.65,199.0,175.65
100,sporadic,storey_bh,0.2,5,4322,4267,126,107,19,0.8492063492063492,0.07042718126340096,0.025076165924537146,2.276595744680851,0.0851063829787234,0.2276595744680851,4392.523364485981,20,19,0.050000000000000044,176.3684210526316,195.0,230.65
100,sporadic,BatchBH,1e-05,5,4685,4317,5,0,5,0.0,0.0,0.0,0.0,0.0,0.0,inf,20,5,0.75,537.0,497.0,1780.65
100,sporadic,BatchBH,0.0001,5,4673,4379,10,0,10,0.0,0.0,0.0,0.0,0.0,0.0,inf,20,10,0.5,792.2,505.5,1410.65
100,sporadic,BatchBH,0.001,5,4655,4473,15,0,15,0.0,0.0,0.0,0.0,0.0,0.0,inf,20,15,0.25,553.2666666666667,422.0,850.65
100,sporadic,BatchBH,0.01,5,4646,4524,18,0,18,0.0,0.0,0.0,0.0,0.0,0.0,inf,20,18,0.09999999999999998,433.22222222222223,348.0,550.65
100,sporadic,BatchBH,0.05,5,4640,4562,20,0,20,0.0,0.0,0.0,0.0,0.0,0.0,inf,20,20,0.0,330.65,329.0,330.65
100,sporadic,BatchBH,0.1,5,4640,4568,20,0,20,0.0,0.0,0.0,0.0,0.0,0.0,inf,20,20,0.0,300.65,314.0,300.65
100,sporadic,BatchBH,0.2,5,4640,4576,20,0,20,0.0,0.0,0.0,0.0,0.0,0.0,inf,20,20,0.0,260.65,264.0,260.65
100,sporadic,bonferroni,1e-05,5,4655,4460,15,0,15,0.0,0.0,0.0,0.0,0.0,0.0,inf,20,15,0.25,639.9333333333333,422.0,915.65
100,sporadic,bonferroni,0.0001,5,4646,4519,18,0,18,0.0,0.0,0.0,0.0,0.0,0.0,inf,20,18,0.09999999999999998,461.0,364.0,575.65
100,sporadic,bonferroni,0.001,5,4640,4567,20,0,20,0.0,0.0,0.0,0.0,0.0,0.0,inf,20,20,0.0,305.65,299.0,305.65
100,sporadic,bonferroni,0.01,5,4640,4580,20,0,20,0.0,0.0,0.0,0.0,0.0,0.0,inf,20,20,0.0,240.65,239.5,240.65
100,sporadic,bonferroni,0.05,5,4640,4590,20,0,20,0.0,0.0,0.0,0.0,0.0,0.0,inf,20,20,0.0,190.65,203.0,190.65
100,sporadic,bonferroni,0.1,5,4631,4583,23,3,20,0.13043478260869565,0.06382978723404255,0.0006545930613135501,0.06382978723404255,0.06382978723404255,0.006382978723404255,156666.66666666666,20,20,0.0,180.65,203.0,180.65
100,sporadic,bonferroni,0.2,5,4622,4575,26,6,20,0.23076923076923078,0.1276595744680851,0.0013114754098360656,0.1276595744680851,0.1276595744680851,0.01276595744680851,78333.33333333333,20,20,0.0,175.65,199.0,175.65
100,2 events,LORD++,1e-05,0,4673,4412,9,0,9,0.0,0.0,0.0,0.0,0.0,0.0,inf,20,9,0.55,521.2222222222222,463.0,1258.5
100,2 events,LORD++,0.0001,0,4658,4460,14,0,14,0.0,0.0,0.0,0.0,0.0,0.0,inf,20,14,0.30000000000000004,574.9285714285714,453.5,943.5
100,2 events,LORD++,0.001,0,4646,4529,18,0,18,0.0,0.0,0.0,0.0,0.0,0.0,inf,20,18,0.09999999999999998,397.94444444444446,344.0,538.5
100,2 events,LORD++,0.01,0,4640,4568,20,0,20,0.0,0.0,0.0,0.0,0.0,0.0,inf,20,20,0.0,313.5,253.5,313.5
100,2 events,LORD++,0.05,0,4640,4586,20,0,20,0.0,0.0,0.0,0.0,0.0,0.0,inf,20,20,0.0,223.5,244.0,223.5
100,2 events,LORD++,0.1,0,4640,4592,20,0,20,0.0,0.0,0.0,0.0,0.0,0.0,inf,20,20,0.0,193.5,163.0,193.5
100,2 events,LORD++,0.2,0,4640,4594,20,0,20,0.0,0.0,0.0,0.0,0.0,0.0,inf,20,20,0.0,183.5,163.0,183.5
100,2 events,uncorrected,1e-05,0,4643,4549,20,0,20,0.0,0.0,0.0,0.0,0.0,0.0,inf,20,20,0.0,423.5,263.0,423.5
100,2 events,uncorrected,0.0001,0,4640,4584,20,0,20,0.0,0.0,0.0,0.0,0.0,0.0,inf,20,20,0.0,233.5,244.0,233.5
100,2 events,uncorrected,0.001,0,4637,4593,21,1,20,0.047619047619047616,0.02127659574468085,0.00021772262138036142,0.02127659574468085,0.02127659574468085,0.002127659574468085,470000.0,20,20,0.0,173.5,163.0,173.5
100,2 events,uncorrected,0.01,0,4608,4573,31,11,20,0.3548387096774194,0.13120567375886524,0.0024054231357970696,0.23404255319148937,0.14893617021276595,0.023404255319148935,42727.27272727273,20,20,0.0,128.5,144.0,128.5
100,2 events,uncorrected,0.05,0,4489,4457,71,51,20,0.7183098591549296,0.4772036474164134,0.01144267444469374,1.0851063829787233,0.48936170212765956,0.10851063829787234,9215.686274509804,20,20,0.0,113.5,144.0,113.5
100,2 events,uncorrected,0.1,0,4334,4306,125,105,20,0.84,0.6435859151424661,0.024384579656293544,2.234042553191489,0.6808510638297872,0.22340425531914893,4476.190476190476,20,20,0.0,93.5,63.0,93.5
100,2 events,uncorrected,0.2,0,4086,4061,213,193,20,0.9061032863849765,0.8798378926038501,0.04752524008864811,4.1063829787234045,0.9148936170212766,0.4106382978723404,2435.2331606217617,20,20,0.0,103.5,63.0,103.5
100,2 events,bh_window,1e-05,0,4655,4475,15,0,15,0.0,0.0,0.0,0.0,0.0,0.0,inf,20,15,0.25,494.1333333333333,363.0,853.5
100,2 events,bh_window,0.0001,0,4643,4534,19,0,19,0.0,0.0,0.0,0.0,0.0,0.0,inf,20,19,0.050000000000000044,463.5263157894737,263.0,498.5
100,2 events,bh_window,0.001,0,4643,4563,20,0,20,0.0,0.0,0.0,0.0,0.0,0.0,inf,20,20,0.0,353.5,263.0,353.5
100,2 events,bh_window,0.01,0,4640,4590,20,0,20,0.0,0.0,0.0,0.0,0.0,0.0,inf,20,20,0.0,203.5,163.0,203.5
100,2 events,bh_window,0.05,0,4640,4597,20,0,20,0.0,0.0,0.0,0.0,0.0,0.0,inf,20,20,0.0,168.5,163.0,168.5
100,2 events,bh_window,0.1,0,4628,4586,24,4,20,0.16666666666666666,0.0425531914893617,0.0008722197993894462,0.0851063829787234,0.0425531914893617,0.00851063829787234,117500.0,20,20,0.0,163.5,163.0,163.5
100,2 events,bh_window,0.2,0,4601,4567,33,13,20,0.3939393939393939,0.0729483282674772,0.0028465075541931244,0.2765957446808511,0.0851063829787234,0.027659574468085105,36153.846153846156,20,20,0.0,123.5,144.0,123.5
100,2 events,storey_bh,1e-05,0,4649,4492,17,0,17,0.0,0.0,0.0,0.0,0.0,0.0,inf,20,17,0.15000000000000002,588.2352941176471,363.0,738.5
100,2 events,storey_bh,0.0001,0,4643,4540,19,0,19,0.0,0.0,0.0,0.0,0.0,0.0,inf,20,19,0.050000000000000044,431.94736842105266,263.0,468.5
100,2 events,storey_bh,0.001,0,4640,4576,20,0,20,0.0,0.0,0.0,0.0,0.0,0.0,inf,20,20,0.0,273.5,203.5,273.5
100,2 events,storey_bh,0.01,0,4640,4592,20,0,20,0.0,0.0,0.0,0.0,0.0,0.0,inf,20,20,0.0,193.5,163.0,193.5
100,2 events,storey_bh,0.05,0,4613,4576,29,9,20,0.3103448275862069,0.03120567375886525,0.001966783216783217,0.19148936170212766,0.0425531914893617,0.019148936170212766,52222.22222222222,20,20,0.0,138.5,144.0,138.5
100,2 events,storey_bh,0.1,0,4523,4491,59,39,20,0.6610169491525424,0.058881741712023754,0.008684034736138945,0.8297872340425532,0.06382978723404255,0.08297872340425531,12051.28205128205,20,20,0.0,113.5,103.5,113.5
100,2 events,storey_bh,0.2,0,4243,4211,157,137,20,0.8726114649681529,0.1252139887503057,0.03253383994300641,2.9148936170212765,0.1276595744680851,0.29148936170212764,3430.6569343065694,20,20,0.0,113.5,103.5,113.5
100,2 events,BatchBH,1e-05,0,4688,4371,4,0,4,0.0,0.0,0.0,0.0,0.0,0.0,inf,20,4,0.8,478.5,453.5,1538.5
100,2 events,BatchBH,0.0001,0,4680,4380,7,0,7,0.0,0.0,0.0,0.0,0.0,0.0,inf,20,7,0.65,712.0,563.0,1453.5
100,2 events,BatchBH,0.001,0,4655,4473,15,0,15,0.0,0.0,0.0,0.0,0.0,0.0,inf,20,15,0.25,507.46666666666664,363.0,863.5
100,2 events,BatchBH,0.01,0,4649,4511,17,0,17,0.0,0.0,0.0,0.0,0.0,0.0,inf,20,17,0.15000000000000002,401.11764705882354,344.0,643.5
100,2 events,BatchBH,0.05,0,4643,4545,19,0,19,0.0,0.0,0.0,0.0,0.0,0.0,inf,20,19,0.050000000000000044,405.63157894736844,263.0,443.5
100,2 events,BatchBH,0.1,0,4643,4558,20,0,20,0.0,0.0,0.0,0.0,0.0,0.0,inf,20,20,0.0,378.5,263.0,378.5
100,2 events,BatchBH,0.2,0,4640,4575,20,0,20,0.0,0.0,0.0,0.0,0.0,0.0,inf,20,20,0.0,278.5,244.0,278.5
100,2 events,bonferroni,1e-05,0,4661,4460,13,0,13,0.0,0.0,0.0,0.0,0.0,0.0,inf,20,13,0.35,454.2307692307692,363.0,958.5
100,2 events,bonferroni,0.0001,0,4646,4516,18,0,18,0.0,0.0,0.0,0.0,0.0,0.0,inf,20,18,0.09999999999999998,470.1666666666667,363.0,603.5
100,2 events,bonferroni,0.001,0,4640,4551,20,0,20,0.0,0.0,0.0,0.0,0.0,0.0,inf,20,20,0.0,398.5,263.0,398.5
100,2 events,bonferroni,0.01,0,4640,4584,20,0,20,0.0,0.0,0.0,0.0,0.0,0.0,inf,20,20,0.0,233.5,244.0,233.5
100,2 events,bonferroni,0.05,0,4640,4592,20,0,20,0.0,0.0,0.0,0.0,0.0,0.0,inf,20,20,0.0,193.5,163.0,193.5
100,2 events,bonferroni,0.1,0,4637,4593,21,1,20,0.047619047619047616,0.02127659574468085,0.00021772262138036142,0.02127659574468085,0.02127659574468085,0.002127659574468085,470000.0,20,20,0.0,173.5,163.0,173.5
100,2 events,bonferroni,0.2,0,4628,4584,24,4,20,0.16666666666666666,0.0851063829787234,0.0008726003490401396,0.0851063829787234,0.0851063829787234,0.00851063829787234,117500.0,20,20,0.0,173.5,163.0,173.5
100,2 events,LORD++,1e-05,1,4646,4491,18,0,18,0.0,0.0,0.0,0.0,0.0,0.0,inf,20,18,0.09999999999999998,444.05555555555554,445.0,713.5
100,2 events,LORD++,0.0001,1,4643,4534,19,0,19,0.0,0.0,0.0,0.0,0.0,0.0,inf,20,19,0.050000000000000044,359.2105263157895,345.0,483.5
100,2 events,LORD++,0.001,1,4640,4563,20,0,20,0.0,0.0,0.0,0.0,0.0,0.0,inf,20,20,0.0,323.5,332.0,323.5
100,2 events,LORD++,0.01,1,4640,4555,20,1,19,0.05,0.02127659574468085,0.0002195389681668496,0.02127659574468085,0.02127659574468085,0.002127659574468085,470000.0,20,19,0.050000000000000044,243.42105263157896,232.0,373.5
100,2 events,LORD++,0.05,1,4631,4574,23,3,20,0.13043478260869565,0.013002364066193855,0.0006558810668998689,0.06382978723404255,0.0425531914893617,0.006382978723404255,156666.66666666666,20,20,0.0,223.5,232.0,223.5
100,2 events,LORD++,0.1,1,4631,4577,23,3,20,0.13043478260869565,0.04468085106382979,0.0006554511688879179,0.06382978723404255,0.06382978723404255,0.006382978723404255,156666.66666666666,20,20,0.0,208.5,232.0,208.5
100,2 events,LORD++,0.2,1,4610,4559,30,10,20,0.3333333333333333,0.06648936170212766,0.0021934634788330775,0.2127659574468085,0.10638297872340426,0.02127659574468085,47000.0,20,20,0.0,193.5,188.5,193.5
100,2 events,uncorrected,1e-05,1,4640,4575,20,0,20,0.0,0.0,0.0,0.0,0.0,0.0,inf,20,20,0.0,263.5,245.0,263.5
100,2 events,uncorrected,0.0001,1,4634,4555,22,3,19,0.13636363636363635,0.0425531914893617,0.0006586169045005489,0.06382978723404255,0.0425531914893617,0.006382978723404255,156666.66666666666,20,19,0.050000000000000044,211.8421052631579,232.0,343.5
100,2 events,uncorrected,0.001,1,4607,4532,31,12,19,0.3870967741935484,0.17287234042553193,0.00264783759929391,0.2553191489361702,0.19148936170212766,0.02553191489361702,39166.666666666664,20,19,0.050000000000000044,196.05263157894737,232.0,328.5
100,2 events,uncorrected,0.01,1,4502,4460,66,46,20,0.696969696969697,0.3882978723404255,0.01031390134529148,0.9787234042553191,0.40425531914893614,0.09787234042553192,10217.391304347826,20,20,0.0,168.5,145.0,168.5
100,2 events,uncorrected,0.05,1,4334,4301,122,102,20,0.8360655737704918,0.5097264437689969,0.023715415019762844,2.1702127659574466,0.5319148936170213,0.2170212765957447,4607.843137254902,20,20,0.0,138.5,132.0,138.5
100,2 events,uncorrected,0.1,1,4149,4117,184,164,20,0.8913043478260869,0.7181695373184734,0.039834831187758074,3.4893617021276597,0.7872340425531915,0.34893617021276596,2865.8536585365855,20,20,0.0,143.5,132.0,143.5
100,2 events,uncorrected,0.2,1,3860,3832,280,260,20,0.9285714285714286,0.7148936170212765,0.06784968684759916,5.531914893617022,0.7659574468085106,0.5531914893617021,1807.6923076923076,20,20,0.0,168.5,132.0,168.5
100,2 events,bh_window,1e-05,1,4646,4510,18,0,18,0.0,0.0,0.0,0.0,0.0,0.0,inf,20,18,0.09999999999999998,338.5,345.0,618.5
100,2 events,bh_window,0.0001,1,4640,4567,20,0,20,0.0,0.0,0.0,0.0,0.0,0.0,inf,20,20,0.0,303.5,288.5,303.5
100,2 events,bh_window,0.001,1,4640,4582,20,0,20,0.0,0.0,0.0,0.0,0.0,0.0,inf,20,20,0.0,228.5,232.0,228.5
100,2 events,bh_window,0.01,1,4625,4572,25,5,20,0.2,0.05053191489361702,0.0010936132983377078,0.10638297872340426,0.0851063829787234,0.010638297872340425,94000.0,20,20,0.0,203.5,188.5,203.5
100,2 events,bh_window,0.05,1,4598,4552,34,14,20,0.4117647058823529,0.0909090909090909,0.0030755711775043936,0.2978723404255319,0.10638297872340426,0.029787234042553193,33571.42857142857,20,20,0.0,178.5,145.0,178.5
100,2 events,bh_window,0.1,1,4568,4527,44,24,20,0.5454545454545454,0.08916827852998067,0.005301524188204109,0.5106382978723404,0.1276595744680851,0.05106382978723404,19583.333333333332,20,20,0.0,143.5,145.0,143.5
100,2 events,bh_window,0.2,1,4514,4475,62,42,20,0.6774193548387096,0.12234042553191489,0.009385474860335195,0.8936170212765957,0.14893617021276595,0.08936170212765958,11190.47619047619,20,20,0.0,143.5,145.0,143.5
100,2 events,storey_bh,1e-05,1,4640,4556,20,0,20,0.0,0.0,0.0,0.0,0.0,0.0,inf,20,20,0.0,358.5,345.0,358.5
100,2 events,storey_bh,0.0001,1,4640,4572,20,0,20,0.0,0.0,0.0,0.0,0.0,0.0,inf,20,20,0.0,278.5,245.0,278.5
100,2 events,storey_bh,0.001,1,4634,4574,22,2,20,0.09090909090909091,0.023210831721470017,0.00043725404459991256,0.0425531914893617,0.0425531914893617,0.00425531914893617,235000.0,20,20,0.0,238.5,232.0,238.5
100,2 events,storey_bh,0.01,1,4595,4517,35,16,19,0.45714285714285713,0.09308510638297872,0.0035421740092982067,0.3404255319148936,0.1276595744680851,0.03404255319148936,29375.0,20,19,0.050000000000000044,206.57894736842104,232.0,338.5
100,2 events,storey_bh,0.05,1,4520,4477,60,40,20,0.6666666666666666,0.08936170212765958,0.008934554389099843,0.851063829787234,0.10638297872340426,0.0851063829787234,11750.0,20,20,0.0,158.5,145.0,158.5
100,2 events,storey_bh,0.1,1,4325,4275,125,105,20,0.84,0.04609929078014185,0.02456140350877193,2.234042553191489,0.06382978723404255,0.22340425531914893,4476.190476190476,20,20,0.0,193.5,145.0,193.5
100,2 events,storey_bh,0.2,1,4058,4026,214,194,20,0.9065420560747663,0.07313829787234043,0.04818678589170392,4.127659574468085,0.0851063829787234,0.4127659574468085,2422.680412371134,20,20,0.0,208.5,232.0,208.5
100,2 events,BatchBH,1e-05,1,4661,4341,13,0,13,0.0,0.0,0.0,0.0,0.0,0.0,inf,20,13,0.35,609.2307692307693,445.0,1538.5
100,2 events,BatchBH,0.0001,1,4652,4426,16,0,16,0.0,0.0,0.0,0.0,0.0,0.0,inf,20,16,0.19999999999999996,514.3125,432.0,1068.5
100,2 events,BatchBH,0.001,1,4640,4546,20,0,20,0.0,0.0,0.0,0.0,0.0,0.0,inf,20,20,0.0,408.5,345.0,408.5
100,2 events,BatchBH,0.01,1,4640,4561,20,0,20,0.0,0.0,0.0,0.0,0.0,0.0,inf,20,20,0.0,333.5,332.0,333.5
100,2 events,BatchBH,0.05,1,4637,4575,21,1,20,0.047619047619047616,0.02127659574468085,0.0002185792349726776,0.02127659574468085,0.02127659574468085,0.002127659574468085,470000.0,20,20,0.0,248.5,238.5,248.5
100,2 events,BatchBH,0.1,1,4637,4581,21,1,20,0.047619047619047616,0.02127659574468085,0.00021829294913774285,0.02127659574468085,0.02127659574468085,0.002127659574468085,470000.0,20,20,0.0,218.5,232.0,218.5
100,2 events,BatchBH,0.2,1,4634,4576,22,2,20,0.09090909090909091,0.023210831721470017,0.00043706293706293706,0.0425531914893617,0.0425531914893617,0.00425531914893617,235000.0,20,20,0.0,228.5,232.0,228.5
100,2 events,bonferroni,1e-05,1,4649,4472,17,0,17,0.0,0.0,0.0,0.0,0.0,0.0,inf,20,17,0.15000000000000002,397.70588235294116,345.0,823.5
100,2 events,bonferroni,0.0001,1,4640,4559,20,0,20,0.0,0.0,0.0,0.0,0.0,0.0,inf,20,20,0.0,343.5,332.0,343.5
100,2 events,bonferroni,0.001,1,4640,4575,20,0,20,0.0,0.0,0.0,0.0,0.0,0.0,inf,20,20,0.0,263.5,245.0,263.5
100,2 events,bonferroni,0.01,1,4634,4555,22,3,19,0.13636363636363635,0.0425531914893617,0.0006586169045005489,0.06382978723404255,0.0425531914893617,0.006382978723404255,156666.66666666666,20,19,0.050000000000000044,211.8421052631579,232.0,343.5
100,2 events,bonferroni,0.05,1,4613,4562,29,9,20,0.3103448275862069,0.1356382978723404,0.001972818939061815,0.19148936170212766,0.1702127659574468,0.019148936170212766,52222.22222222222,20,20,0.0,193.5,188.5,193.5
100,2 events,bonferroni,0.1,1,4607,4532,31,12,19,0.3870967741935484,0.19414893617021275,0.00264783759929391,0.2553191489361702,0.2127659574468085,0.02553191489361702,39166.666666666664,20,19,0.050000000000000044,196.05263157894737,232.0,328.5
100,2 events,bonferroni,0.2,1,4598,4527,34,15,19,0.4411764705882353,0.2163120567375887,0.0033134526176275677,0.3191489361702128,0.23404255319148937,0.031914893617021274,31333.333333333332,20,19,0.050000000000000044,175.0,145.0,308.5
100,2 events,LORD++,1e-05,2,4670,4305,10,0,10,0.0,0.0,0.0,0.0,0.0,0.0,inf,20,10,0.5,1094.5,1094.5,1769.5
100,2 events,LORD++,0.0001,2,4658,4419,14,0,14,0.0,0.0,0.0,0.0,0.0,0.0,inf,20,14,0.30000000000000004,580.2142857142857,394.5,1139.5
100,2 events,LORD++,0.001,2,4643,4518,19,0,19,0.0,0.0,0.0,0.0,0.0,0.0,inf,20,19,0.050000000000000044,439.89473684210526,357.0,569.5
100,2 events,LORD++,0.01,2,4640,4568,20,0,20,0.0,0.0,0.0,0.0,0.0,0.0,inf,20,20,0.0,304.5,294.5,304.5
100,2 events,LORD++,0.05,2,4640,4580,20,0,20,0.0,0.0,0.0,0.0,0.0,0.0,inf,20,20,0.0,244.5,232.0,244.5
100,2 events,LORD++,0.1,2,4640,4582,20,0,20,0.0,0.0,0.0,0.0,0.0,0.0,inf,20,20,0.0,234.5,232.0,234.5
100,2 events,LORD++,0.2,2,4637,4583,21,1,20,0.047619047619047616,0.010638297872340425,0.0002181976871045167,0.02127659574468085,0.02127659574468085,0.002127659574468085,470000.0,20,20,0.0,214.5,232.0,214.5
100,2 events,uncorrected,1e-05,2,4640,4558,20,0,20,0.0,0.0,0.0,0.0,0.0,0.0,inf,20,20,0.0,354.5,257.0,354.5
100,2 events,uncorrected,0.0001,2,4640,4585,20,0,20,0.0,0.0,0.0,0.0,0.0,0.0,inf,20,20,0.0,219.5,232.0,219.5
100,2 events,uncorrected,0.001,2,4637,4592,21,1,20,0.047619047619047616,0.02127659574468085,0.00021777003484320557,0.02127659574468085,0.02127659574468085,0.002127659574468085,470000.0,20,20,0.0,169.5,157.0,169.5
100,2 events,uncorrected,0.01,2,4599,4560,37,17,20,0.4594594594594595,0.23640661938534277,0.0037280701754385964,0.3617021276595745,0.2553191489361702,0.036170212765957444,27647.058823529413,20,20,0.0,139.5,132.0,139.5
100,2 events,uncorrected,0.05,2,4457,4422,87,67,20,0.7701149425287356,0.4627659574468085,0.015151515151515152,1.425531914893617,0.5106382978723404,0.1425531914893617,7014.925373134329,20,20,0.0,134.5,132.0,134.5
100,2 events,uncorrected,0.1,2,4320,4286,138,118,20,0.855072463768116,0.7641158591096014,0.027531497900139992,2.5106382978723403,0.8085106382978723,0.251063829787234,3983.0508474576272,20,20,0.0,129.5,132.0,129.5
100,2 events,uncorrected,0.2,2,3977,3949,258,238,20,0.9224806201550387,0.8281016855484942,0.06026842238541403,5.0638297872340425,0.8723404255319149,0.5063829787234042,1974.7899159663866,20,20,0.0,99.5,57.0,99.5
100,2 events,bh_window,1e-05,2,4655,4442,15,0,15,0.0,0.0,0.0,0.0,0.0,0.0,inf,20,15,0.25,492.0,357.0,1009.5
100,2 events,bh_window,0.0001,2,4645,4517,19,0,19,0.0,0.0,0.0,0.0,0.0,0.0,inf,20,19,0.050000000000000044,455.6842105263158,332.0,584.5
100,2 events,bh_window,0.001,2,4640,4577,20,0,20,0.0,0.0,0.0,0.0,0.0,0.0,inf,20,20,0.0,259.5,257.0,259.5
100,2 events,bh_window,0.01,2,4640,4593,20,0,20,0.0,0.0,0.0,0.0,0.0,0.0,inf,20,20,0.0,179.5,157.0,179.5
100,2 events,bh_window,0.05,2,4634,4591,22,2,20,0.09090909090909091,0.0035460992907801418,0.00043563493792202136,0.0425531914893617,0.02127659574468085,0.00425531914893617,235000.0,20,20,0.0,159.5,157.0,159.5
100,2 events,bh_window,0.1,2,4628,4587,24,4,20,0.16666666666666666,0.0060790273556231,0.0008720296490080662,0.0851063829787234,0.02127659574468085,0.00851063829787234,117500.0,20,20,0.0,149.5,157.0,149.5
100,2 events,bh_window,0.2,2,4604,4564,32,12,20,0.375,0.07446808510638298,0.0026292725679228747,0.2553191489361702,0.10638297872340426,0.02553191489361702,39166.666666666664,20,20,0.0,144.5,144.5,144.5
100,2 events,storey_bh,1e-05,2,4646,4482,18,0,18,0.0,0.0,0.0,0.0,0.0,0.0,inf,20,18,0.09999999999999998,577.8333333333334,344.5,764.5
100,2 events,storey_bh,0.0001,2,4641,4538,20,0,20,0.0,0.0,0.0,0.0,0.0,0.0,inf,20,20,0.0,459.5,257.0,459.5
100,2 events,storey_bh,0.001,2,4640,4582,20,0,20,0.0,0.0,0.0,0.0,0.0,0.0,inf,20,20,0.0,234.5,232.0,234.5
100,2 events,storey_bh,0.01,2,4637,4592,21,1,20,0.047619047619047616,0.0019342359767891683,0.00021777003484320557,0.02127659574468085,0.02127659574468085,0.002127659574468085,470000.0,20,20,0.0,169.5,157.0,169.5
100,2 events,storey_bh,0.05,2,4618,4577,30,10,20,0.3333333333333333,0.02925531914893617,0.002184837229626393,0.2127659574468085,0.0425531914893617,0.02127659574468085,47000.0,20,20,0.0,149.5,157.0,149.5
100,2 events,storey_bh,0.1,2,4564,4523,58,38,20,0.6551724137931034,0.07692307692307693,0.00840150342692903,0.8085106382978723,0.0851063829787234,0.08085106382978724,12368.421052631578,20,20,0.0,149.5,157.0,149.5
100,2 events,storey_bh,0.2,2,4439,4399,87,67,20,0.7701149425287356,0.08986137975499678,0.01523073425778586,1.425531914893617,0.10638297872340426,0.1425531914893617,7014.925373134329,20,20,0.0,144.5,144.5,144.5
100,2 events,BatchBH,1e-05,2,4684,4256,8,0,8,0.0,0.0,0.0,0.0,0.0,0.0,inf,20,8,0.6,1544.5,1544.5,2084.5
100,2 events,BatchBH,0.0001,2,4672,4344,10,0,10,0.0,0.0,0.0,0.0,0.0,0.0,inf,20,10,0.5,724.5,432.0,1584.5
100,2 events,BatchBH,0.001,2,4661,4399,13,0,13,0.0,0.0,0.0,0.0,0.0,0.0,inf,20,13,0.35,568.5384615384615,357.0,1254.5
100,2 events,BatchBH,0.01,2,4641,4525,20,0,20,0.0,0.0,0.0,0.0,0.0,0.0,inf,20,20,0.0,524.5,332.0,524.5
100,2 events,BatchBH,0.05,2,4640,4565,20,0,20,0.0,0.0,0.0,0.0,0.0,0.0,inf,20,20,0.0,319.5,257.0,319.5
100,2 events,BatchBH,0.1,2,4640,4571,20,0,20,0.0,0.0,0.0,0.0,0.0,0.0,inf,20,20,0.0,289.5,244.5,289.5
100,2 events,BatchBH,0.2,2,4640,4581,20,0,20,0.0,0.0,0.0,0.0,0.0,0.0,inf,20,20,0.0,239.5,232.0,239.5
100,2 events,bonferroni,1e-05,2,4665,4384,12,0,12,0.0,0.0,0.0,0.0,0.0,0.0,inf,20,12,0.4,521.5833333333334,357.0,1349.5
100,2 events,bonferroni,0.0001,2,4651,4488,17,0,17,0.0,0.0,0.0,0.0,0.0,0.0,inf,20,17,0.15000000000000002,427.5882352941176,332.0,759.5
100,2 events,bonferroni,0.001,2,4640,4558,20,0,20,0.0,0.0,0.0,0.0,0.0,0.0,inf,20,20,0.0,354.5,257.0,354.5
100,2 events,bonferroni,0.01,2,4640,4585,20,0,20,0.0,0.0,0.0,0.0,0.0,0.0,inf,20,20,0.0,219.5,232.0,219.5
100,2 events,bonferroni,0.05,2,4637,4590,21,1,20,0.047619047619047616,0.02127659574468085,0.00021786492374727668,0.02127659574468085,0.02127659574468085,0.002127659574468085,470000.0,20,20,0.0,179.5,157.0,179.5
100,2 events,bonferroni,0.1,2,4637,4592,21,1,20,0.047619047619047616,0.02127659574468085,0.00021777003484320557,0.02127659574468085,0.02127659574468085,0.002127659574468085,470000.0,20,20,0.0,169.5,157.0,169.5
100,2 events,bonferroni,0.2,2,4634,4591,22,2,20,0.09090909090909091,0.0425531914893617,0.00043563493792202136,0.0425531914893617,0.0425531914893617,0.00425531914893617,235000.0,20,20,0.0,159.5,157.0,159.5
100,2 events,LORD++,1e-05,3,4697,4114,1,0,1,0.0,0.0,0.0,0.0,0.0,0.0,inf,20,1,0.95,516.0,516.0,2857.5
100,2 events,LORD++,0.0001,3,4697,4115,1,0,1,0.0,0.0,0.0,0.0,0.0,0.0,inf,20,1,0.95,416.0,416.0,2852.5
100,2 events,LORD++,0.001,3,4655,4424,15,0,15,0.0,0.0,0.0,0.0,0.0,0.0,inf,20,15,0.25,450.93333333333334,416.0,1097.5
100,2 events,LORD++,0.01,3,4640,4546,20,0,20,0.0,0.0,0.0,0.0,0.0,0.0,inf,20,20,0.0,412.5,416.0,412.5
100,2 events,LORD++,0.05,3,4640,4566,20,0,20,0.0,0.0,0.0,0.0,0.0,0.0,inf,20,20,0.0,312.5,316.0,312.5
100,2 events,LORD++,0.1,3,4640,4569,20,0,20,0.0,0.0,0.0,0.0,0.0,0.0,inf,20,20,0.0,297.5,316.0,297.5
100,2 events,LORD++,0.2,3,4637,4570,21,1,20,0.047619047619047616,0.0070921985815602835,0.0002188183807439825,0.02127659574468085,0.02127659574468085,0.002127659574468085,470000.0,20,20,0.0,277.5,292.5,277.5
100,2 events,uncorrected,1e-05,3,4643,4521,19,0,19,0.0,0.0,0.0,0.0,0.0,0.0,inf,20,19,0.050000000000000044,412.3157894736842,369.0,552.5
100,2 events,uncorrected,0.0001,3,4640,4562,20,0,20,0.0,0.0,0.0,0.0,0.0,0.0,inf,20,20,0.0,332.5,316.0,332.5
100,2 events,uncorrected,0.001,3,4640,4578,20,0,20,0.0,0.0,0.0,0.0,0.0,0.0,inf,20,20,0.0,252.5,242.5,252.5
100,2 events,uncorrected,0.01,3,4622,4578,26,6,20,0.23076923076923078,0.1276595744680851,0.001310615989515072,0.1276595744680851,0.1276595744680851,0.01276595744680851,78333.33333333333,20,20,0.0,177.5,169.0,177.5
100,2 events,uncorrected,0.05,3,4583,4542,39,19,20,0.48717948717948717,0.24113475177304966,0.004183179216204315,0.40425531914893614,0.2553191489361702,0.04042553191489362,24736.842105263157,20,20,0.0,162.5,169.0,162.5
100,2 events,uncorrected,0.1,3,4465,4428,81,61,20,0.7530864197530864,0.5437352245862884,0.013775971093044263,1.297872340425532,0.5531914893617021,0.12978723404255318,7704.918032786885,20,20,0.0,142.5,116.0,142.5
100,2 events,uncorrected,0.2,3,4145,4114,188,168,20,0.8936170212765957,0.7457746154554665,0.04083616917841517,3.574468085106383,0.7872340425531915,0.3574468085106383,2797.6190476190477,20,20,0.0,142.5,116.0,142.5
100,2 events,bh_window,1e-05,3,4664,4314,12,0,12,0.0,0.0,0.0,0.0,0.0,0.0,inf,20,12,0.4,751.3333333333334,669.0,1692.5
100,2 events,bh_window,0.0001,3,4652,4408,16,0,16,0.0,0.0,0.0,0.0,0.0,0.0,inf,20,16,0.19999999999999996,677.0625,442.5,1162.5
100,2 events,bh_window,0.001,3,4643,4528,19,0,19,0.0,0.0,0.0,0.0,0.0,0.0,inf,20,19,0.050000000000000044,375.4736842105263,316.0,517.5
100,2 events,bh_window,0.01,3,4640,4571,20,0,20,0.0,0.0,0.0,0.0,0.0,0.0,inf,20,20,0.0,287.5,269.0,287.5
100,2 events,bh_window,0.05,3,4640,4585,20,0,20,0.0,0.0,0.0,0.0,0.0,0.0,inf,20,20,0.0,217.5,216.0,217.5
100,2 events,bh_window,0.1,3,4634,4586,22,2,20,0.09090909090909091,0.0035460992907801418,0.0004361098996947231,0.0425531914893617,0.02127659574468085,0.00425531914893617,235000.0,20,20,0.0,182.5,169.0,182.5
100,2 events,bh_window,0.2,3,4634,4589,22,2,20,0.09090909090909091,0.009456264775413711,0.00043582479843103073,0.0425531914893617,0.0425531914893617,0.00425531914893617,235000.0,20,20,0.0,167.5,169.0,167.5
100,2 events,storey_bh,1e-05,3,4664,4328,12,0,12,0.0,0.0,0.0,0.0,0.0,0.0,inf,20,12,0.4,634.6666666666666,719.0,1622.5
100,2 events,storey_bh,0.0001,3,4649,4450,17,0,17,0.0,0.0,0.0,0.0,0.0,0.0,inf,20,17,0.15000000000000002,561.7058823529412,416.0,937.5
100,2 events,storey_bh,0.001,3,4640,4551,20,0,20,0.0,0.0,0.0,0.0,0.0,0.0,inf,20,20,0.0,387.5,342.5,387.5
100,2 events,storey_bh,0.01,3,4640,4570,20,0,20,0.0,0.0,0.0,0.0,0.0,0.0,inf,20,20,0.0,292.5,269.0,292.5
100,2 events,storey_bh,0.05,3,4640,4584,20,0,20,0.0,0.0,0.0,0.0,0.0,0.0,inf,20,20,0.0,222.5,216.0,222.5
100,2 events,storey_bh,0.1,3,4637,4585,21,1,20,0.047619047619047616,0.0070921985815602835,0.00021810250817884405,0.02127659574468085,0.02127659574468085,0.002127659574468085,470000.0,20,20,0.0,202.5,216.0,202.5
100,2 events,storey_bh,0.2,3,4622,4577,26,6,20,0.23076923076923078,0.031914893617021274,0.0013109023377758358,0.1276595744680851,0.0425531914893617,0.01276595744680851,78333.33333333333,20,20,0.0,182.5,169.0,182.5
100,2 events,BatchBH,1e-05,3,4697,4115,1,0,1,0.0,0.0,0.0,0.0,0.0,0.0,inf,20,1,0.95,416.0,416.0,2852.5
100,2 events,BatchBH,0.0001,3,4697,4115,1,0,1,0.0,0.0,0.0,0.0,0.0,0.0,inf,20,1,0.95,416.0,416.0,2852.5
100,2 events,BatchBH,0.001,3,4664,4289,12,0,12,0.0,0.0,0.0,0.0,0.0,0.0,inf,20,12,0.4,959.6666666666666,769.0,1817.5
100,2 events,BatchBH,0.01,3,4652,4420,16,0,16,0.0,0.0,0.0,0.0,0.0,0.0,inf,20,16,0.19999999999999996,602.0625,442.5,1102.5
100,2 events,BatchBH,0.05,3,4643,4520,19,0,19,0.0,0.0,0.0,0.0,0.0,0.0,inf,20,19,0.050000000000000044,417.57894736842104,369.0,557.5
100,2 events,BatchBH,0.1,3,4640,4531,20,0,20,0.0,0.0,0.0,0.0,0.0,0.0,inf,20,20,0.0,487.5,369.0,487.5
100,2 events,BatchBH,0.2,3,4640,4554,20,0,20,0.0,0.0,0.0,0.0,0.0,0.0,inf,20,20,0.0,372.5,342.5,372.5
100,2 events,bonferroni,1e-05,3,4670,4250,10,0,10,0.0,0.0,0.0,0.0,0.0,0.0,inf,20,10,0.5,1047.8,869.0,2042.5
100,2 events,bonferroni,0.0001,3,4655,4397,15,0,15,0.0,0.0,0.0,0.0,0.0,0.0,inf,20,15,0.25,601.1333333333333,469.0,1232.5
100,2 events,bonferroni,0.001,3,4643,4521,19,0,19,0.0,0.0,0.0,0.0,0.0,0.0,inf,20,19,0.050000000000000044,412.3157894736842,369.0,552.5
100,2 events,bonferroni,0.01,3,4640,4562,20,0,20,0.0,0.0,0.0,0.0,0.0,0.0,inf,20,20,0.0,332.5,316.0,332.5
100,2 events,bonferroni,0.05,3,4640,4574,20,0,20,0.0,0.0,0.0,0.0,0.0,0.0,inf,20,20,0.0,272.5,269.0,272.5
100,2 events,bonferroni,0.1,3,4640,4578,20,0,20,0.0,0.0,0.0,0.0,0.0,0.0,inf,20,20,0.0,252.5,242.5,252.5
100,2 events,bonferroni,0.2,3,4640,4584,20,0,20,0.0,0.0,0.0,0.0,0.0,0.0,inf,20,20,0.0,222.5,216.0,222.5
500,1 event,LORD++,1e-05,5,23380,20982,40,0,40,0.0,0.0,0.0,0.0,0.0,0.0,inf,100,40,0.6,812.0,717.0,2315.0
500,1 event,LORD++,0.0001,5,23287,21862,71,0,71,0.0,0.0,0.0,0.0,0.0,0.0,inf,100,71,0.29000000000000004,535.3098591549295,417.0,1342.0
500,1 event,LORD++,0.001,5,23227,22448,91,0,91,0.0,0.0,0.0,0.0,0.0,0.0,inf,100,91,0.08999999999999997,436.7802197802198,317.0,696.0
500,1 event,LORD++,0.01,5,23203,22766,99,0,99,0.0,0.0,0.0,0.0,0.0,0.0,inf,100,99,0.010000000000000009,324.07070707070704,317.0,354.0
500,1 event,LORD++,0.05,5,23200,22871,100,0,100,0.0,0.0,0.0,0.0,0.0,0.0,inf,100,100,0.0,246.0,217.0,246.0
500,1 event,LORD++,0.1,5,23200,22875,100,0,100,0.0,0.0,0.0,0.0,0.0,0.0,inf,100,100,0.0,242.0,217.0,242.0
500,1 event,LORD++,0.2,5,23200,22875,100,0,100,0.0,0.0,0.0,0.0,0.0,0.0,inf,100,100,0.0,242.0,217.0,242.0
500,1 event,uncorrected,1e-05,5,23209,22628,97,0,97,0.0,0.0,0.0,0.0,0.0,0.0,inf,100,97,0.030000000000000027,410.8144329896907,317.0,498.0
500,1 event,uncorrected,0.0001,5,23200,22845,100,0,100,0.0,0.0,0.0,0.0,0.0,0.0,inf,100,100,0.0,272.0,217.0,272.0
500,1 event,uncorrected,0.001,5,23194,22908,102,2,100,0.0196078431372549,0.0425531914893617,8.730574471800244e-05,0.0425531914893617,0.0425531914893617,0.000851063829787234,1175000.0,100,100,0.0,203.0,217.0,203.0
500,1 event,uncorrected,0.01,5,23046,22824,152,52,100,0.34210526315789475,0.5212765957446809,0.002278303540133193,1.1063829787234043,0.5319148936170213,0.022127659574468085,45192.307692307695,100,100,0.0,139.0,117.0,139.0
500,1 event,uncorrected,0.05,5,22583,22386,306,206,100,0.673202614379085,0.7989578810247504,0.009202179933887252,4.382978723404255,0.8297872340425532,0.0876595744680851,11407.766990291262,100,100,0.0,117.0,117.0,117.0
500,1 event,uncorrected,0.1,5,21912,21720,533,433,100,0.8123827392120075,0.9479222171278454,0.019935543278084715,9.212765957446809,0.9787234042553191,0.18425531914893617,5427.251732101617,100,100,0.0,112.0,117.0,112.0
500,1 event,uncorrected,0.2,5,20333,20153,1069,969,100,0.9064546304957904,0.959555713804238,0.048082171388875106,20.617021276595743,1.0,0.4123404255319149,2425.1805985552114,100,100,0.0,117.0,117.0,117.0
500,1 event,bh_window,1e-05,5,23305,21559,65,0,65,0.0,0.0,0.0,0.0,0.0,0.0,inf,100,65,0.35,772.3846153846154,517.0,1663.0
500,1 event,bh_window,0.0001,5,23233,22287,89,0,89,0.0,0.0,0.0,0.0,0.0,0.0,inf,100,89,0.10999999999999999,559.6966292134831,317.0,863.0
500,1 event,bh_window,0.001,5,23215,22673,95,0,95,0.0,0.0,0.0,0.0,0.0,0.0,inf,100,95,0.050000000000000044,308.57894736842104,217.0,459.0
500,1 event,bh_window,0.01,5,23203,22881,99,0,99,0.0,0.0,0.0,0.0,0.0,0.0,inf,100,99,0.010000000000000009,207.9090909090909,217.0,239.0
500,1 event,bh_window,0.05,5,23197,22962,101,1,100,0.009900990099009901,0.0002955082742316785,4.355021339604564e-05,0.02127659574468085,0.02127659574468085,0.000425531914893617,2350000.0,100,100,0.0,152.0,117.0,152.0
500,1 event,bh_window,0.1,5,23185,22968,105,5,100,0.047619047619047616,0.02198581560283688,0.0002176941832114246,0.10638297872340426,0.0425531914893617,0.002127659574468085,470000.0,100,100,0.0,134.0,117.0,134.0
500,1 event,bh_window,0.2,5,23131,22927,123,23,100,0.18699186991869918,0.025031289111389236,0.001003184018842413,0.48936170212765956,0.0425531914893617,0.00978723404255319,102173.91304347826,100,100,0.0,121.0,117.0,121.0
500,1 event,storey_bh,1e-05,5,23278,21714,74,0,74,0.0,0.0,0.0,0.0,0.0,0.0,inf,100,74,0.26,835.918918918919,717.0,1481.0
500,1 event,storey_bh,0.0001,5,23236,22322,88,0,88,0.0,0.0,0.0,0.0,0.0,0.0,inf,100,88,0.12,492.0,317.0,831.0
500,1 event,storey_bh,0.001,5,23212,22700,96,0,96,0.0,0.0,0.0,0.0,0.0,0.0,inf,100,96,0.040000000000000036,308.6666666666667,217.0,429.0
500,1 event,storey_bh,0.01,5,23203,22888,99,0,99,0.0,0.0,0.0,0.0,0.0,0.0,inf,100,99,0.010000000000000009,200.83838383838383,217.0,232.0
500,1 event,storey_bh,0.05,5,23188,22964,104,4,100,0.038461538461538464,0.021777221526908634,0.00017418568193694478,0.0851063829787234,0.0425531914893617,0.001702127659574468,587500.0,100,100,0.0,141.0,117.0,141.0
500,1 event,storey_bh,0.1,5,23113,22903,129,29,100,0.2248062015503876,0.02450607902735562,0.0012662096668558703,0.6170212765957447,0.0425531914893617,0.012340425531914894,81034.4827586207,100,100,0.0,127.0,117.0,127.0
500,1 event,storey_bh,0.2,5,21994,21794,502,402,100,0.8007968127490039,0.02798018070533372,0.018445443700100945,8.553191489361701,0.0425531914893617,0.17106382978723406,5845.771144278607,100,100,0.0,117.0,117.0,117.0
500,1 event,BatchBH,1e-05,5,23449,20362,17,0,17,0.0,0.0,0.0,0.0,0.0,0.0,inf,100,17,0.83,1475.8235294117646,1217.0,3004.0
500,1 event,BatchBH,0.0001,5,23369,20893,44,0,44,0.0,0.0,0.0,0.0,0.0,0.0,inf,100,44,0.56,1217.0,1317.0,2393.0
500,1 event,BatchBH,0.001,5,23278,21682,74,0,74,0.0,0.0,0.0,0.0,0.0,0.0,inf,100,74,0.26,879.1621621621622,717.0,1513.0
500,1 event,BatchBH,0.01,5,23230,22383,90,0,90,0.0,0.0,0.0,0.0,0.0,0.0,inf,100,90,0.09999999999999998,480.3333333333333,317.0,764.0
500,1 event,BatchBH,0.05,5,23209,22654,97,0,97,0.0,0.0,0.0,0.0,0.0,0.0,inf,100,97,0.030000000000000027,384.0103092783505,317.0,472.0
500,1 event,BatchBH,0.1,5,23209,22711,97,0,97,0.0,0.0,0.0,0.0,0.0,0.0,inf,100,97,0.030000000000000027,325.2474226804124,317.0,415.0
500,1 event,BatchBH,0.2,5,23206,22776,98,0,98,0.0,0.0,0.0,0.0,0.0,0.0,inf,100,98,0.020000000000000018,286.38775510204084,217.0,347.0
500,1 event,bonferroni,1e-05,5,23368,21018,44,0,44,0.0,0.0,0.0,0.0,0.0,0.0,inf,100,44,0.56,930.6363636363636,717.0,2267.0
500,1 event,bonferroni,0.0001,5,23284,21640,72,0,72,0.0,0.0,0.0,0.0,0.0,0.0,inf,100,72,0.28,878.1111111111111,517.0,1561.0
500,1 event,bonferroni,0.001,5,23230,22323,90,0,90,0.0,0.0,0.0,0.0,0.0,0.0,inf,100,90,0.09999999999999998,547.0,417.0,824.0
500,1 event,bonferroni,0.01,5,23206,22730,98,0,98,0.0,0.0,0.0,0.0,0.0,0.0,inf,100,98,0.020000000000000018,333.3265306122449,317.0,393.0
500,1 event,bonferroni,0.05,5,23200,22846,100,0,100,0.0,0.0,0.0,0.0,0.0,0.0,inf,100,100,0.0,271.0,217.0,271.0
500,1 event,bonferroni,0.1,5,23200,22883,100,0,100,0.0,0.0,0.0,0.0,0.0,0.0,inf,100,100,0.0,234.0,217.0,234.0
500,1 event,bonferroni,0.2,5,23197,22895,101,1,100,0.009900990099009901,0.02127659574468085,4.367765887748417e-05,0.02127659574468085,0.02127659574468085,0.000425531914893617,2350000.0,100,100,0.0,219.0,217.0,219.0
100,2 events,LORD++,1e-05,4,4694,4288,2,0,2,0.0,0.0,0.0,0.0,0.0,0.0,inf,20,2,0.9,1441.0,1441.0,1989.5
100,2 events,LORD++,0.0001,4,4652,4349,16,0,16,0.0,0.0,0.0,0.0,0.0,0.0,inf,20,16,0.19999999999999996,1328.25,1341.0,1474.5
100,2 events,LORD++,0.001,4,4646,4480,18,0,18,0.0,0.0,0.0,0.0,0.0,0.0,inf,20,18,0.09999999999999998,648.3888888888889,609.5,789.5
100,2 events,LORD++,0.01,4,4640,4551,20,0,20,0.0,0.0,0.0,0.0,0.0,0.0,inf,20,20,0.0,404.5,409.5,404.5
100,2 events,LORD++,0.05,4,4640,4564,20,0,20,0.0,0.0,0.0,0.0,0.0,0.0,inf,20,20,0.0,339.5,341.0,339.5
100,2 events,LORD++,0.1,4,4640,4565,20,0,20,0.0,0.0,0.0,0.0,0.0,0.0,inf,20,20,0.0,334.5,341.0,334.5
100,2 events,LORD++,0.2,4,4640,4579,20,0,20,0.0,0.0,0.0,0.0,0.0,0.0,inf,20,20,0.0,264.5,259.5,264.5
100,2 events,uncorrected,1e-05,4,4640,4533,20,0,20,0.0,0.0,0.0,0.0,0.0,0.0,inf,20,20,0.0,494.5,378.0,494.5
100,2 events,uncorrected,0.0001,4,4640,4569,20,0,20,0.0,0.0,0.0,0.0,0.0,0.0,inf,20,20,0.0,314.5,278.0,314.5
100,2 events,uncorrected,0.001,4,4638,4584,21,1,20,0.047619047619047616,0.02127659574468085,0.0002181500872600349,0.02127659574468085,0.02127659574468085,0.002127659574468085,470000.0,20,20,0.0,229.5,241.0,229.5
100,2 events,uncorrected,0.01,4,4618,4577,28,8,20,0.2857142857142857,0.14893617021276595,0.0017478697837011142,0.1702127659574468,0.14893617021276595,0.01702127659574468,58750.0,20,20,0.0,164.5,178.0,164.5
100,2 events,uncorrected,0.05,4,4530,4496,59,39,20,0.6610169491525424,0.4920212765957447,0.008674377224199288,0.8297872340425532,0.5106382978723404,0.08297872340425531,12051.28205128205,20,20,0.0,129.5,141.0,129.5
100,2 events,uncorrected,0.1,4,4429,4398,92,72,20,0.782608695652174,0.513677811550152,0.01637107776261937,1.5319148936170213,0.5319148936170213,0.15319148936170213,6527.777777777777,20,20,0.0,114.5,141.0,114.5
100,2 events,uncorrected,0.2,4,4043,4018,222,202,20,0.9099099099099099,0.8069908814589666,0.05027376804380289,4.297872340425532,0.851063829787234,0.4297872340425532,2326.732673267327,20,20,0.0,84.5,78.0,84.5
100,2 events,bh_window,1e-05,4,4658,4439,14,0,14,0.0,0.0,0.0,0.0,0.0,0.0,inf,20,14,0.30000000000000004,612.1428571428571,478.0,1054.5
100,2 events,bh_window,0.0001,4,4646,4515,18,0,18,0.0,0.0,0.0,0.0,0.0,0.0,inf,20,18,0.09999999999999998,453.94444444444446,378.0,614.5
100,2 events,bh_window,0.001,4,4640,4562,20,0,20,0.0,0.0,0.0,0.0,0.0,0.0,inf,20,20,0.0,349.5,278.0,349.5
100,2 events,bh_window,0.01,4,4640,4579,20,0,20,0.0,0.0,0.0,0.0,0.0,0.0,inf,20,20,0.0,264.5,278.0,264.5
100,2 events,bh_window,0.05,4,4638,4589,21,1,20,0.047619047619047616,0.02127659574468085,0.00021791239921551536,0.02127659574468085,0.02127659574468085,0.002127659574468085,470000.0,20,20,0.0,204.5,178.0,204.5
100,2 events,bh_window,0.1,4,4638,4593,21,1,20,0.047619047619047616,0.02127659574468085,0.00021772262138036142,0.02127659574468085,0.02127659574468085,0.002127659574468085,470000.0,20,20,0.0,184.5,178.0,184.5
100,2 events,bh_window,0.2,4,4634,4590,22,2,20,0.09090909090909091,0.02127659574468085,0.00043572984749455336,0.0425531914893617,0.02127659574468085,0.00425531914893617,235000.0,20,20,0.0,179.5,178.0,179.5
100,2 events,storey_bh,1e-05,4,4658,4439,14,0,14,0.0,0.0,0.0,0.0,0.0,0.0,inf,20,14,0.30000000000000004,612.1428571428571,478.0,1054.5
100,2 events,storey_bh,0.0001,4,4649,4506,17,0,17,0.0,0.0,0.0,0.0,0.0,0.0,inf,20,17,0.15000000000000002,425.29411764705884,378.0,674.5
100,2 events,storey_bh,0.001,4,4640,4560,20,0,20,0.0,0.0,0.0,0.0,0.0,0.0,inf,20,20,0.0,359.5,278.0,359.5
100,2 events,storey_bh,0.01,4,4640,4578,20,0,20,0.0,0.0,0.0,0.0,0.0,0.0,inf,20,20,0.0,269.5,278.0,269.5
100,2 events,storey_bh,0.05,4,4638,4589,21,1,20,0.047619047619047616,0.02127659574468085,0.00021791239921551536,0.02127659574468085,0.02127659574468085,0.002127659574468085,470000.0,20,20,0.0,204.5,178.0,204.5
100,2 events,storey_bh,0.1,4,4638,4591,21,1,20,0.047619047619047616,0.02127659574468085,0.00021781746896101068,0.02127659574468085,0.02127659574468085,0.002127659574468085,470000.0,20,20,0.0,194.5,178.0,194.5
100,2 events,storey_bh,0.2,4,4634,4590,22,2,20,0.09090909090909091,0.02127659574468085,0.00043572984749455336,0.0425531914893617,0.02127659574468085,0.00425531914893617,235000.0,20,20,0.0,179.5,178.0,179.5
100,2 events,BatchBH,1e-05,4,4697,4284,1,0,1,0.0,0.0,0.0,0.0,0.0,0.0,inf,20,1,0.95,1441.0,1441.0,2024.5
100,2 events,BatchBH,0.0001,4,4697,4286,1,0,1,0.0,0.0,0.0,0.0,0.0,0.0,inf,20,1,0.95,1241.0,1241.0,2014.5
100,2 events,BatchBH,0.001,4,4658,4384,14,0,14,0.0,0.0,0.0,0.0,0.0,0.0,inf,20,14,0.30000000000000004,1005.0,978.0,1329.5
100,2 events,BatchBH,0.01,4,4649,4487,17,0,17,0.0,0.0,0.0,0.0,0.0,0.0,inf,20,17,0.15000000000000002,537.0588235294117,478.0,769.5
100,2 events,BatchBH,0.05,4,4640,4523,20,0,20,0.0,0.0,0.0,0.0,0.0,0.0,inf,20,20,0.0,544.5,378.0,544.5
100,2 events,BatchBH,0.1,4,4640,4551,20,0,20,0.0,0.0,0.0,0.0,0.0,0.0,inf,20,20,0.0,404.5,378.0,404.5
100,2 events,BatchBH,0.2,4,4640,4559,20,0,20,0.0,0.0,0.0,0.0,0.0,0.0,inf,20,20,0.0,364.5,309.5,364.5
100,2 events,bonferroni,1e-05,4,4664,4386,12,0,12,0.0,0.0,0.0,0.0,0.0,0.0,inf,20,12,0.4,876.1666666666666,809.5,1349.5
100,2 events,bonferroni,0.0001,4,4650,4469,17,0,17,0.0,0.0,0.0,0.0,0.0,0.0,inf,20,17,0.15000000000000002,648.8235294117648,478.0,864.5
100,2 events,bonferroni,0.001,4,4640,4534,20,0,20,0.0,0.0,0.0,0.0,0.0,0.0,inf,20,20,0.0,489.5,378.0,489.5
100,2 events,bonferroni,0.01,4,4640,4569,20,0,20,0.0,0.0,0.0,0.0,0.0,0.0,inf,20,20,0.0,314.5,278.0,314.5
100,2 events,bonferroni,0.05,4,4638,4579,21,1,20,0.047619047619047616,0.02127659574468085,0.00021838829438742082,0.02127659574468085,0.02127659574468085,0.002127659574468085,470000.0,20,20,0.0,254.5,278.0,254.5
100,2 events,bonferroni,0.1,4,4638,4584,21,1,20,0.047619047619047616,0.02127659574468085,0.0002181500872600349,0.02127659574468085,0.02127659574468085,0.002127659574468085,470000.0,20,20,0.0,229.5,241.0,229.5
100,2 events,bonferroni,0.2,4,4638,4588,21,1,20,0.047619047619047616,0.02127659574468085,0.00021795989537925023,0.02127659574468085,0.02127659574468085,0.002127659574468085,470000.0,20,20,0.0,209.5,178.0,209.5
100,1 event,LORD++,1e-05,0,4679,4228,7,0,7,0.0,0.0,0.0,0.0,0.0,0.0,inf,20,7,0.65,1744.0,1744.0,2199.0
100,1 event,LORD++,0.0001,0,4661,4293,13,0,13,0.0,0.0,0.0,0.0,0.0,0.0,inf,20,13,0.35,1428.6153846153845,1444.0,1784.0
100,1 event,LORD++,0.001,0,4661,4412,13,0,13,0.0,0.0,0.0,0.0,0.0,0.0,inf,20,13,0.35,513.2307692307693,544.0,1189.0
100,1 event,LORD++,0.01,0,4643,4536,19,0,19,0.0,0.0,0.0,0.0,0.0,0.0,inf,20,19,0.050000000000000044,375.57894736842104,344.0,479.0
100,1 event,LORD++,0.05,0,4640,4558,20,0,20,0.0,0.0,0.0,0.0,0.0,0.0,inf,20,20,0.0,354.0,344.0,354.0
100,1 event,LORD++,0.1,0,4640,4570,20,0,20,0.0,0.0,0.0,0.0,0.0,0.0,inf,20,20,0.0,294.0,294.0,294.0
100,1 event,LORD++,0.2,0,4640,4572,20,0,20,0.0,0.0,0.0,0.0,0.0,0.0,inf,20,20,0.0,284.0,244.0,284.0
100,1 event,uncorrected,1e-05,0,4646,4496,18,0,18,0.0,0.0,0.0,0.0,0.0,0.0,inf,20,18,0.09999999999999998,499.55555555555554,394.0,694.0
100,1 event,uncorrected,0.0001,0,4640,4542,20,0,20,0.0,0.0,0.0,0.0,0.0,0.0,inf,20,20,0.0,434.0,294.0,434.0
100,1 event,uncorrected,0.001,0,4634,4575,22,2,20,0.09090909090909091,0.0425531914893617,0.0004371584699453552,0.0425531914893617,0.0425531914893617,0.00425531914893617,235000.0,20,20,0.0,239.0,244.0,239.0
100,1 event,uncorrected,0.01,0,4614,4568,29,9,20,0.3103448275862069,0.1276595744680851,0.001970227670753065,0.19148936170212766,0.1276595744680851,0.019148936170212766,52222.22222222222,20,20,0.0,174.0,144.0,174.0
100,1 event,uncorrected,0.05,0,4490,4452,71,51,20,0.7183098591549296,0.5106382978723404,0.011455525606469003,1.0851063829787233,0.5106382978723404,0.10851063829787234,9215.686274509804,20,20,0.0,134.0,144.0,134.0
100,1 event,uncorrected,0.1,0,4308,4271,134,114,20,0.8507462686567164,0.6511758118701008,0.026691641301802856,2.425531914893617,0.6808510638297872,0.2425531914893617,4122.80701754386,20,20,0.0,129.0,144.0,129.0
100,1 event,uncorrected,0.2,0,4039,4010,230,210,20,0.9130434782608695,0.8691166989039328,0.05236907730673317,4.468085106382978,0.9148936170212766,0.44680851063829785,2238.095238095238,20,20,0.0,99.0,94.0,99.0
100,1 event,bh_window,1e-05,0,4664,4389,12,0,12,0.0,0.0,0.0,0.0,0.0,0.0,inf,20,12,0.4,569.0,544.0,1319.0
100,1 event,bh_window,0.0001,0,4649,4461,17,0,17,0.0,0.0,0.0,0.0,0.0,0.0,inf,20,17,0.15000000000000002,608.7058823529412,344.0,884.0
100,1 event,bh_window,0.001,0,4646,4528,18,0,18,0.0,0.0,0.0,0.0,0.0,0.0,inf,20,18,0.09999999999999998,321.77777777777777,244.0,534.0
100,1 event,bh_window,0.01,0,4640,4576,20,0,20,0.0,0.0,0.0,0.0,0.0,0.0,inf,20,20,0.0,264.0,244.0,264.0
100,1 event,bh_window,0.05,0,4634,4587,22,2,20,0.09090909090909091,0.0425531914893617,0.0004360148245040331,0.0425531914893617,0.0425531914893617,0.00425531914893617,235000.0,20,20,0.0,179.0,144.0,179.0
100,1 event,bh_window,0.1,0,4634,4590,22,2,20,0.09090909090909091,0.02127659574468085,0.00043572984749455336,0.0425531914893617,0.02127659574468085,0.00425531914893617,235000.0,20,20,0.0,164.0,144.0,164.0
100,1 event,bh_window,0.2,0,4616,4576,28,8,20,0.2857142857142857,0.0851063829787234,0.0017482517482517483,0.1702127659574468,0.0851063829787234,0.01702127659574468,58750.0,20,20,0.0,144.0,144.0,144.0
100,1 event,storey_bh,1e-05,0,4655,4414,15,0,15,0.0,0.0,0.0,0.0,0.0,0.0,inf,20,15,0.25,717.3333333333334,444.0,1149.0
100,1 event,storey_bh,0.0001,0,4649,4474,17,0,17,0.0,0.0,0.0,0.0,0.0,0.0,inf,20,17,0.15000000000000002,532.2352941176471,444.0,819.0
100,1 event,storey_bh,0.001,0,4646,4528,18,0,18,0.0,0.0,0.0,0.0,0.0,0.0,inf,20,18,0.09999999999999998,321.77777777777777,244.0,534.0
100,1 event,storey_bh,0.01,0,4640,4571,20,0,20,0.0,0.0,0.0,0.0,0.0,0.0,inf,20,20,0.0,289.0,244.0,289.0
100,1 event,storey_bh,0.05,0,4634,4587,22,2,20,0.09090909090909091,0.02127659574468085,0.0004360148245040331,0.0425531914893617,0.02127659574468085,0.00425531914893617,235000.0,20,20,0.0,179.0,144.0,179.0
100,1 event,storey_bh,0.1,0,4618,4574,28,8,20,0.2857142857142857,0.0851063829787234,0.0017490161783996502,0.1702127659574468,0.0851063829787234,0.01702127659574468,58750.0,20,20,0.0,164.0,144.0,164.0
100,1 event,storey_bh,0.2,0,4216,4174,166,146,20,0.8795180722891566,0.1276595744680851,0.03497843794920939,3.106382978723404,0.1276595744680851,0.31063829787234043,3219.178082191781,20,20,0.0,154.0,144.0,154.0
100,1 event,BatchBH,1e-05,0,4697,4206,1,0,1,0.0,0.0,0.0,0.0,0.0,0.0,inf,20,1,0.95,1544.0,1544.0,2399.0
100,1 event,BatchBH,0.0001,0,4686,4232,5,0,5,0.0,0.0,0.0,0.0,0.0,0.0,inf,20,5,0.75,1524.0,1344.0,2214.0
100,1 event,BatchBH,0.001,0,4661,4371,13,0,13,0.0,0.0,0.0,0.0,0.0,0.0,inf,20,13,0.35,828.6153846153846,644.0,1394.0
100,1 event,BatchBH,0.01,0,4649,4452,17,0,17,0.0,0.0,0.0,0.0,0.0,0.0,inf,20,17,0.15000000000000002,661.6470588235294,444.0,929.0
100,1 event,BatchBH,0.05,0,4646,4501,18,0,18,0.0,0.0,0.0,0.0,0.0,0.0,inf,20,18,0.09999999999999998,471.77777777777777,394.0,669.0
100,1 event,BatchBH,0.1,0,4646,4511,18,0,18,0.0,0.0,0.0,0.0,0.0,0.0,inf,20,18,0.09999999999999998,416.22222222222223,344.0,619.0
100,1 event,BatchBH,0.2,0,4646,4525,18,0,18,0.0,0.0,0.0,0.0,0.0,0.0,inf,20,18,0.09999999999999998,338.44444444444446,294.0,549.0
100,1 event,bonferroni,1e-05,0,4664,4372,12,0,12,0.0,0.0,0.0,0.0,0.0,0.0,inf,20,12,0.4,710.6666666666666,644.0,1404.0
100,1 event,bonferroni,0.0001,0,4655,4436,15,0,15,0.0,0.0,0.0,0.0,0.0,0.0,inf,20,15,0.25,570.6666666666666,444.0,1039.0
100,1 event,bonferroni,0.001,0,4646,4499,18,0,18,0.0,0.0,0.0,0.0,0.0,0.0,inf,20,18,0.09999999999999998,482.8888888888889,394.0,679.0
100,1 event,bonferroni,0.01,0,4640,4542,20,0,20,0.0,0.0,0.0,0.0,0.0,0.0,inf,20,20,0.0,434.0,294.0,434.0
100,1 event,bonferroni,0.05,0,4634,4571,22,2,20,0.09090909090909091,0.0425531914893617,0.0004375410194705754,0.0425531914893617,0.0425531914893617,0.00425531914893617,235000.0,20,20,0.0,259.0,244.0,259.0
100,1 event,bonferroni,0.1,0,4634,4575,22,2,20,0.09090909090909091,0.0425531914893617,0.0004371584699453552,0.0425531914893617,0.0425531914893617,0.00425531914893617,235000.0,20,20,0.0,239.0,244.0,239.0
100,1 event,bonferroni,0.2,0,4631,4576,23,3,20,0.13043478260869565,0.06382978723404255,0.0006555944055944056,0.06382978723404255,0.06382978723404255,0.006382978723404255,156666.66666666666,20,20,0.0,219.0,244.0,219.0
100,2 events,LORD++,1e-05,5,4700,4250,0,0,0,0.0,0.0,0.0,0.0,0.0,0.0,inf,20,0,1.0,,,2175.5
100,2 events,LORD++,0.0001,5,4655,4435,15,0,15,0.0,0.0,0.0,0.0,0.0,0.0,inf,20,15,0.25,720.3333333333334,548.0,1025.5
100,2 events,LORD++,0.001,5,4643,4545,19,0,19,0.0,0.0,0.0,0.0,0.0,0.0,inf,20,19,0.050000000000000044,384.57894736842104,348.0,415.5
100,2 events,LORD++,0.01,5,4643,4556,19,0,19,0.0,0.0,0.0,0.0,0.0,0.0,inf,20,19,0.050000000000000044,326.6842105263158,348.0,360.5
100,2 events,LORD++,0.05,5,4640,4572,20,0,20,0.0,0.0,0.0,0.0,0.0,0.0,inf,20,20,0.0,265.5,248.0,265.5
100,2 events,LORD++,0.1,5,4637,4570,21,1,20,0.047619047619047616,0.002127659574468085,0.0002188183807439825,0.02127659574468085,0.02127659574468085,0.002127659574468085,470000.0,20,20,0.0,260.5,248.0,260.5
100,2 events,LORD++,0.2,5,4628,4565,24,4,20,0.16666666666666666,0.01332473672899205,0.0008762322015334064,0.0851063829787234,0.06382978723404255,0.00851063829787234,117500.0,20,20,0.0,240.5,248.0,240.5
100,2 events,uncorrected,1e-05,5,4643,4558,19,0,19,0.0,0.0,0.0,0.0,0.0,0.0,inf,20,19,0.050000000000000044,316.1578947368421,303.0,350.5
100,2 events,uncorrected,0.0001,5,4640,4572,20,0,20,0.0,0.0,0.0,0.0,0.0,0.0,inf,20,20,0.0,265.5,248.0,265.5
100,2 events,uncorrected,0.001,5,4631,4577,23,3,20,0.13043478260869565,0.0425531914893617,0.0006554511688879179,0.06382978723404255,0.0425531914893617,0.006382978723404255,156666.66666666666,20,20,0.0,195.5,203.0,195.5
100,2 events,uncorrected,0.01,5,4577,4535,41,21,20,0.5121951219512195,0.2796352583586626,0.004630650496141125,0.44680851063829785,0.2978723404255319,0.04468085106382979,22380.95238095238,20,20,0.0,135.5,148.0,135.5
100,2 events,uncorrected,0.05,5,4388,4349,104,84,20,0.8076923076923077,0.6236406619385343,0.019314785008047827,1.7872340425531914,0.6808510638297872,0.17872340425531916,5595.238095238095,20,20,0.0,135.5,148.0,135.5
100,2 events,uncorrected,0.1,5,4253,4217,150,130,20,0.8666666666666667,0.7395067698259188,0.030827602561062366,2.765957446808511,0.8085106382978723,0.2765957446808511,3615.3846153846152,20,20,0.0,120.5,103.0,120.5
100,2 events,uncorrected,0.2,5,4001,3970,238,218,20,0.9159663865546218,0.961870989530564,0.05491183879093199,4.638297872340425,1.0,0.46382978723404256,2155.9633027522937,20,20,0.0,90.5,103.0,90.5
100,2 events,bh_window,1e-05,5,4658,4445,14,0,14,0.0,0.0,0.0,0.0,0.0,0.0,inf,20,14,0.30000000000000004,650.1428571428571,503.0,990.5
100,2 events,bh_window,0.0001,5,4643,4548,19,0,19,0.0,0.0,0.0,0.0,0.0,0.0,inf,20,19,0.050000000000000044,368.7894736842105,348.0,400.5
100,2 events,bh_window,0.001,5,4643,4565,19,0,19,0.0,0.0,0.0,0.0,0.0,0.0,inf,20,19,0.050000000000000044,279.3157894736842,248.0,315.5
100,2 events,bh_window,0.01,5,4640,4582,20,0,20,0.0,0.0,0.0,0.0,0.0,0.0,inf,20,20,0.0,215.5,203.0,215.5
100,2 events,bh_window,0.05,5,4619,4570,27,7,20,0.25925925925925924,0.030141843971631204,0.0015317286652078775,0.14893617021276595,0.06382978723404255,0.014893617021276596,67142.85714285714,20,20,0.0,170.5,148.0,170.5
100,2 events,bh_window,0.1,5,4613,4566,29,9,20,0.3103448275862069,0.05106382978723404,0.0019710906701708277,0.19148936170212766,0.06382978723404255,0.019148936170212766,52222.22222222222,20,20,0.0,160.5,148.0,160.5
100,2 events,bh_window,0.2,5,4535,4489,55,35,20,0.6363636363636364,0.052782324058919805,0.007796836711962575,0.7446808510638298,0.0851063829787234,0.07446808510638298,13428.57142857143,20,20,0.0,155.5,148.0,155.5
100,2 events,storey_bh,1e-05,5,4654,4513,16,0,16,0.0,0.0,0.0,0.0,0.0,0.0,inf,20,16,0.19999999999999996,390.8125,348.0,630.5
100,2 events,storey_bh,0.0001,5,4643,4557,19,0,19,0.0,0.0,0.0,0.0,0.0,0.0,inf,20,19,0.050000000000000044,321.42105263157896,303.0,355.5
100,2 events,storey_bh,0.001,5,4643,4571,19,0,19,0.0,0.0,0.0,0.0,0.0,0.0,inf,20,19,0.050000000000000044,247.73684210526315,248.0,285.5
100,2 events,storey_bh,0.01,5,4628,4576,24,4,20,0.16666666666666666,0.02618657937806874,0.0008741258741258741,0.0851063829787234,0.0425531914893617,0.00851063829787234,117500.0,20,20,0.0,185.5,148.0,185.5
100,2 events,storey_bh,0.05,5,4472,4429,76,56,20,0.7368421052631579,0.05186170212765957,0.012643937683449989,1.1914893617021276,0.06382978723404255,0.11914893617021277,8392.857142857143,20,20,0.0,155.5,148.0,155.5
100,2 events,storey_bh,0.1,5,4346,4307,118,98,20,0.8305084745762712,0.07210401891252954,0.02275365683770606,2.0851063829787235,0.10638297872340426,0.20851063829787234,4795.918367346939,20,20,0.0,150.5,148.0,150.5
100,2 events,storey_bh,0.2,5,4319,4271,127,107,20,0.84251968503937,0.06619385342789598,0.0250526808709904,2.276595744680851,0.0851063829787234,0.2276595744680851,4392.523364485981,20,20,0.0,165.5,148.0,165.5
100,2 events,BatchBH,1e-05,5,4691,4295,4,0,4,0.0,0.0,0.0,0.0,0.0,0.0,inf,20,4,0.8,1411.75,1148.0,1905.5
100,2 events,BatchBH,0.0001,5,4673,4396,9,0,9,0.0,0.0,0.0,0.0,0.0,0.0,inf,20,9,0.55,1165.2222222222222,548.0,1310.5
100,2 events,BatchBH,0.001,5,4661,4444,13,0,13,0.0,0.0,0.0,0.0,0.0,0.0,inf,20,13,0.35,653.7692307692307,503.0,1010.5
100,2 events,BatchBH,0.01,5,4643,4549,19,0,19,0.0,0.0,0.0,0.0,0.0,0.0,inf,20,19,0.050000000000000044,363.5263157894737,348.0,395.5
100,2 events,BatchBH,0.05,5,4643,4562,19,0,19,0.0,0.0,0.0,0.0,0.0,0.0,inf,20,19,0.050000000000000044,295.10526315789474,303.0,330.5
100,2 events,BatchBH,0.1,5,4643,4568,19,0,19,0.0,0.0,0.0,0.0,0.0,0.0,inf,20,19,0.050000000000000044,263.5263157894737,248.0,300.5
100,2 events,BatchBH,0.2,5,4643,4571,19,0,19,0.0,0.0,0.0,0.0,0.0,0.0,inf,20,19,0.050000000000000044,247.73684210526315,248.0,285.5
100,2 events,bonferroni,1e-05,5,4660,4434,14,0,14,0.0,0.0,0.0,0.0,0.0,0.0,inf,20,14,0.30000000000000004,743.0,525.5,1055.5
100,2 events,bonferroni,0.0001,5,4643,4540,19,0,19,0.0,0.0,0.0,0.0,0.0,0.0,inf,20,19,0.050000000000000044,410.89473684210526,348.0,440.5
100,2 events,bonferroni,0.001,5,4643,4558,19,0,19,0.0,0.0,0.0,0.0,0.0,0.0,inf,20,19,0.050000000000000044,316.1578947368421,303.0,350.5
100,2 events,bonferroni,0.01,5,4640,4572,20,0,20,0.0,0.0,0.0,0.0,0.0,0.0,inf,20,20,0.0,265.5,248.0,265.5
100,2 events,bonferroni,0.05,5,4634,4578,22,2,20,0.09090909090909091,0.0425531914893617,0.00043687199650502403,0.0425531914893617,0.0425531914893617,0.00425531914893617,235000.0,20,20,0.0,205.5,203.0,205.5
100,2 events,bonferroni,0.1,5,4631,4577,23,3,20,0.13043478260869565,0.0425531914893617,0.0006554511688879179,0.06382978723404255,0.0425531914893617,0.006382978723404255,156666.66666666666,20,20,0.0,195.5,203.0,195.5
100,2 events,bonferroni,0.2,5,4622,4571,26,6,20,0.23076923076923078,0.11702127659574468,0.0013126230584117262,0.1276595744680851,0.1276595744680851,0.01276595744680851,78333.33333333333,20,20,0.0,180.5,148.0,180.5
100,1 event,LORD++,1e-05,1,4658,4419,14,0,14,0.0,0.0,0.0,0.0,0.0,0.0,inf,20,14,0.30000000000000004,409.2857142857143,445.0,1140.0
100,1 event,LORD++,0.0001,1,4640,4547,20,0,20,0.0,0.0,0.0,0.0,0.0,0.0,inf,20,20,0.0,410.0,345.0,410.0
100,1 event,LORD++,0.001,1,4640,4563,20,0,20,0.0,0.0,0.0,0.0,0.0,0.0,inf,20,20,0.0,330.0,345.0,330.0
100,1 event,LORD++,0.01,1,4640,4570,20,0,20,0.0,0.0,0.0,0.0,0.0,0.0,inf,20,20,0.0,295.0,295.0,295.0
100,1 event,LORD++,0.05,1,4640,4578,20,0,20,0.0,0.0,0.0,0.0,0.0,0.0,inf,20,20,0.0,255.0,245.0,255.0
100,1 event,LORD++,0.1,1,4634,4580,22,2,20,0.09090909090909091,0.0026595744680851063,0.0004366812227074236,0.0425531914893617,0.02127659574468085,0.00425531914893617,235000.0,20,20,0.0,215.0,245.0,215.0
100,1 event,LORD++,0.2,1,4619,4568,27,7,20,0.25925925925925924,0.028418390120517778,0.001532399299474606,0.14893617021276595,0.06382978723404255,0.014893617021276596,67142.85714285714,20,20,0.0,200.0,245.0,200.0
100,1 event,uncorrected,1e-05,1,4640,4571,20,0,20,0.0,0.0,0.0,0.0,0.0,0.0,inf,20,20,0.0,290.0,295.0,290.0
100,1 event,uncorrected,0.0001,1,4631,4573,23,3,20,0.13043478260869565,0.0425531914893617,0.000656024491581019,0.06382978723404255,0.0425531914893617,0.006382978723404255,156666.66666666666,20,20,0.0,235.0,245.0,235.0
100,1 event,uncorrected,0.001,1,4604,4555,32,12,20,0.375,0.19148936170212766,0.0026344676180021956,0.2553191489361702,0.19148936170212766,0.02553191489361702,39166.666666666664,20,20,0.0,190.0,145.0,190.0
100,1 event,uncorrected,0.01,1,4502,4464,66,46,20,0.696969696969697,0.40425531914893614,0.010304659498207885,0.9787234042553191,0.40425531914893614,0.09787234042553192,10217.391304347826,20,20,0.0,145.0,145.0,145.0
100,1 event,uncorrected,0.05,1,4322,4286,126,106,20,0.8412698412698413,0.5531914893617021,0.024731684554363042,2.25531914893617,0.5531914893617021,0.225531914893617,4433.962264150943,20,20,0.0,125.0,145.0,125.0
100,1 event,uncorrected,0.1,1,4137,4106,188,168,20,0.8936170212765957,0.7659574468085106,0.040915733073550904,3.574468085106383,0.7659574468085106,0.3574468085106383,2797.6190476190477,20,20,0.0,135.0,145.0,135.0
100,1 event,uncorrected,0.2,1,3842,3814,286,266,20,0.9300699300699301,0.7705167173252279,0.06974305191400104,5.659574468085107,0.8085106382978723,0.5659574468085107,1766.9172932330828,20,20,0.0,150.0,145.0,150.0
100,1 event,bh_window,1e-05,1,4643,4535,19,0,19,0.0,0.0,0.0,0.0,0.0,0.0,inf,20,19,0.050000000000000044,360.7894736842105,345.0,485.0
100,1 event,bh_window,0.0001,1,4640,4567,20,0,20,0.0,0.0,0.0,0.0,0.0,0.0,inf,20,20,0.0,310.0,295.0,310.0
100,1 event,bh_window,0.001,1,4640,4583,20,0,20,0.0,0.0,0.0,0.0,0.0,0.0,inf,20,20,0.0,230.0,245.0,230.0
100,1 event,bh_window,0.01,1,4625,4581,25,5,20,0.2,0.04373522458628841,0.0010914647456887142,0.10638297872340426,0.06382978723404255,0.010638297872340425,94000.0,20,20,0.0,165.0,145.0,165.0
100,1 event,bh_window,0.05,1,4598,4558,34,14,20,0.4117647058823529,0.1287793952967525,0.00307152259763054,0.2978723404255319,0.14893617021276595,0.029787234042553193,33571.42857142857,20,20,0.0,165.0,145.0,165.0
100,1 event,bh_window,0.1,1,4583,4545,39,19,20,0.48717948717948717,0.11820330969267138,0.004180418041804181,0.40425531914893614,0.14893617021276595,0.04042553191489362,24736.842105263157,20,20,0.0,150.0,145.0,150.0
100,1 event,bh_window,0.2,1,4505,4470,65,45,20,0.6923076923076923,0.10638297872340426,0.010067114093959731,0.9574468085106383,0.10638297872340426,0.09574468085106383,10444.444444444445,20,20,0.0,145.0,145.0,145.0
100,1 event,storey_bh,1e-05,1,4640,4555,20,0,20,0.0,0.0,0.0,0.0,0.0,0.0,inf,20,20,0.0,370.0,345.0,370.0
100,1 event,storey_bh,0.0001,1,4640,4573,20,0,20,0.0,0.0,0.0,0.0,0.0,0.0,inf,20,20,0.0,280.0,295.0,280.0
100,1 event,storey_bh,0.001,1,4628,4575,24,4,20,0.16666666666666666,0.0425531914893617,0.0008743169398907104,0.0851063829787234,0.0425531914893617,0.00851063829787234,117500.0,20,20,0.0,210.0,245.0,210.0
100,1 event,storey_bh,0.01,1,4592,4546,36,16,20,0.4444444444444444,0.0851063829787234,0.0035195776506819184,0.3404255319148936,0.0851063829787234,0.03404255319148936,29375.0,20,20,0.0,205.0,145.0,205.0
100,1 event,storey_bh,0.05,1,4412,4378,96,76,20,0.7916666666666666,0.0851063829787234,0.01735952489721334,1.6170212765957446,0.0851063829787234,0.16170212765957448,6184.210526315789,20,20,0.0,210.0,145.0,210.0
100,1 event,storey_bh,0.1,1,4337,4306,121,101,20,0.8347107438016529,0.0425531914893617,0.023455643288434743,2.148936170212766,0.0425531914893617,0.2148936170212766,4653.465346534654,20,20,0.0,145.0,145.0,145.0
100,1 event,storey_bh,0.2,1,4055,4020,215,195,20,0.9069767441860465,0.06382978723404255,0.048507462686567165,4.148936170212766,0.06382978723404255,0.4148936170212766,2410.25641025641,20,20,0.0,150.0,145.0,150.0
100,1 event,BatchBH,1e-05,1,4676,4283,8,0,8,0.0,0.0,0.0,0.0,0.0,0.0,inf,20,8,0.6,507.5,445.0,1910.0
100,1 event,BatchBH,0.0001,1,4661,4395,13,0,13,0.0,0.0,0.0,0.0,0.0,0.0,inf,20,13,0.35,429.61538461538464,445.0,1275.0
100,1 event,BatchBH,0.001,1,4646,4508,18,0,18,0.0,0.0,0.0,0.0,0.0,0.0,inf,20,18,0.09999999999999998,389.44444444444446,445.0,635.0
100,1 event,BatchBH,0.01,1,4640,4558,20,0,20,0.0,0.0,0.0,0.0,0.0,0.0,inf,20,20,0.0,355.0,345.0,355.0
100,1 event,BatchBH,0.05,1,4637,4571,21,1,20,0.047619047619047616,0.02127659574468085,0.0002187705097352877,0.02127659574468085,0.02127659574468085,0.002127659574468085,470000.0,20,20,0.0,275.0,295.0,275.0
100,1 event,BatchBH,0.1,1,4637,4574,21,1,20,0.047619047619047616,0.02127659574468085,0.00021862702229995628,0.02127659574468085,0.02127659574468085,0.002127659574468085,470000.0,20,20,0.0,260.0,245.0,260.0
100,1 event,BatchBH,0.2,1,4637,4576,21,1,20,0.047619047619047616,0.02127659574468085,0.00021853146853146853,0.02127659574468085,0.02127659574468085,0.002127659574468085,470000.0,20,20,0.0,250.0,295.0,250.0
100,1 event,bonferroni,1e-05,1,4646,4488,18,0,18,0.0,0.0,0.0,0.0,0.0,0.0,inf,20,18,0.09999999999999998,500.55555555555554,445.0,735.0
100,1 event,bonferroni,0.0001,1,4640,4556,20,0,20,0.0,0.0,0.0,0.0,0.0,0.0,inf,20,20,0.0,365.0,345.0,365.0
100,1 event,bonferroni,0.001,1,4640,4572,20,0,20,0.0,0.0,0.0,0.0,0.0,0.0,inf,20,20,0.0,285.0,295.0,285.0
100,1 event,bonferroni,0.01,1,4631,4574,23,3,20,0.13043478260869565,0.0425531914893617,0.0006558810668998689,0.06382978723404255,0.0425531914893617,0.006382978723404255,156666.66666666666,20,20,0.0,230.0,245.0,230.0
100,1 event,bonferroni,0.05,1,4613,4563,29,9,20,0.3103448275862069,0.1702127659574468,0.0019723865877712033,0.19148936170212766,0.1702127659574468,0.019148936170212766,52222.22222222222,20,20,0.0,210.0,245.0,210.0
100,1 event,bonferroni,0.1,1,4607,4559,31,11,20,0.3548387096774194,0.19148936170212766,0.002412809826716385,0.23404255319148937,0.19148936170212766,0.023404255319148935,42727.27272727273,20,20,0.0,185.0,145.0,185.0
100,1 event,bonferroni,0.2,1,4592,4527,36,17,19,0.4722222222222222,0.2553191489361702,0.0037552462999779104,0.3617021276595745,0.2553191489361702,0.036170212765957444,27647.058823529413,20,19,0.050000000000000044,171.31578947368422,145.0,305.0
100,1 event,LORD++,1e-05,2,4658,4391,14,0,14,0.0,0.0,0.0,0.0,0.0,0.0,inf,20,14,0.30000000000000004,510.57142857142856,532.0,1267.0
100,1 event,LORD++,0.0001,2,4649,4480,17,0,17,0.0,0.0,0.0,0.0,0.0,0.0,inf,20,17,0.15000000000000002,379.05882352941177,432.0,777.0
100,1 event,LORD++,0.001,2,4643,4537,19,0,19,0.0,0.0,0.0,0.0,0.0,0.0,inf,20,19,0.050000000000000044,326.7368421052632,332.0,462.0
100,1 event,LORD++,0.01,2,4640,4570,20,0,20,0.0,0.0,0.0,0.0,0.0,0.0,inf,20,20,0.0,282.0,282.0,282.0
100,1 event,LORD++,0.05,2,4640,4586,20,0,20,0.0,0.0,0.0,0.0,0.0,0.0,inf,20,20,0.0,202.0,232.0,202.0
100,1 event,LORD++,0.1,2,4640,4587,20,0,20,0.0,0.0,0.0,0.0,0.0,0.0,inf,20,20,0.0,197.0,232.0,197.0
100,1 event,LORD++,0.2,2,4640,4592,20,0,20,0.0,0.0,0.0,0.0,0.0,0.0,inf,20,20,0.0,172.0,132.0,172.0
100,1 event,uncorrected,1e-05,2,4640,4561,20,0,20,0.0,0.0,0.0,0.0,0.0,0.0,inf,20,20,0.0,327.0,332.0,327.0
100,1 event,uncorrected,0.0001,2,4640,4579,20,0,20,0.0,0.0,0.0,0.0,0.0,0.0,inf,20,20,0.0,237.0,232.0,237.0
100,1 event,uncorrected,0.001,2,4634,4584,22,2,20,0.09090909090909091,0.02127659574468085,0.0004363001745200698,0.0425531914893617,0.02127659574468085,0.00425531914893617,235000.0,20,20,0.0,182.0,132.0,182.0
100,1 event,uncorrected,0.01,2,4592,4552,41,21,20,0.5121951219512195,0.23404255319148937,0.00461335676625659,0.44680851063829785,0.23404255319148937,0.04468085106382979,22380.95238095238,20,20,0.0,132.0,132.0,132.0
100,1 event,uncorrected,0.05,2,4456,4417,88,68,20,0.7727272727272727,0.5143385753931545,0.015395064523432193,1.446808510638298,0.5319148936170213,0.14468085106382977,6911.764705882353,20,20,0.0,127.0,132.0,127.0
100,1 event,uncorrected,0.1,2,4328,4293,133,113,20,0.849624060150376,0.7543478260869566,0.02632191940368041,2.404255319148936,0.7872340425531915,0.2404255319148936,4159.29203539823,20,20,0.0,122.0,132.0,122.0
100,1 event,uncorrected,0.2,2,3975,3942,259,239,20,0.9227799227799228,0.8392434988179669,0.060629122272957886,5.085106382978723,0.851063829787234,0.5085106382978724,1966.5271966527196,20,20,0.0,107.0,132.0,107.0
100,1 event,bh_window,1e-05,2,4649,4472,17,0,17,0.0,0.0,0.0,0.0,0.0,0.0,inf,20,17,0.15000000000000002,426.11764705882354,332.0,817.0
100,1 event,bh_window,0.0001,2,4643,4535,19,0,19,0.0,0.0,0.0,0.0,0.0,0.0,inf,20,19,0.050000000000000044,337.2631578947368,332.0,472.0
100,1 event,bh_window,0.001,2,4640,4578,20,0,20,0.0,0.0,0.0,0.0,0.0,0.0,inf,20,20,0.0,242.0,232.0,242.0
100,1 event,bh_window,0.01,2,4640,4594,20,0,20,0.0,0.0,0.0,0.0,0.0,0.0,inf,20,20,0.0,162.0,132.0,162.0
100,1 event,bh_window,0.05,2,4634,4594,22,2,20,0.09090909090909091,0.02127659574468085,0.00043535045711797995,0.0425531914893617,0.02127659574468085,0.00425531914893617,235000.0,20,20,0.0,132.0,132.0,132.0
100,1 event,bh_window,0.1,2,4631,4591,23,3,20,0.13043478260869565,0.022289766970618036,0.000653452406883032,0.06382978723404255,0.0425531914893617,0.006382978723404255,156666.66666666666,20,20,0.0,132.0,132.0,132.0
100,1 event,bh_window,0.2,2,4601,4561,37,17,20,0.4594594594594595,0.10992907801418439,0.0037272527954395965,0.3617021276595745,0.1276595744680851,0.036170212765957444,27647.058823529413,20,20,0.0,132.0,132.0,132.0
100,1 event,storey_bh,1e-05,2,4646,4493,18,0,18,0.0,0.0,0.0,0.0,0.0,0.0,inf,20,18,0.09999999999999998,437.55555555555554,332.0,697.0
100,1 event,storey_bh,0.0001,2,4640,4547,20,0,20,0.0,0.0,0.0,0.0,0.0,0.0,inf,20,20,0.0,397.0,332.0,397.0
100,1 event,storey_bh,0.001,2,4640,4579,20,0,20,0.0,0.0,0.0,0.0,0.0,0.0,inf,20,20,0.0,237.0,232.0,237.0
100,1 event,storey_bh,0.01,2,4634,4592,22,2,20,0.09090909090909091,0.02127659574468085,0.00043554006968641115,0.0425531914893617,0.02127659574468085,0.00425531914893617,235000.0,20,20,0.0,142.0,132.0,142.0
100,1 event,storey_bh,0.05,2,4490,4450,70,50,20,0.7142857142857143,0.022289766970618036,0.011235955056179775,1.0638297872340425,0.0425531914893617,0.10638297872340426,9400.0,20,20,0.0,132.0,132.0,132.0
100,1 event,storey_bh,0.1,2,4514,4474,62,42,20,0.6774193548387096,0.06808510638297872,0.009387572641931158,0.8936170212765957,0.0851063829787234,0.08936170212765958,11190.47619047619,20,20,0.0,132.0,132.0,132.0
100,1 event,storey_bh,0.2,2,4253,4213,185,165,20,0.8918918918918919,0.11583924349881797,0.0391644908616188,3.5106382978723403,0.1276595744680851,0.35106382978723405,2848.4848484848485,20,20,0.0,132.0,132.0,132.0
100,1 event,BatchBH,1e-05,2,4679,4209,7,0,7,0.0,0.0,0.0,0.0,0.0,0.0,inf,20,7,0.65,889.1428571428571,1032.0,2282.0
100,1 event,BatchBH,0.0001,2,4658,4372,14,0,14,0.0,0.0,0.0,0.0,0.0,0.0,inf,20,14,0.30000000000000004,646.2857142857143,532.0,1362.0
100,1 event,BatchBH,0.001,2,4649,4467,17,0,17,0.0,0.0,0.0,0.0,0.0,0.0,inf,20,17,0.15000000000000002,455.52941176470586,432.0,842.0
100,1 event,BatchBH,0.01,2,4640,4536,20,0,20,0.0,0.0,0.0,0.0,0.0,0.0,inf,20,20,0.0,452.0,332.0,452.0
100,1 event,BatchBH,0.05,2,4640,4561,20,0,20,0.0,0.0,0.0,0.0,0.0,0.0,inf,20,20,0.0,327.0,332.0,327.0
100,1 event,BatchBH,0.1,2,4640,4573,20,0,20,0.0,0.0,0.0,0.0,0.0,0.0,inf,20,20,0.0,267.0,232.0,267.0
100,1 event,BatchBH,0.2,2,4640,4577,20,0,20,0.0,0.0,0.0,0.0,0.0,0.0,inf,20,20,0.0,247.0,232.0,247.0
100,1 event,bonferroni,1e-05,2,4652,4427,16,0,16,0.0,0.0,0.0,0.0,0.0,0.0,inf,20,16,0.19999999999999996,563.25,432.0,1057.0
100,1 event,bonferroni,0.0001,2,4643,4519,19,0,19,0.0,0.0,0.0,0.0,0.0,0.0,inf,20,19,0.050000000000000044,421.4736842105263,332.0,552.0
100,1 event,bonferroni,0.001,2,4640,4561,20,0,20,0.0,0.0,0.0,0.0,0.0,0.0,inf,20,20,0.0,327.0,332.0,327.0
100,1 event,bonferroni,0.01,2,4640,4579,20,0,20,0.0,0.0,0.0,0.0,0.0,0.0,inf,20,20,0.0,237.0,232.0,237.0
100,1 event,bonferroni,0.05,2,4634,4581,22,2,20,0.09090909090909091,0.0425531914893617,0.0004365858982754857,0.0425531914893617,0.0425531914893617,0.00425531914893617,235000.0,20,20,0.0,197.0,232.0,197.0
100,1 event,bonferroni,0.1,2,4634,4584,22,2,20,0.09090909090909091,0.02127659574468085,0.0004363001745200698,0.0425531914893617,0.02127659574468085,0.00425531914893617,235000.0,20,20,0.0,182.0,132.0,182.0
100,1 event,bonferroni,0.2,2,4631,4588,23,3,20,0.13043478260869565,0.06382978723404255,0.0006538796861377507,0.06382978723404255,0.06382978723404255,0.006382978723404255,156666.66666666666,20,20,0.0,147.0,132.0,147.0
100,1 event,LORD++,1e-05,3,4689,4145,4,0,4,0.0,0.0,0.0,0.0,0.0,0.0,inf,20,4,0.8,2369.0,2469.0,2689.0
100,1 event,LORD++,0.0001,3,4673,4303,9,0,9,0.0,0.0,0.0,0.0,0.0,0.0,inf,20,9,0.55,657.8888888888889,669.0,1819.0
100,1 event,LORD++,0.001,3,4658,4426,14,0,14,0.0,0.0,0.0,0.0,0.0,0.0,inf,20,14,0.30000000000000004,426.14285714285717,469.0,1129.0
100,1 event,LORD++,0.01,3,4646,4514,18,0,18,0.0,0.0,0.0,0.0,0.0,0.0,inf,20,18,0.09999999999999998,391.22222222222223,369.0,629.0
100,1 event,LORD++,0.05,3,4643,4549,19,0,19,0.0,0.0,0.0,0.0,0.0,0.0,inf,20,19,0.050000000000000044,316.36842105263156,269.0,439.0
100,1 event,LORD++,0.1,3,4643,4561,19,0,19,0.0,0.0,0.0,0.0,0.0,0.0,inf,20,19,0.050000000000000044,253.21052631578948,269.0,379.0
100,1 event,LORD++,0.2,3,4643,4562,19,0,19,0.0,0.0,0.0,0.0,0.0,0.0,inf,20,19,0.050000000000000044,247.94736842105263,269.0,374.0
100,1 event,uncorrected,1e-05,3,4649,4487,17,0,17,0.0,0.0,0.0,0.0,0.0,0.0,inf,20,17,0.15000000000000002,427.8235294117647,369.0,779.0
100,1 event,uncorrected,0.0001,3,4643,4543,19,0,19,0.0,0.0,0.0,0.0,0.0,0.0,inf,20,19,0.050000000000000044,347.94736842105266,269.0,469.0
100,1 event,uncorrected,0.001,3,4640,4583,20,0,20,0.0,0.0,0.0,0.0,0.0,0.0,inf,20,20,0.0,254.0,269.0,254.0
100,1 event,uncorrected,0.01,3,4618,4577,28,8,20,0.2857142857142857,0.1702127659574468,0.0017478697837011142,0.1702127659574468,0.1702127659574468,0.01702127659574468,58750.0,20,20,0.0,174.0,169.0,174.0
100,1 event,uncorrected,0.05,3,4559,4527,47,27,20,0.574468085106383,0.36406619385342787,0.005964214711729622,0.574468085106383,0.3829787234042553,0.0574468085106383,17407.40740740741,20,20,0.0,129.0,169.0,129.0
100,1 event,uncorrected,0.1,3,4436,4410,90,70,20,0.7777777777777778,0.5831067029275316,0.015873015873015872,1.4893617021276595,0.6170212765957447,0.14893617021276595,6714.285714285715,20,20,0.0,99.0,69.0,99.0
100,1 event,uncorrected,0.2,3,4149,4127,187,167,20,0.893048128342246,0.7601547388781431,0.04046522897988854,3.5531914893617023,0.7872340425531915,0.3553191489361702,2814.37125748503,20,20,0.0,94.0,69.0,94.0
100,1 event,bh_window,1e-05,3,4673,4302,9,0,9,0.0,0.0,0.0,0.0,0.0,0.0,inf,20,9,0.55,669.0,569.0,1824.0
100,1 event,bh_window,0.0001,3,4655,4439,15,0,15,0.0,0.0,0.0,0.0,0.0,0.0,inf,20,15,0.25,475.6666666666667,369.0,1049.0
100,1 event,bh_window,0.001,3,4643,4527,19,0,19,0.0,0.0,0.0,0.0,0.0,0.0,inf,20,19,0.050000000000000044,432.1578947368421,369.0,549.0
100,1 event,bh_window,0.01,3,4643,4560,19,0,19,0.0,0.0,0.0,0.0,0.0,0.0,inf,20,19,0.050000000000000044,258.4736842105263,269.0,384.0
100,1 event,bh_window,0.05,3,4640,4594,20,0,20,0.0,0.0,0.0,0.0,0.0,0.0,inf,20,20,0.0,199.0,169.0,199.0
100,1 event,bh_window,0.1,3,4640,4602,20,0,20,0.0,0.0,0.0,0.0,0.0,0.0,inf,20,20,0.0,159.0,169.0,159.0
100,1 event,bh_window,0.2,3,4634,4596,22,2,20,0.09090909090909091,0.002127659574468085,0.0004351610095735422,0.0425531914893617,0.02127659574468085,0.00425531914893617,235000.0,20,20,0.0,159.0,169.0,159.0
100,1 event,storey_bh,1e-05,3,4670,4316,10,0,10,0.0,0.0,0.0,0.0,0.0,0.0,inf,20,10,0.5,709.0,769.0,1739.0
100,1 event,storey_bh,0.0001,3,4655,4434,15,0,15,0.0,0.0,0.0,0.0,0.0,0.0,inf,20,15,0.25,509.0,469.0,1074.0
100,1 event,storey_bh,0.001,3,4643,4523,19,0,19,0.0,0.0,0.0,0.0,0.0,0.0,inf,20,19,0.050000000000000044,453.2105263157895,369.0,569.0
100,1 event,storey_bh,0.01,3,4643,4559,19,0,19,0.0,0.0,0.0,0.0,0.0,0.0,inf,20,19,0.050000000000000044,263.7368421052632,269.0,389.0
100,1 event,storey_bh,0.05,3,4640,4592,20,0,20,0.0,0.0,0.0,0.0,0.0,0.0,inf,20,20,0.0,209.0,169.0,209.0
100,1 event,storey_bh,0.1,3,4640,4602,20,0,20,0.0,0.0,0.0,0.0,0.0,0.0,inf,20,20,0.0,159.0,169.0,159.0
100,1 event,storey_bh,0.2,3,4628,4593,24,4,20,0.16666666666666666,0.0425531914893617,0.0008708904855214457,0.0851063829787234,0.0425531914893617,0.00851063829787234,117500.0,20,20,0.0,144.0,169.0,144.0
100,1 event,BatchBH,1e-05,3,4694,4174,2,0,2,0.0,0.0,0.0,0.0,0.0,0.0,inf,20,2,0.9,769.0,769.0,2569.0
100,1 event,BatchBH,0.0001,3,4687,4214,5,0,5,0.0,0.0,0.0,0.0,0.0,0.0,inf,20,5,0.75,1029.0,769.0,2334.0
100,1 event,BatchBH,0.001,3,4673,4296,9,0,9,0.0,0.0,0.0,0.0,0.0,0.0,inf,20,9,0.55,735.6666666666666,769.0,1854.0
100,1 event,BatchBH,0.01,3,4655,4431,16,0,16,0.0,0.0,0.0,0.0,0.0,0.0,inf,20,16,0.19999999999999996,669.0,469.0,1089.0
100,1 event,BatchBH,0.05,3,4643,4520,19,0,19,0.0,0.0,0.0,0.0,0.0,0.0,inf,20,19,0.050000000000000044,469.0,369.0,584.0
100,1 event,BatchBH,0.1,3,4643,4523,19,0,19,0.0,0.0,0.0,0.0,0.0,0.0,inf,20,19,0.050000000000000044,453.2105263157895,369.0,569.0
100,1 event,BatchBH,0.2,3,4643,4530,19,0,19,0.0,0.0,0.0,0.0,0.0,0.0,inf,20,19,0.050000000000000044,416.36842105263156,369.0,534.0
100,1 event,bonferroni,1e-05,3,4673,4295,9,0,9,0.0,0.0,0.0,0.0,0.0,0.0,inf,20,9,0.55,746.7777777777778,769.0,1859.0
100,1 event,bonferroni,0.0001,3,4658,4380,14,0,14,0.0,0.0,0.0,0.0,0.0,0.0,inf,20,14,0.30000000000000004,754.7142857142857,619.0,1359.0
100,1 event,bonferroni,0.001,3,4649,4488,17,0,17,0.0,0.0,0.0,0.0,0.0,0.0,inf,20,17,0.15000000000000002,421.94117647058823,369.0,774.0
100,1 event,bonferroni,0.01,3,4643,4544,19,0,19,0.0,0.0,0.0,0.0,0.0,0.0,inf,20,19,0.050000000000000044,342.6842105263158,269.0,464.0
100,1 event,bonferroni,0.05,3,4640,4579,20,0,20,0.0,0.0,0.0,0.0,0.0,0.0,inf,20,20,0.0,274.0,269.0,274.0
100,1 event,bonferroni,0.1,3,4640,4583,20,0,20,0.0,0.0,0.0,0.0,0.0,0.0,inf,20,20,0.0,254.0,269.0,254.0
100,1 event,bonferroni,0.2,3,4640,4589,20,0,20,0.0,0.0,0.0,0.0,0.0,0.0,inf,20,20,0.0,224.0,169.0,224.0
100,1 event,LORD++,1e-05,4,4679,4327,7,0,7,0.0,0.0,0.0,0.0,0.0,0.0,inf,20,7,0.65,1292.2857142857142,1278.0,1738.0
100,1 event,LORD++,0.0001,4,4652,4374,16,0,16,0.0,0.0,0.0,0.0,0.0,0.0,inf,20,16,0.19999999999999996,1215.5,1178.0,1368.0
100,1 event,LORD++,0.001,4,4646,4481,18,0,18,0.0,0.0,0.0,0.0,0.0,0.0,inf,20,18,0.09999999999999998,672.4444444444445,678.0,803.0
100,1 event,LORD++,0.01,4,4640,4539,20,0,20,0.0,0.0,0.0,0.0,0.0,0.0,inf,20,20,0.0,483.0,478.0,483.0
100,1 event,LORD++,0.05,4,4640,4558,20,0,20,0.0,0.0,0.0,0.0,0.0,0.0,inf,20,20,0.0,388.0,378.0,388.0
100,1 event,LORD++,0.1,4,4640,4573,20,0,20,0.0,0.0,0.0,0.0,0.0,0.0,inf,20,20,0.0,313.0,278.0,313.0
100,1 event,LORD++,0.2,4,4640,4573,20,0,20,0.0,0.0,0.0,0.0,0.0,0.0,inf,20,20,0.0,313.0,278.0,313.0
100,1 event,uncorrected,1e-05,4,4643,4538,19,0,19,0.0,0.0,0.0,0.0,0.0,0.0,inf,20,19,0.050000000000000044,425.36842105263156,378.0,503.0
100,1 event,uncorrected,0.0001,4,4640,4575,20,0,20,0.0,0.0,0.0,0.0,0.0,0.0,inf,20,20,0.0,303.0,278.0,303.0
100,1 event,uncorrected,0.001,4,4640,4586,20,0,20,0.0,0.0,0.0,0.0,0.0,0.0,inf,20,20,0.0,248.0,278.0,248.0
100,1 event,uncorrected,0.01,4,4621,4580,27,7,20,0.25925925925925924,0.1276595744680851,0.0015283842794759825,0.14893617021276595,0.1276595744680851,0.014893617021276596,67142.85714285714,20,20,0.0,183.0,178.0,183.0
100,1 event,uncorrected,0.05,4,4530,4495,58,38,20,0.6551724137931034,0.46808510638297873,0.008453837597330366,0.8085106382978723,0.46808510638297873,0.08085106382978724,12368.421052631578,20,20,0.0,153.0,178.0,153.0
100,1 event,uncorrected,0.1,4,4429,4397,92,72,20,0.782608695652174,0.5319148936170213,0.016374801000682282,1.5319148936170213,0.5319148936170213,0.15319148936170213,6527.777777777777,20,20,0.0,138.0,178.0,138.0
100,1 event,uncorrected,0.2,4,4051,4025,220,200,20,0.9090909090909091,0.8385160938352427,0.049689440993788817,4.25531914893617,0.8723404255319149,0.425531914893617,2350.0,20,20,0.0,128.0,78.0,128.0
100,1 event,bh_window,1e-05,4,4651,4489,17,0,17,0.0,0.0,0.0,0.0,0.0,0.0,inf,20,17,0.15000000000000002,578.0,478.0,788.0
100,1 event,bh_window,0.0001,4,4646,4532,18,0,18,0.0,0.0,0.0,0.0,0.0,0.0,inf,20,18,0.09999999999999998,389.1111111111111,378.0,548.0
100,1 event,bh_window,0.001,4,4643,4549,19,0,19,0.0,0.0,0.0,0.0,0.0,0.0,inf,20,19,0.050000000000000044,367.4736842105263,278.0,448.0
100,1 event,bh_window,0.01,4,4640,4585,20,0,20,0.0,0.0,0.0,0.0,0.0,0.0,inf,20,20,0.0,253.0,278.0,253.0
100,1 event,bh_window,0.05,4,4640,4597,20,0,20,0.0,0.0,0.0,0.0,0.0,0.0,inf,20,20,0.0,193.0,178.0,193.0
100,1 event,bh_window,0.1,4,4640,4599,20,0,20,0.0,0.0,0.0,0.0,0.0,0.0,inf,20,20,0.0,183.0,178.0,183.0
100,1 event,bh_window,0.2,4,4634,4594,22,2,20,0.09090909090909091,0.02127659574468085,0.00043535045711797995,0.0425531914893617,0.02127659574468085,0.00425531914893617,235000.0,20,20,0.0,178.0,178.0,178.0
100,1 event,storey_bh,1e-05,4,4649,4495,17,0,17,0.0,0.0,0.0,0.0,0.0,0.0,inf,20,17,0.15000000000000002,530.9411764705883,478.0,748.0
100,1 event,storey_bh,0.0001,4,4646,4531,18,0,18,0.0,0.0,0.0,0.0,0.0,0.0,inf,20,18,0.09999999999999998,394.6666666666667,378.0,553.0
100,1 event,storey_bh,0.001,4,4640,4567,20,0,20,0.0,0.0,0.0,0.0,0.0,0.0,inf,20,20,0.0,343.0,278.0,343.0
100,1 event,storey_bh,0.01,4,4640,4585,20,0,20,0.0,0.0,0.0,0.0,0.0,0.0,inf,20,20,0.0,253.0,278.0,253.0
100,1 event,storey_bh,0.05,4,4640,4597,20,0,20,0.0,0.0,0.0,0.0,0.0,0.0,inf,20,20,0.0,193.0,178.0,193.0
100,1 event,storey_bh,0.1,4,4640,4599,20,0,20,0.0,0.0,0.0,0.0,0.0,0.0,inf,20,20,0.0,183.0,178.0,183.0
100,1 event,storey_bh,0.2,4,4634,4594,22,2,20,0.09090909090909091,0.02127659574468085,0.00043535045711797995,0.0425531914893617,0.02127659574468085,0.00425531914893617,235000.0,20,20,0.0,178.0,178.0,178.0
100,1 event,BatchBH,1e-05,4,4697,4304,1,0,1,0.0,0.0,0.0,0.0,0.0,0.0,inf,20,1,0.95,1278.0,1278.0,1943.0
100,1 event,BatchBH,0.0001,4,4688,4324,4,0,4,0.0,0.0,0.0,0.0,0.0,0.0,inf,20,4,0.8,1078.0,1078.0,1798.0
100,1 event,BatchBH,0.001,4,4661,4396,15,0,15,0.0,0.0,0.0,0.0,0.0,0.0,inf,20,15,0.25,1078.0,1078.0,1303.0
100,1 event,BatchBH,0.01,4,4646,4519,18,0,18,0.0,0.0,0.0,0.0,0.0,0.0,inf,20,18,0.09999999999999998,461.3333333333333,378.0,613.0
100,1 event,BatchBH,0.05,4,4643,4532,19,0,19,0.0,0.0,0.0,0.0,0.0,0.0,inf,20,19,0.050000000000000044,456.94736842105266,378.0,533.0
100,1 event,BatchBH,0.1,4,4643,4535,19,0,19,0.0,0.0,0.0,0.0,0.0,0.0,inf,20,19,0.050000000000000044,441.1578947368421,378.0,518.0
100,1 event,BatchBH,0.2,4,4640,4554,20,0,20,0.0,0.0,0.0,0.0,0.0,0.0,inf,20,20,0.0,408.0,278.0,408.0
100,1 event,bonferroni,1e-05,4,4668,4389,12,0,12,0.0,0.0,0.0,0.0,0.0,0.0,inf,20,12,0.4,969.6666666666666,928.0,1373.0
100,1 event,bonferroni,0.0001,4,4646,4518,18,0,18,0.0,0.0,0.0,0.0,0.0,0.0,inf,20,18,0.09999999999999998,466.8888888888889,478.0,618.0
100,1 event,bonferroni,0.001,4,4643,4539,19,0,19,0.0,0.0,0.0,0.0,0.0,0.0,inf,20,19,0.050000000000000044,420.10526315789474,378.0,498.0
100,1 event,bonferroni,0.01,4,4640,4575,20,0,20,0.0,0.0,0.0,0.0,0.0,0.0,inf,20,20,0.0,303.0,278.0,303.0
100,1 event,bonferroni,0.05,4,4640,4582,20,0,20,0.0,0.0,0.0,0.0,0.0,0.0,inf,20,20,0.0,268.0,278.0,268.0
100,1 event,bonferroni,0.1,4,4640,4586,20,0,20,0.0,0.0,0.0,0.0,0.0,0.0,inf,20,20,0.0,248.0,278.0,248.0
100,1 event,bonferroni,0.2,4,4640,4592,20,0,20,0.0,0.0,0.0,0.0,0.0,0.0,inf,20,20,0.0,218.0,178.0,218.0
100,1 event,LORD++,1e-05,5,4673,4259,9,0,9,0.0,0.0,0.0,0.0,0.0,0.0,inf,20,9,0.55,392.44444444444446,348.0,2018.0
100,1 event,LORD++,0.0001,5,4652,4442,16,0,16,0.0,0.0,0.0,0.0,0.0,0.0,inf,20,16,0.19999999999999996,410.5,448.0,998.0
100,1 event,LORD++,0.001,5,4649,4487,17,0,17,0.0,0.0,0.0,0.0,0.0,0.0,inf,20,17,0.15000000000000002,300.94117647058823,348.0,758.0
100,1 event,LORD++,0.01,5,4640,4571,20,0,20,0.0,0.0,0.0,0.0,0.0,0.0,inf,20,20,0.0,293.0,248.0,293.0
100,1 event,LORD++,0.05,5,4640,4583,20,0,20,0.0,0.0,0.0,0.0,0.0,0.0,inf,20,20,0.0,233.0,248.0,233.0
100,1 event,LORD++,0.1,5,4637,4581,21,1,20,0.047619047619047616,0.0012515644555694619,0.00021829294913774285,0.02127659574468085,0.02127659574468085,0.002127659574468085,470000.0,20,20,0.0,228.0,248.0,228.0
100,1 event,LORD++,0.2,5,4631,4575,23,3,20,0.13043478260869565,0.0033594624860022394,0.0006557377049180328,0.06382978723404255,0.02127659574468085,0.006382978723404255,156666.66666666666,20,20,0.0,228.0,248.0,228.0
100,1 event,uncorrected,1e-05,5,4643,4540,19,0,19,0.0,0.0,0.0,0.0,0.0,0.0,inf,20,19,0.050000000000000044,311.1578947368421,248.0,463.0
100,1 event,uncorrected,0.0001,5,4640,4584,20,0,20,0.0,0.0,0.0,0.0,0.0,0.0,inf,20,20,0.0,228.0,248.0,228.0
100,1 event,uncorrected,0.001,5,4634,4588,22,2,20,0.09090909090909091,0.02127659574468085,0.00043591979075850045,0.0425531914893617,0.02127659574468085,0.00425531914893617,235000.0,20,20,0.0,178.0,148.0,178.0
100,1 event,uncorrected,0.01,5,4579,4543,41,21,20,0.5121951219512195,0.25657071339173965,0.004622496147919877,0.44680851063829785,0.2765957446808511,0.04468085106382979,22380.95238095238,20,20,0.0,128.0,148.0,128.0
100,1 event,uncorrected,0.05,5,4387,4355,105,85,20,0.8095238095238095,0.6758501545735588,0.01951779563719862,1.8085106382978724,0.723404255319149,0.18085106382978725,5529.411764705882,20,20,0.0,113.0,148.0,113.0
100,1 event,uncorrected,0.1,5,4239,4215,155,135,20,0.8709677419354839,0.7763275522975147,0.03202846975088968,2.872340425531915,0.8085106382978723,0.2872340425531915,3481.4814814814813,20,20,0.0,68.0,48.0,68.0
100,1 event,uncorrected,0.2,5,3988,3967,241,221,20,0.91701244813278,0.956433637284701,0.05570960423493824,4.702127659574468,0.9787234042553191,0.4702127659574468,2126.6968325791854,20,20,0.0,53.0,48.0,53.0
100,1 event,bh_window,1e-05,5,4649,4460,17,0,17,0.0,0.0,0.0,0.0,0.0,0.0,inf,20,17,0.15000000000000002,459.7647058823529,348.0,893.0
100,1 event,bh_window,0.0001,5,4643,4510,19,0,19,0.0,0.0,0.0,0.0,0.0,0.0,inf,20,19,0.050000000000000044,469.05263157894734,248.0,613.0
100,1 event,bh_window,0.001,5,4643,4552,19,0,19,0.0,0.0,0.0,0.0,0.0,0.0,inf,20,19,0.050000000000000044,248.0,248.0,403.0
100,1 event,bh_window,0.01,5,4640,4593,20,0,20,0.0,0.0,0.0,0.0,0.0,0.0,inf,20,20,0.0,183.0,148.0,183.0
100,1 event,bh_window,0.05,5,4622,4584,26,6,20,0.23076923076923078,0.02514506769825919,0.0013089005235602095,0.1276595744680851,0.0425531914893617,0.01276595744680851,78333.33333333333,20,20,0.0,138.0,148.0,138.0
100,1 event,bh_window,0.1,5,4613,4577,29,9,20,0.3103448275862069,0.02775208140610546,0.0019663535066637536,0.19148936170212766,0.0425531914893617,0.019148936170212766,52222.22222222222,20,20,0.0,128.0,148.0,128.0
100,1 event,bh_window,0.2,5,4532,4496,56,36,20,0.6428571428571429,0.05187436676798379,0.00800711743772242,0.7659574468085106,0.0851063829787234,0.07659574468085106,13055.555555555555,20,20,0.0,128.0,148.0,128.0
100,1 event,storey_bh,1e-05,5,4646,4478,18,0,18,0.0,0.0,0.0,0.0,0.0,0.0,inf,20,18,0.09999999999999998,503.55555555555554,348.0,788.0
100,1 event,storey_bh,0.0001,5,4643,4523,19,0,19,0.0,0.0,0.0,0.0,0.0,0.0,inf,20,19,0.050000000000000044,400.63157894736844,248.0,548.0
100,1 event,storey_bh,0.001,5,4640,4566,20,0,20,0.0,0.0,0.0,0.0,0.0,0.0,inf,20,20,0.0,318.0,248.0,318.0
100,1 event,storey_bh,0.01,5,4634,4596,22,2,20,0.09090909090909091,0.022396416573348264,0.0004351610095735422,0.0425531914893617,0.0425531914893617,0.00425531914893617,235000.0,20,20,0.0,138.0,148.0,138.0
100,1 event,storey_bh,0.05,5,4433,4397,89,69,20,0.7752808988764045,0.04964539007092199,0.015692517625653855,1.4680851063829787,0.06382978723404255,0.14680851063829786,6811.594202898551,20,20,0.0,128.0,148.0,128.0
100,1 event,storey_bh,0.1,5,4367,4327,111,91,20,0.8198198198198198,0.07043286867204696,0.02103073723133811,1.9361702127659575,0.0851063829787234,0.19361702127659575,5164.8351648351645,20,20,0.0,148.0,148.0,148.0
100,1 event,storey_bh,0.2,5,4313,4273,129,109,20,0.8449612403100775,0.04609929078014185,0.025509010063187457,2.3191489361702127,0.06382978723404255,0.23191489361702128,4311.926605504587,20,20,0.0,148.0,148.0,148.0
100,1 event,BatchBH,1e-05,5,4682,4174,6,0,6,0.0,0.0,0.0,0.0,0.0,0.0,inf,20,6,0.7,481.3333333333333,498.0,2488.0
100,1 event,BatchBH,0.0001,5,4667,4249,11,0,11,0.0,0.0,0.0,0.0,0.0,0.0,inf,20,11,0.44999999999999996,966.1818181818181,348.0,2038.0
100,1 event,BatchBH,0.001,5,4649,4427,17,0,17,0.0,0.0,0.0,0.0,0.0,0.0,inf,20,17,0.15000000000000002,653.8823529411765,348.0,1058.0
100,1 event,BatchBH,0.01,5,4643,4517,19,0,19,0.0,0.0,0.0,0.0,0.0,0.0,inf,20,19,0.050000000000000044,432.2105263157895,348.0,578.0
100,1 event,BatchBH,0.05,5,4643,4547,19,0,19,0.0,0.0,0.0,0.0,0.0,0.0,inf,20,19,0.050000000000000044,274.3157894736842,248.0,428.0
100,1 event,BatchBH,0.1,5,4640,4567,20,0,20,0.0,0.0,0.0,0.0,0.0,0.0,inf,20,20,0.0,313.0,248.0,313.0
100,1 event,BatchBH,0.2,5,4640,4580,20,0,20,0.0,0.0,0.0,0.0,0.0,0.0,inf,20,20,0.0,248.0,248.0,248.0
100,1 event,bonferroni,1e-05,5,4655,4333,15,0,15,0.0,0.0,0.0,0.0,0.0,0.0,inf,20,15,0.25,961.3333333333334,448.0,1558.0
100,1 event,bonferroni,0.0001,5,4646,4484,18,0,18,0.0,0.0,0.0,0.0,0.0,0.0,inf,20,18,0.09999999999999998,470.22222222222223,348.0,758.0
100,1 event,bonferroni,0.001,5,4643,4540,19,0,19,0.0,0.0,0.0,0.0,0.0,0.0,inf,20,19,0.050000000000000044,311.1578947368421,248.0,463.0
100,1 event,bonferroni,0.01,5,4640,4584,20,0,20,0.0,0.0,0.0,0.0,0.0,0.0,inf,20,20,0.0,228.0,248.0,228.0
100,1 event,bonferroni,0.05,5,4634,4583,22,2,20,0.09090909090909091,0.0425531914893617,0.0004363953742090334,0.0425531914893617,0.0425531914893617,0.00425531914893617,235000.0,20,20,0.0,203.0,248.0,203.0
100,1 event,bonferroni,0.1,5,4634,4588,22,2,20,0.09090909090909091,0.02127659574468085,0.00043591979075850045,0.0425531914893617,0.02127659574468085,0.00425531914893617,235000.0,20,20,0.0,178.0,148.0,178.0
100,1 event,bonferroni,0.2,5,4628,4585,24,4,20,0.16666666666666666,0.0851063829787234,0.0008724100327153762,0.0851063829787234,0.0851063829787234,0.00851063829787234,117500.0,20,20,0.0,163.0,148.0,163.0
