window,min_p,n_below,n_streams,rho,seed
0,0.004614832707183201,9,500,0.0,0
1,0.005281371106708496,8,500,0.0,0
2,0.0025196415774341144,8,500,0.0,0
3,0.000640710155032767,7,500,0.0,0
4,0.0005737352192380696,8,500,0.0,0
5,6.757741781304609e-05,3,500,0.0,0
6,0.00011222472954580128,3,500,0.0,0
7,0.0009202245910073905,4,500,0.0,0
8,0.003845626731211715,7,500,0.0,0
9,0.002341149935098205,4,500,0.0,0
10,0.003691848279041631,5,500,0.0,0
11,0.0007985359158783996,6,500,0.0,0
12,4.16047285021472e-05,4,500,0.0,0
13,6.099142027373583e-05,3,500,0.0,0
14,3.530469971726395e-05,3,500,0.0,0
15,0.0002997211066933983,5,500,0.0,0
16,0.00024939464402150865,6,500,0.0,0
17,0.00022545366740708085,6,500,0.0,0
18,0.0003403121710638381,8,500,0.0,0
19,0.0004963713840019075,10,500,0.0,0
20,0.001394928978409503,10,500,0.0,0
21,0.0014472504541368056,7,500,0.0,0
22,0.0009006078582319912,7,500,0.0,0
23,0.0009617445889067458,7,500,0.0,0
24,0.001200222316971102,9,500,0.0,0
25,0.00043735916635276995,11,500,0.0,0
26,0.0012096464178934635,7,500,0.0,0
27,0.0004275780985194889,8,500,0.0,0
28,0.0008320792240910547,5,500,0.0,0
29,0.0005546285314117698,5,500,0.0,0
30,0.0007711747272462278,6,500,0.0,0
31,0.0009421833933087449,15,500,0.0,0
32,0.0011413445673988446,13,500,0.0,0
33,0.0008329809216354189,8,500,0.0,0
34,0.0007983995078033485,4,500,0.0,0
35,0.0006024738345555736,5,500,0.0,0
36,0.0008310108680019843,7,500,0.0,0
37,0.00020937040762365706,8,500,0.0,0
38,5.440794916551093e-05,7,500,0.0,0
39,0.00013031965108955244,8,500,0.0,0
40,0.0002509311934200701,9,500,0.0,0
41,0.00010676610185773805,5,500,0.0,0
42,0.00043651178923758793,5,500,0.0,0
43,0.0008010788597715896,5,500,0.0,0
44,0.0005942132571173233,2,500,0.0,0
45,0.0019525719897661613,4,500,0.0,0
46,0.0019650357325274315,5,500,0.0,0
0,0.0065922251098797435,2,500,0.0,2
1,0.00017549910583872458,6,500,0.0,2
2,0.0002699588055378914,11,500,0.0,2
3,0.0014542894824182368,8,500,0.0,2
4,0.00183292403835813,8,500,0.0,2
5,0.0006829493224662538,9,500,0.0,2
6,0.0004976997214771727,7,500,0.0,2
7,0.0006782551688173749,7,500,0.0,2
8,0.0008113118580802066,6,500,0.0,2
9,0.002209991883931712,8,500,0.0,2
10,0.0018132356182688388,12,500,0.0,2
11,0.0024026919994592825,11,500,0.0,2
12,0.0022085689466306616,8,500,0.0,2
13,0.0017287411038489694,10,500,0.0,2
14,0.00040762103081550774,10,500,0.0,2
15,0.00034344544971648037,10,500,0.0,2
16,0.0001908698036182431,8,500,0.0,2
17,0.0003255228076649978,4,500,0.0,2
18,0.00022217936679087624,11,500,0.0,2
19,0.00014244930014043066,8,500,0.0,2
20,0.00021166495077805806,9,500,0.0,2
21,0.0006595342315561406,9,500,0.0,2
22,0.0003075307872726747,10,500,0.0,2
23,0.0009798081886911265,8,500,0.0,2
24,0.001774834837250089,10,500,0.0,2
25,0.0023654275355446284,6,500,0.0,2
26,0.0019464564743547478,7,500,0.0,2
27,0.0012449077385558785,7,500,0.0,2
28,0.0010035756516649126,6,500,0.0,2
29,0.0006223319395332628,4,500,0.0,2
30,0.001461601840457682,8,500,0.0,2
31,0.002748520572216072,4,500,0.0,2
32,0.0003957585709051123,6,500,0.0,2
33,0.00039115255337500557,6,500,0.0,2
34,0.0009029961191020187,5,500,0.0,2
35,0.0012520987365462182,9,500,0.0,2
36,0.003790221461661718,10,500,0.0,2
37,0.00221330937458484,7,500,0.0,2
38,0.003532296852042311,9,500,0.0,2
39,0.0024578194167390027,9,500,0.0,2
40,0.0008806901622028782,3,500,0.0,2
41,0.0009360513826145563,8,500,0.0,2
42,0.002767027537866385,7,500,0.0,2
43,0.001035050565318348,6,500,0.0,2
44,0.0003674601739519574,8,500,0.0,2
45,0.0003127734539462368,8,500,0.0,2
46,0.00043565934581589987,6,500,0.0,2
0,0.0023992887601365117,4,500,0.0,3
1,0.00029445517636572904,4,500,0.0,3
2,0.0003784339087402814,7,500,0.0,3
3,0.0005483162190944622,8,500,0.0,3
4,0.0015540338315225383,7,500,0.0,3
5,0.0022549286595310034,9,500,0.0,3
6,0.003264967583800508,8,500,0.0,3
7,0.0011977936253346907,9,500,0.0,3
8,0.001091813381267357,7,500,0.0,3
9,0.0007290947738552676,8,500,0.0,3
10,0.00229001088837751,8,500,0.0,3
11,0.001620833363588696,5,500,0.0,3
12,0.002585833182960278,5,500,0.0,3
13,0.005086104917052003,8,500,0.0,3
14,0.0011301508505329797,8,500,0.0,3
15,0.001254714060081685,7,500,0.0,3
16,0.003117460354277887,8,500,0.0,3
17,0.003715639129600853,6,500,0.0,3
18,0.0028568180234254757,7,500,0.0,3
19,0.0014147359718939849,10,500,0.0,3
20,0.0008078053384376725,9,500,0.0,3
21,0.0006214544306214557,5,500,0.0,3
22,0.000988900766118762,6,500,0.0,3
23,0.0009566866929547913,7,500,0.0,3
24,0.0012226384712933002,9,500,0.0,3
25,0.0017574158533320246,7,500,0.0,3
26,0.0026558503103259073,8,500,0.0,3
27,0.0022294077771955515,8,500,0.0,3
28,0.0003307245061773818,4,500,0.0,3
29,0.0005085925016540369,5,500,0.0,3
30,0.003317921508863315,6,500,0.0,3
31,0.0019017531944633195,5,500,0.0,3
32,0.003734787237722103,5,500,0.0,3
33,0.003090513264617666,7,500,0.0,3
34,0.0020462292613389874,7,500,0.0,3
35,0.002645550704097444,6,500,0.0,3
36,0.001481775622032838,5,500,0.0,3
37,0.0021856516194566017,8,500,0.0,3
38,0.0019731049577274857,9,500,0.0,3
39,0.0006922627890864632,7,500,0.0,3
40,0.0004896392236966245,8,500,0.0,3
41,0.0005500547965677194,9,500,0.0,3
42,0.0009116462588153572,8,500,0.0,3
43,0.00023767409552811607,10,500,0.0,3
44,0.0010054495774385027,11,500,0.0,3
45,0.0013613104471789112,12,500,0.0,3
46,0.0017434959758486383,10,500,0.0,3
0,0.003687885533599888,3,500,0.0,1
1,8.251503503569856e-05,9,500,0.0,1
2,0.0006177399727795873,12,500,0.0,1
3,0.0006284537356363298,10,500,0.0,1
4,0.00029012560544119606,8,500,0.0,1
5,0.0002606100273709519,7,500,0.0,1
6,0.0012133792200262035,6,500,0.0,1
7,0.002719090729176643,6,500,0.0,1
8,0.0035860929744914506,4,500,0.0,1
9,0.004910378873570707,9,500,0.0,1
10,0.0031224019484225258,11,500,0.0,1
11,9.643471701591326e-05,13,500,0.0,1
12,5.217039507398363e-05,12,500,0.0,1
13,4.978507172686737e-05,9,500,0.0,1
14,8.66761866236003e-05,13,500,0.0,1
15,0.0001382436088039968,12,500,0.0,1
16,4.81750613076814e-05,13,500,0.0,1
17,9.117088711349155e-05,8,500,0.0,1
18,0.00015761926792679274,8,500,0.0,1
19,0.00013231205781846637,6,500,0.0,1
20,0.0002767621733786402,10,500,0.0,1
21,0.0009940413786971305,11,500,0.0,1
22,4.552279143604831e-05,7,500,0.0,1
23,4.150128610782604e-05,8,500,0.0,1
24,2.86120839397584e-05,8,500,0.0,1
25,0.000267260315526205,9,500,0.0,1
26,0.00027713591744862344,5,500,0.0,1
27,0.0003746884901465657,8,500,0.0,1
28,0.00011319721088968414,7,500,0.0,1
29,0.00020343460153032303,7,500,0.0,1
30,0.00044445347971375357,4,500,0.0,1
31,0.00014404270621340003,6,500,0.0,1
32,0.00010179591007176773,5,500,0.0,1
33,0.0003227538291269863,8,500,0.0,1
34,0.0010682925431405891,7,500,0.0,1
35,0.0007984510611505236,5,500,0.0,1
36,0.0006235303621514119,5,500,0.0,1
37,0.0005447306677036374,6,500,0.0,1
38,7.27983818726198e-05,5,500,0.0,1
39,0.000401574542360721,6,500,0.0,1
40,0.001632849316779922,7,500,0.0,1
41,0.0020987054785775046,8,500,0.0,1
42,9.965482489367449e-05,5,500,0.0,1
43,0.00014543631662536564,5,500,0.0,1
44,0.0014475052651349808,8,500,0.0,1
45,0.0013071015198976529,12,500,0.0,1
46,0.003266630551168077,10,500,0.0,1
0,0.0024534247612408534,4,500,0.0,6
1,0.0036239946515748502,6,500,0.0,6
2,0.005204881726038522,8,500,0.0,6
3,0.0009724432485736633,6,500,0.0,6
4,0.00045978559368818384,5,500,0.0,6
5,0.0005690962632357363,9,500,0.0,6
6,0.00017610088486816073,10,500,0.0,6
7,8.178097998424262e-05,10,500,0.0,6
8,9.467265868477483e-05,6,500,0.0,6
9,6.850373176759809e-06,2,500,0.0,6
10,1.154906145632455e-05,5,500,0.0,6
11,4.227475762852266e-05,9,500,0.0,6
12,0.00046450672125129887,10,500,0.0,6
13,0.00011986328942030834,13,500,0.0,6
14,0.00041654076141631885,14,500,0.0,6
15,0.00016232617092624458,8,500,0.0,6
16,6.063531576577219e-05,10,500,0.0,6
17,0.00029548912309002213,7,500,0.0,6
18,0.0024004286158451752,5,500,0.0,6
19,0.0005040662403276163,7,500,0.0,6
20,0.0009115912079166761,6,500,0.0,6
21,0.00022795937896608176,7,500,0.0,6
22,0.000163391991841908,8,500,0.0,6
23,0.0015089188992580028,8,500,0.0,6
24,0.0017586067694025619,8,500,0.0,6
25,0.00045611949876181733,9,500,0.0,6
26,0.0007087892852713637,5,500,0.0,6
27,0.00028978724615281727,8,500,0.0,6
28,0.0006432238651320497,10,500,0.0,6
29,0.0009713172314779463,9,500,0.0,6
30,0.0012470100407837102,9,500,0.0,6
31,0.0007573031932077534,7,500,0.0,6
32,0.0009323111420439082,7,500,0.0,6
33,0.0011102551746846369,10,500,0.0,6
34,0.0007847548060750464,8,500,0.0,6
35,0.0001923177926563059,10,500,0.0,6
36,0.0018210718106088594,9,500,0.0,6
37,0.0006519512712008569,6,500,0.0,6
38,0.0006559019224225931,9,500,0.0,6
39,0.0029808899437297116,8,500,0.0,6
40,0.0022619784365055843,7,500,0.0,6
41,0.0015784282757050465,5,500,0.0,6
42,0.0007020325555585347,8,500,0.0,6
43,0.0008479651051077997,7,500,0.0,6
44,0.000629622731458528,8,500,0.0,6
45,0.0003459121781145685,7,500,0.0,6
46,0.0001128824611896717,8,500,0.0,6
0,0.0008606139373908587,5,500,0.0,5
1,0.0016724404022394766,7,500,0.0,5
2,0.0008028510948708136,6,500,0.0,5
3,0.00014870533333956264,8,500,0.0,5
4,0.00036773682674877276,7,500,0.0,5
5,0.001561777181245773,12,500,0.0,5
6,0.0003539654929180397,12,500,0.0,5
7,0.0005769341624108496,9,500,0.0,5
8,0.0010685218702826316,8,500,0.0,5
9,0.0013956385394044615,11,500,0.0,5
10,0.0007915212533166135,9,500,0.0,5
11,0.003087916289945465,6,500,0.0,5
12,0.0023746737880354827,8,500,0.0,5
13,0.0007141367258259222,6,500,0.0,5
14,0.0005294774726523405,6,500,0.0,5
15,0.0008467808793225156,5,500,0.0,5
16,0.00015899231846151483,4,500,0.0,5
17,8.199543268560828e-05,3,500,0.0,5
18,0.00028945676966776133,8,500,0.0,5
19,7.320190740068658e-05,9,500,0.0,5
20,0.00020886958288375242,10,500,0.0,5
21,3.9877110761216704e-05,8,500,0.0,5
22,0.00041612620849260096,9,500,0.0,5
23,0.0002079907372962859,9,500,0.0,5
24,0.00031734710893485993,12,500,0.0,5
25,0.00019158812221581502,10,500,0.0,5
26,2.818341862449318e-05,10,500,0.0,5
27,5.06118268775509e-05,9,500,0.0,5
28,0.00032374944675310176,5,500,0.0,5
29,0.00033054721658438605,7,500,0.0,5
30,0.0005528391713081516,5,500,0.0,5
31,0.001741742623225209,5,500,0.0,5
32,0.0042430631735468054,8,500,0.0,5
33,0.0017647478620927506,7,500,0.0,5
34,0.00045526771025393756,7,500,0.0,5
35,0.0010181451187953386,4,500,0.0,5
36,0.0015537299684749524,6,500,0.0,5
37,7.6172838560192274e-06,2,500,0.0,5
38,1.424538607967751e-05,3,500,0.0,5
39,1.2699211384524557e-05,4,500,0.0,5
40,1.7932448538576202e-05,4,500,0.0,5
41,2.5378512921606525e-05,5,500,0.0,5
42,0.00019511733271669103,4,500,0.0,5
43,0.00035421832586732315,6,500,0.0,5
44,0.0011444504640297922,6,500,0.0,5
45,0.0015225281708684275,7,500,0.0,5
46,0.0005211662735214201,7,500,0.0,5
0,0.0020158622509821177,4,500,0.0,4
1,0.006413701464997739,4,500,0.0,4
2,0.004039046829766941,4,500,0.0,4
3,0.0018557724336548138,5,500,0.0,4
4,0.003424414643897647,3,500,0.0,4
5,0.0014327561437778172,3,500,0.0,4
6,0.0010085158493042716,8,500,0.0,4
7,0.00264014646127814,5,500,0.0,4
8,0.005009697677167786,3,500,0.0,4
9,0.0014940944420765686,5,500,0.0,4
10,0.002633775503026579,4,500,0.0,4
11,0.0016274773142114292,5,500,0.0,4
12,0.00037191712306839134,4,500,0.0,4
13,0.00011742846709086435,3,500,0.0,4
14,6.589960751721272e-05,4,500,0.0,4
15,0.00034959513753339273,8,500,0.0,4
16,0.0003176181347772733,5,500,0.0,4
17,0.000920563219806966,6,500,0.0,4
18,0.0013038278685059733,6,500,0.0,4
19,0.0003267690040337865,5,500,0.0,4
20,0.0002457604797024999,5,500,0.0,4
21,0.0005538827587663215,6,500,0.0,4
22,0.0011701524446328844,4,500,0.0,4
23,0.0014257355916352194,6,500,0.0,4
24,0.0018048093500753854,6,500,0.0,4
25,0.0005041272728961638,10,500,0.0,4
26,0.0011715665823661913,10,500,0.0,4
27,0.0019118749778516278,4,500,0.0,4
28,0.00017037216907739105,3,500,0.0,4
29,0.0002135944107019922,4,500,0.0,4
30,0.0003052838992771271,6,500,0.0,4
31,0.000720621512649875,4,500,0.0,4
32,0.00020064801209249443,5,500,0.0,4
33,0.00022169855342220958,4,500,0.0,4
34,0.00020339632111893852,3,500,0.0,4
35,0.00010801773969449066,7,500,0.0,4
36,0.00010773667797562459,8,500,0.0,4
37,9.347740903070957e-05,10,500,0.0,4
38,0.0003588536191658743,10,500,0.0,4
39,0.0004714003294054342,8,500,0.0,4
40,0.0003324204905271915,5,500,0.0,4
41,0.000189257836102758,5,500,0.0,4
42,0.00035924503590265027,4,500,0.0,4
43,0.0009378204504665983,7,500,0.0,4
44,0.0011920221104387597,7,500,0.0,4
45,0.000846652752345713,4,500,0.0,4
46,0.0013267887820728398,4,500,0.0,4
0,0.0021272549938605354,3,500,0.0,7
1,0.0033859161588086816,3,500,0.0,7
2,0.007896292039277074,1,500,0.0,7
3,0.006127108060136506,1,500,0.0,7
4,0.0008680381075625278,3,500,0.0,7
5,0.0005354062548111514,6,500,0.0,7
6,0.00220300041136314,6,500,0.0,7
7,0.0014214524513751956,3,500,0.0,7
8,0.0036258499137564806,4,500,0.0,7
9,0.0005665430011480355,4,500,0.0,7
10,0.0018294291177476157,4,500,0.0,7
11,0.006012824994869185,5,500,0.0,7
12,0.002834318434157149,3,500,0.0,7
13,0.0015162846955706633,5,500,0.0,7
14,0.0014607637167014073,5,500,0.0,7
15,0.0027237841729127006,4,500,0.0,7
16,0.0035447719414785682,6,500,0.0,7
17,0.004205987625616201,8,500,0.0,7
18,0.003338581231788681,4,500,0.0,7
19,0.004656170328733936,3,500,0.0,7
20,0.009865356963503493,1,500,0.0,7
21,0.01098214176958486,0,500,0.0,7
22,0.0029518224068203216,5,500,0.0,7
23,0.0014401565212240656,7,500,0.0,7
24,0.0005575002550206017,7,500,0.0,7
25,0.0017319582378381192,5,500,0.0,7
26,0.004046607615868868,3,500,0.0,7
27,0.005552224974637041,2,500,0.0,7
28,0.008263774559223875,1,500,0.0,7
29,0.0033152637442799026,4,500,0.0,7
30,0.0022834723909536062,4,500,0.0,7
31,0.00449013689897108,4,500,0.0,7
32,0.007262731552608201,3,500,0.0,7
33,0.006672849115938944,2,500,0.0,7
34,0.004844106671281549,3,500,0.0,7
35,0.0012362270603749827,2,500,0.0,7
36,0.00031822335168468996,2,500,0.0,7
37,0.0005144962196892464,2,500,0.0,7
38,0.0024398646843258225,5,500,0.0,7
39,0.001842336274519917,2,500,0.0,7
40,0.004040988837412983,2,500,0.0,7
41,0.005063252736773537,4,500,0.0,7
42,0.0009142689237094143,4,500,0.0,7
43,0.0006849006931683608,8,500,0.0,7
44,0.0018000595974749568,6,500,0.0,7
45,0.0022554508174824728,4,500,0.0,7
46,0.0034646260975028757,6,500,0.0,7
0,0.0029621821787061287,11,500,0.0,8
1,0.0013279934300069011,11,500,0.0,8
2,0.002306370364825934,11,500,0.0,8
3,0.0014320739725980592,8,500,0.0,8
4,0.0004345486431787832,8,500,0.0,8
5,4.933693903159806e-05,9,500,0.0,8
6,2.9579983041963078e-05,13,500,0.0,8
7,0.0002965707951949727,12,500,0.0,8
8,0.0006318898480389289,11,500,0.0,8
9,0.0009546550445737209,10,500,0.0,8
10,0.0004601281041111318,14,500,0.0,8
11,0.00033003287759351057,9,500,0.0,8
12,0.0005176281989744895,10,500,0.0,8
13,7.32881338679796e-05,13,500,0.0,8
14,0.0002400397258092686,9,500,0.0,8
15,0.0013505627013122449,7,500,0.0,8
16,0.0035173103957537866,8,500,0.0,8
17,0.001351527269461515,12,500,0.0,8
18,0.0010278972696870757,9,500,0.0,8
19,0.0016440719660812714,11,500,0.0,8
20,0.0014986769923803125,6,500,0.0,8
21,0.001478145350196543,8,500,0.0,8
22,0.0020591250631877916,11,500,0.0,8
23,0.003156814786960923,7,500,0.0,8
24,0.004881985301606835,8,500,0.0,8
25,0.0011389340313849219,6,500,0.0,8
26,0.00022114596970055443,7,500,0.0,8
27,0.00011354224294277841,6,500,0.0,8
28,0.0002255545486091123,9,500,0.0,8
29,0.000387318425568823,7,500,0.0,8
30,0.00014156007048454137,4,500,0.0,8
31,0.00013751046123154049,4,500,0.0,8
32,0.00032659989566374685,7,500,0.0,8
33,0.00016239455980394526,9,500,0.0,8
34,0.0006271767224940513,8,500,0.0,8
35,0.0010262135266868048,10,500,0.0,8
36,0.00027370575975043917,6,500,0.0,8
37,0.0004242159976597792,7,500,0.0,8
38,0.001471090357686251,8,500,0.0,8
39,0.001882732079311753,6,500,0.0,8
40,0.0016334436968402717,9,500,0.0,8
41,0.0012641124858744528,8,500,0.0,8
42,0.0006956194190768688,6,500,0.0,8
43,5.571608097287179e-05,11,500,0.0,8
44,7.9158334724745e-05,4,500,0.0,8
45,0.00033508783497592225,6,500,0.0,8
46,0.001074223229873061,8,500,0.0,8
0,0.0019483410646416992,8,500,0.0,9
1,0.0008341668921254078,5,500,0.0,9
2,0.0013602718930239624,7,500,0.0,9
3,0.002680294523226783,5,500,0.0,9
4,0.0017793062714839666,5,500,0.0,9
5,0.00025439876452734754,5,500,0.0,9
6,6.79359576706391e-05,6,500,0.0,9
7,4.705461492960374e-05,7,500,0.0,9
8,9.682975176390405e-05,6,500,0.0,9
9,0.000142822551068987,8,500,0.0,9
10,0.00029715700356194554,8,500,0.0,9
11,0.000535862170370596,9,500,0.0,9
12,0.0016938843082285786,9,500,0.0,9
13,0.0006490011460794148,8,500,0.0,9
14,4.543100396249579e-05,6,500,0.0,9
15,8.840116323339083e-05,8,500,0.0,9
16,2.4674229940783544e-05,11,500,0.0,9
17,0.0006500100239662652,10,500,0.0,9
18,0.001075333191893914,9,500,0.0,9
19,0.0020154754381639566,8,500,0.0,9
20,0.0007808444068070298,8,500,0.0,9
21,0.00015586353396153312,12,500,0.0,9
22,0.0009322778016743121,11,500,0.0,9
23,0.00019301209118071668,6,500,0.0,9
24,0.00038645902684821985,6,500,0.0,9
25,0.000818840534266796,11,500,0.0,9
26,0.0003935239086003546,10,500,0.0,9
27,0.00012538033088259823,11,500,0.0,9
28,0.0002697863794071147,11,500,0.0,9
29,0.0009554202968508392,8,500,0.0,9
30,0.00041135395343972327,7,500,0.0,9
31,0.0002746956791078514,10,500,0.0,9
32,0.00016177612288706855,7,500,0.0,9
33,0.00011418120739354367,8,500,0.0,9
34,0.0004229299408451581,5,500,0.0,9
35,0.0012649886726540716,4,500,0.0,9
36,0.002281569607352847,6,500,0.0,9
37,0.001545974764849245,7,500,0.0,9
38,0.0005495356580375781,13,500,0.0,9
39,0.00017085866148097833,10,500,0.0,9
40,4.6082707039740866e-05,9,500,0.0,9
41,0.00014098786636085496,7,500,0.0,9
42,0.0012658258304367297,9,500,0.0,9
43,0.0007955343844730089,7,500,0.0,9
44,0.0003552189470926013,4,500,0.0,9
45,0.0008144466500622009,5,500,0.0,9
46,0.0015644547217852336,5,500,0.0,9
0,0.0009286695678154034,3,500,0.0,10
1,0.000255044599857153,3,500,0.0,10
2,0.00012919972626971327,3,500,0.0,10
3,0.00012943268683240276,4,500,0.0,10
4,0.0005164736797080516,9,500,0.0,10
5,0.0003406009739569654,9,500,0.0,10
6,0.00021472937302020696,8,500,0.0,10
7,0.0003977959803094655,6,500,0.0,10
8,0.0009738930676351098,10,500,0.0,10
9,0.00192436934391086,12,500,0.0,10
10,0.0018944750942672594,15,500,0.0,10
11,0.0028569172437975902,11,500,0.0,10
12,0.002318508636616357,7,500,0.0,10
13,0.0007781052312163803,5,500,0.0,10
14,0.0012616960458024012,4,500,0.0,10
15,0.0014313423493633774,8,500,0.0,10
16,0.0006253366088200852,11,500,0.0,10
17,0.0006651200834001408,7,500,0.0,10
18,0.0006263715671234466,7,500,0.0,10
19,0.0007726880363776629,8,500,0.0,10
20,0.0013493727683879287,6,500,0.0,10
21,0.0008507523576199484,3,500,0.0,10
22,0.0007619002916326584,6,500,0.0,10
23,0.00045758536003360497,7,500,0.0,10
24,0.00044696602498463136,8,500,0.0,10
25,0.00024377127357866387,13,500,0.0,10
26,0.00040816856162844204,8,500,0.0,10
27,0.0018774321847110206,7,500,0.0,10
28,0.00512666996440457,5,500,0.0,10
29,0.0019106743505920296,5,500,0.0,10
30,0.00024289927202697476,9,500,0.0,10
31,0.0001609724283721122,11,500,0.0,10
32,0.00041886547133859883,17,500,0.0,10
33,0.0007446530425092401,15,500,0.0,10
34,0.00042337631932822884,14,500,0.0,10
35,0.00017721236291054742,13,500,0.0,10
36,0.0003275000637476548,11,500,0.0,10
37,0.0005423354432406414,10,500,0.0,10
38,0.002415071556443044,10,500,0.0,10
39,0.0007987592138456164,8,500,0.0,10
40,0.0017658703843344559,7,500,0.0,10
41,0.0018216916894323793,9,500,0.0,10
42,0.0007481625745222938,7,500,0.0,10
43,0.001555190165212961,5,500,0.0,10
44,0.001360581284826841,8,500,0.0,10
45,0.0018529684421937536,7,500,0.0,10
46,0.0025699264384837915,6,500,0.0,10
0,0.0031985145976434373,2,500,0.0,11
1,0.0010794109482335239,5,500,0.0,11
2,0.0009979813013803174,7,500,0.0,11
3,0.00033600345814886485,12,500,0.0,11
4,0.00010948060420741377,15,500,0.0,11
5,0.00164386287034096,16,500,0.0,11
6,0.001170985060206782,13,500,0.0,11
7,0.001059601676376033,12,500,0.0,11
8,0.001203598975785133,11,500,0.0,11
9,0.0011975504474568298,9,500,0.0,11
10,0.0013487381359192996,10,500,0.0,11
11,0.004357463880167062,5,500,0.0,11
12,0.002829146206702545,6,500,0.0,11
13,0.0016034067359563713,8,500,0.0,11
14,0.0007761511851764329,9,500,0.0,11
15,0.00017809635998286942,13,500,0.0,11
16,4.057818916260861e-05,10,500,0.0,11
17,0.00011369528077631195,12,500,0.0,11
18,0.0002530083369627542,9,500,0.0,11
19,0.0006066740528827851,12,500,0.0,11
20,0.00030718573010146834,9,500,0.0,11
21,0.0006282944730768001,8,500,0.0,11
22,0.0007247504422582824,7,500,0.0,11
23,0.00024033260225267037,10,500,0.0,11
24,0.00016418731631944228,11,500,0.0,11
25,0.00035064580427502176,9,500,0.0,11
26,0.0014368336270118509,9,500,0.0,11
27,0.0015919342333482762,10,500,0.0,11
28,0.0001844917305628358,9,500,0.0,11
29,0.0004940753319268172,10,500,0.0,11
30,0.00034333356993491917,11,500,0.0,11
31,0.0001269113048787104,9,500,0.0,11
32,9.115557887479824e-05,10,500,0.0,11
33,0.00023859376262411864,12,500,0.0,11
34,0.0008900703595154578,10,500,0.0,11
35,0.00023272773114706006,9,500,0.0,11
36,0.00015989899592427464,13,500,0.0,11
37,0.00021451040413199434,10,500,0.0,11
38,0.0005808476649716824,7,500,0.0,11
39,0.0014140204699561447,5,500,0.0,11
40,0.0032897939141879177,8,500,0.0,11
41,0.0016570025168827216,8,500,0.0,11
42,0.0013954219181282021,12,500,0.0,11
43,0.002185607283502148,10,500,0.0,11
44,0.0008955719052219212,5,500,0.0,11
45,0.0011223830563940058,6,500,0.0,11
46,0.004271794901253732,5,500,0.0,11
0,0.0021837844422153765,4,500,0.0,12
1,0.0021485909569970985,6,500,0.0,12
2,0.0021185708286965434,10,500,0.0,12
3,0.0005773833933274281,12,500,0.0,12
4,0.00017507008492375988,11,500,0.0,12
5,0.0003717363690774256,11,500,0.0,12
6,0.0006381751230667123,10,500,0.0,12
7,0.0004190971703197137,13,500,0.0,12
8,0.00046433295851546885,14,500,0.0,12
9,0.0006280530831735219,10,500,0.0,12
10,0.0006145342671260208,11,500,0.0,12
11,0.00024834649598276347,8,500,0.0,12
12,0.00020085346365884168,6,500,0.0,12
13,0.00033724720666996,8,500,0.0,12
14,0.0006652094803219037,9,500,0.0,12
15,0.0018446946979645091,9,500,0.0,12
16,0.0016615468739955193,10,500,0.0,12
17,0.0018951907108326338,14,500,0.0,12
18,0.0016255336912466619,11,500,0.0,12
19,0.0010681443638024942,16,500,0.0,12
20,0.000369826623743966,13,500,0.0,12
21,0.0006147480845354059,16,500,0.0,12
22,0.0014524403891009712,13,500,0.0,12
23,0.0020366926037980525,8,500,0.0,12
24,0.0011226207054161126,6,500,0.0,12
25,0.0014907054635827735,8,500,0.0,12
26,0.0004922315559947806,10,500,0.0,12
27,0.00043918149182713595,9,500,0.0,12
28,0.00058685338599785,7,500,0.0,12
29,0.0008337369528481237,8,500,0.0,12
30,0.0009808184996360548,12,500,0.0,12
31,0.00026517701246158,13,500,0.0,12
32,7.068430796023121e-05,11,500,0.0,12
33,8.647571936427633e-05,12,500,0.0,12
34,0.00019090533642553148,11,500,0.0,12
35,0.00027922306606517036,14,500,0.0,12
36,0.000346481915437936,9,500,0.0,12
37,0.000609551345141848,9,500,0.0,12
38,0.0006969935494398041,6,500,0.0,12
39,0.0003548537402354656,10,500,0.0,12
40,0.00030788267560377403,11,500,0.0,12
41,0.00032768656036936484,11,500,0.0,12
42,0.00042572289129453933,9,500,0.0,12
43,0.001711402440001711,9,500,0.0,12
44,0.0011658057299076133,7,500,0.0,12
45,0.0007298357768802082,13,500,0.0,12
46,0.0004708876789007403,16,500,0.0,12
0,0.0031083081219926475,5,500,0.0,13
1,0.0017107974332879904,8,500,0.0,13
2,0.00210772982249463,9,500,0.0,13
3,0.004611033518898098,7,500,0.0,13
4,0.004376707408675668,5,500,0.0,13
5,0.0006589972254291982,1,500,0.0,13
6,0.0014634182413900518,2,500,0.0,13
7,0.0016961836937422915,3,500,0.0,13
8,0.0016698580640464736,4,500,0.0,13
9,0.004817704000697403,5,500,0.0,13
10,0.0009028431453851011,7,500,0.0,13
11,0.0008482973540159807,8,500,0.0,13
12,0.00015561332203824576,9,500,0.0,13
13,0.00026779056431307013,9,500,0.0,13
14,0.0031837430154619734,5,500,0.0,13
15,0.0014306047286974407,3,500,0.0,13
16,0.004590338858474035,5,500,0.0,13
17,0.0026951025152885935,10,500,0.0,13
18,0.0012102605248853033,10,500,0.0,13
19,0.0030196862375200927,6,500,0.0,13
20,0.0010673003231395544,8,500,0.0,13
21,0.0017302739701936206,9,500,0.0,13
22,0.002841204904946438,7,500,0.0,13
23,0.0012222900423552755,6,500,0.0,13
24,0.00033142751380305194,8,500,0.0,13
25,0.0005898400002760329,10,500,0.0,13
26,0.00043488124219665485,10,500,0.0,13
27,0.000697367970473648,4,500,0.0,13
28,0.0010031381381344054,10,500,0.0,13
29,0.0003575467530471188,10,500,0.0,13
30,0.0004839755216871254,10,500,0.0,13
31,0.0005430435762136781,4,500,0.0,13
32,0.0005091435883906903,5,500,0.0,13
33,0.0016284527037935812,4,500,0.0,13
34,0.0007374532276620775,5,500,0.0,13
35,0.00023130364266717263,9,500,0.0,13
36,0.0004179521887017512,11,500,0.0,13
37,0.001012510601716226,8,500,0.0,13
38,0.0003325631091330187,4,500,0.0,13
39,0.0009395480010211271,4,500,0.0,13
40,0.003846929901982832,4,500,0.0,13
41,0.001899651890500064,9,500,0.0,13
42,0.001983237823130777,12,500,0.0,13
43,0.0017534369160314347,6,500,0.0,13
44,0.0008781553552457286,5,500,0.0,13
45,0.0011467216831767936,5,500,0.0,13
46,0.003703155992813772,6,500,0.0,13
0,0.004776657646751777,6,500,0.0,14
1,0.0012543919046727366,10,500,0.0,14
2,0.002297001303368384,8,500,0.0,14
3,0.003086931480251095,5,500,0.0,14
4,0.0019811780221966864,5,500,0.0,14
5,0.0011502520242427912,6,500,0.0,14
6,0.0014381534869571206,7,500,0.0,14
7,0.0005540184933842478,12,500,0.0,14
8,0.0010184111019368271,11,500,0.0,14
9,0.001882142426428557,6,500,0.0,14
10,0.0025979094391984717,6,500,0.0,14
11,0.0022937180689537573,8,500,0.0,14
12,0.0013951799898878476,5,500,0.0,14
13,0.00036406043407414537,6,500,0.0,14
14,0.0006461028821719479,8,500,0.0,14
15,0.0025812553276935496,10,500,0.0,14
16,0.001450404699224897,11,500,0.0,14
17,0.0010896548759489375,8,500,0.0,14
18,0.0010573095704243737,10,500,0.0,14
19,0.0011135848709917394,13,500,0.0,14
20,0.001791875821276964,9,500,0.0,14
21,0.0016853371552525511,11,500,0.0,14
22,0.00046911919285401937,11,500,0.0,14
23,0.00032086566586211646,8,500,0.0,14
24,0.0014735447921630333,10,500,0.0,14
25,0.0005641063788223732,11,500,0.0,14
26,0.0007229236259365296,10,500,0.0,14
27,0.00012548661844852247,14,500,0.0,14
28,0.00028656349024206004,13,500,0.0,14
29,0.00069787783156295,15,500,0.0,14
30,0.0009146194262319385,10,500,0.0,14
31,0.00022013002461514274,12,500,0.0,14
32,0.00041672004461434475,12,500,0.0,14
33,0.0005669687609170824,13,500,0.0,14
34,0.0004949911447508841,13,500,0.0,14
35,0.0012046429522993931,11,500,0.0,14
36,0.0020343568779047005,8,500,0.0,14
37,0.0021495318114081205,12,500,0.0,14
38,0.0010548033948800078,11,500,0.0,14
39,0.001565118955445427,12,500,0.0,14
40,0.0004321139348305632,6,500,0.0,14
41,0.00018893510426483656,6,500,0.0,14
42,2.8381909532433284e-05,8,500,0.0,14
43,4.2348412418959655e-05,6,500,0.0,14
44,0.00021228469301264884,5,500,0.0,14
45,0.0002617592285971791,7,500,0.0,14
46,0.0004085608771281403,10,500,0.0,14
0,0.0012490769439558677,9,500,0.0,15
1,0.0014820796630801115,9,500,0.0,15
2,0.0005476449184978424,5,500,0.0,15
3,4.562548943186717e-05,7,500,0.0,15
4,7.614084979331079e-05,10,500,0.0,15
5,6.263383559726484e-05,8,500,0.0,15
6,0.00021502692954141769,8,500,0.0,15
7,0.0001316517995735754,5,500,0.0,15
8,0.0004311851116089128,5,500,0.0,15
9,0.00014429081754221935,9,500,0.0,15
10,0.0004005666187600959,14,500,0.0,15
11,0.0014237386199284783,12,500,0.0,15
12,0.000669628843734327,11,500,0.0,15
13,0.0008439442337489664,9,500,0.0,15
14,0.0016108073193337254,8,500,0.0,15
15,0.001400478664701455,6,500,0.0,15
16,7.869338960685035e-05,5,500,0.0,15
17,7.188287033410069e-06,6,500,0.0,15
18,1.970422839134551e-05,3,500,0.0,15
19,0.0006684686609908256,5,500,0.0,15
20,0.0013036149297259783,4,500,0.0,15
21,0.0002893319498591175,6,500,0.0,15
22,0.0008648435445834457,10,500,0.0,15
23,0.0026636336138441243,7,500,0.0,15
24,0.00010206759078183877,4,500,0.0,15
25,4.541086924035466e-05,5,500,0.0,15
26,4.2295528979729276e-05,6,500,0.0,15
27,1.4225655748583536e-05,10,500,0.0,15
28,1.4575874769646834e-05,8,500,0.0,15
29,0.00018139354807180334,7,500,0.0,15
30,0.0003633187299940947,4,500,0.0,15
31,0.0008275207482330394,5,500,0.0,15
32,0.0019125955898635393,6,500,0.0,15
33,0.00046669818194253676,6,500,0.0,15
34,0.0007186804149791831,9,500,0.0,15
35,0.00022197561881030482,7,500,0.0,15
36,0.00013053143596070894,11,500,0.0,15
37,4.7046625545538434e-05,7,500,0.0,15
38,0.00014029299460073064,6,500,0.0,15
39,0.00035070236605370524,6,500,0.0,15
40,0.0022388890292858467,5,500,0.0,15
41,0.005757932428836912,2,500,0.0,15
42,0.002134587471983283,2,500,0.0,15
43,0.006013127893993083,2,500,0.0,15
44,0.000839987895536879,5,500,0.0,15
45,6.930159657106098e-05,7,500,0.0,15
46,0.00023454368092512697,7,500,0.0,15
0,0.023293624369585722,0,500,0.3,0
1,0.011387659670473333,0,500,0.3,0
2,0.008030830580948186,1,500,0.3,0
3,0.01628174611353433,0,500,0.3,0
4,0.00892677075341527,1,500,0.3,0
5,0.005913039652411035,1,500,0.3,0
6,0.02594810379241517,0,500,0.3,0
7,0.059880239520958084,0,500,0.3,0
8,0.029940119760479042,0,500,0.3,0
9,0.021956087824351298,0,500,0.3,0
10,0.002716754939415051,6,500,0.3,0
11,0.005413829312353234,4,500,0.3,0
12,0.0011274799081585204,3,500,0.3,0
13,0.0017607544311073209,3,500,0.3,0
14,0.008219329180372407,1,500,0.3,0
15,0.023952095808383235,0,500,0.3,0
16,0.05788423153692615,0,500,0.3,0
17,0.02594810379241517,0,500,0.3,0
18,0.05389221556886228,0,500,0.3,0
19,0.011554791239414657,0,500,0.3,0
20,0.013653053616387576,0,500,0.3,0
21,0.00851682661371675,1,500,0.3,0
22,0.033932135728542916,0,500,0.3,0
23,0.021956087824351298,0,500,0.3,0
24,0.033932135728542916,0,500,0.3,0
25,0.0060394545594283705,1,500,0.3,0
26,0.031936127744510975,0,500,0.3,0
27,0.023952095808383235,0,500,0.3,0
28,0.011468744391830293,0,500,0.3,0
29,0.002322439153630895,4,500,0.3,0
30,0.0004359573393833719,6,500,0.3,0
31,0.0035095534254751797,4,500,0.3,0
32,0.0031297693524001886,3,500,0.3,0
33,0.015151316367896107,0,500,0.3,0
34,0.021956087824351298,0,500,0.3,0
35,0.002476475828987411,8,500,0.3,0
36,0.0036577279478011097,7,500,0.3,0
37,0.0028713685254899176,5,500,0.3,0
38,0.0011131919174069368,6,500,0.3,0
39,0.002623988841834874,7,500,0.3,0
40,0.0002754325697076846,7,500,0.3,0
41,0.000393704641318459,5,500,0.3,0
42,0.005748485318853417,2,500,0.3,0
43,0.0059383216902592914,1,500,0.3,0
44,0.009947616394584005,1,500,0.3,0
45,0.0048213683591632195,5,500,0.3,0
46,0.010818390493962946,0,500,0.3,0
0,0.00021991771079577814,3,500,0.3,1
1,9.128137727041345e-05,23,500,0.3,1
2,5.758160394645001e-05,28,500,0.3,1
3,7.966803982602842e-05,20,500,0.3,1
4,0.00032811889129057695,7,500,0.3,1
5,0.0027926490442900256,7,500,0.3,1
6,0.0013678767809132827,5,500,0.3,1
7,0.003736878019606215,6,500,0.3,1
8,0.0023052811943421393,17,500,0.3,1
9,0.0003808583053553701,25,500,0.3,1
10,3.261100267201025e-05,42,500,0.3,1
11,6.473111086145379e-06,27,500,0.3,1
12,0.00013509414187549997,30,500,0.3,1
13,0.00045140799254244696,25,500,0.3,1
14,0.00033276268433261283,23,500,0.3,1
15,0.0001984411184480522,46,500,0.3,1
16,0.00013952674605897104,64,500,0.3,1
17,5.8152830040373804e-05,93,500,0.3,1
18,4.430951267324781e-05,70,500,0.3,1
19,4.6193363198121436e-05,44,500,0.3,1
20,0.00013248340458491245,26,500,0.3,1
21,0.0008853932232388203,9,500,0.3,1
22,2.3291261923192765e-05,43,500,0.3,1
23,1.9056336161765672e-05,42,500,0.3,1
24,5.317010617821148e-05,33,500,0.3,1
25,0.0002132365364566031,17,500,0.3,1
26,0.00030560951530978343,29,500,0.3,1
27,0.0005893368547742213,30,500,0.3,1
28,0.00017907598717072294,35,500,0.3,1
29,8.177563674155562e-05,33,500,0.3,1
30,5.8644287837835106e-05,54,500,0.3,1
31,0.0001889757540054198,31,500,0.3,1
32,0.0002096611440481367,17,500,0.3,1
33,0.0009723962366906454,7,500,0.3,1
34,0.001544736851005117,8,500,0.3,1
35,0.0014978113064722867,6,500,0.3,1
36,0.0013252596515531795,6,500,0.3,1
37,0.0009285795276121177,21,500,0.3,1
38,0.0004689703168724624,31,500,0.3,1
39,6.130304065469025e-05,44,500,0.3,1
40,0.0002070648246017986,27,500,0.3,1
41,0.0007903406857058858,20,500,0.3,1
42,6.615654129062319e-05,32,500,0.3,1
43,0.00010249839428854136,22,500,0.3,1
44,0.0006780749456898469,16,500,0.3,1
45,0.00042031690195471773,12,500,0.3,1
46,0.004503470268601587,4,500,0.3,1
0,0.004307895356201074,3,500,0.3,3
1,0.0016550167694988468,10,500,0.3,3
2,0.0006265579857049094,14,500,0.3,3
3,0.0001417109213235705,15,500,0.3,3
4,0.0007116783004523722,10,500,0.3,3
5,0.0037201383903454448,1,500,0.3,3
6,0.004856902004666919,2,500,0.3,3
7,0.006659217945116709,3,500,0.3,3
8,0.00596251976381389,4,500,0.3,3
9,0.0006183092670189168,7,500,0.3,3
10,0.0018504616513189713,8,500,0.3,3
11,0.0016060357799972782,3,500,0.3,3
12,0.0016066900258838541,4,500,0.3,3
13,0.0007571792156479758,7,500,0.3,3
14,0.001097494070536935,10,500,0.3,3
15,0.001962524910192125,3,500,0.3,3
16,0.007294056767577209,2,500,0.3,3
17,0.005376934043427711,3,500,0.3,3
18,0.003383281978581182,6,500,0.3,3
19,0.0015949676217493257,12,500,0.3,3
20,0.0025867831494317834,7,500,0.3,3
21,0.005780037351390866,2,500,0.3,3
22,0.011029742065875987,0,500,0.3,3
23,0.011260599624858286,0,500,0.3,3
24,0.004353407626210929,1,500,0.3,3
25,0.005123317686782824,1,500,0.3,3
26,0.0034288239455156793,3,500,0.3,3
27,0.004282053949262299,2,500,0.3,3
28,0.00312051566391538,4,500,0.3,3
29,0.0037535210676781063,5,500,0.3,3
30,0.005346262853643606,1,500,0.3,3
31,0.0077585826595657605,1,500,0.3,3
32,0.01140812714278228,0,500,0.3,3
33,0.009515084597039921,1,500,0.3,3
34,0.006159053411727537,1,500,0.3,3
35,0.015494803699747865,0,500,0.3,3
36,0.004282711022090999,4,500,0.3,3
37,0.004461563098864276,2,500,0.3,3
38,0.004560009908629425,2,500,0.3,3
39,0.0035507996048758993,1,500,0.3,3
40,0.012964844527497155,0,500,0.3,3
41,0.004143093138392554,3,500,0.3,3
42,0.0029151825894913335,2,500,0.3,3
43,0.0008531840093847209,4,500,0.3,3
44,0.0017190087637521678,4,500,0.3,3
45,0.002289065057113239,4,500,0.3,3
46,0.0030914911911479746,4,500,0.3,3
0,0.023952095808383235,0,500,0.3,2
1,0.006438940188163177,1,500,0.3,2
2,0.002766618069971395,3,500,0.3,2
3,0.004522522352491639,3,500,0.3,2
4,0.003949017001803705,4,500,0.3,2
5,0.0026008549947804886,4,500,0.3,2
6,0.001400530437297918,12,500,0.3,2
7,0.0023914068950031484,9,500,0.3,2
8,0.005457405723598844,2,500,0.3,2
9,0.023952095808383235,0,500,0.3,2
10,0.04590818363273453,0,500,0.3,2
11,0.041916167664670656,0,500,0.3,2
12,0.009001512330434202,2,500,0.3,2
13,0.008528033793238453,2,500,0.3,2
14,0.0022193135323588455,2,500,0.3,2
15,0.003177019242197458,3,500,0.3,2
16,0.005222630608330408,1,500,0.3,2
17,0.0012401714318245264,4,500,0.3,2
18,0.00031633846914327083,5,500,0.3,2
19,0.0009484822599803959,3,500,0.3,2
20,0.0004965769373202763,6,500,0.3,2
21,0.0007397273913985354,8,500,0.3,2
22,0.00013260801710493584,5,500,0.3,2
23,0.00018533003040222237,8,500,0.3,2
24,0.0004959942179759474,8,500,0.3,2
25,0.0020551781972740395,9,500,0.3,2
26,0.0006427176224476464,12,500,0.3,2
27,0.0013701454886178984,9,500,0.3,2
28,0.001118776451465293,5,500,0.3,2
29,0.000471810635562458,15,500,0.3,2
30,5.100528171664659e-05,19,500,0.3,2
31,9.926819859337024e-05,25,500,0.3,2
32,8.505616312931672e-05,22,500,0.3,2
33,5.582563238799421e-05,21,500,0.3,2
34,0.0003027275586412897,8,500,0.3,2
35,0.001309832287656168,6,500,0.3,2
36,0.006220103873759621,2,500,0.3,2
37,0.004868996341383737,2,500,0.3,2
38,0.0018172533189791452,12,500,0.3,2
39,0.0007936935463205522,20,500,0.3,2
40,0.00033696469144455003,15,500,0.3,2
41,0.0005314249293170961,6,500,0.3,2
42,0.008875927705314299,1,500,0.3,2
43,0.004776756246428512,1,500,0.3,2
44,0.0007858036091768977,6,500,0.3,2
45,0.0002362805807506345,31,500,0.3,2
46,0.00013056349208301544,30,500,0.3,2
0,0.0030544301936764936,8,500,0.3,4
1,0.033932135728542916,0,500,0.3,4
2,0.020273258921926288,0,500,0.3,4
3,0.027944111776447105,0,500,0.3,4
4,0.031936127744510975,0,500,0.3,4
5,0.010883504875970354,0,500,0.3,4
6,0.01168385593692293,0,500,0.3,4
7,0.02594810379241517,0,500,0.3,4
8,0.02013138290581686,0,500,0.3,4
9,0.016352998823294,0,500,0.3,4
10,0.01466486688969326,0,500,0.3,4
11,0.009791258587627456,1,500,0.3,4
12,0.0019006530751557171,3,500,0.3,4
13,0.0005983666056059574,5,500,0.3,4
14,0.000586067240983369,4,500,0.3,4
15,0.0022047220219331095,3,500,0.3,4
16,0.009794413573998037,1,500,0.3,4
17,0.02594810379241517,0,500,0.3,4
18,0.03592814371257485,0,500,0.3,4
19,0.011771700165464832,0,500,0.3,4
20,0.00146746916719538,2,500,0.3,4
21,0.005054035521322511,1,500,0.3,4
22,0.009561980849798665,1,500,0.3,4
23,0.006992831454315163,1,500,0.3,4
24,0.010335652080976305,0,500,0.3,4
25,0.0110580706272288,0,500,0.3,4
26,0.00715983955631932,3,500,0.3,4
27,0.005394816071971503,1,500,0.3,4
28,0.007090539175904758,1,500,0.3,4
29,0.0062598969827281975,1,500,0.3,4
30,0.008870041035166793,1,500,0.3,4
31,0.007780796413432815,1,500,0.3,4
32,0.002796182233831627,3,500,0.3,4
33,0.0033827230775428704,3,500,0.3,4
34,0.004486049436251736,2,500,0.3,4
35,0.0040571059456497496,1,500,0.3,4
36,0.0011420227656333498,3,500,0.3,4
37,0.0009473556988881308,9,500,0.3,4
38,0.0013648196147374512,6,500,0.3,4
39,0.001262613441295513,8,500,0.3,4
40,0.0010811001323315459,9,500,0.3,4
41,0.0015912924985196364,5,500,0.3,4
42,0.0022650944686509137,2,500,0.3,4
43,0.003731443346128847,7,500,0.3,4
44,0.003387070367453958,7,500,0.3,4
45,0.003369012699926305,3,500,0.3,4
46,0.0033870412493881156,2,500,0.3,4
0,0.02594810379241517,0,500,0.3,6
1,0.01258291776348321,0,500,0.3,6
2,0.004587145641182669,1,500,0.3,6
3,0.0027574833232935896,1,500,0.3,6
4,0.015643734738314742,0,500,0.3,6
5,0.002580764708149605,1,500,0.3,6
6,0.007312774609856703,1,500,0.3,6
7,0.003070728996239741,1,500,0.3,6
8,0.012758847405628923,0,500,0.3,6
9,0.003119509530208792,2,500,0.3,6
10,0.0005940031914326528,3,500,0.3,6
11,0.0006962228637322996,4,500,0.3,6
12,0.000584664087826169,14,500,0.3,6
13,0.0007173462768264131,15,500,0.3,6
14,0.000936615822972422,5,500,0.3,6
15,0.0005867041127966126,6,500,0.3,6
16,0.00042289646160630946,2,500,0.3,6
17,0.002380409409864174,4,500,0.3,6
18,0.0035086737830381286,3,500,0.3,6
19,0.00383789459552062,2,500,0.3,6
20,0.007671571019712046,1,500,0.3,6
21,0.013517755179253091,0,500,0.3,6
22,0.02594810379241517,0,500,0.3,6
23,0.031936127744510975,0,500,0.3,6
24,0.021956087824351298,0,500,0.3,6
25,0.003742780441216709,3,500,0.3,6
26,0.010640608765559598,0,500,0.3,6
27,0.002213948072590312,3,500,0.3,6
28,0.003573337722088019,3,500,0.3,6
29,0.007081229610510699,2,500,0.3,6
30,0.0031224984645100693,2,500,0.3,6
31,0.0026143986400852873,3,500,0.3,6
32,0.004711554889396674,3,500,0.3,6
33,0.007713991956599356,2,500,0.3,6
34,0.0017681725216788656,4,500,0.3,6
35,0.0007489385858994653,8,500,0.3,6
36,0.0018546653752407882,9,500,0.3,6
37,0.0012344791623747648,3,500,0.3,6
38,0.0027399481939850067,2,500,0.3,6
39,0.007896244289503642,1,500,0.3,6
40,0.009413476311651826,1,500,0.3,6
41,0.02594810379241517,0,500,0.3,6
42,0.012241831388943952,0,500,0.3,6
43,0.01658223476566207,0,500,0.3,6
44,0.005850122967364622,2,500,0.3,6
45,0.008190083245169979,1,500,0.3,6
46,0.008350051410986272,2,500,0.3,6
0,0.0016161783090904273,10,500,0.3,5
1,0.0004347046219221269,35,500,0.3,5
2,0.00095716134882393,24,500,0.3,5
3,0.00011805570482731342,24,500,0.3,5
4,0.0004074947293453325,26,500,0.3,5
5,0.0004796946799516213,26,500,0.3,5
6,0.0003408486180461056,24,500,0.3,5
7,0.0005314351087825055,29,500,0.3,5
8,0.00025203664744849767,42,500,0.3,5
9,0.00025786245398187697,40,500,0.3,5
10,0.00011422162574673187,43,500,0.3,5
11,0.00038574475727969814,26,500,0.3,5
12,0.0012567242450155437,17,500,0.3,5
13,0.0006398708657586781,19,500,0.3,5
14,0.0004677747550887782,29,500,0.3,5
15,0.000529713151771342,34,500,0.3,5
16,0.0010054517560288375,23,500,0.3,5
17,0.00017348586960987816,31,500,0.3,5
18,0.0014601925673842831,14,500,0.3,5
19,0.0003072874976866116,19,500,0.3,5
20,0.00034580392835276976,13,500,0.3,5
21,0.0001693182533574906,21,500,0.3,5
22,0.00029067007437025494,23,500,0.3,5
23,0.0006866416807976652,22,500,0.3,5
24,0.00023917165949425596,25,500,0.3,5
25,0.00029641866307187817,30,500,0.3,5
26,0.00015207912367934197,37,500,0.3,5
27,0.00016261904245153095,49,500,0.3,5
28,0.00017589782291557005,27,500,0.3,5
29,0.00014887086391465144,15,500,0.3,5
30,0.00024590775384655155,10,500,0.3,5
31,0.0004742971496416977,12,500,0.3,5
32,0.0004002860736209285,34,500,0.3,5
33,0.0002015244606029853,67,500,0.3,5
34,0.00013096432218408224,68,500,0.3,5
35,0.00013587367859310484,47,500,0.3,5
36,0.00028930563772834903,41,500,0.3,5
37,0.00034690849565544745,44,500,0.3,5
38,0.000428611771795034,33,500,0.3,5
39,0.0004701454964556962,30,500,0.3,5
40,0.0007031798960095619,23,500,0.3,5
41,0.0012573193350379696,15,500,0.3,5
42,0.00027534266846562,35,500,0.3,5
43,0.0003608608511133684,38,500,0.3,5
44,0.0006558809956840436,30,500,0.3,5
45,0.000504993886471888,27,500,0.3,5
46,0.00013805515558485247,23,500,0.3,5
0,0.0020300982581055445,11,500,0.3,7
1,0.001677975341627909,6,500,0.3,7
2,0.010650087277104496,0,500,0.3,7
3,0.0021152634597037417,3,500,0.3,7
4,0.00016769028554850562,7,500,0.3,7
5,0.00015409821150426105,13,500,0.3,7
6,2.171872110741313e-05,39,500,0.3,7
7,2.272403208699044e-05,33,500,0.3,7
8,8.789663887733917e-05,19,500,0.3,7
9,0.00042327308617662925,30,500,0.3,7
10,0.0008193377908426981,32,500,0.3,7
11,0.0008876491830761406,24,500,0.3,7
12,0.00020327929030358708,59,500,0.3,7
13,0.000277570536625418,33,500,0.3,7
14,0.0005355295722035292,14,500,0.3,7
15,0.0012294852413539626,21,500,0.3,7
16,0.0002186511669591002,43,500,0.3,7
17,0.0001051264025748836,31,500,0.3,7
18,3.6029557078557516e-05,41,500,0.3,7
19,5.364720859617634e-05,33,500,0.3,7
20,0.001125388025676909,24,500,0.3,7
21,0.0018985453270330814,23,500,0.3,7
22,0.0005414585211757061,30,500,0.3,7
23,0.00011789969256237165,58,500,0.3,7
24,0.00023929920123814965,47,500,0.3,7
25,0.000245061480586622,33,500,0.3,7
26,0.001025676226191694,15,500,0.3,7
27,0.0006880791524819656,16,500,0.3,7
28,0.0001577416507303758,53,500,0.3,7
29,6.817033568679178e-05,95,500,0.3,7
30,0.00012881285674904284,79,500,0.3,7
31,0.00030686761440335485,65,500,0.3,7
32,0.0009040548312357071,25,500,0.3,7
33,0.0012039650714998431,21,500,0.3,7
34,0.0009001584594980887,23,500,0.3,7
35,0.00017481020603757577,29,500,0.3,7
36,0.0003466285257895082,38,500,0.3,7
37,0.0006656061460012271,50,500,0.3,7
38,9.479520897884447e-05,81,500,0.3,7
39,0.00015563186303014714,49,500,0.3,7
40,0.0012206714251537687,21,500,0.3,7
41,0.002717864125011897,15,500,0.3,7
42,0.0011565099616148993,9,500,0.3,7
43,0.0007709215075178818,12,500,0.3,7
44,0.0007996282868193319,12,500,0.3,7
45,0.00036424779561388976,22,500,0.3,7
46,0.0004024340061732411,30,500,0.3,7
0,0.0009309358591631354,11,500,0.3,8
1,0.0002562560151963951,17,500,0.3,8
2,0.0001666297881880919,20,500,0.3,8
3,0.0014196232864430729,7,500,0.3,8
4,0.0009298465762477737,8,500,0.3,8
5,0.0015500628942337466,3,500,0.3,8
6,0.001408836052178846,1,500,0.3,8
7,0.010485824342124155,0,500,0.3,8
8,0.00468572254359046,1,500,0.3,8
9,0.0060886125110902745,2,500,0.3,8
10,0.00751350485171913,4,500,0.3,8
11,0.00719524208656107,3,500,0.3,8
12,0.0030964526929646474,3,500,0.3,8
13,0.0007943270671097966,7,500,0.3,8
14,0.0016295993044435162,13,500,0.3,8
15,0.0010061280384056064,12,500,0.3,8
16,0.0015219568965880836,5,500,0.3,8
17,0.000713517763543719,6,500,0.3,8
18,0.0007317382350418063,7,500,0.3,8
19,0.00395431357052794,4,500,0.3,8
20,0.007281553195958946,2,500,0.3,8
21,0.0077064068032956295,2,500,0.3,8
22,0.011783315510288401,0,500,0.3,8
23,0.0016236390055912415,2,500,0.3,8
24,0.0036178887446485283,4,500,0.3,8
25,0.0037191256651151676,4,500,0.3,8
26,0.0003354346197075351,13,500,0.3,8
27,0.0003672513770043144,20,500,0.3,8
28,0.00010120445953719999,21,500,0.3,8
29,7.024674431283278e-05,24,500,0.3,8
30,4.685485360442576e-05,23,500,0.3,8
31,0.00019020822349169876,16,500,0.3,8
32,0.0009348475688605389,8,500,0.3,8
33,0.0020339170568479358,3,500,0.3,8
34,0.0013234532924717556,5,500,0.3,8
35,0.00020760222540711375,9,500,0.3,8
36,0.0002392389995393875,10,500,0.3,8
37,0.0006801135293109167,8,500,0.3,8
38,0.0011545469766160944,10,500,0.3,8
39,0.000619676089173833,6,500,0.3,8
40,0.002351660784681797,4,500,0.3,8
41,0.004125070114343207,1,500,0.3,8
42,0.005064819818318234,2,500,0.3,8
43,0.0018102652469575214,2,500,0.3,8
44,0.0023984912602691283,2,500,0.3,8
45,0.0024422851900039746,4,500,0.3,8
46,0.001527184046037268,5,500,0.3,8
0,0.007830077588525308,3,500,0.3,9
1,0.005951180802487011,1,500,0.3,9
2,0.0030191464125747195,2,500,0.3,9
3,0.007104399295699489,2,500,0.3,9
4,0.004819267722477073,1,500,0.3,9
5,0.0030518923184687657,1,500,0.3,9
6,0.0014116363206814395,2,500,0.3,9
7,0.0011188248608139302,2,500,0.3,9
8,0.0015808306579518162,2,500,0.3,9
9,0.0003838381812839529,5,500,0.3,9
10,0.0005237036955272103,7,500,0.3,9
11,0.0005819238596780915,6,500,0.3,9
12,0.0021158348585242617,3,500,0.3,9
13,0.0034085950090620566,2,500,0.3,9
14,0.0010830142227781843,1,500,0.3,9
15,0.0017132464885614728,2,500,0.3,9
16,0.0003898036459020291,6,500,0.3,9
17,0.0023788345868576894,3,500,0.3,9
18,0.01006630881368649,0,500,0.3,9
19,0.006590387368993499,2,500,0.3,9
20,0.0012079867600294772,7,500,0.3,9
21,0.0008607964810538005,7,500,0.3,9
22,0.0016417330763254358,4,500,0.3,9
23,0.0016275449947684506,2,500,0.3,9
24,0.00368203807752353,1,500,0.3,9
25,0.004006964612309535,2,500,0.3,9
26,0.006017025262972129,2,500,0.3,9
27,0.003919335624286943,2,500,0.3,9
28,0.006840591770962067,2,500,0.3,9
29,0.027944111776447105,0,500,0.3,9
30,0.0030013277903967513,1,500,0.3,9
31,0.003017179384929318,2,500,0.3,9
32,0.0028698205083554566,1,500,0.3,9
33,0.002114025745883936,2,500,0.3,9
34,0.005065175793456085,4,500,0.3,9
35,0.0019105158349294383,4,500,0.3,9
36,0.0011210236535816249,9,500,0.3,9
37,0.000756850014114686,17,500,0.3,9
38,0.0007542232819883963,15,500,0.3,9
39,0.000655547610140014,10,500,0.3,9
40,0.000532684449684679,2,500,0.3,9
41,0.0017578695853440601,2,500,0.3,9
42,0.011025012590597514,0,500,0.3,9
43,0.00799718508160757,1,500,0.3,9
44,0.002992673850272829,1,500,0.3,9
45,0.009518787220917323,1,500,0.3,9
46,0.012365907630555091,0,500,0.3,9
0,0.007437557483401311,2,500,0.3,11
1,0.00845307640557755,2,500,0.3,11
2,0.00818378193570033,1,500,0.3,11
3,0.008008944362569178,1,500,0.3,11
4,0.006400240816470982,3,500,0.3,11
5,0.00565977669430198,3,500,0.3,11
6,0.002156164814780398,5,500,0.3,11
7,0.0037940707871674823,3,500,0.3,11
8,0.005825988806808207,3,500,0.3,11
9,0.01678293190416138,0,500,0.3,11
10,0.041916167664670656,0,500,0.3,11
11,0.023952095808383235,0,500,0.3,11
12,0.01278822929723173,0,500,0.3,11
13,0.009253794751458842,1,500,0.3,11
14,0.0121386034535437,0,500,0.3,11
15,0.004439434075526333,1,500,0.3,11
16,0.0015128597557274078,4,500,0.3,11
17,0.0008863587360297527,4,500,0.3,11
18,0.001423354900812526,8,500,0.3,11
19,0.0003419493020365946,10,500,0.3,11
20,0.0008706204434625864,6,500,0.3,11
21,0.0022116522948067057,4,500,0.3,11
22,0.0007983507116377728,2,500,0.3,11
23,0.0007825919765793034,4,500,0.3,11
24,0.0004087465857194578,15,500,0.3,11
25,0.0012437262722726481,11,500,0.3,11
26,0.0002738584349299326,7,500,0.3,11
27,0.000837593966110967,4,500,0.3,11
28,0.006266166716985558,2,500,0.3,11
29,0.009104550936285326,1,500,0.3,11
30,0.007226928510684631,1,500,0.3,11
31,0.01251392785554987,0,500,0.3,11
32,0.01935866279509086,0,500,0.3,11
33,0.006643138800137101,1,500,0.3,11
34,0.0010439824193055065,3,500,0.3,11
35,0.005943165220978203,4,500,0.3,11
36,0.002633847319891188,4,500,0.3,11
37,0.013347639128568043,0,500,0.3,11
38,0.0037937992974399074,2,500,0.3,11
39,0.005333536964881568,2,500,0.3,11
40,0.011996547733872556,0,500,0.3,11
41,0.006352485129410727,2,500,0.3,11
42,0.004760803165215112,3,500,0.3,11
43,0.006869568790280743,2,500,0.3,11
44,0.003371416884855641,1,500,0.3,11
45,0.005766834802691956,1,500,0.3,11
46,0.023952095808383235,0,500,0.3,11
0,0.000800982032386793,6,500,0.3,10
1,0.00019776567498349794,30,500,0.3,10
2,0.00010399346082449639,48,500,0.3,10
3,0.00016280933609965836,44,500,0.3,10
4,0.0003486763380049619,33,500,0.3,10
5,8.294583191068708e-05,37,500,0.3,10
6,5.066046292849912e-05,46,500,0.3,10
7,8.237628310163339e-05,43,500,0.3,10
8,0.00031227546342357267,34,500,0.3,10
9,0.0005984872280930956,34,500,0.3,10
10,0.0004166633858880616,36,500,0.3,10
11,0.00024210325805464647,82,500,0.3,10
12,0.00015862277593464566,82,500,0.3,10
13,7.110700107785636e-05,72,500,0.3,10
14,0.00018108384078916004,74,500,0.3,10
15,0.00022118664900889728,66,500,0.3,10
16,6.973250788289267e-05,94,500,0.3,10
17,4.6629323797322346e-05,128,500,0.3,10
18,0.00013862219424361452,70,500,0.3,10
19,0.0002474911964418136,35,500,0.3,10
20,0.0006048696587351203,28,500,0.3,10
21,0.0003960618885365515,21,500,0.3,10
22,0.0003184988802081687,30,500,0.3,10
23,0.0004470302176785748,25,500,0.3,10
24,0.0001843145293387956,36,500,0.3,10
25,0.00025323300347473917,38,500,0.3,10
26,0.0006241791635345134,18,500,0.3,10
27,0.0009539331618085266,23,500,0.3,10
28,0.0007054583947354901,37,500,0.3,10
29,0.0005439124780353754,51,500,0.3,10
30,0.00015506063309122048,85,500,0.3,10
31,0.00019867577268370645,79,500,0.3,10
32,0.00022342687614480125,68,500,0.3,10
33,7.933426682568318e-05,84,500,0.3,10
34,9.644851581829684e-05,95,500,0.3,10
35,8.949367405063546e-05,69,500,0.3,10
36,0.00015299561062607437,41,500,0.3,10
37,0.00026205530878356363,52,500,0.3,10
38,0.0003181390859995138,47,500,0.3,10
39,0.0004500276782317878,46,500,0.3,10
40,0.0006945186517468526,23,500,0.3,10
41,0.0002177500962581892,33,500,0.3,10
42,9.330826441475689e-05,24,500,0.3,10
43,0.00011709648390024151,23,500,0.3,10
44,8.205840063586588e-05,34,500,0.3,10
45,0.00013041092681267835,59,500,0.3,10
46,0.0001169678276858357,125,500,0.3,10
0,0.007642799083448972,2,500,0.3,12
1,0.01841827648711013,0,500,0.3,12
2,0.00415255858380677,6,500,0.3,12
3,0.0018292465556125613,2,500,0.3,12
4,0.0009554003464855832,2,500,0.3,12
5,0.0015795881695627263,4,500,0.3,12
6,0.0021824364906977392,5,500,0.3,12
7,0.0013442612755635139,8,500,0.3,12
8,0.0014244982392893069,6,500,0.3,12
9,0.0012660791266719436,5,500,0.3,12
10,0.001755462943226295,4,500,0.3,12
11,0.00045867092931524916,3,500,0.3,12
12,0.00040681595454264646,2,500,0.3,12
13,0.0006094691083339034,1,500,0.3,12
14,0.0012113984166997648,1,500,0.3,12
15,0.004459898900557829,2,500,0.3,12
16,0.00351536349482312,4,500,0.3,12
17,0.005839261599471064,2,500,0.3,12
18,0.0051472297945652085,3,500,0.3,12
19,0.00012403197238433888,6,500,0.3,12
20,3.032060905540872e-05,9,500,0.3,12
21,0.00013353930365437447,4,500,0.3,12
22,0.00460090294750448,2,500,0.3,12
23,0.01543193298485037,0,500,0.3,12
24,0.011361305207457708,0,500,0.3,12
25,0.01520441419878691,0,500,0.3,12
26,0.006672553361184025,2,500,0.3,12
27,0.00204037364646337,4,500,0.3,12
28,0.0009977573168818794,2,500,0.3,12
29,0.001137058131489763,2,500,0.3,12
30,0.0020102615298785063,8,500,0.3,12
31,0.0022737281438529634,3,500,0.3,12
32,0.0018233771033651866,3,500,0.3,12
33,0.0010414611289351354,5,500,0.3,12
34,0.0019281786113995497,6,500,0.3,12
35,0.003204276085754431,2,500,0.3,12
36,0.03992015968063872,0,500,0.3,12
37,0.0023189771685038787,2,500,0.3,12
38,0.0026257171487496403,2,500,0.3,12
39,0.0019281124923551827,1,500,0.3,12
40,0.002999345526869558,3,500,0.3,12
41,0.0014879628301212745,5,500,0.3,12
42,0.0018426507148666693,8,500,0.3,12
43,0.0023768846466650823,6,500,0.3,12
44,0.007066266045820942,5,500,0.3,12
45,0.010019954549964624,0,500,0.3,12
46,0.002453166270335908,6,500,0.3,12
0,0.00241499657370376,15,500,0.3,14
1,0.004901944097013992,10,500,0.3,14
2,0.01426880170483067,0,500,0.3,14
3,0.033932135728542916,0,500,0.3,14
4,0.033932135728542916,0,500,0.3,14
5,0.0718562874251497,0,500,0.3,14
6,0.031936127744510975,0,500,0.3,14
7,0.01681784057979422,0,500,0.3,14
8,0.01862355117272384,0,500,0.3,14
9,0.012121011296762206,0,500,0.3,14
10,0.011407484718653573,0,500,0.3,14
11,0.016539464218700905,0,500,0.3,14
12,0.01679799469762095,0,500,0.3,14
13,0.016441358522615045,0,500,0.3,14
14,0.031936127744510975,0,500,0.3,14
15,0.004336315639172544,2,500,0.3,14
16,0.005615448689654551,1,500,0.3,14
17,0.005206319876631083,2,500,0.3,14
18,0.003733347725880751,3,500,0.3,14
19,0.008085799864643603,1,500,0.3,14
20,0.0025357411222306273,4,500,0.3,14
21,0.002295065255501866,6,500,0.3,14
22,0.0035126894901882904,4,500,0.3,14
23,0.003476745080517778,2,500,0.3,14
24,0.004557765847561507,2,500,0.3,14
25,0.008688725023693958,1,500,0.3,14
26,0.014488067849961709,0,500,0.3,14
27,0.0031773383909891595,4,500,0.3,14
28,0.0015264293201470557,6,500,0.3,14
29,0.0017493964361710687,4,500,0.3,14
30,0.001758792857005147,5,500,0.3,14
31,0.0014325453764251921,7,500,0.3,14
32,0.002406928205432095,7,500,0.3,14
33,0.0002383885280369238,26,500,0.3,14
34,0.00024593249815480406,35,500,0.3,14
35,0.0008954140912503042,18,500,0.3,14
36,0.0015620773247567348,8,500,0.3,14
37,0.003945518289250295,3,500,0.3,14
38,0.010816131336378208,0,500,0.3,14
39,0.008113706777711739,1,500,0.3,14
40,0.003707860920107076,4,500,0.3,14
41,0.0009056676959049732,5,500,0.3,14
42,0.0001328639716092474,8,500,0.3,14
43,0.00014304170882856694,7,500,0.3,14
44,0.0013682473475034275,3,500,0.3,14
45,0.0031003099848843363,2,500,0.3,14
46,0.006049506041720057,2,500,0.3,14
0,0.08383233532934131,0,500,0.3,13
1,0.016697516900166933,0,500,0.3,13
2,0.013349524478448142,0,500,0.3,13
3,0.006786894712033549,2,500,0.3,13
4,0.010547287590799972,0,500,0.3,13
5,0.0144227614001544,0,500,0.3,13
6,0.041916167664670656,0,500,0.3,13
7,0.06986027944111776,0,500,0.3,13
8,0.03992015968063872,0,500,0.3,13
9,0.023952095808383235,0,500,0.3,13
10,0.008305871730209729,1,500,0.3,13
11,0.006717075928713272,1,500,0.3,13
12,0.0018932055216350921,1,500,0.3,13
13,0.003655450998329238,1,500,0.3,13
14,0.023952095808383235,0,500,0.3,13
15,0.011817518083829186,0,500,0.3,13
16,0.006323581531205093,1,500,0.3,13
17,0.0053585051033843804,1,500,0.3,13
18,0.0033898777076658334,4,500,0.3,13
19,0.009911366912438747,1,500,0.3,13
20,0.005934083906408426,1,500,0.3,13
21,0.008650062781972325,1,500,0.3,13
22,0.00678987689535346,2,500,0.3,13
23,0.0033757296043453455,3,500,0.3,13
24,0.0015888633639476327,2,500,0.3,13
25,0.002337369995734805,2,500,0.3,13
26,0.003395034411940367,2,500,0.3,13
27,0.005972430767796791,1,500,0.3,13
28,0.008879353726548316,1,500,0.3,13
29,0.003350938963958858,2,500,0.3,13
30,0.007876013617833307,2,500,0.3,13
31,0.004056537092133345,2,500,0.3,13
32,0.0025938719779311165,2,500,0.3,13
33,0.004961659728565725,2,500,0.3,13
34,0.005668647382291423,1,500,0.3,13
35,0.0026358858347534345,1,500,0.3,13
36,0.0037079343073950864,1,500,0.3,13
37,0.0013073428128767568,2,500,0.3,13
38,0.0006193984948363825,2,500,0.3,13
39,0.001519056118344752,1,500,0.3,13
40,0.02594810379241517,0,500,0.3,13
41,0.04790419161676647,0,500,0.3,13
42,0.00482362533140655,1,500,0.3,13
43,0.001299593654805845,2,500,0.3,13
44,0.0004863468119953123,6,500,0.3,13
45,0.0015452571478556576,4,500,0.3,13
46,0.003284355097284811,2,500,0.3,13
0,0.011154252953503585,0,500,0.3,15
1,0.0011382500579815906,3,500,0.3,15
2,0.0036488617994823048,3,500,0.3,15
3,0.021956087824351298,0,500,0.3,15
4,0.023952095808383235,0,500,0.3,15
5,0.029940119760479042,0,500,0.3,15
6,0.05389221556886228,0,500,0.3,15
7,0.00870703227259005,1,500,0.3,15
8,0.005357895104724147,3,500,0.3,15
9,0.011945590504224208,0,500,0.3,15
10,0.007809057307235737,2,500,0.3,15
11,0.00784389781289314,1,500,0.3,15
12,0.00095746695131271,2,500,0.3,15
13,0.00014985694349316914,2,500,0.3,15
14,0.00035844469115013606,1,500,0.3,15
15,0.0032219680980321627,1,500,0.3,15
16,0.009052238485597138,2,500,0.3,15
17,0.014257754817031397,0,500,0.3,15
18,0.010865681244017688,0,500,0.3,15
19,0.029940119760479042,0,500,0.3,15
20,0.01462756950284214,0,500,0.3,15
21,0.03792415169660679,0,500,0.3,15
22,0.03992015968063872,0,500,0.3,15
23,0.04590818363273453,0,500,0.3,15
24,0.05788423153692615,0,500,0.3,15
25,0.05788423153692615,0,500,0.3,15
26,0.033932135728542916,0,500,0.3,15
27,0.012362930672677502,0,500,0.3,15
28,0.008297308076315122,1,500,0.3,15
29,0.006118891404549736,1,500,0.3,15
30,0.003718305167947241,1,500,0.3,15
31,0.011470817933048735,0,500,0.3,15
32,0.01202827879497378,0,500,0.3,15
33,0.07784431137724551,0,500,0.3,15
34,0.033932135728542916,0,500,0.3,15
35,0.03592814371257485,0,500,0.3,15
36,0.03792415169660679,0,500,0.3,15
37,0.05588822355289421,0,500,0.3,15
38,0.11776447105788423,0,500,0.3,15
39,0.10379241516966067,0,500,0.3,15
40,0.06387225548902195,0,500,0.3,15
41,0.031936127744510975,0,500,0.3,15
42,0.10179640718562874,0,500,0.3,15
43,0.031936127744510975,0,500,0.3,15
44,0.027944111776447105,0,500,0.3,15
45,0.0017788184297439652,3,500,0.3,15
46,0.0017740404348697372,8,500,0.3,15
0,0.18163672654690619,0,500,0.6,0
1,0.0499001996007984,0,500,0.6,0
2,0.019932256282678446,0,500,0.6,0
3,0.06187624750499002,0,500,0.6,0
4,0.04590818363273453,0,500,0.6,0
5,0.08582834331337326,0,500,0.6,0
6,0.17564870259481039,0,500,0.6,0
7,0.2954091816367265,0,500,0.6,0
8,0.08383233532934131,0,500,0.6,0
9,0.05389221556886228,0,500,0.6,0
10,0.0035405362236006297,3,500,0.6,0
11,0.00896423302101,1,500,0.6,0
12,0.00828568798191813,1,500,0.6,0
13,0.009715869143440315,1,500,0.6,0
14,0.08582834331337326,0,500,0.6,0
15,0.0998003992015968,0,500,0.6,0
16,0.19760479041916168,0,500,0.6,0
17,0.18562874251497005,0,500,0.6,0
18,0.15169660678642716,0,500,0.6,0
19,0.0718562874251497,0,500,0.6,0
20,0.04790419161676647,0,500,0.6,0
21,0.04590818363273453,0,500,0.6,0
22,0.14171656686626746,0,500,0.6,0
23,0.20758483033932135,0,500,0.6,0
24,0.11377245508982035,0,500,0.6,0
25,0.029940119760479042,0,500,0.6,0
26,0.09780439121756487,0,500,0.6,0
27,0.0718562874251497,0,500,0.6,0
28,0.033932135728542916,0,500,0.6,0
29,0.005958485056404907,2,500,0.6,0
30,0.002665377867939598,1,500,0.6,0
31,0.01646467398216281,0,500,0.6,0
32,0.016488350272042398,0,500,0.6,0
33,0.09381237524950099,0,500,0.6,0
34,0.0658682634730539,0,500,0.6,0
35,0.003000524772274811,4,500,0.6,0
36,0.0056318794530484766,3,500,0.6,0
37,0.008133091159172238,1,500,0.6,0
38,0.007345258712399165,2,500,0.6,0
39,0.01270771182258569,0,500,0.6,0
40,0.001872776435882078,2,500,0.6,0
41,0.003661017667070281,2,500,0.6,0
42,0.06187624750499002,0,500,0.6,0
43,0.03592814371257485,0,500,0.6,0
44,0.029940119760479042,0,500,0.6,0
45,0.006597168741310125,2,500,0.6,0
46,0.03592814371257485,0,500,0.6,0
0,0.033932135728542916,0,500,0.6,2
1,0.043912175648702596,0,500,0.6,2
2,0.027944111776447105,0,500,0.6,2
3,0.018926183798933717,0,500,0.6,2
4,0.010006215423497288,0,500,0.6,2
5,0.0074060392212096544,2,500,0.6,2
6,0.0027761208340995355,9,500,0.6,2
7,0.004054993692574385,3,500,0.6,2
8,0.007323591255418123,1,500,0.6,2
9,0.2694610778443114,0,500,0.6,2
10,0.08582834331337326,0,500,0.6,2
11,0.08183632734530938,0,500,0.6,2
12,0.0015383342878191742,1,500,0.6,2
13,0.012230032452639412,0,500,0.6,2
14,0.043912175648702596,0,500,0.6,2
15,0.03992015968063872,0,500,0.6,2
16,0.06786427145708583,0,500,0.6,2
17,0.00248923516310747,5,500,0.6,2
18,0.0017553945149452691,3,500,0.6,2
19,0.004836821863096955,2,500,0.6,2
20,0.0021767659999103765,5,500,0.6,2
21,0.0024287615708183793,4,500,0.6,2
22,0.00022697896947669572,5,500,0.6,2
23,0.0007607003357176852,5,500,0.6,2
24,0.0008124382159990836,7,500,0.6,2
25,0.0045911729238798426,4,500,0.6,2
26,0.0009609351697010868,9,500,0.6,2
27,0.0030428771630453704,4,500,0.6,2
28,0.00549700229218706,3,500,0.6,2
29,0.0004858699688220965,16,500,0.6,2
30,5.795617653373407e-05,26,500,0.6,2
31,0.00010283372230971867,42,500,0.6,2
32,0.00011737099086184128,44,500,0.6,2
33,6.949908765688145e-05,21,500,0.6,2
34,0.0005615730269200299,10,500,0.6,2
35,0.001977498157020436,5,500,0.6,2
36,0.015030050514999152,0,500,0.6,2
37,0.008038467951561294,1,500,0.6,2
38,0.00017113803032079198,4,500,0.6,2
39,2.101579962693137e-05,27,500,0.6,2
40,0.0003031640747490626,11,500,0.6,2
41,0.001266226742769853,4,500,0.6,2
42,0.031936127744510975,0,500,0.6,2
43,0.031936127744510975,0,500,0.6,2
44,0.0007215855743237295,7,500,0.6,2
45,1.4028097302246156e-05,66,500,0.6,2
46,7.80325929117688e-05,61,500,0.6,2
0,0.001668642852638808,2,500,0.6,1
1,9.066362240579611e-05,53,500,0.6,1
2,5.085388234740944e-05,80,500,0.6,1
3,0.00012413743619861135,52,500,0.6,1
4,0.0007754485364738202,5,500,0.6,1
5,0.0028397685250868745,4,500,0.6,1
6,0.002314100744256463,4,500,0.6,1
7,0.004476833498558887,5,500,0.6,1
8,0.0012637309880908993,25,500,0.6,1
9,9.683594540365622e-05,42,500,0.6,1
10,4.312537133986953e-06,98,500,0.6,1
11,1.2462762396011333e-06,61,500,0.6,1
12,2.9332216357859386e-05,45,500,0.6,1
13,0.0001328690622525429,32,500,0.6,1
14,0.0002201523439457839,40,500,0.6,1
15,3.3609580078944354e-05,126,500,0.6,1
16,1.0143038180196065e-05,171,500,0.6,1
17,2.9044949297634054e-06,231,500,0.6,1
18,4.373254353715557e-06,189,500,0.6,1
19,1.1076265705478358e-05,86,500,0.6,1
20,5.105086656704991e-05,48,500,0.6,1
21,0.0009113777616812853,10,500,0.6,1
22,5.345451912297667e-06,99,500,0.6,1
23,3.80944095790962e-06,106,500,0.6,1
24,1.975516560111421e-05,73,500,0.6,1
25,0.0001209142774236661,32,500,0.6,1
26,0.00038811197267358687,65,500,0.6,1
27,0.00044534210038297986,59,500,0.6,1
28,9.87478845491833e-05,90,500,0.6,1
29,6.786883872550942e-05,85,500,0.6,1
30,6.3237224098265885e-06,166,500,0.6,1
31,6.02478433043153e-05,68,500,0.6,1
32,0.00012003399189182006,20,500,0.6,1
33,0.0020620426041098334,4,500,0.6,1
34,0.004836015823183527,4,500,0.6,1
35,0.0008867258584603884,4,500,0.6,1
36,0.0003972647269938133,5,500,0.6,1
37,0.00026768308273148177,28,500,0.6,1
38,0.00011049363178219031,55,500,0.6,1
39,8.806850380820777e-06,107,500,0.6,1
40,6.132210699744508e-05,45,500,0.6,1
41,3.505429026882787e-05,34,500,0.6,1
42,2.264717197610874e-05,58,500,0.6,1
43,2.8495281005044724e-05,51,500,0.6,1
44,0.0005925996919824059,22,500,0.6,1
45,0.0008023894158196918,8,500,0.6,1
46,0.011068828603416021,0,500,0.6,1
0,0.012955420651013237,0,500,0.6,3
1,0.00557598916250026,5,500,0.6,3
2,0.002950860201774993,8,500,0.6,3
3,0.0010292918874978748,8,500,0.6,3
4,0.0027175176200441224,5,500,0.6,3
5,0.04790419161676647,0,500,0.6,3
6,0.023952095808383235,0,500,0.6,3
7,0.027944111776447105,0,500,0.6,3
8,0.027944111776447105,0,500,0.6,3
9,0.004973843897462373,2,500,0.6,3
10,0.006247559723203019,4,500,0.6,3
11,0.011314828165465488,0,500,0.6,3
12,0.007412548609806004,3,500,0.6,3
13,0.0024612055196275005,5,500,0.6,3
14,0.002776496781989742,5,500,0.6,3
15,0.011001474686853238,0,500,0.6,3
16,0.04790419161676647,0,500,0.6,3
17,0.021956087824351298,0,500,0.6,3
18,0.011651456641339299,0,500,0.6,3
19,0.003899251469729266,7,500,0.6,3
20,0.006970342873561564,1,500,0.6,3
21,0.018139240030491197,0,500,0.6,3
22,0.07385229540918163,0,500,0.6,3
23,0.08782435129740519,0,500,0.6,3
24,0.0499001996007984,0,500,0.6,3
25,0.04790419161676647,0,500,0.6,3
26,0.014852562203236472,0,500,0.6,3
27,0.012211853838259387,0,500,0.6,3
28,0.01141526812070319,0,500,0.6,3
29,0.013433224787503133,0,500,0.6,3
30,0.021956087824351298,0,500,0.6,3
31,0.05588822355289421,0,500,0.6,3
32,0.06187624750499002,0,500,0.6,3
33,0.03792415169660679,0,500,0.6,3
34,0.033932135728542916,0,500,0.6,3
35,0.07385229540918163,0,500,0.6,3
36,0.0153683296534192,0,500,0.6,3
37,0.023952095808383235,0,500,0.6,3
38,0.027944111776447105,0,500,0.6,3
39,0.021956087824351298,0,500,0.6,3
40,0.06387225548902195,0,500,0.6,3
41,0.03792415169660679,0,500,0.6,3
42,0.027944111776447105,0,500,0.6,3
43,0.004433690998935492,1,500,0.6,3
44,0.013011263869770676,0,500,0.6,3
45,0.019099210020224695,0,500,0.6,3
46,0.021956087824351298,0,500,0.6,3
0,0.0036643366856807173,4,500,0.6,4
1,0.09580838323353294,0,500,0.6,4
2,0.1377245508982036,0,500,0.6,4
3,0.1217564870259481,0,500,0.6,4
4,0.09580838323353294,0,500,0.6,4
5,0.043912175648702596,0,500,0.6,4
6,0.05588822355289421,0,500,0.6,4
7,0.09780439121756487,0,500,0.6,4
8,0.07385229540918163,0,500,0.6,4
9,0.0718562874251497,0,500,0.6,4
10,0.0718562874251497,0,500,0.6,4
11,0.041916167664670656,0,500,0.6,4
12,0.006131479631050343,1,500,0.6,4
13,0.0016427453636495126,2,500,0.6,4
14,0.001982344427480641,4,500,0.6,4
15,0.007954598615536157,1,500,0.6,4
16,0.05389221556886228,0,500,0.6,4
17,0.09780439121756487,0,500,0.6,4
18,0.18562874251497005,0,500,0.6,4
19,0.10778443113772455,0,500,0.6,4
20,0.03592814371257485,0,500,0.6,4
21,0.029940119760479042,0,500,0.6,4
22,0.029940119760479042,0,500,0.6,4
23,0.029940119760479042,0,500,0.6,4
24,0.03992015968063872,0,500,0.6,4
25,0.03992015968063872,0,500,0.6,4
26,0.03592814371257485,0,500,0.6,4
27,0.027944111776447105,0,500,0.6,4
28,0.05389221556886228,0,500,0.6,4
29,0.059880239520958084,0,500,0.6,4
30,0.07385229540918163,0,500,0.6,4
31,0.0499001996007984,0,500,0.6,4
32,0.014393564232845,0,500,0.6,4
33,0.02594810379241517,0,500,0.6,4
34,0.041916167664670656,0,500,0.6,4
35,0.04790419161676647,0,500,0.6,4
36,0.004831575033701158,1,500,0.6,4
37,0.002777952490495689,5,500,0.6,4
38,0.003647944033661333,4,500,0.6,4
39,0.004730573496890251,5,500,0.6,4
40,0.002626291219739939,2,500,0.6,4
41,0.00473748349146157,2,500,0.6,4
42,0.006620079742130709,1,500,0.6,4
43,0.007610721880881747,2,500,0.6,4
44,0.006658621621590495,2,500,0.6,4
45,0.011324061822774263,0,500,0.6,4
46,0.008911867591955868,1,500,0.6,4
0,0.001889376574693625,9,500,0.6,7
1,0.004124076558490317,6,500,0.6,7
2,0.031936127744510975,0,500,0.6,7
3,0.005637137101279617,1,500,0.6,7
4,0.0006128751814600132,4,500,0.6,7
5,0.000520362700922173,9,500,0.6,7
6,3.189353557367573e-05,73,500,0.6,7
7,3.1881727910141215e-05,75,500,0.6,7
8,0.00018409738336678941,25,500,0.6,7
9,0.0002922413536017654,59,500,0.6,7
10,0.00042604126058900924,69,500,0.6,7
11,0.0008277316099678486,42,500,0.6,7
12,0.00018132566346893493,123,500,0.6,7
13,0.0003809545907670732,71,500,0.6,7
14,0.0012689789739375804,15,500,0.6,7
15,0.0019230422396501552,32,500,0.6,7
16,0.00021129968199515075,63,500,0.6,7
17,0.00012992849848131313,54,500,0.6,7
18,2.9105160132502253e-05,119,500,0.6,7
19,6.906385531745735e-05,51,500,0.6,7
20,0.0009465545967759946,41,500,0.6,7
21,0.0003913595131491775,40,500,0.6,7
22,0.0002813831152285909,63,500,0.6,7
23,0.00013107576970506336,141,500,0.6,7
24,0.00044779596793591395,90,500,0.6,7
25,0.0005777043931448603,45,500,0.6,7
26,0.0008362778263771086,26,500,0.6,7
27,0.0007232422197601788,23,500,0.6,7
28,9.014935029684067e-05,109,500,0.6,7
29,2.7952725609097485e-05,209,500,0.6,7
30,0.0001001025118560317,175,500,0.6,7
31,0.00027378896449800036,130,500,0.6,7
32,0.0008956067892311083,39,500,0.6,7
33,0.0013432085287484279,20,500,0.6,7
34,0.0009460783894032561,32,500,0.6,7
35,0.00021068343673925723,44,500,0.6,7
36,0.0003164060081125624,54,500,0.6,7
37,0.00030737874900981215,87,500,0.6,7
38,3.704938580002634e-05,186,500,0.6,7
39,8.761206442421806e-05,128,500,0.6,7
40,0.003349831754242187,16,500,0.6,7
41,0.0041370995793680865,13,500,0.6,7
42,0.0035823286203066533,6,500,0.6,7
43,0.0009565682218193208,9,500,0.6,7
44,0.0009987742623852843,7,500,0.6,7
45,0.00034944478732710284,41,500,0.6,7
46,0.0003187694434991505,57,500,0.6,7
0,0.07584830339321358,0,500,0.6,6
1,0.04590818363273453,0,500,0.6,6
2,0.033932135728542916,0,500,0.6,6
3,0.03992015968063872,0,500,0.6,6
4,0.06986027944111776,0,500,0.6,6
5,0.031936127744510975,0,500,0.6,6
6,0.05389221556886228,0,500,0.6,6
7,0.013004194488363346,0,500,0.6,6
8,0.0499001996007984,0,500,0.6,6
9,0.043912175648702596,0,500,0.6,6
10,0.0017958676076629714,1,500,0.6,6
11,0.001813823960422863,1,500,0.6,6
12,0.000889929352204392,3,500,0.6,6
13,0.0011359947917234192,3,500,0.6,6
14,0.004065462647581526,2,500,0.6,6
15,0.003066441175244659,2,500,0.6,6
16,0.0038618340283623196,1,500,0.6,6
17,0.008797708988163245,1,500,0.6,6
18,0.008980044415129992,1,500,0.6,6
19,0.02594810379241517,0,500,0.6,6
20,0.05788423153692615,0,500,0.6,6
21,0.08582834331337326,0,500,0.6,6
22,0.14171656686626746,0,500,0.6,6
23,0.17964071856287425,0,500,0.6,6
24,0.05189620758483034,0,500,0.6,6
25,0.027944111776447105,0,500,0.6,6
26,0.059880239520958084,0,500,0.6,6
27,0.007902444220216387,1,500,0.6,6
28,0.009355338005356675,1,500,0.6,6
29,0.03592814371257485,0,500,0.6,6
30,0.01433703016689429,0,500,0.6,6
31,0.010121634110305429,0,500,0.6,6
32,0.027944111776447105,0,500,0.6,6
33,0.027944111776447105,0,500,0.6,6
34,0.01294293981110236,0,500,0.6,6
35,0.0038764914262636877,3,500,0.6,6
36,0.003999847431216567,3,500,0.6,6
37,0.004613713458326859,1,500,0.6,6
38,0.009620896380362993,1,500,0.6,6
39,0.03992015968063872,0,500,0.6,6
40,0.043912175648702596,0,500,0.6,6
41,0.11377245508982035,0,500,0.6,6
42,0.16367265469061876,0,500,0.6,6
43,0.12375249500998003,0,500,0.6,6
44,0.033932135728542916,0,500,0.6,6
45,0.043912175648702596,0,500,0.6,6
46,0.05189620758483034,0,500,0.6,6
0,0.0028274721097723944,6,500,0.6,5
1,0.0006643758750554896,40,500,0.6,5
2,0.00115307982463464,22,500,0.6,5
3,0.002050922873020841,20,500,0.6,5
4,0.002104757940175705,20,500,0.6,5
5,0.0012153790269745267,30,500,0.6,5
6,0.000864350287654195,19,500,0.6,5
7,0.0007864901023963502,45,500,0.6,5
8,0.00048591863521900305,83,500,0.6,5
9,0.000555465043812237,65,500,0.6,5
10,0.00042683319832230026,70,500,0.6,5
11,0.0008959139629258763,29,500,0.6,5
12,0.002314683766921409,10,500,0.6,5
13,0.0014526321130576543,15,500,0.6,5
14,0.0008701747295672164,25,500,0.6,5
15,0.0009383604738181363,44,500,0.6,5
16,0.0019025186435190308,19,500,0.6,5
17,0.000587691575902929,39,500,0.6,5
18,0.00677121825810349,5,500,0.6,5
19,0.0018750583550285215,12,500,0.6,5
20,0.00048063741583412,8,500,0.6,5
21,0.001281670554066524,14,500,0.6,5
22,0.0019765622386530494,15,500,0.6,5
23,0.0007419229459772416,13,500,0.6,5
24,0.0011297576568231984,18,500,0.6,5
25,0.0005565091950926255,28,500,0.6,5
26,0.00036036922887442606,44,500,0.6,5
27,9.27400132414125e-05,71,500,0.6,5
28,0.00032237088272815716,33,500,0.6,5
29,0.0011627407424392967,11,500,0.6,5
30,0.0032403961718182857,5,500,0.6,5
31,0.0015229561058705291,8,500,0.6,5
32,0.0007627749419737358,44,500,0.6,5
33,0.0003065883208344137,110,500,0.6,5
34,7.296894627471211e-05,118,500,0.6,5
35,9.491463346073837e-05,86,500,0.6,5
36,0.00015610799375546637,71,500,0.6,5
37,0.00026051274625808415,71,500,0.6,5
38,0.0004717676875777967,41,500,0.6,5
39,0.0003475155812344298,33,500,0.6,5
40,0.0006315908667472464,16,500,0.6,5
41,0.00237915964133664,5,500,0.6,5
42,0.0011602385283652295,46,500,0.6,5
43,0.0005685741815624,49,500,0.6,5
44,0.0004760726890053118,32,500,0.6,5
45,0.0003607074714203524,22,500,0.6,5
46,0.0006907856413485144,18,500,0.6,5
0,0.008449704379374368,2,500,0.6,8
1,0.0010558005862346344,15,500,0.6,8
2,0.0009443413442159787,19,500,0.6,8
3,0.008382854884801555,2,500,0.6,8
4,0.007609105436265433,1,500,0.6,8
5,0.027944111776447105,0,500,0.6,8
6,0.06187624750499002,0,500,0.6,8
7,0.07784431137724551,0,500,0.6,8
8,0.07584830339321358,0,500,0.6,8
9,0.059880239520958084,0,500,0.6,8
10,0.03992015968063872,0,500,0.6,8
11,0.05588822355289421,0,500,0.6,8
12,0.029940119760479042,0,500,0.6,8
13,0.006725217538825869,1,500,0.6,8
14,0.0034544542034758135,3,500,0.6,8
15,0.003720572519607133,6,500,0.6,8
16,0.004676814619654104,1,500,0.6,8
17,0.009751438449192653,1,500,0.6,8
18,0.011195848861437766,0,500,0.6,8
19,0.01861332000379356,0,500,0.6,8
20,0.02594810379241517,0,500,0.6,8
21,0.02594810379241517,0,500,0.6,8
22,0.04590818363273453,0,500,0.6,8
23,0.014198255418645942,0,500,0.6,8
24,0.012169545912797614,0,500,0.6,8
25,0.011938380425987292,0,500,0.6,8
26,0.004794684817886188,10,500,0.6,8
27,0.0013969233639212868,18,500,0.6,8
28,0.0015026475237085767,18,500,0.6,8
29,0.0012669499371867376,18,500,0.6,8
30,0.0011323620662877542,24,500,0.6,8
31,0.0032694402649942863,11,500,0.6,8
32,0.0035816694806428914,5,500,0.6,8
33,0.006028513764591268,1,500,0.6,8
34,0.00455975388425867,1,500,0.6,8
35,0.00299719866887598,6,500,0.6,8
36,0.0031783400726772917,6,500,0.6,8
37,0.003944009965939177,3,500,0.6,8
38,0.0036546200547016836,4,500,0.6,8
39,0.005036869741503261,3,500,0.6,8
40,0.019273693050951557,0,500,0.6,8
41,0.03992015968063872,0,500,0.6,8
42,0.018187911972478005,0,500,0.6,8
43,0.020137358410281296,0,500,0.6,8
44,0.021956087824351298,0,500,0.6,8
45,0.03592814371257485,0,500,0.6,8
46,0.021956087824351298,0,500,0.6,8
0,0.033932135728542916,0,500,0.6,9
1,0.04590818363273453,0,500,0.6,9
2,0.019542983482793166,0,500,0.6,9
3,0.05189620758483034,0,500,0.6,9
4,0.031936127744510975,0,500,0.6,9
5,0.016263973066526854,0,500,0.6,9
6,0.009422457073252781,1,500,0.6,9
7,0.007875131502395796,1,500,0.6,9
8,0.009491425069610785,1,500,0.6,9
9,0.003951614693405636,1,500,0.6,9
10,0.0036577166081505925,1,500,0.6,9
11,0.0033003920494443957,1,500,0.6,9
12,0.00964564679170209,1,500,0.6,9
13,0.014797988478598496,0,500,0.6,9
14,0.023952095808383235,0,500,0.6,9
15,0.031936127744510975,0,500,0.6,9
16,0.007370613493964218,1,500,0.6,9
17,0.01624699448797895,0,500,0.6,9
18,0.04790419161676647,0,500,0.6,9
19,0.041916167664670656,0,500,0.6,9
20,0.004894222730896743,3,500,0.6,9
21,0.005405852721974629,1,500,0.6,9
22,0.009434896138328708,1,500,0.6,9
23,0.02340846270178642,0,500,0.6,9
24,0.0718562874251497,0,500,0.6,9
25,0.03792415169660679,0,500,0.6,9
26,0.06786427145708583,0,500,0.6,9
27,0.05389221556886228,0,500,0.6,9
28,0.0718562874251497,0,500,0.6,9
29,0.20758483033932135,0,500,0.6,9
30,0.021956087824351298,0,500,0.6,9
31,0.029940119760479042,0,500,0.6,9
32,0.07984031936127745,0,500,0.6,9
33,0.03992015968063872,0,500,0.6,9
34,0.03792415169660679,0,500,0.6,9
35,0.009040099050303002,1,500,0.6,9
36,0.003415166169989703,4,500,0.6,9
37,0.0018498721970300553,13,500,0.6,9
38,0.0026265530114167714,9,500,0.6,9
39,0.0032206992939403673,5,500,0.6,9
40,0.00833357662501898,1,500,0.6,9
41,0.029940119760479042,0,500,0.6,9
42,0.059880239520958084,0,500,0.6,9
43,0.06387225548902195,0,500,0.6,9
44,0.03792415169660679,0,500,0.6,9
45,0.07584830339321358,0,500,0.6,9
46,0.0998003992015968,0,500,0.6,9
0,0.0022535993577269486,5,500,0.6,10
1,0.0010003072706239948,35,500,0.6,10
2,0.0006931646108755173,66,500,0.6,10
3,0.0003459655504576037,62,500,0.6,10
4,0.0008727966483004587,36,500,0.6,10
5,0.000842348981172948,49,500,0.6,10
6,6.929063075170821e-05,61,500,0.6,10
7,0.00019549788667524434,52,500,0.6,10
8,0.0007990123531041708,35,500,0.6,10
9,0.0008973364436964416,41,500,0.6,10
10,0.001436984261762563,36,500,0.6,10
11,0.00014639611699124758,119,500,0.6,10
12,8.909429542214315e-05,142,500,0.6,10
13,3.6482477124811686e-05,161,500,0.6,10
14,0.00011598530599088379,123,500,0.6,10
15,9.542685013389803e-05,105,500,0.6,10
16,3.1840701777603186e-05,162,500,0.6,10
17,2.074421095193165e-05,245,500,0.6,10
18,0.0001219551285567909,98,500,0.6,10
19,0.00036472691546624947,34,500,0.6,10
20,0.0007633116878240191,28,500,0.6,10
21,0.0005105391435778881,20,500,0.6,10
22,0.00036786786365314533,37,500,0.6,10
23,0.0006623611284765617,22,500,0.6,10
24,0.00019364485709264098,46,500,0.6,10
25,0.0004651808054290668,42,500,0.6,10
26,0.0034738817645709563,13,500,0.6,10
27,0.0026443043196897097,14,500,0.6,10
28,0.0006594488465833399,53,500,0.6,10
29,0.0004715584211789494,81,500,0.6,10
30,8.042110048389319e-05,159,500,0.6,10
31,0.0001377006127692436,131,500,0.6,10
32,0.0002403874366201023,92,500,0.6,10
33,8.599024153718993e-05,146,500,0.6,10
34,0.00013573380624561925,148,500,0.6,10
35,0.0004200792421938546,89,500,0.6,10
36,0.0007085718005732445,48,500,0.6,10
37,0.0002899079795309757,80,500,0.6,10
38,0.0005696308429589422,63,500,0.6,10
39,0.000896216620831249,57,500,0.6,10
40,0.0013725774683626475,17,500,0.6,10
41,0.00029332970765074643,37,500,0.6,10
42,0.00018836702082500065,28,500,0.6,10
43,0.00021340296817839663,29,500,0.6,10
44,0.0001660223925342041,41,500,0.6,10
45,0.0001440434211360332,123,500,0.6,10
46,5.838648134803776e-05,253,500,0.6,10
0,0.003991551155565822,1,500,0.6,11
1,0.004460365905238521,1,500,0.6,11
2,0.021956087824351298,0,500,0.6,11
3,0.06387225548902195,0,500,0.6,11
4,0.024941619743903656,0,500,0.6,11
5,0.03792415169660679,0,500,0.6,11
6,0.0188629174568629,0,500,0.6,11
7,0.021956087824351298,0,500,0.6,11
8,0.021956087824351298,0,500,0.6,11
9,0.07784431137724551,0,500,0.6,11
10,0.15568862275449102,0,500,0.6,11
11,0.08782435129740519,0,500,0.6,11
12,0.0499001996007984,0,500,0.6,11
13,0.06387225548902195,0,500,0.6,11
14,0.08982035928143713,0,500,0.6,11
15,0.05788423153692615,0,500,0.6,11
16,0.005856358536612956,1,500,0.6,11
17,0.0033668602103192817,2,500,0.6,11
18,0.002434714463911707,3,500,0.6,11
19,0.00038750321366185436,4,500,0.6,11
20,0.0026118055382466235,1,500,0.6,11
21,0.009747225114802522,1,500,0.6,11
22,0.004932530803603132,1,500,0.6,11
23,0.003937753463797605,1,500,0.6,11
24,0.0008523779741061452,6,500,0.6,11
25,0.004398346406600436,4,500,0.6,11
26,0.0025387640291204884,3,500,0.6,11
27,0.005452140408275192,1,500,0.6,11
28,0.031936127744510975,0,500,0.6,11
29,0.04790419161676647,0,500,0.6,11
30,0.059880239520958084,0,500,0.6,11
31,0.16167664670658682,0,500,0.6,11
32,0.21157684630738524,0,500,0.6,11
33,0.027944111776447105,0,500,0.6,11
34,0.002560914547761228,1,500,0.6,11
35,0.008624736690459727,1,500,0.6,11
36,0.013741528334713277,0,500,0.6,11
37,0.03592814371257485,0,500,0.6,11
38,0.033932135728542916,0,500,0.6,11
39,0.03992015968063872,0,500,0.6,11
40,0.05788423153692615,0,500,0.6,11
41,0.043912175648702596,0,500,0.6,11
42,0.043912175648702596,0,500,0.6,11
43,0.03992015968063872,0,500,0.6,11
44,0.03592814371257485,0,500,0.6,11
45,0.05788423153692615,0,500,0.6,11
46,0.08982035928143713,0,500,0.6,11
0,0.021956087824351298,0,500,0.6,12
1,0.04590818363273453,0,500,0.6,12
2,0.02060360450986392,0,500,0.6,12
3,0.015005559641111036,0,500,0.6,12
4,0.008154126245111677,1,500,0.6,12
5,0.013824566506462849,0,500,0.6,12
6,0.013911632081469921,0,500,0.6,12
7,0.0076314690847012895,2,500,0.6,12
8,0.005888236988427373,2,500,0.6,12
9,0.007550895539075947,1,500,0.6,12
10,0.010829124189516225,0,500,0.6,12
11,0.021956087824351298,0,500,0.6,12
12,0.01942477877549643,0,500,0.6,12
13,0.02594810379241517,0,500,0.6,12
14,0.03592814371257485,0,500,0.6,12
15,0.05588822355289421,0,500,0.6,12
16,0.03992015968063872,0,500,0.6,12
17,0.05389221556886228,0,500,0.6,12
18,0.04590818363273453,0,500,0.6,12
19,0.0019136071523363563,3,500,0.6,12
20,0.0006216454069505276,1,500,0.6,12
21,0.003326023388638,1,500,0.6,12
22,0.0658682634730539,0,500,0.6,12
23,0.0998003992015968,0,500,0.6,12
24,0.05389221556886228,0,500,0.6,12
25,0.04790419161676647,0,500,0.6,12
26,0.03992015968063872,0,500,0.6,12
27,0.012456496981527176,0,500,0.6,12
28,0.007517657246482371,1,500,0.6,12
29,0.006338037218432476,1,500,0.6,12
30,0.007167774470138714,2,500,0.6,12
31,0.023952095808383235,0,500,0.6,12
32,0.023952095808383235,0,500,0.6,12
33,0.013420271219759203,0,500,0.6,12
34,0.012229428409695016,0,500,0.6,12
35,0.02273622477689417,0,500,0.6,12
36,0.22954091816367264,0,500,0.6,12
37,0.03592814371257485,0,500,0.6,12
38,0.03592814371257485,0,500,0.6,12
39,0.031936127744510975,0,500,0.6,12
40,0.033932135728542916,0,500,0.6,12
41,0.008812443394934597,1,500,0.6,12
42,0.004755959197007271,5,500,0.6,12
43,0.006862318766061088,5,500,0.6,12
44,0.006275332173051144,1,500,0.6,12
45,0.059880239520958084,0,500,0.6,12
46,0.013599001699694824,0,500,0.6,12
0,0.004048488531035718,8,500,0.6,14
1,0.009903688842954441,1,500,0.6,14
2,0.0206343051309005,0,500,0.6,14
3,0.1317365269461078,0,500,0.6,14
4,0.1437125748502994,0,500,0.6,14
5,0.3652694610778443,0,500,0.6,14
6,0.06387225548902195,0,500,0.6,14
7,0.0718562874251497,0,500,0.6,14
8,0.07584830339321358,0,500,0.6,14
9,0.0658682634730539,0,500,0.6,14
10,0.0499001996007984,0,500,0.6,14
11,0.07984031936127745,0,500,0.6,14
12,0.07984031936127745,0,500,0.6,14
13,0.07984031936127745,0,500,0.6,14
14,0.0998003992015968,0,500,0.6,14
15,0.027944111776447105,0,500,0.6,14
16,0.06187624750499002,0,500,0.6,14
17,0.03792415169660679,0,500,0.6,14
18,0.04590818363273453,0,500,0.6,14
19,0.05788423153692615,0,500,0.6,14
20,0.008958659730665312,1,500,0.6,14
21,0.0071353793448279265,2,500,0.6,14
22,0.013151550815648791,0,500,0.6,14
23,0.031936127744510975,0,500,0.6,14
24,0.015721408484185847,0,500,0.6,14
25,0.023952095808383235,0,500,0.6,14
26,0.02594810379241517,0,500,0.6,14
27,0.005090007670639267,1,500,0.6,14
28,0.0037849491163519447,3,500,0.6,14
29,0.0069885498276001795,1,500,0.6,14
30,0.006694226990869197,2,500,0.6,14
31,0.004687386000777673,2,500,0.6,14
32,0.008000258611032585,1,500,0.6,14
33,0.00041731052071394305,21,500,0.6,14
34,0.0004181744347678461,36,500,0.6,14
35,0.0015180812235892117,9,500,0.6,14
36,0.0033002236645030673,4,500,0.6,14
37,0.010936192021386792,0,500,0.6,14
38,0.059880239520958084,0,500,0.6,14
39,0.0499001996007984,0,500,0.6,14
40,0.010934690516142207,0,500,0.6,14
41,0.002610610313746202,1,500,0.6,14
42,0.0021251149872565907,4,500,0.6,14
43,0.0019467121857405457,4,500,0.6,14
44,0.010561784560054757,0,500,0.6,14
45,0.021956087824351298,0,500,0.6,14
46,0.043912175648702596,0,500,0.6,14
0,0.37924151696606784,0,500,0.6,13
1,0.16766467065868262,0,500,0.6,13
2,0.05389221556886228,0,500,0.6,13
3,0.029940119760479042,0,500,0.6,13
4,0.0499001996007984,0,500,0.6,13
5,0.07584830339321358,0,500,0.6,13
6,0.17165668662674652,0,500,0.6,13
7,0.30538922155688625,0,500,0.6,13
8,0.31137724550898205,0,500,0.6,13
9,0.1377245508982036,0,500,0.6,13
10,0.05788423153692615,0,500,0.6,13
11,0.0718562874251497,0,500,0.6,13
12,0.05588822355289421,0,500,0.6,13
13,0.10179640718562874,0,500,0.6,13
14,0.09580838323353294,0,500,0.6,13
15,0.03592814371257485,0,500,0.6,13
16,0.023952095808383235,0,500,0.6,13
17,0.012302189338455491,0,500,0.6,13
18,0.004415181491538782,3,500,0.6,13
19,0.03592814371257485,0,500,0.6,13
20,0.03592814371257485,0,500,0.6,13
21,0.04790419161676647,0,500,0.6,13
22,0.019023700765388715,0,500,0.6,13
23,0.02124774925003009,0,500,0.6,13
24,0.031936127744510975,0,500,0.6,13
25,0.020155140299083885,0,500,0.6,13
26,0.06387225548902195,0,500,0.6,13
27,0.08982035928143713,0,500,0.6,13
28,0.09580838323353294,0,500,0.6,13
29,0.017953167197356096,0,500,0.6,13
30,0.021956087824351298,0,500,0.6,13
31,0.002381656577974251,1,500,0.6,13
32,0.003805974340298813,1,500,0.6,13
33,0.03792415169660679,0,500,0.6,13
34,0.09381237524950099,0,500,0.6,13
35,0.0718562874251497,0,500,0.6,13
36,0.04590818363273453,0,500,0.6,13
37,0.004195558689065287,2,500,0.6,13
38,0.006281817178392535,1,500,0.6,13
39,0.014669265527268202,0,500,0.6,13
40,0.13572854291417166,0,500,0.6,13
41,0.1996007984031936,0,500,0.6,13
42,0.04790419161676647,0,500,0.6,13
43,0.003263360570682038,2,500,0.6,13
44,0.00235994282018779,2,500,0.6,13
45,0.00592123809826582,2,500,0.6,13
46,0.012174913552931687,0,500,0.6,13
0,0.11377245508982035,0,500,0.6,15
1,0.021956087824351298,0,500,0.6,15
2,0.041916167664670656,0,500,0.6,15
3,0.0499001996007984,0,500,0.6,15
4,0.06187624750499002,0,500,0.6,15
5,0.07784431137724551,0,500,0.6,15
6,0.13572854291417166,0,500,0.6,15
7,0.06986027944111776,0,500,0.6,15
8,0.009623549255974207,1,500,0.6,15
9,0.03792415169660679,0,500,0.6,15
10,0.03592814371257485,0,500,0.6,15
11,0.033932135728542916,0,500,0.6,15
12,0.012768293653861349,0,500,0.6,15
13,0.004007445009291358,1,500,0.6,15
14,0.009567461825338257,1,500,0.6,15
15,0.0499001996007984,0,500,0.6,15
16,0.08383233532934131,0,500,0.6,15
17,0.11377245508982035,0,500,0.6,15
18,0.07984031936127745,0,500,0.6,15
19,0.2275449101796407,0,500,0.6,15
20,0.1217564870259481,0,500,0.6,15
21,0.1996007984031936,0,500,0.6,15
22,0.16367265469061876,0,500,0.6,15
23,0.1497005988023952,0,500,0.6,15
24,0.249500998003992,0,500,0.6,15
25,0.2994011976047904,0,500,0.6,15
26,0.2375249500998004,0,500,0.6,15
27,0.14570858283433133,0,500,0.6,15
28,0.06387225548902195,0,500,0.6,15
29,0.03592814371257485,0,500,0.6,15
30,0.031936127744510975,0,500,0.6,15
31,0.05588822355289421,0,500,0.6,15
32,0.07385229540918163,0,500,0.6,15
33,0.313373253493014,0,500,0.6,15
34,0.18363273453093812,0,500,0.6,15
35,0.21157684630738524,0,500,0.6,15
36,0.1277445109780439,0,500,0.6,15
37,0.2834331337325349,0,500,0.6,15
38,0.3253493013972056,0,500,0.6,15
39,0.24151696606786427,0,500,0.6,15
40,0.1157684630738523,0,500,0.6,15
41,0.031936127744510975,0,500,0.6,15
42,0.22554890219560877,0,500,0.6,15
43,0.17964071856287425,0,500,0.6,15
44,0.05189620758483034,0,500,0.6,15
45,0.006046390956318247,2,500,0.6,15
46,0.008493929710643602,3,500,0.6,15
0,0.6367265469061876,0,500,0.9,0
1,0.34331337325349304,0,500,0.9,0
2,0.2554890219560878,0,500,0.9,0
3,0.3093812375249501,0,500,0.9,0
4,0.30538922155688625,0,500,0.9,0
5,0.4291417165668663,0,500,0.9,0
6,0.5948103792415169,0,500,0.9,0
7,0.6926147704590818,0,500,0.9,0
8,0.21157684630738524,0,500,0.9,0
9,0.14570858283433133,0,500,0.9,0
10,0.020105277503176658,0,500,0.9,0
11,0.041916167664670656,0,500,0.9,0
12,0.08982035928143713,0,500,0.9,0
13,0.05389221556886228,0,500,0.9,0
14,0.4031936127744511,0,500,0.9,0
15,0.48502994011976047,0,500,0.9,0
16,0.6966067864271457,0,500,0.9,0
17,0.47105788423153694,0,500,0.9,0
18,0.3972055888223553,0,500,0.9,0
19,0.31137724550898205,0,500,0.9,0
20,0.23952095808383234,0,500,0.9,0
21,0.2894211576846307,0,500,0.9,0
22,0.437125748502994,0,500,0.9,0
23,0.4750499001996008,0,500,0.9,0
24,0.38922155688622756,0,500,0.9,0
25,0.21956087824351297,0,500,0.9,0
26,0.40119760479041916,0,500,0.9,0
27,0.249500998003992,0,500,0.9,0
28,0.1217564870259481,0,500,0.9,0
29,0.033932135728542916,0,500,0.9,0
30,0.033932135728542916,0,500,0.9,0
31,0.08383233532934131,0,500,0.9,0
32,0.1217564870259481,0,500,0.9,0
33,0.3532934131736527,0,500,0.9,0
34,0.313373253493014,0,500,0.9,0
35,0.0499001996007984,0,500,0.9,0
36,0.043912175648702596,0,500,0.9,0
37,0.05189620758483034,0,500,0.9,0
38,0.05588822355289421,0,500,0.9,0
39,0.10978043912175649,0,500,0.9,0
40,0.041916167664670656,0,500,0.9,0
41,0.10179640718562874,0,500,0.9,0
42,0.25349301397205587,0,500,0.9,0
43,0.18562874251497005,0,500,0.9,0
44,0.1217564870259481,0,500,0.9,0
45,0.033932135728542916,0,500,0.9,0
46,0.14570858283433133,0,500,0.9,0
0,0.027944111776447105,0,500,0.9,1
1,6.714194733852388e-05,212,500,0.9,1
2,2.22740325726693e-05,306,500,0.9,1
3,0.0001283124708858096,178,500,0.9,1
4,0.0026290684537688567,5,500,0.9,1
5,0.011800316517257452,0,500,0.9,1
6,0.001749909040943549,3,500,0.9,1
7,0.0015400548121461554,3,500,0.9,1
8,9.867283034801125e-05,77,500,0.9,1
9,7.704947443297586e-05,123,500,0.9,1
10,6.38918941842467e-06,335,500,0.9,1
11,4.864407411322385e-06,228,500,0.9,1
12,2.853628134765619e-05,170,500,0.9,1
13,6.264387267027097e-05,96,500,0.9,1
14,5.792359812109587e-05,127,500,0.9,1
15,2.08667319836304e-06,394,500,0.9,1
16,2.272632051376895e-06,443,500,0.9,1
17,7.850179413176496e-07,477,500,0.9,1
18,1.559575262554959e-06,469,500,0.9,1
19,5.3558836373740974e-05,252,500,0.9,1
20,0.00012498542497135459,152,500,0.9,1
21,0.0030335594231634677,4,500,0.9,1
22,8.011089960719606e-06,324,500,0.9,1
23,5.895712190359015e-06,366,500,0.9,1
24,7.666719784727622e-05,225,500,0.9,1
25,0.00030567907228122885,90,500,0.9,1
26,7.525998037312489e-05,206,500,0.9,1
27,0.00013974345824109923,177,500,0.9,1
28,2.211460583072259e-05,311,500,0.9,1
29,4.295624006532954e-05,281,500,0.9,1
30,7.918483218793878e-07,459,500,0.9,1
31,2.532271573258555e-05,221,500,0.9,1
32,0.0002240752588611708,79,500,0.9,1
33,0.015450813076377752,0,500,0.9,1
34,0.021956087824351298,0,500,0.9,1
35,0.004447543290929993,2,500,0.9,1
36,0.0010763833279849911,13,500,0.9,1
37,0.0003516292620169464,81,500,0.9,1
38,5.479217802041157e-05,206,500,0.9,1
39,9.741688604109637e-06,325,500,0.9,1
40,7.07522607127139e-05,130,500,0.9,1
41,7.937224996056459e-05,83,500,0.9,1
42,3.3945617636455775e-05,171,500,0.9,1
43,7.248203643667989e-05,162,500,0.9,1
44,0.0007908468889351643,49,500,0.9,1
45,0.002365155582580212,12,500,0.9,1
46,0.02594810379241517,0,500,0.9,1
0,0.10379241516966067,0,500,0.9,3
1,0.03592814371257485,0,500,0.9,3
2,0.031936127744510975,0,500,0.9,3
3,0.02136104237217956,0,500,0.9,3
4,0.03792415169660679,0,500,0.9,3
5,0.249500998003992,0,500,0.9,3
6,0.21357285429141717,0,500,0.9,3
7,0.2435129740518962,0,500,0.9,3
8,0.2155688622754491,0,500,0.9,3
9,0.08582834331337326,0,500,0.9,3
10,0.041916167664670656,0,500,0.9,3
11,0.10778443113772455,0,500,0.9,3
12,0.05788423153692615,0,500,0.9,3
13,0.02594810379241517,0,500,0.9,3
14,0.023952095808383235,0,500,0.9,3
15,0.1437125748502994,0,500,0.9,3
16,0.34530938123752497,0,500,0.9,3
17,0.22554890219560877,0,500,0.9,3
18,0.043912175648702596,0,500,0.9,3
19,0.033932135728542916,0,500,0.9,3
20,0.07784431137724551,0,500,0.9,3
21,0.17365269461077845,0,500,0.9,3
22,0.3652694610778443,0,500,0.9,3
23,0.6227544910179641,0,500,0.9,3
24,0.5369261477045908,0,500,0.9,3
25,0.48502994011976047,0,500,0.9,3
26,0.19560878243512975,0,500,0.9,3
27,0.1497005988023952,0,500,0.9,3
28,0.12574850299401197,0,500,0.9,3
29,0.1217564870259481,0,500,0.9,3
30,0.15768463073852296,0,500,0.9,3
31,0.3532934131736527,0,500,0.9,3
32,0.3313373253493014,0,500,0.9,3
33,0.2994011976047904,0,500,0.9,3
34,0.3473053892215569,0,500,0.9,3
35,0.4151696606786427,0,500,0.9,3
36,0.1217564870259481,0,500,0.9,3
37,0.1217564870259481,0,500,0.9,3
38,0.17764471057884232,0,500,0.9,3
39,0.2554890219560878,0,500,0.9,3
40,0.3532934131736527,0,500,0.9,3
41,0.2155688622754491,0,500,0.9,3
42,0.2714570858283433,0,500,0.9,3
43,0.12974051896207583,0,500,0.9,3
44,0.19560878243512975,0,500,0.9,3
45,0.249500998003992,0,500,0.9,3
46,0.17365269461077845,0,500,0.9,3
0,0.25349301397205587,0,500,0.9,2
1,0.29141716566866266,0,500,0.9,2
2,0.47305389221556887,0,500,0.9,2
3,0.22954091816367264,0,500,0.9,2
4,0.18363273453093812,0,500,0.9,2
5,0.04590818363273453,0,500,0.9,2
6,0.011230226803284754,0,500,0.9,2
7,0.03592814371257485,0,500,0.9,2
8,0.09580838323353294,0,500,0.9,2
9,0.7085828343313373,0,500,0.9,2
10,0.4111776447105788,0,500,0.9,2
11,0.4031936127744511,0,500,0.9,2
12,0.03792415169660679,0,500,0.9,2
13,0.09381237524950099,0,500,0.9,2
14,0.14570858283433133,0,500,0.9,2
15,0.21157684630738524,0,500,0.9,2
16,0.45109780439121755,0,500,0.9,2
17,0.027944111776447105,0,500,0.9,2
18,0.023952095808383235,0,500,0.9,2
19,0.05788423153692615,0,500,0.9,2
20,0.014074133534750713,0,500,0.9,2
21,0.041916167664670656,0,500,0.9,2
22,0.006022856006980026,1,500,0.9,2
23,0.027944111776447105,0,500,0.9,2
24,0.005662792796895287,1,500,0.9,2
25,0.013754815763711537,0,500,0.9,2
26,0.008318638726800704,3,500,0.9,2
27,0.031936127744510975,0,500,0.9,2
28,0.043912175648702596,0,500,0.9,2
29,0.0013759357628357557,11,500,0.9,2
30,0.00032839292689099695,26,500,0.9,2
31,0.00023724530827440944,91,500,0.9,2
32,0.0003455305715291907,94,500,0.9,2
33,0.0005933038545721821,30,500,0.9,2
34,0.0037936658601425556,1,500,0.9,2
35,0.02594810379241517,0,500,0.9,2
36,0.1277445109780439,0,500,0.9,2
37,0.13572854291417166,0,500,0.9,2
38,0.004433053590872968,1,500,0.9,2
39,0.0004332126918729392,62,500,0.9,2
40,0.0028739697785570627,9,500,0.9,2
41,0.021956087824351298,0,500,0.9,2
42,0.249500998003992,0,500,0.9,2
43,0.14570858283433133,0,500,0.9,2
44,0.009858042272478487,1,500,0.9,2
45,0.00019442447506590153,156,500,0.9,2
46,0.0002838971655202695,116,500,0.9,2
0,0.014808907050274123,0,500,0.9,4
1,0.4251497005988024,0,500,0.9,4
2,0.40119760479041916,0,500,0.9,4
3,0.3273453093812375,0,500,0.9,4
4,0.4870259481037924,0,500,0.9,4
5,0.36726546906187624,0,500,0.9,4
6,0.500998003992016,0,500,0.9,4
7,0.5389221556886228,0,500,0.9,4
8,0.3532934131736527,0,500,0.9,4
9,0.32934131736526945,0,500,0.9,4
10,0.2934131736526946,0,500,0.9,4
11,0.18962075848303392,0,500,0.9,4
12,0.0718562874251497,0,500,0.9,4
13,0.03592814371257485,0,500,0.9,4
14,0.041916167664670656,0,500,0.9,4
15,0.08982035928143713,0,500,0.9,4
16,0.36327345309381237,0,500,0.9,4
17,0.5708582834331337,0,500,0.9,4
18,0.5788423153692615,0,500,0.9,4
19,0.39520958083832336,0,500,0.9,4
20,0.2714570858283433,0,500,0.9,4
21,0.20758483033932135,0,500,0.9,4
22,0.15768463073852296,0,500,0.9,4
23,0.21756487025948104,0,500,0.9,4
24,0.32934131736526945,0,500,0.9,4
25,0.2634730538922156,0,500,0.9,4
26,0.2275449101796407,0,500,0.9,4
27,0.2654690618762475,0,500,0.9,4
28,0.3373253493013972,0,500,0.9,4
29,0.4550898203592814,0,500,0.9,4
30,0.469061876247505,0,500,0.9,4
31,0.3073852295409182,0,500,0.9,4
32,0.18363273453093812,0,500,0.9,4
33,0.2155688622754491,0,500,0.9,4
34,0.32934131736526945,0,500,0.9,4
35,0.3852295409181637,0,500,0.9,4
36,0.08982035928143713,0,500,0.9,4
37,0.043912175648702596,0,500,0.9,4
38,0.03592814371257485,0,500,0.9,4
39,0.029940119760479042,0,500,0.9,4
40,0.029940119760479042,0,500,0.9,4
41,0.043912175648702596,0,500,0.9,4
42,0.06986027944111776,0,500,0.9,4
43,0.07784431137724551,0,500,0.9,4
44,0.08183632734530938,0,500,0.9,4
45,0.10578842315369262,0,500,0.9,4
46,0.08982035928143713,0,500,0.9,4
0,0.02594810379241517,0,500,0.9,5
1,0.002800265006741903,15,500,0.9,5
2,0.008771508530932821,1,500,0.9,5
3,0.01314537806449615,0,500,0.9,5
4,0.013602617211901095,0,500,0.9,5
5,0.008538007168396502,1,500,0.9,5
6,0.009997839373592355,1,500,0.9,5
7,0.002341938707399479,17,500,0.9,5
8,0.0009805884714389717,63,500,0.9,5
9,0.0013915599826357635,34,500,0.9,5
10,0.001112122499321232,35,500,0.9,5
11,0.004926666383848056,3,500,0.9,5
12,0.012456989689064816,0,500,0.9,5
13,0.015389997473630493,0,500,0.9,5
14,0.005915622377898166,2,500,0.9,5
15,0.007154371666678611,8,500,0.9,5
16,0.013277758057017117,0,500,0.9,5
17,0.005442098361298971,6,500,0.9,5
18,0.04590818363273453,0,500,0.9,5
19,0.023952095808383235,0,500,0.9,5
20,0.017056745239257657,0,500,0.9,5
21,0.013916953591208123,0,500,0.9,5
22,0.0158311993342907,0,500,0.9,5
23,0.019242578090213677,0,500,0.9,5
24,0.015501412960461576,0,500,0.9,5
25,0.007337540013750223,1,500,0.9,5
26,0.0032844680115112265,8,500,0.9,5
27,0.0023127005208149476,24,500,0.9,5
28,0.006587271209695083,5,500,0.9,5
29,0.01651023950176245,0,500,0.9,5
30,0.04590818363273453,0,500,0.9,5
31,0.013856953580820114,0,500,0.9,5
32,0.00324241137978378,5,500,0.9,5
33,0.0012687240928961423,103,500,0.9,5
34,0.001427007486202259,119,500,0.9,5
35,0.002338598966400504,51,500,0.9,5
36,0.002263175591833091,39,500,0.9,5
37,0.002004680895711155,47,500,0.9,5
38,0.005709410675542412,10,500,0.9,5
39,0.006778964981640991,4,500,0.9,5
40,0.009958095024571163,1,500,0.9,5
41,0.023952095808383235,0,500,0.9,5
42,0.0033288282749038022,6,500,0.9,5
43,0.004578399741969,12,500,0.9,5
44,0.005326830903463716,3,500,0.9,5
45,0.009764887674939222,1,500,0.9,5
46,0.014325059193366414,0,500,0.9,5
0,0.4471057884231537,0,500,0.9,6
1,0.500998003992016,0,500,0.9,6
2,0.5768463073852296,0,500,0.9,6
3,0.7504990019960079,0,500,0.9,6
4,0.4471057884231537,0,500,0.9,6
5,0.4151696606786427,0,500,0.9,6
6,0.49101796407185627,0,500,0.9,6
7,0.26147704590818366,0,500,0.9,6
8,0.48303393213572854,0,500,0.9,6
9,0.42115768463073855,0,500,0.9,6
10,0.1497005988023952,0,500,0.9,6
11,0.11776447105788423,0,500,0.9,6
12,0.04590818363273453,0,500,0.9,6
13,0.06187624750499002,0,500,0.9,6
14,0.08582834331337326,0,500,0.9,6
15,0.08183632734530938,0,500,0.9,6
16,0.1377245508982036,0,500,0.9,6
17,0.1936127744510978,0,500,0.9,6
18,0.16966067864271456,0,500,0.9,6
19,0.16167664670658682,0,500,0.9,6
20,0.4750499001996008,0,500,0.9,6
21,0.5249500998003992,0,500,0.9,6
22,0.6806387225548902,0,500,0.9,6
23,0.6227544910179641,0,500,0.9,6
24,0.35528942115768464,0,500,0.9,6
25,0.1497005988023952,0,500,0.9,6
26,0.2275449101796407,0,500,0.9,6
27,0.14171656686626746,0,500,0.9,6
28,0.13972055888223553,0,500,0.9,6
29,0.21956087824351297,0,500,0.9,6
30,0.2215568862275449,0,500,0.9,6
31,0.21956087824351297,0,500,0.9,6
32,0.3073852295409182,0,500,0.9,6
33,0.41317365269461076,0,500,0.9,6
34,0.16966067864271456,0,500,0.9,6
35,0.08183632734530938,0,500,0.9,6
36,0.06986027944111776,0,500,0.9,6
37,0.12375249500998003,0,500,0.9,6
38,0.14770459081836326,0,500,0.9,6
39,0.22554890219560877,0,500,0.9,6
40,0.36127744510978044,0,500,0.9,6
41,0.5568862275449101,0,500,0.9,6
42,0.656686626746507,0,500,0.9,6
43,0.5209580838323353,0,500,0.9,6
44,0.1596806387225549,0,500,0.9,6
45,0.20958083832335328,0,500,0.9,6
46,0.37524950099800397,0,500,0.9,6
0,0.007534527274949444,2,500,0.9,7
1,0.01707337925794719,0,500,0.9,7
2,0.11377245508982035,0,500,0.9,7
3,0.04790419161676647,0,500,0.9,7
4,0.01304453639480489,0,500,0.9,7
5,0.010648182119969362,0,500,0.9,7
6,0.0009434174258849455,126,500,0.9,7
7,0.0011961108171178996,133,500,0.9,7
8,0.0037817975634448792,13,500,0.9,7
9,0.0012271416380191117,79,500,0.9,7
10,0.001428491302647288,105,500,0.9,7
11,0.0030285091679936407,42,500,0.9,7
12,0.0004636168319310894,326,500,0.9,7
13,0.0012536860270383565,135,500,0.9,7
14,0.007746076355292517,4,500,0.9,7
15,0.003993551152706605,27,500,0.9,7
16,0.0009696304088104532,96,500,0.9,7
17,0.002057618561089354,63,500,0.9,7
18,0.00042237931858400994,287,500,0.9,7
19,0.001808414180314211,85,500,0.9,7
20,0.002096269755747533,32,500,0.9,7
21,0.0011009050981346982,36,500,0.9,7
22,0.0006462560735417406,85,500,0.9,7
23,0.00016205948079115994,340,500,0.9,7
24,0.0005848996946908681,162,500,0.9,7
25,0.002031044364300632,53,500,0.9,7
26,0.00470595255129113,15,500,0.9,7
27,0.0068811457787762145,11,500,0.9,7
28,0.00038237847903843566,269,500,0.9,7
29,0.00010325162787698321,443,500,0.9,7
30,0.00015081244567447257,386,500,0.9,7
31,0.00045959388111033086,282,500,0.9,7
32,0.0029058507978487694,46,500,0.9,7
33,0.007123133872937025,4,500,0.9,7
34,0.004079448536189527,26,500,0.9,7
35,0.001529967137612885,49,500,0.9,7
36,0.0016828136574308075,77,500,0.9,7
37,0.0004890190529941694,211,500,0.9,7
38,0.0001298949408806394,409,500,0.9,7
39,0.00040399548749968877,327,500,0.9,7
40,0.011331073735476349,0,500,0.9,7
41,0.008952507066706283,2,500,0.9,7
42,0.01997586310131898,0,500,0.9,7
43,0.005952304054903311,1,500,0.9,7
44,0.005852799047355254,1,500,0.9,7
45,0.001527612054320949,51,500,0.9,7
46,0.0008409922574096047,68,500,0.9,7
0,0.0658682634730539,0,500,0.9,8
1,0.00982769362723036,1,500,0.9,8
2,0.005511408982327778,3,500,0.9,8
3,0.04590818363273453,0,500,0.9,8
4,0.07584830339321358,0,500,0.9,8
5,0.24151696606786427,0,500,0.9,8
6,0.3473053892215569,0,500,0.9,8
7,0.48902195608782434,0,500,0.9,8
8,0.3712574850299401,0,500,0.9,8
9,0.38922155688622756,0,500,0.9,8
10,0.29141716566866266,0,500,0.9,8
11,0.23353293413173654,0,500,0.9,8
12,0.11976047904191617,0,500,0.9,8
13,0.03792415169660679,0,500,0.9,8
14,0.023952095808383235,0,500,0.9,8
15,0.01669284334999121,0,500,0.9,8
16,0.033932135728542916,0,500,0.9,8
17,0.0499001996007984,0,500,0.9,8
18,0.09780439121756487,0,500,0.9,8
19,0.09381237524950099,0,500,0.9,8
20,0.12974051896207583,0,500,0.9,8
21,0.11776447105788423,0,500,0.9,8
22,0.2055888223552894,0,500,0.9,8
23,0.059880239520958084,0,500,0.9,8
24,0.05189620758483034,0,500,0.9,8
25,0.05189620758483034,0,500,0.9,8
26,0.014806112815183368,0,500,0.9,8
27,0.004312373825731037,3,500,0.9,8
28,0.005525731810414131,3,500,0.9,8
29,0.004961540407452156,4,500,0.9,8
30,0.003402216062121247,10,500,0.9,8
31,0.010469028590462422,0,500,0.9,8
32,0.02594810379241517,0,500,0.9,8
33,0.0718562874251497,0,500,0.9,8
34,0.06387225548902195,0,500,0.9,8
35,0.01914547971539206,0,500,0.9,8
36,0.018739732903784972,0,500,0.9,8
37,0.03792415169660679,0,500,0.9,8
38,0.020238753498177373,0,500,0.9,8
39,0.03792415169660679,0,500,0.9,8
40,0.10179640718562874,0,500,0.9,8
41,0.10778443113772455,0,500,0.9,8
42,0.11377245508982035,0,500,0.9,8
43,0.1377245508982036,0,500,0.9,8
44,0.1596806387225549,0,500,0.9,8
45,0.2215568862275449,0,500,0.9,8
46,0.1277445109780439,0,500,0.9,8
0,0.19161676646706588,0,500,0.9,9
1,0.23552894211576847,0,500,0.9,9
2,0.18962075848303392,0,500,0.9,9
3,0.25748502994011974,0,500,0.9,9
4,0.249500998003992,0,500,0.9,9
5,0.20758483033932135,0,500,0.9,9
6,0.1317365269461078,0,500,0.9,9
7,0.18962075848303392,0,500,0.9,9
8,0.17365269461077845,0,500,0.9,9
9,0.11177644710578842,0,500,0.9,9
10,0.08782435129740519,0,500,0.9,9
11,0.06187624750499002,0,500,0.9,9
12,0.11177644710578842,0,500,0.9,9
13,0.26147704590818366,0,500,0.9,9
14,0.31736526946107785,0,500,0.9,9
15,0.2954091816367265,0,500,0.9,9
16,0.0998003992015968,0,500,0.9,9
17,0.12574850299401197,0,500,0.9,9
18,0.22355289421157684,0,500,0.9,9
19,0.24151696606786427,0,500,0.9,9
20,0.06786427145708583,0,500,0.9,9
21,0.0718562874251497,0,500,0.9,9
22,0.12974051896207583,0,500,0.9,9
23,0.26746506986027946,0,500,0.9,9
24,0.562874251497006,0,500,0.9,9
25,0.24750499001996007,0,500,0.9,9
26,0.35728542914171657,0,500,0.9,9
27,0.3073852295409182,0,500,0.9,9
28,0.48502994011976047,0,500,0.9,9
29,0.6087824351297405,0,500,0.9,9
30,0.1656686626746507,0,500,0.9,9
31,0.15568862275449102,0,500,0.9,9
32,0.530938123752495,0,500,0.9,9
33,0.5229540918163673,0,500,0.9,9
34,0.2155688622754491,0,500,0.9,9
35,0.043912175648702596,0,500,0.9,9
36,0.031936127744510975,0,500,0.9,9
37,0.014859053755169025,0,500,0.9,9
38,0.021956087824351298,0,500,0.9,9
39,0.029940119760479042,0,500,0.9,9
40,0.1317365269461078,0,500,0.9,9
41,0.2874251497005988,0,500,0.9,9
42,0.36327345309381237,0,500,0.9,9
43,0.3473053892215569,0,500,0.9,9
44,0.3473053892215569,0,500,0.9,9
45,0.4930139720558882,0,500,0.9,9
46,0.46107784431137727,0,500,0.9,9
0,0.01599037668563167,0,500,0.9,10
1,0.004744375642314907,25,500,0.9,10
2,0.002198215541993231,69,500,0.9,10
3,0.001514302398642055,70,500,0.9,10
4,0.004001184590506327,8,500,0.9,10
5,0.003573087131956715,19,500,0.9,10
6,0.0020802717161211956,43,500,0.9,10
7,0.0033803577699064733,23,500,0.9,10
8,0.004322208464696922,7,500,0.9,10
9,0.003972523217294031,13,500,0.9,10
10,0.005390718377388055,13,500,0.9,10
11,0.0004398803449570383,178,500,0.9,10
12,0.0002735524893732958,223,500,0.9,10
13,0.00025833598213887023,309,500,0.9,10
14,0.0006627325480630982,209,500,0.9,10
15,0.0005922261629867528,156,500,0.9,10
16,0.0001926782308236564,320,500,0.9,10
17,5.783717598543351e-05,453,500,0.9,10
18,0.0010941732383072786,125,500,0.9,10
19,0.005012746348126963,12,500,0.9,10
20,0.008356955677537121,2,500,0.9,10
21,0.0071737205722985425,1,500,0.9,10
22,0.005380310922932196,7,500,0.9,10
23,0.008666313248057039,2,500,0.9,10
24,0.0035882753926933207,19,500,0.9,10
25,0.005619632388343349,10,500,0.9,10
26,0.016102577219002455,0,500,0.9,10
27,0.012784539462783746,0,500,0.9,10
28,0.001589020130721785,49,500,0.9,10
29,0.001351878545857184,92,500,0.9,10
30,0.0004913934816121241,283,500,0.9,10
31,0.0007308653964979851,236,500,0.9,10
32,0.001004273419406087,101,500,0.9,10
33,0.0005927817238233163,237,500,0.9,10
34,0.0005045287344095295,243,500,0.9,10
35,0.0015293930699603372,89,500,0.9,10
36,0.003518000375621463,25,500,0.9,10
37,0.001092948565816618,96,500,0.9,10
38,0.002272871835109248,37,500,0.9,10
39,0.0022472993130803445,29,500,0.9,10
40,0.008486791984509022,2,500,0.9,10
41,0.0016275169606337102,17,500,0.9,10
42,0.0016828930499992783,4,500,0.9,10
43,0.0016656317896013011,6,500,0.9,10
44,0.0013310812964189458,15,500,0.9,10
45,0.00038782243984517863,208,500,0.9,10
46,9.564966182423838e-05,441,500,0.9,10
0,0.05788423153692615,0,500,0.9,11
1,0.0499001996007984,0,500,0.9,11
2,0.18562874251497005,0,500,0.9,11
3,0.32934131736526945,0,500,0.9,11
4,0.21956087824351297,0,500,0.9,11
5,0.2375249500998004,0,500,0.9,11
6,0.16167664670658682,0,500,0.9,11
7,0.2275449101796407,0,500,0.9,11
8,0.20159680638722555,0,500,0.9,11
9,0.37524950099800397,0,500,0.9,11
10,0.6307385229540918,0,500,0.9,11
11,0.2155688622754491,0,500,0.9,11
12,0.14570858283433133,0,500,0.9,11
13,0.26147704590818366,0,500,0.9,11
14,0.5169660678642715,0,500,0.9,11
15,0.45109780439121755,0,500,0.9,11
16,0.06986027944111776,0,500,0.9,11
17,0.0658682634730539,0,500,0.9,11
18,0.043912175648702596,0,500,0.9,11
19,0.03992015968063872,0,500,0.9,11
20,0.05788423153692615,0,500,0.9,11
21,0.09181636726546906,0,500,0.9,11
22,0.25349301397205587,0,500,0.9,11
23,0.1437125748502994,0,500,0.9,11
24,0.018343597010710165,0,500,0.9,11
25,0.0499001996007984,0,500,0.9,11
26,0.023952095808383235,0,500,0.9,11
27,0.05389221556886228,0,500,0.9,11
28,0.1536926147704591,0,500,0.9,11
29,0.33532934131736525,0,500,0.9,11
30,0.36926147704590817,0,500,0.9,11
31,0.5888223552894212,0,500,0.9,11
32,0.6646706586826348,0,500,0.9,11
33,0.3393213572854291,0,500,0.9,11
34,0.10179640718562874,0,500,0.9,11
35,0.09381237524950099,0,500,0.9,11
36,0.09780439121756487,0,500,0.9,11
37,0.1497005988023952,0,500,0.9,11
38,0.2654690618762475,0,500,0.9,11
39,0.10778443113772455,0,500,0.9,11
40,0.1497005988023952,0,500,0.9,11
41,0.249500998003992,0,500,0.9,11
42,0.249500998003992,0,500,0.9,11
43,0.249500998003992,0,500,0.9,11
44,0.1317365269461078,0,500,0.9,11
45,0.37524950099800397,0,500,0.9,11
46,0.35728542914171657,0,500,0.9,11
0,0.11976047904191617,0,500,0.9,12
1,0.19760479041916168,0,500,0.9,12
2,0.10978043912175649,0,500,0.9,12
3,0.2834331337325349,0,500,0.9,12
4,0.1656686626746507,0,500,0.9,12
5,0.2554890219560878,0,500,0.9,12
6,0.19560878243512975,0,500,0.9,12
7,0.08782435129740519,0,500,0.9,12
8,0.0718562874251497,0,500,0.9,12
9,0.09580838323353294,0,500,0.9,12
10,0.11177644710578842,0,500,0.9,12
11,0.2834331337325349,0,500,0.9,12
12,0.4231536926147705,0,500,0.9,12
13,0.3213572854291417,0,500,0.9,12
14,0.281437125748503,0,500,0.9,12
15,0.3253493013972056,0,500,0.9,12
16,0.3273453093812375,0,500,0.9,12
17,0.3872255489021956,0,500,0.9,12
18,0.3273453093812375,0,500,0.9,12
19,0.059880239520958084,0,500,0.9,12
20,0.09381237524950099,0,500,0.9,12
21,0.2055888223552894,0,500,0.9,12
22,0.37924151696606784,0,500,0.9,12
23,0.3712574850299401,0,500,0.9,12
24,0.1596806387225549,0,500,0.9,12
25,0.18762475049900199,0,500,0.9,12
26,0.4151696606786427,0,500,0.9,12
27,0.1656686626746507,0,500,0.9,12
28,0.18562874251497005,0,500,0.9,12
29,0.13373253493013973,0,500,0.9,12
30,0.0718562874251497,0,500,0.9,12
31,0.17764471057884232,0,500,0.9,12
32,0.24151696606786427,0,500,0.9,12
33,0.16766467065868262,0,500,0.9,12
34,0.17165668662674652,0,500,0.9,12
35,0.249500998003992,0,500,0.9,12
36,0.8942115768463074,0,500,0.9,12
37,0.2155688622754491,0,500,0.9,12
38,0.11377245508982035,0,500,0.9,12
39,0.1317365269461078,0,500,0.9,12
40,0.12574850299401197,0,500,0.9,12
41,0.011959658193351336,0,500,0.9,12
42,0.0013320300458325083,6,500,0.9,12
43,0.001895523685226068,5,500,0.9,12
44,0.018873881709473538,0,500,0.9,12
45,0.49700598802395207,0,500,0.9,12
46,0.08383233532934131,0,500,0.9,12
0,0.007787815026668622,1,100,0.0,0
1,0.006250131538545508,2,100,0.0,0
2,0.0025196415774341144,2,100,0.0,0
3,0.000640710155032767,1,100,0.0,0
4,0.0005737352192380696,2,100,0.0,0
5,0.0010699781724397923,2,100,0.0,0
6,0.0018747874637360024,2,100,0.0,0
7,0.005613448927759763,1,100,0.0,0
8,0.004318145114605069,2,100,0.0,0
9,0.002341149935098205,1,100,0.0,0
10,0.003691848279041631,1,100,0.0,0
11,0.0036343410170442923,3,100,0.0,0
12,0.0024983289497608114,2,100,0.0,0
13,0.0024107153246997765,2,100,0.0,0
14,0.006881902686811184,2,100,0.0,0
15,0.003624181448077319,3,100,0.0,0
16,0.004361954104314231,3,100,0.0,0
17,0.001224515256043372,2,100,0.0,0
18,0.002893536685627486,2,100,0.0,0
19,0.0015466823427167835,2,100,0.0,0
20,0.0014983785942447795,2,100,0.0,0
21,0.0014623324572307452,2,100,0.0,0
22,0.0010046841084773378,3,100,0.0,0
23,0.002992634885076653,4,100,0.0,0
24,0.0015834630492760297,4,100,0.0,0
25,0.0029674830199925566,4,100,0.0,0
26,0.0021825174022302124,1,100,0.0,0
27,0.004150518854940877,1,100,0.0,0
28,0.008867297753446962,1,100,0.0,0
29,0.008980375446241,1,100,0.0,0
30,0.007021137382443356,1,100,0.0,0
31,0.005381628391648324,4,100,0.0,0
32,0.0031031356239453684,4,100,0.0,0
33,0.0064508927566680465,1,100,0.0,0
34,0.011400288224739624,0,100,0.0,0
35,0.012796727699880049,0,100,0.0,0
36,0.029940119760479042,0,100,0.0,0
37,0.014275068177581583,0,100,0.0,0
38,0.008053193940563743,1,100,0.0,0
39,0.00988814204803011,1,100,0.0,0
40,0.0028370362683157254,1,100,0.0,0
41,0.002011966148498764,1,100,0.0,0
42,0.006318824414900583,1,100,0.0,0
43,0.004474087490004264,1,100,0.0,0
44,0.004800185584345681,1,100,0.0,0
45,0.004287671162767994,3,100,0.0,0
46,0.0023118213810770388,2,100,0.0,0
0,0.6347305389221557,0,500,0.9,13
1,0.3213572854291417,0,500,0.9,13
2,0.17964071856287425,0,500,0.9,13
3,0.1377245508982036,0,500,0.9,13
4,0.21956087824351297,0,500,0.9,13
5,0.4111776447105788,0,500,0.9,13
6,0.6746506986027944,0,500,0.9,13
7,0.8622754491017964,0,500,0.9,13
8,0.6986027944111777,0,500,0.9,13
9,0.24550898203592814,0,500,0.9,13
10,0.14770459081836326,0,500,0.9,13
11,0.17764471057884232,0,500,0.9,13
12,0.2774451097804391,0,500,0.9,13
13,0.6626746506986028,0,500,0.9,13
14,0.5269461077844312,0,500,0.9,13
15,0.21756487025948104,0,500,0.9,13
16,0.14171656686626746,0,500,0.9,13
17,0.0718562874251497,0,500,0.9,13
18,0.06187624750499002,0,500,0.9,13
19,0.3972055888223553,0,500,0.9,13
20,0.2994011976047904,0,500,0.9,13
21,0.37924151696606784,0,500,0.9,13
22,0.13972055888223553,0,500,0.9,13
23,0.12574850299401197,0,500,0.9,13
24,0.2934131736526946,0,500,0.9,13
25,0.21956087824351297,0,500,0.9,13
26,0.37524950099800397,0,500,0.9,13
27,0.3652694610778443,0,500,0.9,13
28,0.3333333333333333,0,500,0.9,13
29,0.19560878243512975,0,500,0.9,13
30,0.08782435129740519,0,500,0.9,13
31,0.08982035928143713,0,500,0.9,13
32,0.07784431137724551,0,500,0.9,13
33,0.18363273453093812,0,500,0.9,13
34,0.32335329341317365,0,500,0.9,13
35,0.4550898203592814,0,500,0.9,13
36,0.20359281437125748,0,500,0.9,13
37,0.09381237524950099,0,500,0.9,13
38,0.0718562874251497,0,500,0.9,13
39,0.11776447105788423,0,500,0.9,13
40,0.6626746506986028,0,500,0.9,13
41,0.469061876247505,0,500,0.9,13
42,0.2055888223552894,0,500,0.9,13
43,0.0499001996007984,0,500,0.9,13
44,0.06387225548902195,0,500,0.9,13
45,0.10379241516966067,0,500,0.9,13
46,0.19760479041916168,0,500,0.9,13
0,0.5109780439121756,0,500,0.9,15
1,0.2155688622754491,0,500,0.9,15
2,0.2634730538922156,0,500,0.9,15
3,0.2874251497005988,0,500,0.9,15
4,0.3093812375249501,0,500,0.9,15
5,0.46107784431137727,0,500,0.9,15
6,0.4870259481037924,0,500,0.9,15
7,0.31137724550898205,0,500,0.9,15
8,0.07784431137724551,0,500,0.9,15
9,0.20958083832335328,0,500,0.9,15
10,0.3033932135728543,0,500,0.9,15
11,0.19760479041916168,0,500,0.9,15
12,0.1377245508982036,0,500,0.9,15
13,0.08582834331337326,0,500,0.9,15
14,0.16766467065868262,0,500,0.9,15
15,0.3253493013972056,0,500,0.9,15
16,0.3333333333333333,0,500,0.9,15
17,0.49101796407185627,0,500,0.9,15
18,0.3992015968063872,0,500,0.9,15
19,0.7524950099800399,0,500,0.9,15
20,0.6287425149700598,0,500,0.9,15
21,0.7744510978043913,0,500,0.9,15
22,0.34530938123752497,0,500,0.9,15
23,0.37524950099800397,0,500,0.9,15
24,0.5588822355289421,0,500,0.9,15
25,0.5788423153692615,0,500,0.9,15
26,0.4530938123752495,0,500,0.9,15
27,0.37325349301397204,0,500,0.9,15
28,0.16367265469061876,0,500,0.9,15
29,0.10978043912175649,0,500,0.9,15
30,0.13972055888223553,0,500,0.9,15
31,0.20958083832335328,0,500,0.9,15
32,0.38323353293413176,0,500,0.9,15
33,0.6726546906187625,0,500,0.9,15
34,0.4251497005988024,0,500,0.9,15
35,0.43313373253493015,0,500,0.9,15
36,0.35728542914171657,0,500,0.9,15
37,0.6526946107784432,0,500,0.9,15
38,0.6586826347305389,0,500,0.9,15
39,0.4431137724550898,0,500,0.9,15
40,0.3073852295409182,0,500,0.9,15
41,0.19161676646706588,0,500,0.9,15
42,0.7245508982035929,0,500,0.9,15
43,0.5289421157684631,0,500,0.9,15
44,0.18163672654690619,0,500,0.9,15
45,0.043912175648702596,0,500,0.9,15
46,0.03792415169660679,0,500,0.9,15
0,0.021956087824351298,0,500,0.9,14
1,0.043912175648702596,0,500,0.9,14
2,0.11776447105788423,0,500,0.9,14
3,0.5209580838323353,0,500,0.9,14
4,0.5409181636726547,0,500,0.9,14
5,0.5588822355289421,0,500,0.9,14
6,0.34530938123752497,0,500,0.9,14
7,0.42115768463073855,0,500,0.9,14
8,0.3992015968063872,0,500,0.9,14
9,0.3473053892215569,0,500,0.9,14
10,0.2375249500998004,0,500,0.9,14
11,0.3213572854291417,0,500,0.9,14
12,0.4431137724550898,0,500,0.9,14
13,0.4930139720558882,0,500,0.9,14
14,0.27944111776447106,0,500,0.9,14
15,0.10578842315369262,0,500,0.9,14
16,0.2055888223552894,0,500,0.9,14
17,0.3033932135728543,0,500,0.9,14
18,0.27944111776447106,0,500,0.9,14
19,0.3932135728542914,0,500,0.9,14
20,0.10379241516966067,0,500,0.9,14
21,0.06986027944111776,0,500,0.9,14
22,0.14570858283433133,0,500,0.9,14
23,0.20359281437125748,0,500,0.9,14
24,0.1497005988023952,0,500,0.9,14
25,0.12974051896207583,0,500,0.9,14
26,0.23353293413173654,0,500,0.9,14
27,0.10978043912175649,0,500,0.9,14
28,0.041916167664670656,0,500,0.9,14
29,0.1377245508982036,0,500,0.9,14
30,0.09181636726546906,0,500,0.9,14
31,0.08582834331337326,0,500,0.9,14
32,0.08782435129740519,0,500,0.9,14
33,0.005345491685806443,1,500,0.9,14
34,0.0028184045868484466,11,500,0.9,14
35,0.006965640580657274,1,500,0.9,14
36,0.02594810379241517,0,500,0.9,14
37,0.10778443113772455,0,500,0.9,14
38,0.2774451097804391,0,500,0.9,14
39,0.313373253493014,0,500,0.9,14
40,0.12974051896207583,0,500,0.9,14
41,0.06187624750499002,0,500,0.9,14
42,0.018146699563869727,0,500,0.9,14
43,0.013738581210142984,0,500,0.9,14
44,0.06187624750499002,0,500,0.9,14
45,0.12574850299401197,0,500,0.9,14
46,0.2654690618762475,0,500,0.9,14
0,0.003687885533599888,1,100,0.0,1
1,0.0016267691196029052,2,100,0.0,1
2,0.0006177399727795873,3,100,0.0,1
3,0.0006284537356363298,3,100,0.0,1
4,0.00029012560544119606,5,100,0.0,1
5,0.0002606100273709519,5,100,0.0,1
6,0.0019293788648253923,3,100,0.0,1
7,0.0042757945139706936,4,100,0.0,1
8,0.003758548963004019,3,100,0.0,1
9,0.004910378873570707,4,100,0.0,1
10,0.003709447805749468,2,100,0.0,1
11,0.0010275227677500917,4,100,0.0,1
12,0.00041308250653458836,5,100,0.0,1
13,0.00042980067938319265,2,100,0.0,1
14,0.0004325781491510776,3,100,0.0,1
15,0.0006058143615134525,3,100,0.0,1
16,4.81750613076814e-05,5,100,0.0,1
17,9.117088711349155e-05,3,100,0.0,1
18,0.002042104858502334,3,100,0.0,1
19,0.007052288199824221,1,100,0.0,1
20,0.0031677236043914122,2,100,0.0,1
21,0.0012270626195025362,2,100,0.0,1
22,0.000639014011215913,2,100,0.0,1
23,8.63227521795739e-05,2,100,0.0,1
24,2.86120839397584e-05,3,100,0.0,1
25,0.000267260315526205,3,100,0.0,1
26,0.00027713591744862344,2,100,0.0,1
27,0.0003746884901465657,3,100,0.0,1
28,0.00011319721088968414,3,100,0.0,1
29,0.00020343460153032303,3,100,0.0,1
30,0.001236446393679677,3,100,0.0,1
31,0.00014404270621340003,3,100,0.0,1
32,0.00010179591007176773,2,100,0.0,1
33,0.0006276931751988444,3,100,0.0,1
34,0.0037721558112259104,2,100,0.0,1
35,0.013249034893817267,0,100,0.0,1
36,0.008574926564675348,1,100,0.0,1
37,0.0005447306677036374,3,100,0.0,1
38,7.27983818726198e-05,3,100,0.0,1
39,0.000401574542360721,4,100,0.0,1
40,0.001632849316779922,4,100,0.0,1
41,0.004882870124332701,3,100,0.0,1
42,0.004817434446588314,3,100,0.0,1
43,0.0007715914765853874,3,100,0.0,1
44,0.0014475052651349808,3,100,0.0,1
45,0.003350530501591394,4,100,0.0,1
46,0.004332780655051486,3,100,0.0,1
0,0.0127144188545634,0,100,0.0,2
1,0.007710372201725282,1,100,0.0,2
2,0.002051903979928295,2,100,0.0,2
3,0.00249390562527994,3,100,0.0,2
4,0.0028366556271819526,2,100,0.0,2
5,0.0009757257623136739,3,100,0.0,2
6,0.0010640977411914307,3,100,0.0,2
7,0.003741786558075867,2,100,0.0,2
8,0.002426364005667576,1,100,0.0,2
9,0.0025078735025396304,1,100,0.0,2
10,0.004444713051736231,2,100,0.0,2
11,0.00552474274761967,3,100,0.0,2
12,0.0022085689466306616,2,100,0.0,2
13,0.0032787223105427937,2,100,0.0,2
14,0.00040762103081550774,2,100,0.0,2
15,0.0006336298877278595,2,100,0.0,2
16,0.0026371588914789594,1,100,0.0,2
17,0.01165892779042578,0,100,0.0,2
18,0.001710791432289865,2,100,0.0,2
19,0.002338707811218674,2,100,0.0,2
20,0.0017366413589662102,2,100,0.0,2
21,0.000781732627275146,2,100,0.0,2
22,0.0011860783599010117,2,100,0.0,2
23,0.0009798081886911265,2,100,0.0,2
24,0.0020288418567268067,1,100,0.0,2
25,0.021956087824351298,0,100,0.0,2
26,0.011733878015357404,0,100,0.0,2
27,0.013844676335272248,0,100,0.0,2
28,0.017187767327698646,0,100,0.0,2
29,0.023952095808383235,0,100,0.0,2
30,0.014077560152331851,0,100,0.0,2
31,0.013990301424981555,0,100,0.0,2
32,0.012776116528369508,0,100,0.0,2
33,0.004616770604660258,1,100,0.0,2
34,0.0026926697793315676,1,100,0.0,2
35,0.00308370024153887,2,100,0.0,2
36,0.004612095232283767,2,100,0.0,2
37,0.010140564982356251,0,100,0.0,2
38,0.00369622492673202,3,100,0.0,2
39,0.0024578194167390027,4,100,0.0,2
40,0.0008806901622028782,2,100,0.0,2
41,0.0009360513826145563,3,100,0.0,2
42,0.004491903689586602,3,100,0.0,2
43,0.012268987068002888,0,100,0.0,2
44,0.0045750035854146024,1,100,0.0,2
45,0.0041575630100756,1,100,0.0,2
46,0.004151624713128191,1,100,0.0,2
0,0.021956087824351298,0,100,0.0,3
1,0.009167365352512238,1,100,0.0,3
2,0.0029360720809129496,2,100,0.0,3
3,0.0010009212611148015,1,100,0.0,3
4,0.006246095365359992,2,100,0.0,3
5,0.0022549286595310034,4,100,0.0,3
6,0.003264967583800508,2,100,0.0,3
7,0.002778316106368403,2,100,0.0,3
8,0.0028831912053811923,3,100,0.0,3
9,0.0007290947738552676,3,100,0.0,3
10,0.0046627527788667775,4,100,0.0,3
11,0.0037307015513107326,1,100,0.0,3
12,0.005177483546610428,2,100,0.0,3
13,0.006060525936643784,2,100,0.0,3
14,0.0017465067141143966,2,100,0.0,3
15,0.004561245481447492,1,100,0.0,3
16,0.006779815354532203,1,100,0.0,3
17,0.01165901790014369,0,100,0.0,3
18,0.00753430419584287,1,100,0.0,3
19,0.0014147359718939849,3,100,0.0,3
20,0.0008078053384376725,3,100,0.0,3
21,0.0006214544306214557,3,100,0.0,3
22,0.000988900766118762,3,100,0.0,3
23,0.0009566866929547913,2,100,0.0,3
24,0.0018344074361216836,2,100,0.0,3
25,0.0025920172445313655,3,100,0.0,3
26,0.003998211356310627,2,100,0.0,3
27,0.004237894364131079,2,100,0.0,3
28,0.01247313579661859,0,100,0.0,3
29,0.006834436603810671,1,100,0.0,3
30,0.003317921508863315,2,100,0.0,3
31,0.0019017531944633195,1,100,0.0,3
32,0.003734787237722103,1,100,0.0,3
33,0.005958491606328574,2,100,0.0,3
34,0.0030363290367565205,3,100,0.0,3
35,0.002645550704097444,3,100,0.0,3
36,0.001481775622032838,2,100,0.0,3
37,0.0024833556754929966,2,100,0.0,3
38,0.0043504440538339436,2,100,0.0,3
39,0.002198168854455412,2,100,0.0,3
40,0.005766888856896368,1,100,0.0,3
41,0.0005500547965677194,1,100,0.0,3
42,0.0009116462588153572,2,100,0.0,3
43,0.0007495828574324166,2,100,0.0,3
44,0.0012951519125039292,2,100,0.0,3
45,0.002075569326782024,4,100,0.0,3
46,0.0033890870889279716,4,100,0.0,3
0,0.0031797630774982434,1,100,0.0,4
1,0.021956087824351298,0,100,0.0,4
2,0.008316628768353835,1,100,0.0,4
3,0.007450080716920585,1,100,0.0,4
4,0.005973393985849534,1,100,0.0,4
5,0.01263012374309301,0,100,0.0,4
6,0.009217216988632744,1,100,0.0,4
7,0.018866539927006633,0,100,0.0,4
8,0.014959991975164814,0,100,0.0,4
9,0.010815195483231396,0,100,0.0,4
10,0.021956087824351298,0,100,0.0,4
11,0.0040658512916356615,1,100,0.0,4
12,0.0095044987927244,1,100,0.0,4
13,0.012643313742380265,0,100,0.0,4
14,0.011005615575307144,0,100,0.0,4
15,0.007562590599465207,2,100,0.0,4
16,0.023952095808383235,0,100,0.0,4
17,0.0025063424568642686,1,100,0.0,4
18,0.0013038278685059733,1,100,0.0,4
19,0.009188914188929717,1,100,0.0,4
20,0.004111572548725024,1,100,0.0,4
21,0.004991224042576134,2,100,0.0,4
22,0.005899142437353613,1,100,0.0,4
23,0.011861876552039945,0,100,0.0,4
24,0.003599221041081488,1,100,0.0,4
25,0.005497849043654265,3,100,0.0,4
26,0.001319253570875653,4,100,0.0,4
27,0.005138780356159008,1,100,0.0,4
28,0.010305234883014316,0,100,0.0,4
29,0.008414125545419138,1,100,0.0,4
30,0.001962094393502541,1,100,0.0,4
31,0.0015165962622414614,1,100,0.0,4
32,0.0011237305305206058,1,100,0.0,4
33,0.0004926617964980738,1,100,0.0,4
34,0.0005507296023518444,1,100,0.0,4
35,0.0006241675991435827,2,100,0.0,4
36,0.0011833985933479927,3,100,0.0,4
37,0.003951417104306194,4,100,0.0,4
38,0.007472020262664545,3,100,0.0,4
39,0.0006389933731055188,3,100,0.0,4
40,0.00207844416627724,2,100,0.0,4
41,0.00037259473635174305,1,100,0.0,4
42,0.0010639362241554224,1,100,0.0,4
43,0.0012761963886674195,1,100,0.0,4
44,0.010981873594207617,0,100,0.0,4
45,0.011546294852822487,0,100,0.0,4
46,0.01368192730928718,0,100,0.0,4
0,0.0008606139373908587,1,100,0.0,5
1,0.0030371681636673035,1,100,0.0,5
2,0.001619669069029909,2,100,0.0,5
3,0.0004987192318140968,2,100,0.0,5
4,0.0009154577973965555,1,100,0.0,5
5,0.0019397196198413303,3,100,0.0,5
6,0.0021648159207916175,3,100,0.0,5
7,0.004177482599692596,2,100,0.0,5
8,0.001895892151869483,1,100,0.0,5
9,0.0024553884688183498,2,100,0.0,5
10,0.004154353238375644,2,100,0.0,5
11,0.014439497973186208,0,100,0.0,5
12,0.007207341844210917,1,100,0.0,5
13,0.002935279548462238,2,100,0.0,5
14,0.0007448205612081642,1,100,0.0,5
15,0.004929594174351961,1,100,0.0,5
16,0.00015899231846151483,1,100,0.0,5
17,8.199543268560828e-05,1,100,0.0,5
18,0.00028945676966776133,4,100,0.0,5
19,7.320190740068658e-05,2,100,0.0,5
20,0.00020886958288375242,1,100,0.0,5
21,3.9877110761216704e-05,2,100,0.0,5
22,0.000425278699156544,3,100,0.0,5
23,0.0002079907372962859,5,100,0.0,5
24,0.00031734710893485993,5,100,0.0,5
25,0.00019158812221581502,4,100,0.0,5
26,2.818341862449318e-05,2,100,0.0,5
27,5.06118268775509e-05,2,100,0.0,5
28,0.00032374944675310176,2,100,0.0,5
29,0.00033054721658438605,2,100,0.0,5
30,0.0005528391713081516,1,100,0.0,5
31,0.001741742623225209,1,100,0.0,5
32,0.008024150901827384,2,100,0.0,5
33,0.004143929930066503,2,100,0.0,5
34,0.00045526771025393756,2,100,0.0,5
35,0.002481203302174093,1,100,0.0,5
36,0.0015537299684749524,1,100,0.0,5
37,7.6172838560192274e-06,1,100,0.0,5
38,1.424538607967751e-05,1,100,0.0,5
39,1.2699211384524557e-05,1,100,0.0,5
40,1.7932448538576202e-05,1,100,0.0,5
41,2.5378512921606525e-05,1,100,0.0,5
42,0.00024317141708165364,1,100,0.0,5
43,0.00035421832586732315,2,100,0.0,5
44,0.0011444504640297922,2,100,0.0,5
45,0.0015225281708684275,2,100,0.0,5
46,0.0005211662735214201,2,100,0.0,5
0,0.013787611223564082,0,100,0.0,6
1,0.012434226046598756,0,100,0.0,6
2,0.005667896522085861,1,100,0.0,6
3,0.013252068565218168,0,100,0.0,6
4,0.01755965822188918,0,100,0.0,6
5,0.021956087824351298,0,100,0.0,6
6,0.016730791353310927,0,100,0.0,6
7,0.002459965318671994,1,100,0.0,6
8,0.0020327799063875373,1,100,0.0,6
9,0.006518728899624517,1,100,0.0,6
10,0.012007219014644372,0,100,0.0,6
11,0.012022315238651694,0,100,0.0,6
12,0.012307542786724874,0,100,0.0,6
13,0.009753838864615734,2,100,0.0,6
14,0.007586823131285949,1,100,0.0,6
15,0.013646275593842913,0,100,0.0,6
16,0.007020373258451464,1,100,0.0,6
17,0.009216370458794573,1,100,0.0,6
18,0.013002970362580892,0,100,0.0,6
19,0.015879999248432485,0,100,0.0,6
20,0.015421704515939265,0,100,0.0,6
21,0.014945197351342544,0,100,0.0,6
22,0.011455545631940879,0,100,0.0,6
23,0.016515132291229622,0,100,0.0,6
24,0.023952095808383235,0,100,0.0,6
25,0.021321577403925016,0,100,0.0,6
26,0.017682635338112165,0,100,0.0,6
27,0.02594810379241517,0,100,0.0,6
28,0.021956087824351298,0,100,0.0,6
29,0.0024394561709830363,1,100,0.0,6
30,0.002863217623589831,1,100,0.0,6
31,0.0036351178579059765,2,100,0.0,6
32,0.006782727658829199,1,100,0.0,6
33,0.005472360922060412,2,100,0.0,6
34,0.0016394594801967964,1,100,0.0,6
35,0.0029150100636255944,2,100,0.0,6
36,0.0032516764300054577,2,100,0.0,6
37,0.011162886592578001,0,100,0.0,6
38,0.008273918050849285,1,100,0.0,6
39,0.011888095670135072,0,100,0.0,6
40,0.015361365558597503,0,100,0.0,6
41,0.012113650694003983,0,100,0.0,6
42,0.008547900923781573,1,100,0.0,6
43,0.010136414966107073,0,100,0.0,6
44,0.007480143959735584,2,100,0.0,6
45,0.009691127822550414,1,100,0.0,6
46,0.01117605716749857,0,100,0.0,6
0,0.0021272549938605354,1,100,0.0,7
1,0.0033859161588086816,2,100,0.0,7
2,0.007896292039277074,1,100,0.0,7
3,0.006127108060136506,1,100,0.0,7
4,0.004210492225974407,1,100,0.0,7
5,0.00824129857880143,1,100,0.0,7
6,0.011523440633803965,0,100,0.0,7
7,0.014810938169889994,0,100,0.0,7
8,0.008435922304563302,1,100,0.0,7
9,0.01238042108060632,0,100,0.0,7
10,0.012125983785402708,0,100,0.0,7
11,0.01091169843119521,0,100,0.0,7
12,0.006462398570759162,1,100,0.0,7
13,0.004912455652085598,2,100,0.0,7
14,0.005506918733996091,1,100,0.0,7
15,0.011669924276213023,0,100,0.0,7
16,0.005401562142885581,1,100,0.0,7
17,0.004996405327788563,4,100,0.0,7
18,0.003840726161714083,1,100,0.0,7
19,0.012896730965118772,0,100,0.0,7
20,0.02050819714791694,0,100,0.0,7
21,0.018508088935479,0,100,0.0,7
22,0.023952095808383235,0,100,0.0,7
23,0.003570673817426557,1,100,0.0,7
24,0.006673379098651257,2,100,0.0,7
25,0.007681021885808048,1,100,0.0,7
26,0.004046607615868868,1,100,0.0,7
27,0.005552224974637041,1,100,0.0,7
28,0.013067417544583624,0,100,0.0,7
29,0.0033152637442799026,1,100,0.0,7
30,0.0022834723909536062,1,100,0.0,7
31,0.00449013689897108,1,100,0.0,7
32,0.007262731552608201,1,100,0.0,7
33,0.012276731305134802,0,100,0.0,7
34,0.008663244474280912,1,100,0.0,7
35,0.021956087824351298,0,100,0.0,7
36,0.027944111776447105,0,100,0.0,7
37,0.021956087824351298,0,100,0.0,7
38,0.005251939042844298,1,100,0.0,7
39,0.005797820740720737,1,100,0.0,7
40,0.004040988837412983,1,100,0.0,7
41,0.007779800524121638,1,100,0.0,7
42,0.021956087824351298,0,100,0.0,7
43,0.013894002211865892,0,100,0.0,7
44,0.016653948317664837,0,100,0.0,7
45,0.014414334028020516,0,100,0.0,7
46,0.021956087824351298,0,100,0.0,7
0,0.005398087959381268,1,100,0.0,8
1,0.006504935359337012,1,100,0.0,8
2,0.007158619149938792,1,100,0.0,8
3,0.004554179832859357,2,100,0.0,8
4,0.004350243410922229,3,100,0.0,8
5,0.004073626337108297,4,100,0.0,8
6,0.001917334419881367,5,100,0.0,8
7,0.0014271570410944224,4,100,0.0,8
8,0.0025384903352909903,5,100,0.0,8
9,0.0030021049425334755,2,100,0.0,8
10,0.004444417284410941,3,100,0.0,8
11,0.00725104855118615,1,100,0.0,8
12,0.023952095808383235,0,100,0.0,8
13,0.003928854675472394,1,100,0.0,8
14,0.002696931314167772,2,100,0.0,8
15,0.002516970274708516,2,100,0.0,8
16,0.004966926618794064,1,100,0.0,8
17,0.005531282079849307,4,100,0.0,8
18,0.003173312602005553,1,100,0.0,8
19,0.0055737642783747175,2,100,0.0,8
20,0.0022004182337404337,2,100,0.0,8
21,0.0028334159142911143,4,100,0.0,8
22,0.005945248505677183,3,100,0.0,8
23,0.00652748779119279,2,100,0.0,8
24,0.005360637748589266,2,100,0.0,8
25,0.00844734209691097,2,100,0.0,8
26,0.008854808792719056,1,100,0.0,8
27,0.003678292755996657,1,100,0.0,8
28,0.0018161126438559737,2,100,0.0,8
29,0.00647856131842647,2,100,0.0,8
30,0.004153801137813067,1,100,0.0,8
31,0.012399857379085411,0,100,0.0,8
32,0.011405397371343093,0,100,0.0,8
33,0.002100844593466687,3,100,0.0,8
34,0.0011582985990595417,2,100,0.0,8
35,0.0013950887557249688,3,100,0.0,8
36,0.00027370575975043917,1,100,0.0,8
37,0.0004242159976597792,2,100,0.0,8
38,0.001471090357686251,2,100,0.0,8
39,0.0033315183180185116,2,100,0.0,8
40,0.001899948212062366,3,100,0.0,8
41,0.004488183834002286,3,100,0.0,8
42,0.001992628971304881,3,100,0.0,8
43,0.0021230915137227385,5,100,0.0,8
44,0.0030762343227037792,1,100,0.0,8
45,0.011903368970223479,0,100,0.0,8
46,0.01446775745406105,0,100,0.0,8
0,0.021956087824351298,0,100,0.0,9
1,0.014455320830825697,0,100,0.0,9
2,0.007071109768042813,1,100,0.0,9
3,0.011093952374010115,0,100,0.0,9
4,0.007832068236149138,1,100,0.0,9
5,0.00025439876452734754,1,100,0.0,9
6,6.79359576706391e-05,1,100,0.0,9
7,4.705461492960374e-05,1,100,0.0,9
8,9.682975176390405e-05,1,100,0.0,9
9,0.0004899932370480649,2,100,0.0,9
10,0.001107922682840634,3,100,0.0,9
11,0.004011537248167669,2,100,0.0,9
12,0.010622812761487656,0,100,0.0,9
13,0.00775923768684432,1,100,0.0,9
14,0.007561532731659926,2,100,0.0,9
15,0.0013687283772200003,2,100,0.0,9
16,0.0015726288432047774,2,100,0.0,9
17,0.00246640495026584,2,100,0.0,9
18,0.001075333191893914,1,100,0.0,9
19,0.0020154754381639566,2,100,0.0,9
20,0.0007808444068070298,3,100,0.0,9
21,0.0007573929709475985,3,100,0.0,9
22,0.004324839572183279,2,100,0.0,9
23,0.0028741335208682024,3,100,0.0,9
24,0.0022244583718452073,1,100,0.0,9
25,0.005904888016834465,1,100,0.0,9
26,0.0035390745993621703,3,100,0.0,9
27,0.0037931879186827947,3,100,0.0,9
28,0.0030561458933915132,3,100,0.0,9
29,0.0009554202968508392,3,100,0.0,9
30,0.0015308649470109445,1,100,0.0,9
31,0.0033531684128347977,2,100,0.0,9
32,0.003226844397593077,2,100,0.0,9
33,0.006308670496445594,2,100,0.0,9
34,0.031936127744510975,0,100,0.0,9
35,0.01644668233705802,0,100,0.0,9
36,0.009878888947844174,1,100,0.0,9
37,0.001545974764849245,2,100,0.0,9
38,0.0005495356580375781,2,100,0.0,9
39,0.0004452469557125679,3,100,0.0,9
40,0.002749920930543966,2,100,0.0,9
41,0.0018030850944629714,1,100,0.0,9
42,0.004393664379300795,1,100,0.0,9
43,0.003617949833554941,1,100,0.0,9
44,0.00094169395640027,1,100,0.0,9
45,0.002381026090765872,2,100,0.0,9
46,0.0022000879248997964,2,100,0.0,9
0,0.014888169549718923,0,100,0.0,10
1,0.003335110447066351,1,100,0.0,10
2,0.0009616162154975872,1,100,0.0,10
3,0.0027451070486309245,1,100,0.0,10
4,0.002925579621673676,5,100,0.0,10
5,0.005115858887517109,3,100,0.0,10
6,0.0015335233001216066,3,100,0.0,10
7,0.0003977959803094655,2,100,0.0,10
8,0.0014777088164619953,2,100,0.0,10
9,0.0032763255527356486,3,100,0.0,10
10,0.0018944750942672594,6,100,0.0,10
11,0.005782385758141916,3,100,0.0,10
12,0.007821127312556393,1,100,0.0,10
13,0.014100289853578502,0,100,0.0,10
14,0.014880712988551512,0,100,0.0,10
15,0.011445181840087216,0,100,0.0,10
16,0.005923381514525323,2,100,0.0,10
17,0.01051274391296448,0,100,0.0,10
18,0.0016709794866142042,1,100,0.0,10
19,0.0007726880363776629,2,100,0.0,10
20,0.0019050176454603518,2,100,0.0,10
21,0.011419913824396563,0,100,0.0,10
22,0.021956087824351298,0,100,0.0,10
23,0.017529870278549527,0,100,0.0,10
24,0.0010688814035687121,1,100,0.0,10
25,0.00024377127357866387,2,100,0.0,10
26,0.00040816856162844204,1,100,0.0,10
27,0.0019895040181534935,2,100,0.0,10
28,0.006753195154920626,1,100,0.0,10
29,0.008115048703967702,1,100,0.0,10
30,0.005588574572212532,1,100,0.0,10
31,0.001943381697504308,2,100,0.0,10
32,0.0015629012733735055,4,100,0.0,10
33,0.0018394514309121282,4,100,0.0,10
34,0.0032565565920512833,2,100,0.0,10
35,0.0022615306250896123,2,100,0.0,10
36,0.007837739898688832,1,100,0.0,10
37,0.021956087824351298,0,100,0.0,10
38,0.0038627323051893883,1,100,0.0,10
39,0.004950268749387525,1,100,0.0,10
40,0.002611892911889317,1,100,0.0,10
41,0.0055678353336514,2,100,0.0,10
42,0.0007481625745222938,1,100,0.0,10
43,0.001555190165212961,1,100,0.0,10
44,0.001360581284826841,2,100,0.0,10
45,0.0019248573205789155,2,100,0.0,10
46,0.008586680982154966,1,100,0.0,10
0,0.033932135728542916,0,100,0.0,11
1,0.0010794109482335239,1,100,0.0,11
2,0.0009979813013803174,3,100,0.0,11
3,0.00033600345814886485,3,100,0.0,11
4,0.00010948060420741377,4,100,0.0,11
5,0.002977337774091138,2,100,0.0,11
6,0.00376256155751545,2,100,0.0,11
7,0.0015784470023172778,3,100,0.0,11
8,0.001203598975785133,4,100,0.0,11
9,0.0011975504474568298,3,100,0.0,11
10,0.0013487381359192996,2,100,0.0,11
11,0.01369256815724613,0,100,0.0,11
12,0.0035748302776431916,1,100,0.0,11
13,0.0017627807129714597,2,100,0.0,11
14,0.0007761511851764329,3,100,0.0,11
15,0.0003882106740537765,6,100,0.0,11
16,0.0003054576258343314,4,100,0.0,11
17,0.0010999724358706298,3,100,0.0,11
18,0.001064562108558207,4,100,0.0,11
19,0.0006066740528827851,4,100,0.0,11
20,0.00030718573010146834,3,100,0.0,11
21,0.0006282944730768001,2,100,0.0,11
22,0.0027341493862421203,3,100,0.0,11
23,0.003752030539569087,2,100,0.0,11
24,0.002457632018768028,2,100,0.0,11
25,0.0028101722893730547,3,100,0.0,11
26,0.0017782104978685182,3,100,0.0,11
27,0.004256278571334497,3,100,0.0,11
28,0.0021922010788110336,2,100,0.0,11
29,0.0006245862698348352,3,100,0.0,11
30,0.00034333356993491917,2,100,0.0,11
31,0.0001269113048787104,3,100,0.0,11
32,9.115557887479824e-05,2,100,0.0,11
33,0.00023859376262411864,2,100,0.0,11
34,0.0008900703595154578,2,100,0.0,11
35,0.00023272773114706006,4,100,0.0,11
36,0.00015989899592427464,5,100,0.0,11
37,0.000374220037534106,4,100,0.0,11
38,0.0005808476649716824,2,100,0.0,11
39,0.0014140204699561447,2,100,0.0,11
40,0.004512412568262815,3,100,0.0,11
41,0.004179159795197168,1,100,0.0,11
42,0.004000819693444595,2,100,0.0,11
43,0.005235799315489361,2,100,0.0,11
44,0.0008955719052219212,1,100,0.0,11
45,0.0011223830563940058,2,100,0.0,11
46,0.004271794901253732,2,100,0.0,11
0,0.013625080094366178,0,100,0.0,12
1,0.007399305282460536,1,100,0.0,12
2,0.01835647930072052,0,100,0.0,12
3,0.031936127744510975,0,100,0.0,12
4,0.0073069971177613996,1,100,0.0,12
5,0.0015427141884262812,2,100,0.0,12
6,0.0006666450674218213,1,100,0.0,12
7,0.0004190971703197137,2,100,0.0,12
8,0.0007223282285443481,2,100,0.0,12
9,0.004481321895624813,2,100,0.0,12
10,0.006612565104572342,2,100,0.0,12
11,0.00986701881430563,1,100,0.0,12
12,0.020696694471605295,0,100,0.0,12
13,0.01306931173976119,0,100,0.0,12
14,0.006094002039410811,2,100,0.0,12
15,0.0020754673883610414,2,100,0.0,12
16,0.0030292626678438705,3,100,0.0,12
17,0.008834461356998701,1,100,0.0,12
18,0.01171253511284354,0,100,0.0,12
19,0.01100613166542247,0,100,0.0,12
20,0.004131841975413594,1,100,0.0,12
21,0.0028870472206308432,3,100,0.0,12
22,0.007876245925519167,2,100,0.0,12
23,0.004235392685004869,1,100,0.0,12
24,0.010323252134576653,0,100,0.0,12
25,0.003080898021488823,2,100,0.0,12
26,0.004204622335434396,2,100,0.0,12
27,0.008005410406499866,2,100,0.0,12
28,0.01617114986169353,0,100,0.0,12
29,0.005697802473439772,1,100,0.0,12
30,0.0018149865616314742,3,100,0.0,12
31,0.0020467484123472047,3,100,0.0,12
32,0.0013649156360500698,3,100,0.0,12
33,0.0006618111347844923,2,100,0.0,12
34,0.00019090533642553148,2,100,0.0,12
35,0.00027922306606517036,3,100,0.0,12
36,0.000346481915437936,2,100,0.0,12
37,0.00119027960821517,3,100,0.0,12
38,0.007002167589211745,1,100,0.0,12
39,0.005740767745396397,1,100,0.0,12
40,0.002193649601099239,2,100,0.0,12
41,0.004622801227130728,1,100,0.0,12
42,0.00534182411010891,1,100,0.0,12
43,0.02250623477760642,0,100,0.0,12
44,0.014401418073255108,0,100,0.0,12
45,0.0099043082573255,1,100,0.0,12
46,0.005460293349032252,1,100,0.0,12
0,0.003961094125993095,2,100,0.0,13
1,0.0024372065282335215,1,100,0.0,13
2,0.006038481168503151,3,100,0.0,13
3,0.005528020622755947,2,100,0.0,13
4,0.004376707408675668,2,100,0.0,13
5,0.021956087824351298,0,100,0.0,13
6,0.014754579646530605,0,100,0.0,13
7,0.006071424532805156,1,100,0.0,13
8,0.009216196145174629,1,100,0.0,13
9,0.015889275374075026,0,100,0.0,13
10,0.01794382487981247,0,100,0.0,13
11,0.009583092163193387,1,100,0.0,13
12,0.005512382974575877,3,100,0.0,13
13,0.006894201772524961,1,100,0.0,13
14,0.0031837430154619734,2,100,0.0,13
15,0.003482974773614392,2,100,0.0,13
16,0.004590338858474035,1,100,0.0,13
17,0.0026951025152885935,5,100,0.0,13
18,0.0012102605248853033,5,100,0.0,13
19,0.0055742372199234095,1,100,0.0,13
20,0.005644063571972804,1,100,0.0,13
21,0.00770972816415267,2,100,0.0,13
22,0.007143331736893452,2,100,0.0,13
23,0.005348619323780844,2,100,0.0,13
24,0.0044243978245148505,1,100,0.0,13
25,0.003956224356157947,2,100,0.0,13
26,0.007298820206541662,3,100,0.0,13
27,0.003188584252246128,1,100,0.0,13
28,0.0034967392015105344,3,100,0.0,13
29,0.000863062069667326,2,100,0.0,13
30,0.0013318519045285226,2,100,0.0,13
31,0.023952095808383235,0,100,0.0,13
32,0.0014661322804921427,1,100,0.0,13
33,0.004808293702842465,2,100,0.0,13
34,0.005931764268426819,1,100,0.0,13
35,0.004072230259373965,2,100,0.0,13
36,0.004228494347053134,4,100,0.0,13
37,0.0025934293137632016,4,100,0.0,13
38,0.0031399436096765676,3,100,0.0,13
39,0.00494839203749234,2,100,0.0,13
40,0.007890198665287087,1,100,0.0,13
41,0.0061009425896819845,2,100,0.0,13
42,0.001983237823130777,3,100,0.0,13
43,0.0017534369160314347,3,100,0.0,13
44,0.0008781553552457286,2,100,0.0,13
45,0.0011467216831767936,2,100,0.0,13
46,0.009020999891954517,2,100,0.0,13
0,0.0012490769439558677,4,100,0.0,15
1,0.0023074041162784486,4,100,0.0,15
2,0.004354098022574306,1,100,0.0,15
3,0.010820518200852267,0,100,0.0,15
4,0.021956087824351298,0,100,0.0,15
5,0.04790419161676647,0,100,0.0,15
6,0.02249237951334728,0,100,0.0,15
7,0.043912175648702596,0,100,0.0,15
8,0.01581271700589111,0,100,0.0,15
9,0.012212180335758775,0,100,0.0,15
10,0.006819836921012796,1,100,0.0,15
11,0.0082362972433933,1,100,0.0,15
12,0.004001260545843664,3,100,0.0,15
13,0.0010730436993335935,2,100,0.0,15
14,0.0016108073193337254,1,100,0.0,15
15,0.0036064035906370473,1,100,0.0,15
16,0.005931300395541267,1,100,0.0,15
17,0.01255794469639867,0,100,0.0,15
18,0.0062076239141190225,1,100,0.0,15
19,0.007024072127999713,1,100,0.0,15
20,0.0013036149297259783,1,100,0.0,15
21,0.0002893319498591175,1,100,0.0,15
22,0.0008648435445834457,1,100,0.0,15
23,0.00472742325597137,1,100,0.0,15
24,0.011715897164778796,0,100,0.0,15
25,0.021956087824351298,0,100,0.0,15
26,0.0074040072398420115,1,100,0.0,15
27,0.0034244948764061097,2,100,0.0,15
28,0.00577178761713913,1,100,0.0,15
29,0.005538716910701129,2,100,0.0,15
30,0.010760130687418957,0,100,0.0,15
31,0.018731939293077583,0,100,0.0,15
32,0.027944111776447105,0,100,0.0,15
33,0.031936127744510975,0,100,0.0,15
34,0.015197294785671087,0,100,0.0,15
35,0.00849799768961257,1,100,0.0,15
36,0.012317364314723276,0,100,0.0,15
37,0.022260439984774727,0,100,0.0,15
38,0.009910626646284604,1,100,0.0,15
39,0.004161380375027094,1,100,0.0,15
40,0.0070351924077008705,1,100,0.0,15
41,0.02594810379241517,0,100,0.0,15
42,0.0047107205645696235,1,100,0.0,15
43,0.008273221909015289,1,100,0.0,15
44,0.021956087824351298,0,100,0.0,15
45,0.004775108484455336,1,100,0.0,15
46,0.006600127521871342,1,100,0.0,15
0,0.004776657646751777,2,100,0.0,14
1,0.001635561524882716,3,100,0.0,14
2,0.0056308847038775926,2,100,0.0,14
3,0.018401347443508714,0,100,0.0,14
4,0.0019811780221966864,1,100,0.0,14
5,0.0011502520242427912,1,100,0.0,14
6,0.0014381534869571206,4,100,0.0,14
7,0.0005540184933842478,5,100,0.0,14
8,0.0010184111019368271,3,100,0.0,14
9,0.001882142426428557,2,100,0.0,14
10,0.003648550133215678,2,100,0.0,14
11,0.007554802414043657,1,100,0.0,14
12,0.010793767126174645,0,100,0.0,14
13,0.002088058127484979,1,100,0.0,14
14,0.0027240212459566566,3,100,0.0,14
15,0.005974370302355726,2,100,0.0,14
16,0.001450404699224897,4,100,0.0,14
17,0.0013919975958266051,3,100,0.0,14
18,0.0010573095704243737,4,100,0.0,14
19,0.004861487069326499,4,100,0.0,14
20,0.006799611779224797,1,100,0.0,14
21,0.0032064557875194966,1,100,0.0,14
22,0.002869639909335306,2,100,0.0,14
23,0.003532091512364846,1,100,0.0,14
24,0.00711337687037427,1,100,0.0,14
25,0.0005641063788223732,1,100,0.0,14
26,0.002250752188490251,2,100,0.0,14
27,0.003940424102253262,4,100,0.0,14
28,0.002217301214532783,3,100,0.0,14
29,0.00069787783156295,4,100,0.0,14
30,0.0036580287117569076,2,100,0.0,14
31,0.0006279611423779802,3,100,0.0,14
32,0.0007568348665645589,4,100,0.0,14
33,0.0021358563531063347,4,100,0.0,14
34,0.0025879478941926246,3,100,0.0,14
35,0.001720419782643009,4,100,0.0,14
36,0.0022791408331486874,3,100,0.0,14
37,0.0037735747529162576,3,100,0.0,14
38,0.0010548033948800078,2,100,0.0,14
39,0.0016660581246992134,5,100,0.0,14
40,0.0006886836179864266,3,100,0.0,14
41,0.0015243389861722442,2,100,0.0,14
42,0.0007475170568759079,2,100,0.0,14
43,0.0009557865278535836,3,100,0.0,14
44,0.0008649713952578908,3,100,0.0,14
45,0.0008030522613034427,3,100,0.0,14
46,0.0026132381467088733,5,100,0.0,14
0,0.02594810379241517,0,100,0.0,16
1,0.0035381571929733627,1,100,0.0,16
2,0.006322452159509884,1,100,0.0,16
3,0.008945399756479754,1,100,0.0,16
4,0.006016000464266608,1,100,0.0,16
5,0.0158934899987259,0,100,0.0,16
6,0.016553097077543693,0,100,0.0,16
7,0.012714245128497066,0,100,0.0,16
8,0.008888119276091129,2,100,0.0,16
9,0.015378610067703778,0,100,0.0,16
10,0.008457867374649873,1,100,0.0,16
11,0.023952095808383235,0,100,0.0,16
12,0.033932135728542916,0,100,0.0,16
13,0.031936127744510975,0,100,0.0,16
14,0.021956087824351298,0,100,0.0,16
15,0.00421978556388295,1,100,0.0,16
16,0.002720667264802362,1,100,0.0,16
17,0.010108711531324928,0,100,0.0,16
18,0.0004650486935231609,2,100,0.0,16
19,0.021956087824351298,0,100,0.0,16
20,0.027944111776447105,0,100,0.0,16
21,0.03992015968063872,0,100,0.0,16
22,0.0071691627486076635,2,100,0.0,16
23,0.0032424422108050044,3,100,0.0,16
24,0.005659505259705287,3,100,0.0,16
25,0.0008963779223796135,2,100,0.0,16
26,0.0008642243860379067,4,100,0.0,16
27,0.0007501755156712012,1,100,0.0,16
28,0.001251782107551478,1,100,0.0,16
29,0.002339214926591069,2,100,0.0,16
30,0.0045154570374862455,2,100,0.0,16
31,0.0038042013207837547,2,100,0.0,16
32,0.011247969651849451,0,100,0.0,16
33,0.011501110357179857,0,100,0.0,16
34,0.006225296347361859,1,100,0.0,16
35,0.006856990044759703,2,100,0.0,16
36,0.002988296278700729,1,100,0.0,16
37,0.00851011831745623,1,100,0.0,16
38,0.02594810379241517,0,100,0.0,16
39,0.009259406894354973,1,100,0.0,16
40,0.007827454097745806,2,100,0.0,16
41,0.01072612245027045,0,100,0.0,16
42,0.006308192512486793,1,100,0.0,16
43,0.005315259910340875,2,100,0.0,16
44,0.01245266314748919,0,100,0.0,16
45,0.015280703066314497,0,100,0.0,16
46,0.005593296288007636,1,100,0.0,16
0,0.017991610847503337,0,100,0.0,17
1,0.029940119760479042,0,100,0.0,17
2,0.0076224128294324345,2,100,0.0,17
3,0.004305909044593231,2,100,0.0,17
4,0.009601279790325407,1,100,0.0,17
5,0.007554467568906882,2,100,0.0,17
6,0.023952095808383235,0,100,0.0,17
7,0.011721723604842955,0,100,0.0,17
8,0.004560156959552289,1,100,0.0,17
9,0.004151726547956499,3,100,0.0,17
10,0.0020622067670871534,2,100,0.0,17
11,0.001610351566086723,2,100,0.0,17
12,0.0011510545183121077,2,100,0.0,17
13,0.0022016451008626606,1,100,0.0,17
14,0.0010586756347645673,2,100,0.0,17
15,0.004185389884092071,4,100,0.0,17
16,0.0038949198993558708,2,100,0.0,17
17,0.004889597357281039,3,100,0.0,17
18,0.002878907389191644,2,100,0.0,17
19,0.007971670944525269,1,100,0.0,17
20,0.007997793180370817,1,100,0.0,17
21,0.0022774739090518216,1,100,0.0,17
22,0.003002299728397171,1,100,0.0,17
23,0.00630813118869979,2,100,0.0,17
24,0.003649301668301322,1,100,0.0,17
25,0.0017686279397855212,1,100,0.0,17
26,0.0006501089445644605,2,100,0.0,17
27,0.00045463060714423845,1,100,0.0,17
28,0.0014580265097649744,1,100,0.0,17
29,0.005067089634873487,2,100,0.0,17
30,0.005655584565302403,2,100,0.0,17
31,0.004621877084454001,3,100,0.0,17
32,0.00150530775455608,1,100,0.0,17
33,0.0020437869086565312,1,100,0.0,17
34,0.004423013421483096,1,100,0.0,17
35,0.0018144625321412132,1,100,0.0,17
36,0.001695893411921929,1,100,0.0,17
37,0.005174925397809003,3,100,0.0,17
38,0.002128595410287943,3,100,0.0,17
39,0.004767086246372228,1,100,0.0,17
40,0.016133367163757278,0,100,0.0,17
41,0.02594810379241517,0,100,0.0,17
42,0.006107981589302082,1,100,0.0,17
43,0.003052790371355161,4,100,0.0,17
44,0.007862658731688621,1,100,0.0,17
45,0.01016773488215209,0,100,0.0,17
46,0.005533044796119442,1,100,0.0,17
0,0.012654883809527893,0,100,0.0,19
1,0.017129012269789228,0,100,0.0,19
2,0.029940119760479042,0,100,0.0,19
3,0.01102802070386372,0,100,0.0,19
4,0.0027952168009443405,2,100,0.0,19
5,0.0018449994876276637,3,100,0.0,19
6,0.00022719169136863702,2,100,0.0,19
7,0.0003460875498959198,2,100,0.0,19
8,0.0002358928055483461,1,100,0.0,19
9,0.0002780084442358145,1,100,0.0,19
10,0.0028464269598783417,2,100,0.0,19
11,0.023952095808383235,0,100,0.0,19
12,0.027944111776447105,0,100,0.0,19
13,0.01349968444015198,0,100,0.0,19
14,0.009449506734067881,1,100,0.0,19
15,0.0014235604190931286,1,100,0.0,19
16,0.0030423910196986418,2,100,0.0,19
17,0.00721912050164525,1,100,0.0,19
18,0.008925707551022606,2,100,0.0,19
19,0.0059683729239217425,1,100,0.0,19
20,0.01165365225146707,0,100,0.0,19
21,0.027944111776447105,0,100,0.0,19
22,0.016742817354608305,0,100,0.0,19
23,0.010273414432791332,0,100,0.0,19
24,0.015288668772773113,0,100,0.0,19
25,0.02594810379241517,0,100,0.0,19
26,0.021956087824351298,0,100,0.0,19
27,0.023952095808383235,0,100,0.0,19
28,0.01210557365003705,0,100,0.0,19
29,0.027944111776447105,0,100,0.0,19
30,0.009867641425477972,1,100,0.0,19
31,0.006475681883310065,2,100,0.0,19
32,0.027944111776447105,0,100,0.0,19
33,0.027944111776447105,0,100,0.0,19
34,0.005506975305999952,1,100,0.0,19
35,0.011829386537948714,0,100,0.0,19
36,0.015364315643614172,0,100,0.0,19
37,0.015591267653775923,0,100,0.0,19
38,0.006786734983419887,1,100,0.0,19
39,0.013486931451990586,0,100,0.0,19
40,0.014535593261296829,0,100,0.0,19
41,0.029940119760479042,0,100,0.0,19
42,0.02594810379241517,0,100,0.0,19
43,0.010162495101593123,0,100,0.0,19
44,0.011685591427952162,0,100,0.0,19
45,0.015369856698598881,0,100,0.0,19
46,0.004488655608135029,2,100,0.0,19
0,0.00728706999929928,1,100,0.0,20
1,0.008214934317088413,2,100,0.0,20
2,0.014233134644630894,0,100,0.0,20
3,0.013593464900610384,0,100,0.0,20
4,0.0058203992327401505,1,100,0.0,20
5,0.0004766331611883257,4,100,0.0,20
6,0.0002449500746001076,4,100,0.0,20
7,0.0001917450671815492,1,100,0.0,20
8,0.004800291136547672,1,100,0.0,20
9,0.007940502643676038,1,100,0.0,20
10,0.004490456059788217,2,100,0.0,20
11,0.00136164301654745,4,100,0.0,20
12,0.00015240762973485272,5,100,0.0,20
13,5.26521772945645e-05,3,100,0.0,20
14,0.0009647771482052987,2,100,0.0,20
15,0.0025719665570010457,1,100,0.0,20
16,0.011609970769681583,0,100,0.0,20
17,0.0040028923236259135,2,100,0.0,20
18,0.0003761428792013902,2,100,0.0,20
19,0.0020428621847680566,2,100,0.0,20
20,0.0006515830544928009,2,100,0.0,20
21,2.584293779541333e-05,1,100,0.0,20
22,0.00012277510381155307,2,100,0.0,20
23,0.00045217752287545003,3,100,0.0,20
24,0.0017826630575057693,3,100,0.0,20
25,0.00540840379935959,3,100,0.0,20
26,0.004405072879427349,1,100,0.0,20
27,0.0023026519524382456,1,100,0.0,20
28,0.0035885611543429495,1,100,0.0,20
29,0.00016876221972076584,1,100,0.0,20
30,5.694756221337202e-06,2,100,0.0,20
31,1.4805092747236521e-05,4,100,0.0,20
32,7.386936282000685e-05,5,100,0.0,20
33,0.001419230609977888,4,100,0.0,20
34,0.0009209098959642106,4,100,0.0,20
35,0.0004029704293012047,2,100,0.0,20
36,0.0001386150242821245,3,100,0.0,20
37,0.0003555786046090586,3,100,0.0,20
38,0.0005911521469409248,2,100,0.0,20
39,0.0008909294945272551,1,100,0.0,20
40,0.0005845435479207206,1,100,0.0,20
41,0.00022233590299255103,1,100,0.0,20
42,0.001122206498726185,2,100,0.0,20
43,0.0008225660542494462,2,100,0.0,20
44,0.00035724501469331136,2,100,0.0,20
45,0.0015061233119782684,2,100,0.0,20
46,0.0012790160989850112,2,100,0.0,20
0,0.0017795709907618426,2,100,0.0,18
1,0.002944745636583545,2,100,0.0,18
2,0.0033322535550986475,2,100,0.0,18
3,0.0035580650725936386,1,100,0.0,18
4,0.007379624992458385,1,100,0.0,18
5,0.0039758414793606206,2,100,0.0,18
6,0.005872088666938167,2,100,0.0,18
7,0.009187810606888397,1,100,0.0,18
8,0.011170667071107233,0,100,0.0,18
9,0.0026058700532736547,2,100,0.0,18
10,0.0060785296851748015,3,100,0.0,18
11,0.0010290985061026995,2,100,0.0,18
12,0.017657376629011772,0,100,0.0,18
13,0.012256763575080952,0,100,0.0,18
14,0.013971487984704021,0,100,0.0,18
15,0.0020335383668777475,1,100,0.0,18
16,0.0017423992789334928,1,100,0.0,18
17,0.007746047584841201,1,100,0.0,18
18,0.0032409473804528724,2,100,0.0,18
19,0.0062703871047126245,1,100,0.0,18
20,0.017495122195115582,0,100,0.0,18
21,0.0023151417850525934,1,100,0.0,18
22,0.0015689488257672045,1,100,0.0,18
23,0.0009485459753194488,4,100,0.0,18
24,0.0005913772496053606,4,100,0.0,18
25,0.00043781420309589055,5,100,0.0,18
26,0.00239351435168599,4,100,0.0,18
27,0.0038779541159689925,2,100,0.0,18
28,0.00013444516821395797,3,100,0.0,18
29,0.00036649773775876556,3,100,0.0,18
30,0.0012267966762557615,2,100,0.0,18
31,0.009708379786693892,1,100,0.0,18
32,0.007592907041084203,2,100,0.0,18
33,0.0038700651990364134,3,100,0.0,18
34,0.0071407380966277845,2,100,0.0,18
35,0.0032714870836561636,2,100,0.0,18
36,0.0020522089878717785,1,100,0.0,18
37,0.0023895406042080364,2,100,0.0,18
38,0.006313363738225631,2,100,0.0,18
39,0.006366506480891653,1,100,0.0,18
40,0.004853468944068163,3,100,0.0,18
41,0.003504572505701308,3,100,0.0,18
42,0.0015766598992751149,5,100,0.0,18
43,0.003432965978389038,5,100,0.0,18
44,0.0015013361238141478,2,100,0.0,18
45,0.006171531965676577,2,100,0.0,18
46,0.005143453052991888,3,100,0.0,18
0,0.01501017118641978,0,100,0.0,21
1,0.008036118202098066,1,100,0.0,21
2,0.009617661778005092,1,100,0.0,21
3,0.00274656462292581,2,100,0.0,21
4,0.0026303813166447,2,100,0.0,21
5,0.004675270599785885,1,100,0.0,21
6,0.005224063592030849,1,100,0.0,21
7,0.010720177216465822,0,100,0.0,21
8,0.0038419583619529077,1,100,0.0,21
9,0.004560332919103182,1,100,0.0,21
10,0.0013540808549456643,2,100,0.0,21
11,0.0002436668493424621,2,100,0.0,21
12,0.00026487457880779267,2,100,0.0,21
13,0.0010700571842646657,2,100,0.0,21
14,0.0026686228565285493,1,100,0.0,21
15,0.008964422742271893,1,100,0.0,21
16,0.006556062064940398,1,100,0.0,21
17,0.00947989387869324,1,100,0.0,21
18,0.013345619540328547,0,100,0.0,21
19,0.004459840540319198,2,100,0.0,21
20,0.0012623608609961291,2,100,0.0,21
21,0.0016078461355189392,1,100,0.0,21
22,0.000293956298552623,1,100,0.0,21
23,0.0005468384342673236,2,100,0.0,21
24,0.00012285449004124685,3,100,0.0,21
25,0.00034173027294270126,4,100,0.0,21
26,0.0017674146796316924,3,100,0.0,21
27,0.0005189747797650456,4,100,0.0,21
28,0.00204359765362557,3,100,0.0,21
29,0.001496485686720942,2,100,0.0,21
30,0.0015452108387424765,2,100,0.0,21
31,0.0024092349928447176,1,100,0.0,21
32,0.001007290366302934,1,100,0.0,21
33,0.0011242597351583835,1,100,0.0,21
34,0.0011320798517362321,1,100,0.0,21
35,0.0012255364717482966,1,100,0.0,21
36,0.020547441931707024,0,100,0.0,21
37,0.01300309247034483,0,100,0.0,21
38,0.00512231102077764,1,100,0.0,21
39,0.0015644583146060332,1,100,0.0,21
40,0.0007466135725307871,2,100,0.0,21
41,0.001272399683502592,2,100,0.0,21
42,0.006604503784074067,2,100,0.0,21
43,0.014451129835865629,0,100,0.0,21
44,0.014794277141456187,0,100,0.0,21
45,0.016732605306000715,0,100,0.0,21
46,0.005592544395110987,1,100,0.0,21
0,0.004724302508903686,2,100,0.0,23
1,0.02594810379241517,0,100,0.0,23
2,0.011418962322838018,0,100,0.0,23
3,0.009760421074868684,1,100,0.0,23
4,0.02594810379241517,0,100,0.0,23
5,0.017079724711469638,0,100,0.0,23
6,0.021956087824351298,0,100,0.0,23
7,0.01529289515983327,0,100,0.0,23
8,0.007074066345503941,1,100,0.0,23
9,0.007760898785596618,1,100,0.0,23
10,0.020071511376088827,0,100,0.0,23
11,0.011710759179780695,0,100,0.0,23
12,0.013806439735665485,0,100,0.0,23
13,0.011189629458595217,0,100,0.0,23
14,0.013611062012117064,0,100,0.0,23
15,0.03592814371257485,0,100,0.0,23
16,0.08183632734530938,0,100,0.0,23
17,0.05189620758483034,0,100,0.0,23
18,0.01225420561765089,0,100,0.0,23
19,0.009931518263970228,1,100,0.0,23
20,0.0033538375331542687,1,100,0.0,23
21,0.00910189218454163,1,100,0.0,23
22,0.023952095808383235,0,100,0.0,23
23,0.014955090808907088,0,100,0.0,23
24,0.011279809106964876,0,100,0.0,23
25,0.029940119760479042,0,100,0.0,23
26,0.031936127744510975,0,100,0.0,23
27,0.01607408610807161,0,100,0.0,23
28,0.027944111776447105,0,100,0.0,23
29,0.02007875857325669,0,100,0.0,23
30,0.015385147580193746,0,100,0.0,23
31,0.01785693506375949,0,100,0.0,23
32,0.01788774148949796,0,100,0.0,23
33,0.029940119760479042,0,100,0.0,23
34,0.03592814371257485,0,100,0.0,23
35,0.04790419161676647,0,100,0.0,23
36,0.04590818363273453,0,100,0.0,23
37,0.05588822355289421,0,100,0.0,23
38,0.02594810379241517,0,100,0.0,23
39,0.014934736339507954,0,100,0.0,23
40,0.01503112682577871,0,100,0.0,23
41,0.007417700914546606,1,100,0.0,23
42,0.006557775714480411,2,100,0.0,23
43,0.005588293484452067,2,100,0.0,23
44,0.011588832126693323,0,100,0.0,23
45,0.008942361870128228,2,100,0.0,23
46,0.010810711537228398,0,100,0.0,23
0,0.01599948993084361,0,100,0.0,22
1,0.002694982930591569,2,100,0.0,22
2,0.0053370944210223425,1,100,0.0,22
3,0.0037264434341487355,1,100,0.0,22
4,0.0010630660119853306,1,100,0.0,22
5,0.00026853439792529744,1,100,0.0,22
6,0.00030375671868416857,2,100,0.0,22
7,0.0009924491117564273,3,100,0.0,22
8,0.0029301943296734293,2,100,0.0,22
9,0.004783825134283472,2,100,0.0,22
10,0.003857801908843656,2,100,0.0,22
11,0.010715437856425682,0,100,0.0,22
12,0.001475020027400884,3,100,0.0,22
13,0.0007501349773540539,3,100,0.0,22
14,0.001466583622435603,2,100,0.0,22
15,0.0002741314934855136,2,100,0.0,22
16,0.0007305604371269552,2,100,0.0,22
17,0.000756333065997205,1,100,0.0,22
18,0.0037939694863457735,1,100,0.0,22
19,0.0010760078098996243,3,100,0.0,22
20,0.000707930433194311,3,100,0.0,22
21,0.0014625370471191511,4,100,0.0,22
22,0.00015280374075110346,1,100,0.0,22
23,0.0007166136055227262,1,100,0.0,22
24,0.0003176236362534719,1,100,0.0,22
25,4.372815971816804e-05,1,100,0.0,22
26,0.00010530905663137331,1,100,0.0,22
27,0.0006428190884314174,2,100,0.0,22
28,0.0008218998192851133,3,100,0.0,22
29,5.7766763991989764e-05,2,100,0.0,22
30,1.4320903933304937e-05,3,100,0.0,22
31,1.3991928089442889e-05,3,100,0.0,22
32,0.00016947928740794732,3,100,0.0,22
33,0.001207993540430937,2,100,0.0,22
34,0.011201386583796706,0,100,0.0,22
35,0.0024003998733921348,2,100,0.0,22
36,0.00036605441253346007,2,100,0.0,22
37,6.652056927252107e-05,3,100,0.0,22
38,0.00011079350803752738,4,100,0.0,22
39,0.0011396299327313462,3,100,0.0,22
40,0.0032250961011368595,2,100,0.0,22
41,0.002161263172633483,2,100,0.0,22
42,0.004965790769879628,3,100,0.0,22
43,0.007644836736701169,1,100,0.0,22
44,0.005954101457275832,2,100,0.0,22
45,0.00028780040073855546,2,100,0.0,22
46,5.4244334944968406e-05,3,100,0.0,22
0,0.004770594926790147,1,100,0.0,24
1,0.002049857854126082,2,100,0.0,24
2,0.005668694824859491,2,100,0.0,24
3,0.006029251197123789,1,100,0.0,24
4,0.010531345067785101,0,100,0.0,24
5,0.014454489377879472,0,100,0.0,24
6,0.013476717066819405,0,100,0.0,24
7,0.008271717757062907,1,100,0.0,24
8,0.041916167664670656,0,100,0.0,24
9,0.033932135728542916,0,100,0.0,24
10,0.02594810379241517,0,100,0.0,24
11,0.01645146738403616,0,100,0.0,24
12,0.021954569647570758,0,100,0.0,24
13,0.008552305166215166,1,100,0.0,24
14,0.007625242239957107,1,100,0.0,24
15,0.008262383949614425,2,100,0.0,24
16,0.008122022577614204,1,100,0.0,24
17,0.011972907136945855,0,100,0.0,24
18,0.004108457474552569,1,100,0.0,24
19,0.005845361243411675,1,100,0.0,24
20,0.003866427526881805,2,100,0.0,24
21,0.006777358345851418,1,100,0.0,24
22,0.033932135728542916,0,100,0.0,24
23,0.00768433521259268,1,100,0.0,24
24,0.002229819973567936,1,100,0.0,24
25,0.001561271811227947,1,100,0.0,24
26,0.008000315755782157,1,100,0.0,24
27,0.02024178991152812,0,100,0.0,24
28,0.007718350595702249,1,100,0.0,24
29,0.00416332029948575,3,100,0.0,24
30,0.004568993530822065,2,100,0.0,24
31,0.0033909382431645966,2,100,0.0,24
32,0.005689189077733947,1,100,0.0,24
33,0.007611535372268459,1,100,0.0,24
34,0.007282259460060303,1,100,0.0,24
35,0.0023517384435664114,1,100,0.0,24
36,0.0015434930605994195,1,100,0.0,24
37,0.0028462085604649776,2,100,0.0,24
38,0.00440928347735512,1,100,0.0,24
39,0.01084989742926131,0,100,0.0,24
40,0.00934264257267102,1,100,0.0,24
41,0.0034468581084103793,2,100,0.0,24
42,0.012389472532850278,0,100,0.0,24
43,0.014472176098571777,0,100,0.0,24
44,0.010995234504426805,0,100,0.0,24
45,0.006381542874736655,2,100,0.0,24
46,0.006406274942230303,1,100,0.0,24
0,0.011714327897812416,0,100,0.0,25
1,0.00617860145670156,1,100,0.0,25
2,0.0015443780062197345,3,100,0.0,25
3,0.0039650364560992885,2,100,0.0,25
4,0.0005524685146640321,3,100,0.0,25
5,0.00020190588284890433,2,100,0.0,25
6,9.494857508927668e-05,3,100,0.0,25
7,0.00016776853657972295,1,100,0.0,25
8,0.001145405513023322,1,100,0.0,25
9,0.0027786529537532664,1,100,0.0,25
10,0.013067429032785759,0,100,0.0,25
11,0.01518844669913205,0,100,0.0,25
12,0.01266735022060531,0,100,0.0,25
13,0.008911110258571055,1,100,0.0,25
14,0.0038740549853366712,2,100,0.0,25
15,0.002301984966027268,3,100,0.0,25
16,0.002172126936713886,4,100,0.0,25
17,0.002955983547834008,5,100,0.0,25
18,0.0027758046535448205,3,100,0.0,25
19,0.0023317244048237347,3,100,0.0,25
20,0.0013312484662362598,2,100,0.0,25
21,0.002968770635883719,3,100,0.0,25
22,0.005622874024393035,1,100,0.0,25
23,0.007665311322778941,1,100,0.0,25
24,0.00722285734318766,1,100,0.0,25
25,0.008907674997185713,1,100,0.0,25
26,0.01783886287579109,0,100,0.0,25
27,0.0021467971670122024,1,100,0.0,25
28,0.002571358542602427,1,100,0.0,25
29,0.0029429628576154118,1,100,0.0,25
30,0.0009807339300857403,1,100,0.0,25
31,0.005031347629587412,1,100,0.0,25
32,0.008850714749098237,2,100,0.0,25
33,0.007959707790571952,1,100,0.0,25
34,0.004565460475606716,1,100,0.0,25
35,0.004524239065604076,1,100,0.0,25
36,0.006172835855884289,1,100,0.0,25
37,0.029940119760479042,0,100,0.0,25
38,0.023952095808383235,0,100,0.0,25
39,0.0031595172567366707,1,100,0.0,25
40,0.00041687294949914623,3,100,0.0,25
41,0.0001723145566038679,3,100,0.0,25
42,0.000246442202962858,3,100,0.0,25
43,0.0006366128242934039,2,100,0.0,25
44,0.0032848581498960863,2,100,0.0,25
45,0.008957038828940047,2,100,0.0,25
46,0.0017559843158131553,1,100,0.0,25
0,0.008488999770980514,1,100,0.0,27
1,0.004652187407066884,1,100,0.0,27
2,0.0029529800907005296,2,100,0.0,27
3,0.004679923976599082,3,100,0.0,27
4,0.006006292296270081,3,100,0.0,27
5,0.007249140772117546,1,100,0.0,27
6,0.002066177105728772,3,100,0.0,27
7,0.001974735115536607,2,100,0.0,27
8,0.0020044385461736856,1,100,0.0,27
9,0.00018650276544229067,2,100,0.0,27
10,0.00011396243570305041,2,100,0.0,27
11,0.0001738805949263178,2,100,0.0,27
12,0.0007435497351177304,1,100,0.0,27
13,0.0028846261517803977,1,100,0.0,27
14,0.0064901317112618,1,100,0.0,27
15,0.003268729185289833,2,100,0.0,27
16,0.002385670190616359,2,100,0.0,27
17,0.0019282250208196218,2,100,0.0,27
18,0.002284155750978653,5,100,0.0,27
19,0.002500658729789917,5,100,0.0,27
20,0.0018197213395594958,5,100,0.0,27
21,0.0031922076914234323,3,100,0.0,27
22,0.006758981632436616,3,100,0.0,27
23,0.004180067200977351,3,100,0.0,27
24,0.003189540840357708,4,100,0.0,27
25,0.005004505723587646,4,100,0.0,27
26,0.009796854025852694,1,100,0.0,27
27,0.0075376136702590794,1,100,0.0,27
28,0.004566450237361413,3,100,0.0,27
29,0.0022339886464746972,2,100,0.0,27
30,0.00045190808848678213,2,100,0.0,27
31,0.00044394071631444925,2,100,0.0,27
32,0.00028784485028915066,2,100,0.0,27
33,0.0003502075026337436,3,100,0.0,27
34,0.0012737794300234926,2,100,0.0,27
35,0.0029518764081747553,2,100,0.0,27
36,0.005462297856777703,4,100,0.0,27
37,0.006816804972518156,1,100,0.0,27
38,0.0021590075269404016,1,100,0.0,27
39,0.002257162010729135,3,100,0.0,27
40,0.002439760679508675,2,100,0.0,27
41,0.003516178542049591,3,100,0.0,27
42,0.003857088260696045,2,100,0.0,27
43,0.007837649997408857,2,100,0.0,27
44,0.002382899529437351,1,100,0.0,27
45,0.0006816508995789842,3,100,0.0,27
46,0.0006662054146515893,4,100,0.0,27
0,0.005629279670011895,1,100,0.0,26
1,0.010276289086208467,0,100,0.0,26
2,0.009259912711230769,1,100,0.0,26
3,0.009422857360038117,1,100,0.0,26
4,0.007705967793571979,2,100,0.0,26
5,0.001969056387844014,5,100,0.0,26
6,0.0014882501060031299,5,100,0.0,26
7,0.003422931419010884,1,100,0.0,26
8,0.0038297997285690563,1,100,0.0,26
9,0.009243781531674863,1,100,0.0,26
10,0.00901143416122476,1,100,0.0,26
11,0.011610145178573814,0,100,0.0,26
12,0.003668518014972205,2,100,0.0,26
13,0.008225909292547294,1,100,0.0,26
14,0.009516844374402714,1,100,0.0,26
15,0.016584168204998764,0,100,0.0,26
16,0.005814606738311191,2,100,0.0,26
17,0.0031915765625977464,3,100,0.0,26
18,0.0034106848571346065,3,100,0.0,26
19,0.005372180531464536,1,100,0.0,26
20,0.013452744850381549,0,100,0.0,26
21,0.004673374107650286,3,100,0.0,26
22,0.0047071200189271745,3,100,0.0,26
23,0.0053575814375997855,2,100,0.0,26
24,0.007169089550934241,4,100,0.0,26
25,0.004498590618888304,3,100,0.0,26
26,0.005516461756854383,2,100,0.0,26
27,0.0054871827512203535,1,100,0.0,26
28,0.013956286730579219,0,100,0.0,26
29,0.00784966079907919,1,100,0.0,26
30,0.011278649593522067,0,100,0.0,26
31,0.031936127744510975,0,100,0.0,26
32,0.012551131639232133,0,100,0.0,26
33,0.00724358699189628,1,100,0.0,26
34,0.0064393026015853215,1,100,0.0,26
35,0.010839289409028927,0,100,0.0,26
36,0.010628344616475452,0,100,0.0,26
37,0.009755249739210811,1,100,0.0,26
38,0.01358532553865419,0,100,0.0,26
39,0.007935360366823801,1,100,0.0,26
40,0.009981599044146265,1,100,0.0,26
41,0.011800327927159038,0,100,0.0,26
42,0.0040236601609918085,1,100,0.0,26
43,0.003262319136300373,2,100,0.0,26
44,0.0022349359550675896,1,100,0.0,26
45,0.0024857710881243215,2,100,0.0,26
46,0.0045110440629086345,2,100,0.0,26
0,0.00012891570087734575,4,100,0.0,28
1,9.027879029351115e-08,2,100,0.0,28
2,1.3808759254619493e-06,3,100,0.0,28
3,9.963522941000222e-07,2,100,0.0,28
4,3.9451432485040405e-07,1,100,0.0,28
5,2.7450683185567144e-06,1,100,0.0,28
6,1.1237839705933661e-05,2,100,0.0,28
7,3.7378229175587247e-05,2,100,0.0,28
8,8.691858857547323e-05,4,100,0.0,28
9,0.0011520514823260446,4,100,0.0,28
10,0.003286052737121235,3,100,0.0,28
11,0.00038331226365235377,1,100,0.0,28
12,1.6629169676028086e-05,3,100,0.0,28
13,3.6590971655982365e-06,2,100,0.0,28
14,1.1400132825175488e-05,2,100,0.0,28
15,3.426128324712721e-05,2,100,0.0,28
16,0.00022446288573614752,2,100,0.0,28
17,0.0016001128513308063,3,100,0.0,28
18,0.002724430370504303,3,100,0.0,28
19,0.0003890697802872623,2,100,0.0,28
20,0.00045188272277235387,4,100,0.0,28
21,6.184861894855141e-05,3,100,0.0,28
22,5.476192613183492e-05,2,100,0.0,28
23,0.00012761542968215743,2,100,0.0,28
24,0.00038341952691602977,3,100,0.0,28
25,0.00018395078135352745,3,100,0.0,28
26,0.00038930699638974373,3,100,0.0,28
27,0.0006107638559015077,5,100,0.0,28
28,0.0017212260890353296,5,100,0.0,28
29,0.004482270127814342,3,100,0.0,28
30,0.0011421582958632379,2,100,0.0,28
31,0.0014850283760650975,1,100,0.0,28
32,3.5950980389809726e-05,2,100,0.0,28
33,8.948972124890368e-06,2,100,0.0,28
34,2.6713138082004716e-05,3,100,0.0,28
35,0.0007197537377900814,2,100,0.0,28
36,0.004775645096606339,1,100,0.0,28
37,0.01073355592203877,0,100,0.0,28
38,0.008723987921627369,1,100,0.0,28
39,0.012482592510937775,0,100,0.0,28
40,0.0029197691403083045,1,100,0.0,28
41,0.004058360606892445,1,100,0.0,28
42,0.004706875123408914,2,100,0.0,28
43,0.0008628940344975862,1,100,0.0,28
44,0.0014066888031981023,1,100,0.0,28
45,0.01607189945731137,0,100,0.0,28
46,0.0065992474310088926,1,100,0.0,28
0,0.003088525508125439,1,100,0.0,29
1,0.0026594640312902857,1,100,0.0,29
2,0.0017242100480448653,1,100,0.0,29
3,0.011707284617253608,0,100,0.0,29
4,0.007329456110462287,2,100,0.0,29
5,0.004268407949338337,2,100,0.0,29
6,0.006394712450954578,1,100,0.0,29
7,0.007991569246635499,1,100,0.0,29
8,0.005628627367887613,1,100,0.0,29
9,0.008330318811041888,1,100,0.0,29
10,0.006410313382999196,1,100,0.0,29
11,0.03592814371257485,0,100,0.0,29
12,0.010869296302285638,0,100,0.0,29
13,0.023952095808383235,0,100,0.0,29
14,0.016794893719551097,0,100,0.0,29
15,0.010137354094646233,0,100,0.0,29
16,0.02594810379241517,0,100,0.0,29
17,0.013536412058288256,0,100,0.0,29
18,0.011810698147171145,0,100,0.0,29
19,0.007818022134259068,1,100,0.0,29
20,0.01293417792993355,0,100,0.0,29
21,0.008913192280909421,1,100,0.0,29
22,0.011648444418923598,0,100,0.0,29
23,0.007584096995935308,1,100,0.0,29
24,0.012410764239735746,0,100,0.0,29
25,0.02594810379241517,0,100,0.0,29
26,0.041916167664670656,0,100,0.0,29
27,0.0031481412453639116,1,100,0.0,29
28,0.0009246092847553992,1,100,0.0,29
29,0.0002287248243401783,1,100,0.0,29
30,0.0002846912319194054,2,100,0.0,29
31,0.0051201177750728934,2,100,0.0,29
32,0.004931470204676266,2,100,0.0,29
33,0.003244144724022553,1,100,0.0,29
34,0.0037466344818489292,2,100,0.0,29
35,0.0022380465709595197,3,100,0.0,29
36,0.005349558488138573,2,100,0.0,29
37,0.008583401773140154,1,100,0.0,29
38,0.012538654077944987,0,100,0.0,29
39,0.014663216958840073,0,100,0.0,29
40,0.011016844692569638,0,100,0.0,29
41,0.014668376118793961,0,100,0.0,29
42,0.007757292987180607,1,100,0.0,29
43,0.012266214444721138,0,100,0.0,29
44,0.012933179201303392,0,100,0.0,29
45,0.029940119760479042,0,100,0.0,29
46,0.010130513044822582,0,100,0.0,29
0,0.0025042124981642768,1,100,0.0,30
1,0.009167811952433394,1,100,0.0,30
2,0.013272814852047286,0,100,0.0,30
3,0.0012210259932858728,1,100,0.0,30
4,0.009785121154647039,1,100,0.0,30
5,0.0021410694944984225,3,100,0.0,30
6,0.002834716804455212,3,100,0.0,30
7,0.0029178867657535766,3,100,0.0,30
8,0.010512856492298614,0,100,0.0,30
9,0.006323338236226459,2,100,0.0,30
10,0.0014165032498568353,3,100,0.0,30
11,0.0005079696342205589,2,100,0.0,30
12,0.0004542196537664409,3,100,0.0,30
13,0.007068429983818138,2,100,0.0,30
14,0.01143911311039236,0,100,0.0,30
15,0.015830434940070314,0,100,0.0,30
16,0.011597151650191512,0,100,0.0,30
17,0.005202192934827269,3,100,0.0,30
18,0.007652505598413715,2,100,0.0,30
19,0.0033088157810261427,1,100,0.0,30
20,0.002536758551131897,1,100,0.0,30
21,0.004549109656652683,1,100,0.0,30
22,0.002116297893325935,2,100,0.0,30
23,0.0021107725969289667,1,100,0.0,30
24,0.0015676760536779888,2,100,0.0,30
25,0.0012530890424556898,2,100,0.0,30
26,0.0014955192545535343,1,100,0.0,30
27,0.007884123466458282,1,100,0.0,30
28,0.0036008748550863477,3,100,0.0,30
29,0.001958717482987983,3,100,0.0,30
30,0.003301743299171906,3,100,0.0,30
31,0.0051006352175263624,2,100,0.0,30
32,0.0029115365771099754,3,100,0.0,30
33,0.003937780621723744,2,100,0.0,30
34,0.00762414923220743,3,100,0.0,30
35,0.003322868608952069,3,100,0.0,30
36,0.0014662239307461312,4,100,0.0,30
37,0.001973335491310956,2,100,0.0,30
38,0.012622919753413715,0,100,0.0,30
39,0.011146453095468226,0,100,0.0,30
40,0.013115885695675518,0,100,0.0,30
41,0.0103948268018451,0,100,0.0,30
42,0.00460704372592327,1,100,0.0,30
43,0.007235628532997554,1,100,0.0,30
44,0.001485373931198209,1,100,0.0,30
45,0.006518126822482694,1,100,0.0,30
46,0.006368273452173104,1,100,0.0,30
0,0.00022399816362812073,3,100,0.0,31
1,0.002554960619355052,3,100,0.0,31
2,0.0035525886035160654,1,100,0.0,31
3,0.004807173365456388,1,100,0.0,31
4,0.0075792501012524344,2,100,0.0,31
5,0.006673678982004741,3,100,0.0,31
6,0.006623407442415247,2,100,0.0,31
7,0.0067743533305188765,1,100,0.0,31
8,0.010495948926308523,0,100,0.0,31
9,0.021956087824351298,0,100,0.0,31
10,0.007728693894853044,1,100,0.0,31
11,0.008152918596579828,1,100,0.0,31
12,0.0050303764595027,2,100,0.0,31
13,0.005848215814270481,2,100,0.0,31
14,0.003195090354154965,2,100,0.0,31
15,0.003702901908558577,1,100,0.0,31
16,0.004137946008261001,1,100,0.0,31
17,0.0033875050350438544,1,100,0.0,31
18,0.006014192988743059,1,100,0.0,31
19,0.008754399475241316,1,100,0.0,31
20,0.004158998022744798,1,100,0.0,31
21,0.00528339884865645,1,100,0.0,31
22,0.002092125823752823,1,100,0.0,31
23,0.002967240390943524,2,100,0.0,31
24,0.008013476708325414,1,100,0.0,31
25,0.013958515714180893,0,100,0.0,31
26,0.005137702382679119,2,100,0.0,31
27,0.002447554522352918,2,100,0.0,31
28,0.004019776701579812,2,100,0.0,31
29,0.0033621655977414872,2,100,0.0,31
30,0.0027000885472064275,2,100,0.0,31
31,0.0016053884490640847,2,100,0.0,31
32,0.0026593541979668426,2,100,0.0,31
33,0.007142651237758053,2,100,0.0,31
34,0.010628143968642879,0,100,0.0,31
35,0.006105600689060358,1,100,0.0,31
36,0.009415043152693411,1,100,0.0,31
37,0.00234241314728771,1,100,0.0,31
38,0.003102603409583988,1,100,0.0,31
39,0.011797031039268558,0,100,0.0,31
40,0.01280597470187572,0,100,0.0,31
41,0.01636724305774732,0,100,0.0,31
42,0.014711003616481762,0,100,0.0,31
43,0.007199536261761334,1,100,0.0,31
44,0.004238232463669859,1,100,0.0,31
45,0.0036034842192738344,2,100,0.0,31
46,0.00209481347599022,3,100,0.0,31
0,0.008381316177599948,1,100,0.0,32
1,0.01422459425182967,0,100,0.0,32
2,0.009355200921046521,1,100,0.0,32
3,0.005505282274265671,2,100,0.0,32
4,0.005232548766560113,1,100,0.0,32
5,0.0023625279714808863,1,100,0.0,32
6,0.0030740673429357408,2,100,0.0,32
7,0.0033802174343519654,2,100,0.0,32
8,0.0035585360972243685,4,100,0.0,32
9,0.0054025991459677025,2,100,0.0,32
10,0.0049758382169184275,1,100,0.0,32
11,0.010609259718296472,0,100,0.0,32
12,0.01423213735883874,0,100,0.0,32
13,0.014786267434979329,0,100,0.0,32
14,0.003175801052228432,1,100,0.0,32
15,0.0091313560313424,1,100,0.0,32
16,0.018064217708366005,0,100,0.0,32
17,0.005459515479974723,1,100,0.0,32
18,0.0047261359028221575,2,100,0.0,32
19,0.0018854080901384088,1,100,0.0,32
20,0.0026326213788563655,1,100,0.0,32
21,0.008136605108308177,1,100,0.0,32
22,0.009665198498046257,2,100,0.0,32
23,0.011466372473933048,0,100,0.0,32
24,0.014236290509358672,0,100,0.0,32
25,0.03592814371257485,0,100,0.0,32
26,0.03792415169660679,0,100,0.0,32
27,0.006255020901794407,1,100,0.0,32
28,0.006920595904425848,1,100,0.0,32
29,0.0039821977456907685,1,100,0.0,32
30,0.010597798120935401,0,100,0.0,32
31,0.012541882472634908,0,100,0.0,32
32,0.012997248330737897,0,100,0.0,32
33,0.012764282702340674,0,100,0.0,32
34,0.0171432120580525,0,100,0.0,32
35,0.02594810379241517,0,100,0.0,32
36,0.0066702801196509886,1,100,0.0,32
37,0.010074525496664287,0,100,0.0,32
38,0.010218664634991886,0,100,0.0,32
39,0.005533718854131422,1,100,0.0,32
40,0.0036564544338156127,1,100,0.0,32
41,0.011549332017979516,0,100,0.0,32
42,0.008855960189405258,2,100,0.0,32
43,0.013088843261772285,0,100,0.0,32
44,0.029940119760479042,0,100,0.0,32
45,0.021956087824351298,0,100,0.0,32
46,0.02594810379241517,0,100,0.0,32
0,0.0006022729744608496,3,100,0.0,33
1,0.0009659936455350363,5,100,0.0,33
2,0.0010086176498367231,5,100,0.0,33
3,0.0004892897884277301,1,100,0.0,33
4,0.0006167872399906156,1,100,0.0,33
5,0.0012936373993533083,3,100,0.0,33
6,0.0024647772828511804,3,100,0.0,33
7,0.002661048749852301,2,100,0.0,33
8,0.0022877496325337046,2,100,0.0,33
9,0.006144928912547063,2,100,0.0,33
10,0.013031090334834395,0,100,0.0,33
11,0.007936353961930284,1,100,0.0,33
12,0.007383106347536951,1,100,0.0,33
13,0.010750369344639396,0,100,0.0,33
14,0.006070444798394976,1,100,0.0,33
15,0.0057495458693304835,1,100,0.0,33
16,0.004217547684932237,3,100,0.0,33
17,0.0027500076179474437,1,100,0.0,33
18,0.0021997353496278084,3,100,0.0,33
19,0.0024354892196951413,4,100,0.0,33
20,0.003915719011962505,1,100,0.0,33
21,0.00160566167516213,1,100,0.0,33
22,0.003415672072916891,2,100,0.0,33
23,0.005861560311803455,2,100,0.0,33
24,0.004537453092855665,2,100,0.0,33
25,0.0032343437120837927,1,100,0.0,33
26,0.0077813936354269855,1,100,0.0,33
27,0.0029078401854785475,3,100,0.0,33
28,0.00387306406861069,3,100,0.0,33
29,0.0035800940643800163,1,100,0.0,33
30,0.007470854848503076,3,100,0.0,33
31,0.013683690761583095,0,100,0.0,33
32,0.0164582454892987,0,100,0.0,33
33,0.012237791905130701,0,100,0.0,33
34,0.010361438070741196,0,100,0.0,33
35,0.012052765938211148,0,100,0.0,33
36,0.00570045835745928,2,100,0.0,33
37,0.00859028727086793,1,100,0.0,33
38,0.00980509767210373,1,100,0.0,33
39,0.007593279958463996,1,100,0.0,33
40,0.011264656126603073,0,100,0.0,33
41,0.004787053882466156,1,100,0.0,33
42,0.004552066272652057,1,100,0.0,33
43,0.01579981053276201,0,100,0.0,33
44,0.021947599721198197,0,100,0.0,33
45,0.010130782102851283,0,100,0.0,33
46,0.013447161280342602,0,100,0.0,33
0,0.0013550310980962642,1,100,0.0,35
1,0.00014973912754383007,1,100,0.0,35
2,2.4640568626091452e-05,1,100,0.0,35
3,0.0002738329910348592,2,100,0.0,35
4,0.0016865092962689869,4,100,0.0,35
5,0.0018303712789739246,4,100,0.0,35
6,0.0015488913788230172,4,100,0.0,35
7,0.000531026164845544,3,100,0.0,35
8,0.001678339131841931,2,100,0.0,35
9,0.0033014409236503724,2,100,0.0,35
10,0.004227510786534396,3,100,0.0,35
11,0.004753575357157749,2,100,0.0,35
12,0.011555683002572622,0,100,0.0,35
13,0.009991322739545188,1,100,0.0,35
14,0.009526105050425684,1,100,0.0,35
15,0.00354835964820354,3,100,0.0,35
16,0.0038940523602054205,4,100,0.0,35
17,0.005155785820173869,3,100,0.0,35
18,0.0026518922424016464,3,100,0.0,35
19,0.0004905702498172014,2,100,0.0,35
20,0.0007912955198366896,2,100,0.0,35
21,0.0007678121837844072,2,100,0.0,35
22,0.001331794903938438,2,100,0.0,35
23,0.001415165693045708,2,100,0.0,35
24,0.0023504088436983772,2,100,0.0,35
25,0.0047302918091693055,3,100,0.0,35
26,0.001663456634501146,4,100,0.0,35
27,0.003325579857016566,5,100,0.0,35
28,0.0012022053187723172,2,100,0.0,35
29,0.0007960105984957454,3,100,0.0,35
30,0.0005863597393923017,2,100,0.0,35
31,0.0020431184210586476,2,100,0.0,35
32,0.007217777666050348,3,100,0.0,35
33,0.011232651119159536,0,100,0.0,35
34,0.012318518730854317,0,100,0.0,35
35,0.009886741227756632,1,100,0.0,35
36,0.02594810379241517,0,100,0.0,35
37,0.043912175648702596,0,100,0.0,35
38,0.015271941660900968,0,100,0.0,35
39,0.011278204835215806,0,100,0.0,35
40,0.01065249746753788,0,100,0.0,35
41,0.000714675325141289,1,100,0.0,35
42,0.0006899023150489401,1,100,0.0,35
43,0.0009693871954092982,5,100,0.0,35
44,0.001772034701254742,2,100,0.0,35
45,0.005115642795914559,1,100,0.0,35
46,0.01090974230152788,0,100,0.0,35
0,0.0045027545378794,1,100,0.0,34
1,0.0008340451814529903,3,100,0.0,34
2,0.006663861114132231,1,100,0.0,34
3,0.00972601543844242,1,100,0.0,34
4,0.023952095808383235,0,100,0.0,34
5,0.007964122931431634,1,100,0.0,34
6,0.004142670408028529,1,100,0.0,34
7,0.0025490607830998178,1,100,0.0,34
8,0.00423542559339245,2,100,0.0,34
9,0.007303259901355126,4,100,0.0,34
10,0.002462428758326675,1,100,0.0,34
11,0.002538952620539064,2,100,0.0,34
12,0.004404209284651027,1,100,0.0,34
13,0.023952095808383235,0,100,0.0,34
14,0.0021395246873564823,1,100,0.0,34
15,0.005404066919184031,1,100,0.0,34
16,0.0026892240061420184,2,100,0.0,34
17,0.0020948964942785735,2,100,0.0,34
18,0.004438995718691915,4,100,0.0,34
19,0.0025333525964104046,2,100,0.0,34
20,0.004207975540159998,2,100,0.0,34
21,0.003198079171297871,1,100,0.0,34
22,0.005651911746307608,1,100,0.0,34
23,0.007151398990263399,1,100,0.0,34
24,0.009019751370098117,1,100,0.0,34
25,0.013463078747392427,0,100,0.0,34
26,0.014742350455349879,0,100,0.0,34
27,0.0194428070660935,0,100,0.0,34
28,0.021956087824351298,0,100,0.0,34
29,0.0022371090042090165,1,100,0.0,34
30,0.0031093482507593005,2,100,0.0,34
31,0.0029496394701237897,3,100,0.0,34
32,0.0026403851361807154,2,100,0.0,34
33,0.0015134720727375149,2,100,0.0,34
34,0.010313524667552412,0,100,0.0,34
35,0.007016688412465129,1,100,0.0,34
36,0.01416415405928636,0,100,0.0,34
37,0.007410983976143747,1,100,0.0,34
38,0.00808538176101413,1,100,0.0,34
39,0.01292057588499973,0,100,0.0,34
40,0.003139557329457365,1,100,0.0,34
41,0.006779091586681069,1,100,0.0,34
42,0.007289686315902925,1,100,0.0,34
43,0.0028571847337476738,1,100,0.0,34
44,0.010311497995576608,0,100,0.0,34
45,0.012403233950092329,0,100,0.0,34
46,0.01254638850739958,0,100,0.0,34
0,0.00783751105458174,1,100,0.0,36
1,0.0167125141910991,0,100,0.0,36
2,0.020303362321633316,0,100,0.0,36
3,0.021956087824351298,0,100,0.0,36
4,0.018556979914821727,0,100,0.0,36
5,0.010848743215512968,0,100,0.0,36
6,0.007148448143242801,1,100,0.0,36
7,0.004764458079738319,3,100,0.0,36
8,0.010090115326352924,0,100,0.0,36
9,0.000534072864868541,1,100,0.0,36
10,0.00106715504089854,1,100,0.0,36
11,0.004559986901996449,2,100,0.0,36
12,0.0006927559232067135,2,100,0.0,36
13,0.000942773758127655,3,100,0.0,36
14,0.0022453607316718013,4,100,0.0,36
15,0.002006775603822015,3,100,0.0,36
16,0.003928627486013669,4,100,0.0,36
17,0.0017440853882315474,3,100,0.0,36
18,0.002275749904921336,1,100,0.0,36
19,0.003642176801439739,3,100,0.0,36
20,0.003338099263932854,2,100,0.0,36
21,0.0009413667809887821,1,100,0.0,36
22,0.0005060600321586467,2,100,0.0,36
23,0.0025457716371957164,1,100,0.0,36
24,0.013566362195525731,0,100,0.0,36
25,0.008642965078612655,1,100,0.0,36
26,0.01161664473448134,0,100,0.0,36
27,0.015961865686820096,0,100,0.0,36
28,0.02594810379241517,0,100,0.0,36
29,0.010966281105861092,0,100,0.0,36
30,0.002065800812257181,1,100,0.0,36
31,0.0014395686427969812,1,100,0.0,36
32,0.002791939742786415,2,100,0.0,36
33,0.009345540811240139,1,100,0.0,36
34,0.009330775658537327,1,100,0.0,36
35,0.0011849915984188794,1,100,0.0,36
36,0.0015849114619725482,1,100,0.0,36
37,0.0033904189505790717,2,100,0.0,36
38,0.0028574106538789483,3,100,0.0,36
39,0.0040208837835159555,4,100,0.0,36
40,0.0009654784444426029,4,100,0.0,36
41,0.0009667867513639639,3,100,0.0,36
42,0.004399543322813186,2,100,0.0,36
43,0.011688379339030663,0,100,0.0,36
44,0.006652282500031637,2,100,0.0,36
45,0.00443763866694422,3,100,0.0,36
46,0.002428311982156958,6,100,0.0,36
0,0.019140348360508624,0,100,0.0,37
1,0.012505809476084404,0,100,0.0,37
2,0.010670723296242227,0,100,0.0,37
3,0.006693412282828832,2,100,0.0,37
4,0.010095274958238485,0,100,0.0,37
5,0.02594810379241517,0,100,0.0,37
6,0.031936127744510975,0,100,0.0,37
7,0.0056900390042840905,1,100,0.0,37
8,0.010826942925724767,0,100,0.0,37
9,0.010113598432401193,0,100,0.0,37
10,0.010543207319165616,0,100,0.0,37
11,0.009691559415248255,1,100,0.0,37
12,0.006728222258890965,1,100,0.0,37
13,0.002320557899120164,2,100,0.0,37
14,0.0029891657010116105,3,100,0.0,37
15,0.0031125845782602494,4,100,0.0,37
16,0.009085516301566392,1,100,0.0,37
17,0.011539490833360987,0,100,0.0,37
18,0.0073155477589356924,1,100,0.0,37
19,0.0027889827807020765,2,100,0.0,37
20,0.0029893122934673616,2,100,0.0,37
21,0.0016152223881029989,2,100,0.0,37
22,0.0013086876670029496,2,100,0.0,37
23,0.0033080458163705904,2,100,0.0,37
24,0.003037581686711414,1,100,0.0,37
25,0.001542322816770966,1,100,0.0,37
26,0.001997745196666382,1,100,0.0,37
27,0.001604103898458719,1,100,0.0,37
28,0.0005177258556643682,1,100,0.0,37
29,0.0008966756371256439,1,100,0.0,37
30,0.0025061469596815936,1,100,0.0,37
31,0.011835498093317756,0,100,0.0,37
32,0.015365237874560796,0,100,0.0,37
33,0.006227058198201255,1,100,0.0,37
34,0.00113040575330393,1,100,0.0,37
35,0.0013626562794405578,1,100,0.0,37
36,0.0007103341626617815,2,100,0.0,37
37,0.0023816433217034192,2,100,0.0,37
38,0.003820559812948267,4,100,0.0,37
39,0.004771971711529212,1,100,0.0,37
40,0.003991044111190798,1,100,0.0,37
41,0.011002560543534838,0,100,0.0,37
42,0.002996803403335858,3,100,0.0,37
43,0.0019302704731850107,2,100,0.0,37
44,0.0019826875396199927,2,100,0.0,37
45,0.0046920880949991185,2,100,0.0,37
46,0.002265887777650764,1,100,0.0,37
0,0.0028256006721934803,2,100,0.0,38
1,0.0019489672729938426,4,100,0.0,38
2,0.0012751283747653476,4,100,0.0,38
3,0.0003484596909262643,2,100,0.0,38
4,0.0001385874951386186,1,100,0.0,38
5,0.0006375662206424292,1,100,0.0,38
6,0.0006445534276220127,1,100,0.0,38
7,0.0010408355568248407,1,100,0.0,38
8,0.005311077574757749,1,100,0.0,38
9,0.0045104770485683435,3,100,0.0,38
10,0.0009566245217644817,2,100,0.0,38
11,0.0014573290123324756,1,100,0.0,38
12,0.0020811477438427094,1,100,0.0,38
13,0.0010845611301975211,2,100,0.0,38
14,0.0011806303763611265,3,100,0.0,38
15,0.0028869306689703503,4,100,0.0,38
16,0.0020577138062684804,2,100,0.0,38
17,0.003146558541751058,1,100,0.0,38
18,0.004268187792891515,2,100,0.0,38
19,0.002003988286143728,2,100,0.0,38
20,0.0014488199186581028,3,100,0.0,38
21,0.0014988780623586663,4,100,0.0,38
22,0.00023135574975355485,3,100,0.0,38
23,0.0001992087821642375,4,100,0.0,38
24,0.0002852425769769768,3,100,0.0,38
25,0.00020417181304022613,3,100,0.0,38
26,0.0004498998679064842,2,100,0.0,38
27,0.0002442647821480718,3,100,0.0,38
28,0.00022030644768804893,5,100,0.0,38
29,0.0002544255432568116,6,100,0.0,38
30,0.0005415743207561923,5,100,0.0,38
31,0.0010878671273149743,4,100,0.0,38
32,0.0010023567088753163,3,100,0.0,38
33,0.003634991273257684,3,100,0.0,38
34,0.0027665253161356096,3,100,0.0,38
35,0.0005034583197608319,3,100,0.0,38
36,0.0005514712154044038,4,100,0.0,38
37,0.0009900555803366076,3,100,0.0,38
38,0.000675460741793291,5,100,0.0,38
39,0.0010576793886126522,3,100,0.0,38
40,0.002246848055847483,3,100,0.0,38
41,0.0026221895781999385,2,100,0.0,38
42,0.006852978287215848,4,100,0.0,38
43,0.008000063378583978,2,100,0.0,38
44,0.003651335602301864,2,100,0.0,38
45,0.0014019846327950863,2,100,0.0,38
46,0.00201749630677128,2,100,0.0,38
0,0.009970245485008584,1,100,0.0,39
1,0.016798462667200028,0,100,0.0,39
2,0.033932135728542916,0,100,0.0,39
3,0.004762573990413797,1,100,0.0,39
4,0.00766176521360768,3,100,0.0,39
5,0.004537026024917174,1,100,0.0,39
6,0.009142688339053465,1,100,0.0,39
7,0.00820264146924279,1,100,0.0,39
8,0.027944111776447105,0,100,0.0,39
9,0.005458445471860263,1,100,0.0,39
10,0.0042847418607359945,2,100,0.0,39
11,0.003619221997459411,3,100,0.0,39
12,0.0029002054402209447,1,100,0.0,39
13,0.006293161906302043,2,100,0.0,39
14,0.005171053208776051,1,100,0.0,39
15,0.0023677257526659983,3,100,0.0,39
16,0.0029746941770177346,3,100,0.0,39
17,0.002520143840273928,1,100,0.0,39
18,0.0036830090454478617,2,100,0.0,39
19,0.0020338050893965514,2,100,0.0,39
20,0.001423857642758218,1,100,0.0,39
21,0.005028004090082613,1,100,0.0,39
22,0.007744114659924395,1,100,0.0,39
23,0.007954582947426804,1,100,0.0,39
24,0.006694651423897473,1,100,0.0,39
25,0.013675368873693944,0,100,0.0,39
26,0.027944111776447105,0,100,0.0,39
27,0.014304047475821178,0,100,0.0,39
28,0.011300681392074732,0,100,0.0,39
29,0.002615864833766467,3,100,0.0,39
30,0.0024455440169948157,3,100,0.0,39
31,0.006779348265686241,2,100,0.0,39
32,0.018398420117032296,0,100,0.0,39
33,0.019774629321353647,0,100,0.0,39
34,0.0167404095314816,0,100,0.0,39
35,0.00930531878700627,1,100,0.0,39
36,0.017045270151133586,0,100,0.0,39
37,0.0038539753849904574,1,100,0.0,39
38,0.006555581650860876,1,100,0.0,39
39,0.013864679462444502,0,100,0.0,39
40,0.0067631211998037954,2,100,0.0,39
41,0.004160026207961603,1,100,0.0,39
42,0.007773727515766435,1,100,0.0,39
43,0.008710888560189234,1,100,0.0,39
44,0.005728259943393298,2,100,0.0,39
45,0.0021745441481830574,3,100,0.0,39
46,0.002807069305169373,3,100,0.0,39
0,0.0059254440145581466,1,100,0.0,40
1,0.008825708012133575,1,100,0.0,40
2,0.0033295416779892508,1,100,0.0,40
3,0.004029361180514677,1,100,0.0,40
4,0.014969627334116163,0,100,0.0,40
5,0.011368588444140893,0,100,0.0,40
6,0.009061240988907347,1,100,0.0,40
7,0.013772817428999082,0,100,0.0,40
8,0.00574284908863251,1,100,0.0,40
9,0.008471303845946807,1,100,0.0,40
10,0.010655570161976954,0,100,0.0,40
11,0.0071631075785122435,1,100,0.0,40
12,0.007259727168354695,1,100,0.0,40
13,0.003987684272155821,1,100,0.0,40
14,0.004625658579009263,1,100,0.0,40
15,0.010757787936620543,0,100,0.0,40
16,0.00364376183038579,2,100,0.0,40
17,0.002478718807770808,3,100,0.0,40
18,0.0014421337875012577,3,100,0.0,40
19,0.0020346532190839723,3,100,0.0,40
20,0.0004929751159473084,2,100,0.0,40
21,0.0009242968683705398,2,100,0.0,40
22,0.003531604379707977,2,100,0.0,40
23,0.006077660842920577,2,100,0.0,40
24,0.0018859320600537145,2,100,0.0,40
25,0.003567324947733423,2,100,0.0,40
26,0.0005994365272315813,4,100,0.0,40
27,0.0002290293942942295,2,100,0.0,40
28,0.0002966899112169905,3,100,0.0,40
29,0.00025149684599596727,3,100,0.0,40
30,0.0007087101751742866,2,100,0.0,40
31,0.003950203828042946,2,100,0.0,40
32,0.002981126674185301,2,100,0.0,40
33,0.0030746997856875187,2,100,0.0,40
34,0.004418455550084736,1,100,0.0,40
35,0.006643814094651125,1,100,0.0,40
36,0.010855395654122621,0,100,0.0,40
37,0.009107721482441147,1,100,0.0,40
38,0.0017507380903103943,2,100,0.0,40
39,0.0012126017273870655,3,100,0.0,40
40,0.000775914039456241,4,100,0.0,40
41,0.0025112282088537493,3,100,0.0,40
42,0.0016851341340124546,2,100,0.0,40
43,0.000862901657234704,2,100,0.0,40
44,0.0030650746743612622,3,100,0.0,40
45,0.0017611008820144554,3,100,0.0,40
46,0.0030035287463776542,2,100,0.0,40
0,0.011608554596663413,0,100,0.0,41
1,0.007372099901727113,4,100,0.0,41
2,0.005705772542481612,2,100,0.0,41
3,0.004614736763581501,2,100,0.0,41
4,0.002306278441848896,1,100,0.0,41
5,0.0006590300106897917,1,100,0.0,41
6,0.0013269614516710536,3,100,0.0,41
7,0.0015001798784850826,3,100,0.0,41
8,0.0011960785524136608,3,100,0.0,41
9,0.007137816248638904,2,100,0.0,41
10,0.010652703744149644,0,100,0.0,41
11,0.00917244023255219,1,100,0.0,41
12,0.010108816513340408,0,100,0.0,41
13,0.006524462693731909,1,100,0.0,41
14,0.009368310137577433,1,100,0.0,41
15,0.011725520132567077,0,100,0.0,41
16,0.017281840380925863,0,100,0.0,41
17,0.006365553044777355,1,100,0.0,41
18,0.008063291033271807,1,100,0.0,41
19,0.008058191774248142,1,100,0.0,41
20,0.010746337868855347,0,100,0.0,41
21,0.004154090009699313,1,100,0.0,41
22,0.016300234500789244,0,100,0.0,41
23,0.008364296691940803,1,100,0.0,41
24,0.004902856022044924,1,100,0.0,41
25,0.0019022516089901983,1,100,0.0,41
26,0.002300106356656284,1,100,0.0,41
27,0.0006639060156911311,1,100,0.0,41
28,0.0007586929675909989,1,100,0.0,41
29,0.0018448698938025492,1,100,0.0,41
30,0.004248038711361184,1,100,0.0,41
31,0.004002864044433028,1,100,0.0,41
32,0.029940119760479042,0,100,0.0,41
33,0.021956087824351298,0,100,0.0,41
34,0.010122271181166537,0,100,0.0,41
35,0.0025280633089418535,1,100,0.0,41
36,0.0014023763391500536,1,100,0.0,41
37,0.0014670267181004113,1,100,0.0,41
38,0.002135208191501603,1,100,0.0,41
39,0.003213034947904013,1,100,0.0,41
40,0.0031195503434145993,1,100,0.0,41
41,0.004069191708196382,1,100,0.0,41
42,0.003075439770522428,2,100,0.0,41
43,0.0002378642846009306,2,100,0.0,41
44,0.000969848126069897,2,100,0.0,41
45,0.0010682522730169845,3,100,0.0,41
46,0.0015628493906672293,1,100,0.0,41
0,0.0017284484155524157,4,100,0.0,42
1,0.007473911420962007,3,100,0.0,42
2,0.0029628777250169415,4,100,0.0,42
3,0.006578770891993136,1,100,0.0,42
4,0.00572338402949172,1,100,0.0,42
5,0.008194853999078735,1,100,0.0,42
6,0.004479323216024541,2,100,0.0,42
7,0.008363709052003496,1,100,0.0,42
8,0.00574335566691972,1,100,0.0,42
9,0.004450439815041579,1,100,0.0,42
10,0.004132752971753504,3,100,0.0,42
11,0.0042773154805892276,3,100,0.0,42
12,0.006730804153351678,2,100,0.0,42
13,0.005767352852658511,1,100,0.0,42
14,0.001957908038477179,3,100,0.0,42
15,0.002370668138386137,4,100,0.0,42
16,0.0008991100520792696,4,100,0.0,42
17,0.0013176585422826489,3,100,0.0,42
18,0.0014644506059599974,2,100,0.0,42
19,0.004319966890675916,2,100,0.0,42
20,0.0019204504535807348,1,100,0.0,42
21,0.0017235301625276778,1,100,0.0,42
22,0.003475025247975903,1,100,0.0,42
23,0.005584863063181018,1,100,0.0,42
24,0.0014821661822619478,2,100,0.0,42
25,0.0016907375893223298,3,100,0.0,42
26,0.004440690237181734,1,100,0.0,42
27,0.004173956786357586,2,100,0.0,42
28,0.002505619232045022,1,100,0.0,42
29,0.0036279084493295345,1,100,0.0,42
30,0.005938737193020684,1,100,0.0,42
31,0.003422951634785923,1,100,0.0,42
32,0.002424703969586884,3,100,0.0,42
33,0.001616432526980093,1,100,0.0,42
34,0.0018260149188829727,5,100,0.0,42
35,0.0033176415981326446,2,100,0.0,42
36,0.006592081458356149,3,100,0.0,42
37,0.003954207921239583,2,100,0.0,42
38,0.005893821438977705,3,100,0.0,42
39,0.00864115621261552,2,100,0.0,42
40,0.00174063582701759,1,100,0.0,42
41,0.002169758977429769,2,100,0.0,42
42,0.003156401489580074,2,100,0.0,42
43,0.003796209051271353,2,100,0.0,42
44,0.013121253701161795,0,100,0.0,42
45,0.005037843358360706,1,100,0.0,42
46,0.005064035098986258,1,100,0.0,42
0,0.0002458382065388458,2,100,0.0,43
1,0.0009344734078396273,1,100,0.0,43
2,0.003421633454781533,1,100,0.0,43
3,0.002148591336448405,2,100,0.0,43
4,0.0015357951168778047,1,100,0.0,43
5,0.0037016549563863434,2,100,0.0,43
6,0.00880902323713561,2,100,0.0,43
7,0.005288088674336715,3,100,0.0,43
8,0.005250988429108479,4,100,0.0,43
9,0.005367601975538792,1,100,0.0,43
10,0.007032389554212957,1,100,0.0,43
11,0.016970240135698245,0,100,0.0,43
12,0.04790419161676647,0,100,0.0,43
13,0.016801300316282835,0,100,0.0,43
14,0.02594810379241517,0,100,0.0,43
15,0.02594810379241517,0,100,0.0,43
16,0.023952095808383235,0,100,0.0,43
17,0.0015969118665752778,1,100,0.0,43
18,0.00046236388658176404,2,100,0.0,43
19,0.0007637228831948149,1,100,0.0,43
20,0.0028374366719445443,2,100,0.0,43
21,0.003067245511368861,2,100,0.0,43
22,0.002003804750321301,2,100,0.0,43
23,0.0010071876302640739,2,100,0.0,43
24,0.0010464352123485596,2,100,0.0,43
25,0.0026822065416078605,1,100,0.0,43
26,0.003518990119772729,1,100,0.0,43
27,0.0053836282557974055,1,100,0.0,43
28,0.006320674036562052,1,100,0.0,43
29,0.009814864849011314,1,100,0.0,43
30,0.021505925839254172,0,100,0.0,43
31,0.0047932568237445666,3,100,0.0,43
32,0.006386045264257948,2,100,0.0,43
33,0.0022003332158080286,3,100,0.0,43
34,0.0009047509150859204,3,100,0.0,43
35,0.0009736686028204314,2,100,0.0,43
36,0.0012839420451719369,1,100,0.0,43
37,0.004974671961537188,1,100,0.0,43
38,0.003639144296418494,1,100,0.0,43
39,0.0033189132171187515,2,100,0.0,43
40,0.005269651532309788,3,100,0.0,43
41,0.004641766416986523,3,100,0.0,43
42,0.0020459908396920946,1,100,0.0,43
43,0.0016368381566670088,2,100,0.0,43
44,0.006121667638194669,1,100,0.0,43
45,0.006285858173471115,2,100,0.0,43
46,0.004199353444305565,2,100,0.0,43
0,0.0012091289696812293,3,100,0.0,44
1,0.0021434941551820045,5,100,0.0,44
2,0.005494484626361974,3,100,0.0,44
3,0.0005444208269258063,1,100,0.0,44
4,0.0009390611322512044,2,100,0.0,44
5,0.001751238491481233,2,100,0.0,44
6,0.004524743616607833,2,100,0.0,44
7,0.0036533712263287256,2,100,0.0,44
8,0.004895167316653087,2,100,0.0,44
9,0.0014748152449118562,2,100,0.0,44
10,0.002246659355393849,1,100,0.0,44
11,0.0030315699340280697,2,100,0.0,44
12,0.0028143623287728466,2,100,0.0,44
13,0.004717312477074795,1,100,0.0,44
14,0.008528359454940994,1,100,0.0,44
15,0.008004031774239131,1,100,0.0,44
16,0.0029479567909318754,2,100,0.0,44
17,0.004965652315020471,2,100,0.0,44
18,0.002581670324287624,1,100,0.0,44
19,0.003334818790629358,3,100,0.0,44
20,0.002770269957899331,3,100,0.0,44
21,0.0053037268215569205,3,100,0.0,44
22,0.0031114818944124123,3,100,0.0,44
23,0.006091029317625789,2,100,0.0,44
24,0.006372748096567524,1,100,0.0,44
25,0.005767476336196169,3,100,0.0,44
26,0.004165597442012295,3,100,0.0,44
27,0.00394337832472957,2,100,0.0,44
28,0.006446422183216433,1,100,0.0,44
29,0.0025030555573510443,2,100,0.0,44
30,0.002715485269368261,1,100,0.0,44
31,0.0018291938300115274,1,100,0.0,44
32,0.0027722138005529286,2,100,0.0,44
33,0.00676557456384922,2,100,0.0,44
34,0.010333037383655888,0,100,0.0,44
35,0.008852606713750108,1,100,0.0,44
36,0.004449151295565254,2,100,0.0,44
37,0.006745563701719018,2,100,0.0,44
38,0.006431012428418379,2,100,0.0,44
39,0.0016696508788467002,2,100,0.0,44
40,0.0016906774417641685,2,100,0.0,44
41,0.0018153317512336167,2,100,0.0,44
42,0.00323325550159441,1,100,0.0,44
43,0.010052765294860487,0,100,0.0,44
44,0.006119748352572056,1,100,0.0,44
45,0.00917439993647522,1,100,0.0,44
46,0.0053661650704807185,2,100,0.0,44
0,0.0018360081960105215,1,100,0.0,45
1,0.0016136908302474618,2,100,0.0,45
2,0.0017197534362267707,1,100,0.0,45
3,0.0015084673703713812,2,100,0.0,45
4,0.0007510818362443368,3,100,0.0,45
5,0.0015785995621098435,3,100,0.0,45
6,0.0014117828379855194,2,100,0.0,45
7,0.0014192598481098913,2,100,0.0,45
8,0.0034691966960928413,1,100,0.0,45
9,0.0017470135527938625,1,100,0.0,45
10,0.0005821397842062094,1,100,0.0,45
11,0.0006971840110175219,1,100,0.0,45
12,0.00029059913701779235,2,100,0.0,45
13,0.00026726305844391513,2,100,0.0,45
14,5.8403340578446606e-05,2,100,0.0,45
15,0.00014428778012975707,2,100,0.0,45
16,0.0008219722301279491,2,100,0.0,45
17,0.001916995160368514,2,100,0.0,45
18,0.0016617626668397772,2,100,0.0,45
19,0.0005423293075090569,2,100,0.0,45
20,0.00030615633317651164,3,100,0.0,45
21,0.00038381593420803534,3,100,0.0,45
22,0.00032108716191446275,3,100,0.0,45
23,0.00035617091609516923,2,100,0.0,45
24,0.001273723953304047,3,100,0.0,45
25,0.001999614271931883,3,100,0.0,45
26,0.007300466617067592,2,100,0.0,45
27,0.005848462477423731,1,100,0.0,45
28,0.00825039336817564,1,100,0.0,45
29,0.001844952516477611,3,100,0.0,45
30,0.00020701756463845355,2,100,0.0,45
31,0.0001636281186248472,2,100,0.0,45
32,0.00030130259059066365,1,100,0.0,45
33,0.00021422230724825895,1,100,0.0,45
34,0.0004814191153411635,1,100,0.0,45
35,0.0007330878020824046,2,100,0.0,45
36,0.0005117663819374168,1,100,0.0,45
37,0.0005416644513333142,2,100,0.0,45
38,0.0001247334200119081,2,100,0.0,45
39,8.775305222734824e-05,2,100,0.0,45
40,0.0002977424845411476,2,100,0.0,45
41,0.000623849627550908,3,100,0.0,45
42,0.00024097319374878905,3,100,0.0,45
43,9.144912344179933e-05,2,100,0.0,45
44,6.137046489531195e-05,2,100,0.0,45
45,2.3520065674847344e-05,1,100,0.0,45
46,2.2292211575869044e-05,2,100,0.0,45
0,0.003672428573709126,1,100,0.0,46
1,0.002484825869802037,2,100,0.0,46
2,0.00020381444202191343,1,100,0.0,46
3,8.288837466086875e-05,1,100,0.0,46
4,7.38086927328451e-05,2,100,0.0,46
5,0.0002213203664538787,2,100,0.0,46
6,0.0006370196827253778,3,100,0.0,46
7,0.0007353587485686984,2,100,0.0,46
8,0.0008420690436714032,3,100,0.0,46
9,0.002621898296664754,3,100,0.0,46
10,0.001942539795266022,3,100,0.0,46
11,0.0008174850713326457,3,100,0.0,46
12,0.0014667027541030316,3,100,0.0,46
13,0.0037776024952476217,4,100,0.0,46
14,0.0028154252010299547,1,100,0.0,46
15,0.0034957595225763014,2,100,0.0,46
16,0.0010202657283158868,2,100,0.0,46
17,0.0004467286670397655,2,100,0.0,46
18,0.000350407280142526,3,100,0.0,46
19,0.0007170029250095663,2,100,0.0,46
20,0.0013958898706284755,1,100,0.0,46
21,0.0012117415722675568,1,100,0.0,46
22,0.003305131135344598,1,100,0.0,46
23,0.009041334753364124,1,100,0.0,46
24,0.006889803408053296,3,100,0.0,46
25,0.005305597009314995,1,100,0.0,46
26,0.0027461883739840435,3,100,0.0,46
27,0.001015848536166438,1,100,0.0,46
28,0.0021187342569719864,2,100,0.0,46
29,0.003310376253080168,2,100,0.0,46
30,0.003261670258263828,5,100,0.0,46
31,0.004129665096257857,5,100,0.0,46
32,0.002409648457462885,3,100,0.0,46
33,0.0017575598452958243,2,100,0.0,46
34,0.0016176344312995796,1,100,0.0,46
35,0.00014995992393093894,1,100,0.0,46
36,0.0007041744999613078,2,100,0.0,46
37,0.009105834502828264,1,100,0.0,46
38,0.008101986709178683,1,100,0.0,46
39,0.015622899450131848,0,100,0.0,46
40,0.003597551851167484,1,100,0.0,46
41,0.005512808893468185,3,100,0.0,46
42,0.0036764189559350875,2,100,0.0,46
43,0.0003863110754027111,2,100,0.0,46
44,0.0002016622533256394,1,100,0.0,46
45,0.0007886733346326799,1,100,0.0,46
46,0.0029721355519176356,1,100,0.0,46
0,0.010741245533584695,0,100,0.0,47
1,0.004680289425377167,3,100,0.0,47
2,0.0014529951269037704,2,100,0.0,47
3,0.005301621549023933,1,100,0.0,47
4,0.03992015968063872,0,100,0.0,47
5,0.013746333794981783,0,100,0.0,47
6,0.011990358988557086,0,100,0.0,47
7,0.015613608887777573,0,100,0.0,47
8,0.01569243367638126,0,100,0.0,47
9,0.006634251404233693,2,100,0.0,47
10,0.0025444468553150463,1,100,0.0,47
11,0.0008151126200613163,2,100,0.0,47
12,6.603834208000524e-05,2,100,0.0,47
13,0.00012985142434990412,3,100,0.0,47
14,0.0003233429794980423,3,100,0.0,47
15,0.00021560578850251806,2,100,0.0,47
16,0.0005678145412865084,1,100,0.0,47
17,0.005871624851103896,2,100,0.0,47
18,0.00168999728763907,2,100,0.0,47
19,0.00016378838120002545,3,100,0.0,47
20,0.00033799054110604456,2,100,0.0,47
21,0.0006643086158000507,2,100,0.0,47
22,0.001376834650275591,1,100,0.0,47
23,0.0015085077447699383,1,100,0.0,47
24,0.0006572523568536934,2,100,0.0,47
25,0.00019123612750720592,2,100,0.0,47
26,0.0004494574853903925,2,100,0.0,47
27,0.002173889083572929,3,100,0.0,47
28,0.0014644915052910309,3,100,0.0,47
29,0.0010976074429919663,3,100,0.0,47
30,0.0011995158755105564,3,100,0.0,47
31,0.0014998072358286265,2,100,0.0,47
32,0.0010610479519888253,2,100,0.0,47
33,0.0013865731267045215,3,100,0.0,47
34,0.008072696924775259,1,100,0.0,47
35,0.0012555573983717202,1,100,0.0,47
36,0.0012323825777774005,2,100,0.0,47
37,0.0011714681564167007,1,100,0.0,47
38,0.0003651237280567442,2,100,0.0,47
39,0.0005804529580805622,1,100,0.0,47
40,0.0005674184815820713,2,100,0.0,47
41,0.001758493354740156,2,100,0.0,47
42,0.002682503114907088,1,100,0.0,47
43,0.0021008051998850723,2,100,0.0,47
44,0.0003256338898729898,2,100,0.0,47
45,6.877423315462945e-05,1,100,0.0,47
46,0.00012641524994450715,1,100,0.0,47
0,0.014581489039018597,0,100,0.0,48
1,0.01437733219331294,0,100,0.0,48
2,0.021956087824351298,0,100,0.0,48
3,0.023952095808383235,0,100,0.0,48
4,0.023952095808383235,0,100,0.0,48
5,0.0065943102902460545,1,100,0.0,48
6,0.0034265426369702937,1,100,0.0,48
7,0.010892038008572748,0,100,0.0,48
8,0.0084985934131786,1,100,0.0,48
9,0.004330251908845054,2,100,0.0,48
10,0.0037455237132938673,1,100,0.0,48
11,0.007895764099222073,2,100,0.0,48
12,0.0012870910602753684,1,100,0.0,48
13,0.0027382403544588436,1,100,0.0,48
14,0.002982436667410943,1,100,0.0,48
15,0.002554346002472384,1,100,0.0,48
16,0.0038420471576338213,1,100,0.0,48
17,0.008380468341908903,1,100,0.0,48
18,0.01583065082875824,0,100,0.0,48
19,0.012670618778556879,0,100,0.0,48
20,0.004947016759063387,1,100,0.0,48
21,0.0022769929631801258,1,100,0.0,48
22,0.009381829221227203,1,100,0.0,48
23,0.012530956845500672,0,100,0.0,48
24,0.006225755304154128,1,100,0.0,48
25,0.011813084853182368,0,100,0.0,48
26,0.009800333378817128,1,100,0.0,48
27,0.002256496381702208,1,100,0.0,48
28,0.0021418285853886916,1,100,0.0,48
29,0.005527210064359166,2,100,0.0,48
30,0.002813233362796311,1,100,0.0,48
31,0.0065336572505348455,1,100,0.0,48
32,0.0033754917024279986,1,100,0.0,48
33,0.005136382953563598,2,100,0.0,48
34,0.011361518283473761,0,100,0.0,48
35,0.011374789969547421,0,100,0.0,48
36,0.006485352567445701,1,100,0.0,48
37,0.0028887842814106232,3,100,0.0,48
38,0.003919049290650714,2,100,0.0,48
39,0.013207895758299865,0,100,0.0,48
40,0.015615512649950071,0,100,0.0,48
41,0.0071477162278719185,1,100,0.0,48
42,0.012032728287705829,0,100,0.0,48
43,0.014706713937896108,0,100,0.0,48
44,0.03992015968063872,0,100,0.0,48
45,0.013945594165459308,0,100,0.0,48
46,0.005014785850689707,2,100,0.0,48
0,0.0005307614301934485,2,100,0.0,49
1,0.0029869218770228936,1,100,0.0,49
2,0.0025623583464039826,3,100,0.0,49
3,0.001200091239072542,3,100,0.0,49
4,0.0007471237311544546,3,100,0.0,49
5,0.0017640611125702436,2,100,0.0,49
6,0.0005355359223562132,2,100,0.0,49
7,0.000954649685506619,2,100,0.0,49
8,0.0009242602277058832,3,100,0.0,49
9,0.004786934492152485,3,100,0.0,49
10,0.004054880684541917,1,100,0.0,49
11,0.00882038193429957,1,100,0.0,49
12,0.0013954716282951907,2,100,0.0,49
13,0.0017234451121239719,2,100,0.0,49
14,0.0014342897454739827,3,100,0.0,49
15,0.0007339547292323984,3,100,0.0,49
16,0.0006205205156536962,4,100,0.0,49
17,0.0004994029249275036,4,100,0.0,49
18,0.0016338824627114884,4,100,0.0,49
19,0.008930744743409822,2,100,0.0,49
20,0.0012319981353940811,4,100,0.0,49
21,0.003760925185510361,2,100,0.0,49
22,0.003061916637738579,1,100,0.0,49
23,0.002050447378532823,3,100,0.0,49
24,0.0020290004906973864,3,100,0.0,49
25,0.0013877825981342717,2,100,0.0,49
26,0.0030481469305903056,3,100,0.0,49
27,0.0038043768788809788,3,100,0.0,49
28,0.006176170345243374,1,100,0.0,49
29,0.003938654837453999,2,100,0.0,49
30,0.006218294956760399,2,100,0.0,49
31,0.003315412531716487,2,100,0.0,49
32,0.003269101804574995,4,100,0.0,49
33,0.0010896213507306856,4,100,0.0,49
34,0.0008045706883162157,3,100,0.0,49
35,0.0006230940241933211,3,100,0.0,49
36,5.067751553000285e-05,3,100,0.0,49
37,0.00012659996546152488,2,100,0.0,49
38,7.25459528091551e-05,3,100,0.0,49
39,0.0004996218618184649,3,100,0.0,49
40,0.0009048080182331239,2,100,0.0,49
41,0.0036934595362533387,5,100,0.0,49
42,0.0010948658220551876,5,100,0.0,49
43,0.0023743104687471116,4,100,0.0,49
44,0.0026338964948619294,1,100,0.0,49
45,0.0005427369504275623,1,100,0.0,49
46,0.0008357030254791984,2,100,0.0,49
0,0.0038679569988693506,4,100,0.0,51
1,0.0009296712615990675,4,100,0.0,51
2,0.0005881937587533413,5,100,0.0,51
3,0.0011924586813011487,4,100,0.0,51
4,0.001470933882497181,3,100,0.0,51
5,0.00039209602989164947,4,100,0.0,51
6,0.00046093560357455995,3,100,0.0,51
7,0.0001837051019572261,2,100,0.0,51
8,0.00037125617161628687,3,100,0.0,51
9,0.000429892363755723,4,100,0.0,51
10,0.00010657668236779158,4,100,0.0,51
11,0.0001691396211098521,5,100,0.0,51
12,0.0002770642292923529,6,100,0.0,51
13,0.0008189232144964979,5,100,0.0,51
14,0.001932962733581549,4,100,0.0,51
15,0.0021585630186046,2,100,0.0,51
16,0.004523348987294567,3,100,0.0,51
17,0.0019143117232640113,3,100,0.0,51
18,0.004230753694022745,2,100,0.0,51
19,0.0029240902775787597,3,100,0.0,51
20,0.0014008919794397372,4,100,0.0,51
21,0.0026804589667329217,5,100,0.0,51
22,0.00047682546557445486,4,100,0.0,51
23,0.0004849015153253227,4,100,0.0,51
24,0.00011509584826135537,4,100,0.0,51
25,4.095634873472239e-05,4,100,0.0,51
26,1.9762135318310442e-05,2,100,0.0,51
27,4.724626779066458e-05,4,100,0.0,51
28,4.9044883532609325e-05,6,100,0.0,51
29,0.00012824147371209792,5,100,0.0,51
30,0.00014796159745933364,5,100,0.0,51
31,0.0003098443009256122,6,100,0.0,51
32,0.0007824638077539762,2,100,0.0,51
33,0.0024350848515050016,3,100,0.0,51
34,0.0005620671256554014,3,100,0.0,51
35,0.0015512082436937907,3,100,0.0,51
36,0.001566357805801036,4,100,0.0,51
37,0.002307202981113259,6,100,0.0,51
38,0.0005351757846726687,5,100,0.0,51
39,0.00022979514696700712,5,100,0.0,51
40,0.0004467766910368238,6,100,0.0,51
41,0.0010333717016052667,6,100,0.0,51
42,0.0005045414218239683,4,100,0.0,51
43,0.0021055946494555763,4,100,0.0,51
44,0.00048134491110453105,4,100,0.0,51
45,0.0015251571745763606,4,100,0.0,51
46,0.001491742843314002,5,100,0.0,51
0,0.012446930989917627,0,100,0.0,50
1,0.0038447569843102943,1,100,0.0,50
2,0.004462793818785812,3,100,0.0,50
3,0.0015474889825500358,1,100,0.0,50
4,0.00099301231669788,1,100,0.0,50
5,0.0031191620894497397,1,100,0.0,50
6,0.010262194534883196,0,100,0.0,50
7,0.0027393645413845286,2,100,0.0,50
8,0.0011926499440612622,4,100,0.0,50
9,0.0012138339376230839,4,100,0.0,50
10,0.0005691500869809268,1,100,0.0,50
11,0.0001698475817103561,1,100,0.0,50
12,0.00024445998690467873,1,100,0.0,50
13,0.0024602211037893073,2,100,0.0,50
14,0.0058204579119115005,1,100,0.0,50
15,0.00510373375039527,1,100,0.0,50
16,0.011621313261835327,0,100,0.0,50
17,0.004521371667508741,1,100,0.0,50
18,0.002805446497418887,2,100,0.0,50
19,0.004496268462944609,2,100,0.0,50
20,0.0033829777137297326,2,100,0.0,50
21,0.001164698955163745,1,100,0.0,50
22,0.002406847468088216,1,100,0.0,50
23,0.0031301087774228404,1,100,0.0,50
24,0.014759646009515237,0,100,0.0,50
25,0.007175356438909687,1,100,0.0,50
26,0.0056945862544646765,4,100,0.0,50
27,0.006149939521299361,3,100,0.0,50
28,0.005820765825845486,1,100,0.0,50
29,0.0018296549761371327,3,100,0.0,50
30,0.007594626644588151,3,100,0.0,50
31,0.0012876906999388525,1,100,0.0,50
32,0.002347711282248982,1,100,0.0,50
33,0.0030151952613921597,2,100,0.0,50
34,0.0021235794627211184,2,100,0.0,50
35,0.00123883651806171,2,100,0.0,50
36,0.0032323420333101637,3,100,0.0,50
37,0.002335188735724523,2,100,0.0,50
38,0.0014744374172114296,2,100,0.0,50
39,0.0008109507072425687,2,100,0.0,50
40,0.003992090314656806,2,100,0.0,50
41,0.004864016095913023,3,100,0.0,50
42,0.0027719390089504924,3,100,0.0,50
43,0.004204420930344837,2,100,0.0,50
44,0.0052858848554532024,1,100,0.0,50
45,0.00784839349171217,1,100,0.0,50
46,0.007093834127905121,1,100,0.0,50
0,0.009560002969047026,1,100,0.0,52
1,0.004513606627143472,2,100,0.0,52
2,0.0078196706109072,2,100,0.0,52
3,0.002801554337409631,1,100,0.0,52
4,0.0034682230715120093,1,100,0.0,52
5,0.010870768007085519,0,100,0.0,52
6,0.007901610992759177,1,100,0.0,52
7,0.010254993378870477,0,100,0.0,52
8,0.009199094954944918,1,100,0.0,52
9,0.00459239557177788,1,100,0.0,52
10,0.003625596122106241,2,100,0.0,52
11,0.0015203332809303957,2,100,0.0,52
12,0.006390738791564311,1,100,0.0,52
13,0.006088349852192282,2,100,0.0,52
14,0.004264126610234827,1,100,0.0,52
15,0.003813742626269074,2,100,0.0,52
16,0.0005850235693579535,2,100,0.0,52
17,0.0005574667073427599,3,100,0.0,52
18,0.0012258648589166055,3,100,0.0,52
19,0.0050361047823714805,3,100,0.0,52
20,0.006609186634611393,1,100,0.0,52
21,0.00556855118233251,2,100,0.0,52
22,0.004896810799394407,4,100,0.0,52
23,0.003999294041749003,2,100,0.0,52
24,0.009997069948511956,1,100,0.0,52
25,0.009472236509782581,1,100,0.0,52
26,0.0011349785629173926,2,100,0.0,52
27,0.0003340981595127625,1,100,0.0,52
28,0.000361138585694107,1,100,0.0,52
29,0.0011453367614859022,1,100,0.0,52
30,0.0011441718810181866,1,100,0.0,52
31,0.0007854541631252011,1,100,0.0,52
32,0.00035801091737935626,1,100,0.0,52
33,0.00012937361162054174,2,100,0.0,52
34,5.054767728816366e-05,2,100,0.0,52
35,0.00014390163856857493,2,100,0.0,52
36,0.0005535866575040554,2,100,0.0,52
37,0.0022348630860010753,3,100,0.0,52
38,0.0034063494201898668,3,100,0.0,52
39,0.0028974204917738325,4,100,0.0,52
40,0.00048559609357079416,2,100,0.0,52
41,0.001018550413823922,2,100,0.0,52
42,0.0019219238410330551,4,100,0.0,52
43,0.0027888248627737835,3,100,0.0,52
44,0.004414869654111686,4,100,0.0,52
45,0.008025930733744783,1,100,0.0,52
46,0.003310695711179009,2,100,0.0,52
0,0.027944111776447105,0,100,0.0,53
1,0.033932135728542916,0,100,0.0,53
2,0.011657806407786277,0,100,0.0,53
3,0.002480649891552332,2,100,0.0,53
4,0.006678551946609535,2,100,0.0,53
5,0.0013445218039307319,1,100,0.0,53
6,0.004683052783253612,1,100,0.0,53
7,0.006392310326391449,1,100,0.0,53
8,0.021956087824351298,0,100,0.0,53
9,0.008278680752330047,1,100,0.0,53
10,0.007180284347642334,1,100,0.0,53
11,0.013009374796067225,0,100,0.0,53
12,0.02027353523593993,0,100,0.0,53
13,0.01141539825293078,0,100,0.0,53
14,0.0023671692412320644,1,100,0.0,53
15,0.00021356009149738693,1,100,0.0,53
16,0.0003427687690730385,2,100,0.0,53
17,0.011999284094833862,0,100,0.0,53
18,0.03992015968063872,0,100,0.0,53
19,0.010496170130902713,0,100,0.0,53
20,0.021191576172804774,0,100,0.0,53
21,0.009151853856723546,1,100,0.0,53
22,0.01584702262723781,0,100,0.0,53
23,0.027944111776447105,0,100,0.0,53
24,0.007074171043201992,1,100,0.0,53
25,0.021956087824351298,0,100,0.0,53
26,0.008280102946120273,1,100,0.0,53
27,0.003569501079145543,2,100,0.0,53
28,0.0018414763347688456,2,100,0.0,53
29,0.01018995324264512,0,100,0.0,53
30,0.006406853210069285,1,100,0.0,53
31,0.006483911319651772,1,100,0.0,53
32,0.003651223442923405,2,100,0.0,53
33,0.0005839072416768841,2,100,0.0,53
34,0.0008431721249103236,1,100,0.0,53
35,0.004015240300047673,1,100,0.0,53
36,0.014868810723113466,0,100,0.0,53
37,0.014465826407311158,0,100,0.0,53
38,0.0036354506965583858,1,100,0.0,53
39,0.004080310719828781,1,100,0.0,53
40,0.007183008671395394,1,100,0.0,53
41,0.005307081239500469,1,100,0.0,53
42,0.006935111941902198,1,100,0.0,53
43,0.00503389411055995,2,100,0.0,53
44,0.0074882060689301245,1,100,0.0,53
45,0.012294298785798859,0,100,0.0,53
46,0.0026143127499419763,1,100,0.0,53
0,0.01764901864495986,0,100,0.0,54
1,0.0033243131554931693,3,100,0.0,54
2,0.004259860859086732,4,100,0.0,54
3,0.005565771830752813,2,100,0.0,54
4,0.0015499367299446466,4,100,0.0,54
5,0.0012835079275263514,2,100,0.0,54
6,0.011023852350086611,0,100,0.0,54
7,0.004318548742098882,1,100,0.0,54
8,0.0015437056217811169,2,100,0.0,54
9,0.00015687102987191386,2,100,0.0,54
10,0.0006465287513820267,2,100,0.0,54
11,0.00241784782124122,1,100,0.0,54
12,0.006481268846737668,1,100,0.0,54
13,0.018223126133591498,0,100,0.0,54
14,0.021956087824351298,0,100,0.0,54
15,0.018283015843182673,0,100,0.0,54
16,0.021956087824351298,0,100,0.0,54
17,0.002491810770117766,1,100,0.0,54
18,0.0061855290581719095,1,100,0.0,54
19,0.007977078529256013,1,100,0.0,54
20,0.014171961536214195,0,100,0.0,54
21,0.016489779711716984,0,100,0.0,54
22,0.012858008044025749,0,100,0.0,54
23,0.007420455480759262,1,100,0.0,54
24,0.010594855275426605,0,100,0.0,54
25,0.004840749035092102,1,100,0.0,54
26,0.0013371740400130948,3,100,0.0,54
27,0.0017179053149862997,3,100,0.0,54
28,0.0021519499252167407,2,100,0.0,54
29,0.003300002186544688,1,100,0.0,54
30,0.00543777878805388,2,100,0.0,54
31,0.001777265081610957,2,100,0.0,54
32,0.0016672010088236832,3,100,0.0,54
33,0.002718543788723403,3,100,0.0,54
34,0.003170254598799243,2,100,0.0,54
35,0.0021230123606469204,3,100,0.0,54
36,0.0067671583849434995,2,100,0.0,54
37,0.005106910898883057,1,100,0.0,54
38,0.0006745103486562399,2,100,0.0,54
39,0.0007490578820161811,1,100,0.0,54
40,0.0018733484669719775,1,100,0.0,54
41,0.0118546829876807,0,100,0.0,54
42,0.023952095808383235,0,100,0.0,54
43,0.00948072864592206,1,100,0.0,54
44,0.01026477976891312,0,100,0.0,54
45,0.0054113323014781485,1,100,0.0,54
46,0.000771465305975809,1,100,0.0,54
0,0.0026762058886317243,3,100,0.0,55
1,0.005079690982416561,2,100,0.0,55
2,0.0019033004969561257,1,100,0.0,55
3,0.0005571727670942832,1,100,0.0,55
4,0.0012328005052675596,1,100,0.0,55
5,0.00010016977670933652,1,100,0.0,55
6,0.00018741114372048062,1,100,0.0,55
7,0.000712264088685874,2,100,0.0,55
8,0.0035663654166455555,2,100,0.0,55
9,0.0033404003974020543,1,100,0.0,55
10,0.0038547827912770952,2,100,0.0,55
11,0.0025137742073940176,3,100,0.0,55
12,0.002723997882815248,3,100,0.0,55
13,0.007749315836006136,1,100,0.0,55
14,0.027944111776447105,0,100,0.0,55
15,0.00622365235689069,1,100,0.0,55
16,0.0059193256588704665,2,100,0.0,55
17,0.005517547070144474,2,100,0.0,55
18,0.0022384362276130086,2,100,0.0,55
19,0.0011724129044278957,1,100,0.0,55
20,0.0010022479780968743,2,100,0.0,55
21,0.007752513109626227,2,100,0.0,55
22,0.014126153109211049,0,100,0.0,55
23,0.006901868223128604,1,100,0.0,55
24,0.002616165041845364,2,100,0.0,55
25,0.001238587931536714,1,100,0.0,55
26,0.003661850555920424,1,100,0.0,55
27,0.0122337168795303,0,100,0.0,55
28,0.01568025933455565,0,100,0.0,55
29,0.016522362833261653,0,100,0.0,55
30,0.018237512841969537,0,100,0.0,55
31,0.016438108150055277,0,100,0.0,55
32,0.004170215682831365,1,100,0.0,55
33,0.0031487837852102324,1,100,0.0,55
34,0.007108345723572507,1,100,0.0,55
35,0.008305180191741915,1,100,0.0,55
36,0.010952861799555326,0,100,0.0,55
37,0.004546178283568985,1,100,0.0,55
38,0.007133334967841281,1,100,0.0,55
39,0.010357269620447189,0,100,0.0,55
40,0.004828772993561022,3,100,0.0,55
41,0.0035971550415135043,4,100,0.0,55
42,0.0007552115660936527,1,100,0.0,55
43,0.003040778420946769,2,100,0.0,55
44,0.0068717319663336345,1,100,0.0,55
45,0.007699765728794443,1,100,0.0,55
46,0.031936127744510975,0,100,0.0,55
0,0.005622050649760968,2,100,0.0,56
1,0.0035938720672851407,2,100,0.0,56
2,0.004031744638930868,2,100,0.0,56
3,0.0023464191784122075,1,100,0.0,56
4,0.008486997895084855,2,100,0.0,56
5,0.008839817694384291,2,100,0.0,56
6,0.008255951952463906,1,100,0.0,56
7,0.015395927660381104,0,100,0.0,56
8,0.021956087824351298,0,100,0.0,56
9,0.014954752540638298,0,100,0.0,56
10,0.009673145041073,1,100,0.0,56
11,0.009473516353624435,1,100,0.0,56
12,0.0058265474431135715,1,100,0.0,56
13,0.011341788938166843,0,100,0.0,56
14,0.0009806133636525974,2,100,0.0,56
15,0.0004313995063181789,3,100,0.0,56
16,0.0005745101017078051,2,100,0.0,56
17,0.0003520284208322025,3,100,0.0,56
18,0.0032267961770700796,2,100,0.0,56
19,0.0019216868447119878,2,100,0.0,56
20,0.008566347040378888,1,100,0.0,56
21,0.005471597193785146,1,100,0.0,56
22,0.01468771279016521,0,100,0.0,56
23,0.009158781274020134,1,100,0.0,56
24,0.008551106118648356,1,100,0.0,56
25,0.0044195204498878975,2,100,0.0,56
26,0.00273512195331337,5,100,0.0,56
27,0.003427583674961666,5,100,0.0,56
28,0.0018785416066164882,1,100,0.0,56
29,0.0009462224431149195,1,100,0.0,56
30,0.00015716074332600203,2,100,0.0,56
31,9.292806881997662e-05,2,100,0.0,56
32,0.00023193271224308462,2,100,0.0,56
33,0.0010681733277739785,3,100,0.0,56
34,0.005458013090827594,4,100,0.0,56
35,0.004367360093610092,3,100,0.0,56
36,0.0038982616562927546,2,100,0.0,56
37,0.0037356425717262965,2,100,0.0,56
38,0.001977329182331911,2,100,0.0,56
39,0.0020336227433980516,2,100,0.0,56
40,0.004251001961443445,3,100,0.0,56
41,7.927489329851535e-05,4,100,0.0,56
42,0.0002901552869254448,4,100,0.0,56
43,0.001672850120002177,3,100,0.0,56
44,0.00010612386989505348,2,100,0.0,56
45,0.0002716352118021581,2,100,0.0,56
46,7.765439585368102e-05,2,100,0.0,56
0,0.0013461136925952304,2,100,0.0,57
1,0.0003131545064770278,2,100,0.0,57
2,0.0004045191760408458,2,100,0.0,57
3,0.00048664350942536586,3,100,0.0,57
4,0.001490812680032612,5,100,0.0,57
5,0.0031806381005784964,4,100,0.0,57
6,0.002337633030838532,3,100,0.0,57
7,0.007632452724498362,3,100,0.0,57
8,0.004193119557158052,4,100,0.0,57
9,0.0012858136989750985,3,100,0.0,57
10,0.002905120254039933,3,100,0.0,57
11,0.002925272814848215,4,100,0.0,57
12,0.0025458959698191133,3,100,0.0,57
13,0.007377512242511254,2,100,0.0,57
14,0.0065474440142351195,2,100,0.0,57
15,0.002282701997061234,1,100,0.0,57
16,0.0048653916597681465,2,100,0.0,57
17,0.002187354051319666,2,100,0.0,57
18,0.0019299657528291901,5,100,0.0,57
19,0.0005451025097769233,5,100,0.0,57
20,0.0014237354801880109,5,100,0.0,57
21,0.0010588546932575463,5,100,0.0,57
22,0.0027088385230243026,7,100,0.0,57
23,0.0013318324625479652,5,100,0.0,57
24,0.0013808306098022068,2,100,0.0,57
25,0.0025029645033522855,1,100,0.0,57
26,0.002856731921461106,2,100,0.0,57
27,0.009276153754862102,2,100,0.0,57
28,0.005573330154708951,2,100,0.0,57
29,0.005118695082336644,1,100,0.0,57
30,0.012245830067019653,0,100,0.0,57
31,0.005978017759829033,1,100,0.0,57
32,0.006044040937477454,1,100,0.0,57
33,0.003917826947996978,2,100,0.0,57
34,0.0008208753892017004,3,100,0.0,57
35,0.0006538014418559767,3,100,0.0,57
36,0.0008996293680827411,4,100,0.0,57
37,0.0026291904805709424,3,100,0.0,57
38,0.001763930222450548,3,100,0.0,57
39,0.002314677908960569,3,100,0.0,57
40,0.0037568931208467604,3,100,0.0,57
41,0.002464768117939767,2,100,0.0,57
42,0.0019047088885152967,3,100,0.0,57
43,0.0012285898512887855,1,100,0.0,57
44,0.0009678498709512469,3,100,0.0,57
45,0.0013928136435034577,3,100,0.0,57
46,0.0028029726118070503,4,100,0.0,57
0,0.010361117783517657,0,100,0.0,58
1,0.0037973668046091106,3,100,0.0,58
2,0.007096328117222512,4,100,0.0,58
3,0.003354626289797537,2,100,0.0,58
4,0.00025157739080741373,2,100,0.0,58
5,0.00028892360009331067,3,100,0.0,58
6,0.00040836249799903004,2,100,0.0,58
7,0.0012814211131038453,3,100,0.0,58
8,0.005522216198516838,2,100,0.0,58
9,0.007129334355333642,1,100,0.0,58
10,0.021237181796811513,0,100,0.0,58
11,0.027944111776447105,0,100,0.0,58
12,0.019288374397832517,0,100,0.0,58
13,0.00840935698171532,1,100,0.0,58
14,0.0009264538225937732,1,100,0.0,58
15,0.00028573397333150576,1,100,0.0,58
16,0.0004022061988618267,2,100,0.0,58
17,0.00021696273920276976,2,100,0.0,58
18,0.0007715920309355795,2,100,0.0,58
19,0.001447517119185549,2,100,0.0,58
20,0.0030071874059874404,3,100,0.0,58
21,0.00300387524245911,3,100,0.0,58
22,0.004167490057569674,2,100,0.0,58
23,0.0027893377626071695,2,100,0.0,58
24,0.005323190494270529,2,100,0.0,58
25,0.005044996645978038,2,100,0.0,58
26,0.003391620446771028,2,100,0.0,58
27,0.0019427945090471355,3,100,0.0,58
28,0.001225287315401125,3,100,0.0,58
29,0.0011453716940940358,1,100,0.0,58
30,0.0056051758284870095,1,100,0.0,58
31,0.0041233076344719295,1,100,0.0,58
32,0.014056862918086568,0,100,0.0,58
33,0.005975306945226391,1,100,0.0,58
34,0.0017823844376470188,3,100,0.0,58
35,0.0012358822604571333,3,100,0.0,58
36,0.0009309722691219389,2,100,0.0,58
37,0.004539579255945614,1,100,0.0,58
38,0.005280442591600399,1,100,0.0,58
39,0.006280386700210067,3,100,0.0,58
40,0.0016378666521477164,2,100,0.0,58
41,0.0017232206381613863,1,100,0.0,58
42,0.002929030973488267,1,100,0.0,58
43,0.007347446931904419,2,100,0.0,58
44,0.0007943974345635933,2,100,0.0,58
45,0.006201604813667312,1,100,0.0,58
46,0.004712752634051402,2,100,0.0,58
0,7.510773984315045e-05,2,100,0.0,59
1,2.292963916952289e-05,3,100,0.0,59
2,0.0001381875633349714,3,100,0.0,59
3,0.000248787213649073,5,100,0.0,59
4,0.00041594880217292804,2,100,0.0,59
5,0.0008810040549128537,2,100,0.0,59
6,0.0006540508177014979,2,100,0.0,59
7,0.0014877294404997557,1,100,0.0,59
8,0.0014283835651090681,1,100,0.0,59
9,0.0020934995127278905,2,100,0.0,59
10,0.0030855981378902476,4,100,0.0,59
11,0.003383736574884696,2,100,0.0,59
12,0.003065218284002676,1,100,0.0,59
13,0.00087044675668958,1,100,0.0,59
14,0.0006960963506647648,2,100,0.0,59
15,0.0012144435713662266,2,100,0.0,59
16,0.0006242234865416639,2,100,0.0,59
17,0.0005693379232406291,1,100,0.0,59
18,0.0010912379597936594,2,100,0.0,59
19,0.0004939291043909672,3,100,0.0,59
20,0.0008099311432757113,2,100,0.0,59
21,0.003344985987875901,2,100,0.0,59
22,0.004144466433051139,2,100,0.0,59
23,0.005419662434618444,1,100,0.0,59
24,0.004280750495174402,3,100,0.0,59
25,0.0010711359414121186,4,100,0.0,59
26,0.0010372795590211598,4,100,0.0,59
27,0.00039560892442336,3,100,0.0,59
28,0.0003809339000254519,3,100,0.0,59
29,0.0029858046102220356,4,100,0.0,59
30,0.0019389714304376634,3,100,0.0,59
31,0.0014675950843744618,2,100,0.0,59
32,0.0006247168022496638,3,100,0.0,59
33,0.0005171581621443905,1,100,0.0,59
34,0.00047355526413150157,2,100,0.0,59
35,0.0006916598317276267,3,100,0.0,59
36,0.0001083506074705957,3,100,0.0,59
37,0.00034851340786048194,3,100,0.0,59
38,0.0008279073870567348,3,100,0.0,59
39,0.0012693309506694277,3,100,0.0,59
40,0.0011129251486346867,1,100,0.0,59
41,0.0007750479761446672,1,100,0.0,59
42,0.0010815101397785496,1,100,0.0,59
43,0.0049927440416145516,1,100,0.0,59
44,0.0010295087404810258,1,100,0.0,59
45,0.001059880516221364,1,100,0.0,59
46,0.001748823225215222,2,100,0.0,59
0,0.09580838323353294,0,100,0.3,0
1,0.014350176900638348,0,100,0.3,0
2,0.008030830580948186,1,100,0.3,0
3,0.02594810379241517,0,100,0.3,0
4,0.04790419161676647,0,100,0.3,0
5,0.033932135728542916,0,100,0.3,0
6,0.04590818363273453,0,100,0.3,0
7,0.12574850299401197,0,100,0.3,0
8,0.029940119760479042,0,100,0.3,0
9,0.021956087824351298,0,100,0.3,0
10,0.002716754939415051,1,100,0.3,0
11,0.005413829312353234,1,100,0.3,0
12,0.009102644732895534,1,100,0.3,0
13,0.010530678304141793,0,100,0.3,0
14,0.0718562874251497,0,100,0.3,0
15,0.043912175648702596,0,100,0.3,0
16,0.05788423153692615,0,100,0.3,0
17,0.09381237524950099,0,100,0.3,0
18,0.05588822355289421,0,100,0.3,0
19,0.029940119760479042,0,100,0.3,0
20,0.027944111776447105,0,100,0.3,0
21,0.031936127744510975,0,100,0.3,0
22,0.033932135728542916,0,100,0.3,0
23,0.021956087824351298,0,100,0.3,0
24,0.03792415169660679,0,100,0.3,0
25,0.05788423153692615,0,100,0.3,0
26,0.03792415169660679,0,100,0.3,0
27,0.031936127744510975,0,100,0.3,0
28,0.03992015968063872,0,100,0.3,0
29,0.00406312477259736,2,100,0.3,0
30,0.0053859123620633095,2,100,0.3,0
31,0.010142742582917367,0,100,0.3,0
32,0.029940119760479042,0,100,0.3,0
33,0.06786427145708583,0,100,0.3,0
34,0.029940119760479042,0,100,0.3,0
35,0.0038241802033842556,1,100,0.3,0
36,0.007832725078486293,1,100,0.3,0
37,0.027944111776447105,0,100,0.3,0
38,0.005026172204871952,1,100,0.3,0
39,0.002737730944158724,2,100,0.3,0
40,0.0002754325697076846,2,100,0.3,0
41,0.000393704641318459,2,100,0.3,0
42,0.005748485318853417,2,100,0.3,0
43,0.020783390824436518,0,100,0.3,0
44,0.021956087824351298,0,100,0.3,0
45,0.0048213683591632195,1,100,0.3,0
46,0.01614577321323666,0,100,0.3,0
0,0.005506526240892481,1,100,0.3,1
1,0.0002130270706582344,5,100,0.3,1
2,0.0001227894074450134,6,100,0.3,1
3,7.966803982602842e-05,5,100,0.3,1
4,0.00032811889129057695,3,100,0.3,1
5,0.004472258040186766,2,100,0.3,1
6,0.0072252656450347815,2,100,0.3,1
7,0.004354962138232134,2,100,0.3,1
8,0.0023052811943421393,3,100,0.3,1
9,0.00341964784858843,7,100,0.3,1
10,0.0017980914164056547,11,100,0.3,1
11,0.0030490226162475233,7,100,0.3,1
12,0.0023856489805405764,9,100,0.3,1
13,0.0032314304857882733,7,100,0.3,1
14,0.0004995941901751712,4,100,0.3,1
15,0.00037609200162298524,13,100,0.3,1
16,0.00014486683402190675,16,100,0.3,1
17,0.00021756646837230395,20,100,0.3,1
18,0.0002637912734325978,15,100,0.3,1
19,0.0005229248716323622,8,100,0.3,1
20,0.0014326919305798417,4,100,0.3,1
21,0.010324658649769477,0,100,0.3,1
22,0.0017646903032295205,11,100,0.3,1
23,0.0007455956704426223,10,100,0.3,1
24,0.0005710567301664774,7,100,0.3,1
25,0.003725673994014773,6,100,0.3,1
26,0.0018729791292978846,7,100,0.3,1
27,0.001987385841282483,9,100,0.3,1
28,0.0007366634013739608,8,100,0.3,1
29,0.0009034477174946276,3,100,0.3,1
30,0.00034689711363441187,9,100,0.3,1
31,0.0009225019581886083,5,100,0.3,1
32,0.0021128639336486107,4,100,0.3,1
33,0.0038991368886872216,2,100,0.3,1
34,0.00994500479565244,1,100,0.3,1
35,0.013070975056009371,0,100,0.3,1
36,0.004618078728749567,1,100,0.3,1
37,0.0016199983188927899,5,100,0.3,1
38,0.0012104758022092941,6,100,0.3,1
39,0.000736580291807213,9,100,0.3,1
40,0.001024281535208181,8,100,0.3,1
41,0.0010689680449631454,6,100,0.3,1
42,0.0006608422859445309,8,100,0.3,1
43,0.0005023447651418657,5,100,0.3,1
44,0.0006780749456898469,4,100,0.3,1
45,0.0012835310338502575,3,100,0.3,1
46,0.004672066493076902,1,100,0.3,1
0,0.016752376250706337,0,100,0.3,3
1,0.004811043229360979,2,100,0.3,3
2,0.0025742812465146215,2,100,0.3,3
3,0.003021841959728937,2,100,0.3,3
4,0.003993949411789987,2,100,0.3,3
5,0.0037201383903454448,1,100,0.3,3
6,0.004856902004666919,1,100,0.3,3
7,0.006659217945116709,1,100,0.3,3
8,0.007212179400139725,2,100,0.3,3
9,0.003408758491457109,2,100,0.3,3
10,0.0041329042322744034,1,100,0.3,3
11,0.005155015985089075,1,100,0.3,3
12,0.004989741788902358,2,100,0.3,3
13,0.004078636926161931,2,100,0.3,3
14,0.005227589643105727,3,100,0.3,3
15,0.021956087824351298,0,100,0.3,3
16,0.06187624750499002,0,100,0.3,3
17,0.033932135728542916,0,100,0.3,3
18,0.014991938163072323,0,100,0.3,3
19,0.0015949676217493257,2,100,0.3,3
20,0.0025867831494317834,2,100,0.3,3
21,0.005780037351390866,1,100,0.3,3
22,0.011029742065875987,0,100,0.3,3
23,0.031936127744510975,0,100,0.3,3
24,0.02594810379241517,0,100,0.3,3
25,0.021956087824351298,0,100,0.3,3
26,0.009807337579946196,1,100,0.3,3
27,0.012311103604082305,0,100,0.3,3
28,0.021956087824351298,0,100,0.3,3
29,0.019604004654660955,0,100,0.3,3
30,0.011327906127301291,0,100,0.3,3
31,0.0077585826595657605,1,100,0.3,3
32,0.01140812714278228,0,100,0.3,3
33,0.016542762170220503,0,100,0.3,3
34,0.031936127744510975,0,100,0.3,3
35,0.03592814371257485,0,100,0.3,3
36,0.013547876205764848,0,100,0.3,3
37,0.012487967959784844,0,100,0.3,3
38,0.01927329844896636,0,100,0.3,3
39,0.016544684302097528,0,100,0.3,3
40,0.02594810379241517,0,100,0.3,3
41,0.018012225939229985,0,100,0.3,3
42,0.02594810379241517,0,100,0.3,3
43,0.009261187909186229,1,100,0.3,3
44,0.003843506636852163,1,100,0.3,3
45,0.0057067066517323016,1,100,0.3,3
46,0.007777123852371926,1,100,0.3,3
0,0.041916167664670656,0,100,0.3,2
1,0.033932135728542916,0,100,0.3,2
2,0.009148996309623365,1,100,0.3,2
3,0.004522522352491639,1,100,0.3,2
4,0.006466295538255597,1,100,0.3,2
5,0.0026008549947804886,2,100,0.3,2
6,0.002428971453240449,3,100,0.3,2
7,0.0027276058937257012,2,100,0.3,2
8,0.01017010430934829,0,100,0.3,2
9,0.023952095808383235,0,100,0.3,2
10,0.0718562874251497,0,100,0.3,2
11,0.05788423153692615,0,100,0.3,2
12,0.009001512330434202,2,100,0.3,2
13,0.008528033793238453,1,100,0.3,2
14,0.0022193135323588455,1,100,0.3,2
15,0.003177019242197458,1,100,0.3,2
16,0.010383463646192597,0,100,0.3,2
17,0.013664455652655928,0,100,0.3,2
18,0.009004521682327354,1,100,0.3,2
19,0.02594810379241517,0,100,0.3,2
20,0.009986876971235875,1,100,0.3,2
21,0.006601059634401009,3,100,0.3,2
22,0.017191985770833314,0,100,0.3,2
23,0.006712046512039892,1,100,0.3,2
24,0.010015150108477665,0,100,0.3,2
25,0.023952095808383235,0,100,0.3,2
26,0.004052845012044267,2,100,0.3,2
27,0.00531505433572044,3,100,0.3,2
28,0.007491647313442495,1,100,0.3,2
29,0.004211207135758017,2,100,0.3,2
30,0.004124162578905047,3,100,0.3,2
31,0.0037125076862092664,2,100,0.3,2
32,0.005862719094168578,3,100,0.3,2
33,0.001510927756372288,4,100,0.3,2
34,0.0021503934967406313,1,100,0.3,2
35,0.0029015565821757378,2,100,0.3,2
36,0.006540965663447539,1,100,0.3,2
37,0.007131590777876097,1,100,0.3,2
38,0.0018172533189791452,3,100,0.3,2
39,0.0007936935463205522,6,100,0.3,2
40,0.00033696469144455003,6,100,0.3,2
41,0.0005314249293170961,2,100,0.3,2
42,0.008875927705314299,1,100,0.3,2
43,0.033932135728542916,0,100,0.3,2
44,0.005085994764497923,2,100,0.3,2
45,0.0022751431892318844,9,100,0.3,2
46,0.002201109850249769,9,100,0.3,2
0,0.0030544301936764936,3,100,0.3,4
1,0.05189620758483034,0,100,0.3,4
2,0.07784431137724551,0,100,0.3,4
3,0.06387225548902195,0,100,0.3,4
4,0.07784431137724551,0,100,0.3,4
5,0.03792415169660679,0,100,0.3,4
6,0.029940119760479042,0,100,0.3,4
7,0.06187624750499002,0,100,0.3,4
8,0.05189620758483034,0,100,0.3,4
9,0.043912175648702596,0,100,0.3,4
10,0.04790419161676647,0,100,0.3,4
11,0.014683922166921793,0,100,0.3,4
12,0.01360910485777655,0,100,0.3,4
13,0.010470410716403474,0,100,0.3,4
14,0.021956087824351298,0,100,0.3,4
15,0.015794304790159964,0,100,0.3,4
16,0.05389221556886228,0,100,0.3,4
17,0.05788423153692615,0,100,0.3,4
18,0.03592814371257485,0,100,0.3,4
19,0.011771700165464832,0,100,0.3,4
20,0.00146746916719538,1,100,0.3,4
21,0.03592814371257485,0,100,0.3,4
22,0.017755777209137746,0,100,0.3,4
23,0.05189620758483034,0,100,0.3,4
24,0.0499001996007984,0,100,0.3,4
25,0.02594810379241517,0,100,0.3,4
26,0.007852133415106198,1,100,0.3,4
27,0.019026176849989914,0,100,0.3,4
28,0.06387225548902195,0,100,0.3,4
29,0.06986027944111776,0,100,0.3,4
30,0.03592814371257485,0,100,0.3,4
31,0.012388081604788829,0,100,0.3,4
32,0.0073857017266052375,1,100,0.3,4
33,0.00636313612120577,1,100,0.3,4
34,0.0066141850066408275,1,100,0.3,4
35,0.01140366739843296,0,100,0.3,4
36,0.009910840481838929,1,100,0.3,4
37,0.004984154873828244,4,100,0.3,4
38,0.005583109038895563,1,100,0.3,4
39,0.0032948843167953535,3,100,0.3,4
40,0.0031639581493656485,2,100,0.3,4
41,0.0015912924985196364,1,100,0.3,4
42,0.0033573624170358477,1,100,0.3,4
43,0.004705917292002098,1,100,0.3,4
44,0.021843334114536483,0,100,0.3,4
45,0.0037871673404090258,1,100,0.3,4
46,0.00840927928835918,1,100,0.3,4
0,0.006418669266258466,2,100,0.3,5
1,0.00331630335172496,5,100,0.3,5
2,0.0028280537264367234,3,100,0.3,5
3,0.0016069632947622236,3,100,0.3,5
4,0.005958300508669182,4,100,0.3,5
5,0.0016519679167154838,2,100,0.3,5
6,0.001418230275041757,5,100,0.3,5
7,0.0012899058764785846,6,100,0.3,5
8,0.0005699573714306413,8,100,0.3,5
9,0.0009485165333861551,7,100,0.3,5
10,0.0016639845676325107,8,100,0.3,5
11,0.002994004169511821,5,100,0.3,5
12,0.004738963947184094,3,100,0.3,5
13,0.005743468065549436,4,100,0.3,5
14,0.00230533348395062,6,100,0.3,5
15,0.0026701725338527105,6,100,0.3,5
16,0.0023328693184395772,3,100,0.3,5
17,0.001628927123363775,3,100,0.3,5
18,0.003021830133986611,4,100,0.3,5
19,0.0012236922535848287,5,100,0.3,5
20,0.004251281820490579,2,100,0.3,5
21,0.0014583114697084615,6,100,0.3,5
22,0.0013932467828130111,6,100,0.3,5
23,0.0012969212230843437,5,100,0.3,5
24,0.00023917165949425596,6,100,0.3,5
25,0.0006280478124659071,5,100,0.3,5
26,0.0005429172631931323,9,100,0.3,5
27,0.0006155345066867662,10,100,0.3,5
28,0.001543116021020717,5,100,0.3,5
29,0.003590378139192986,5,100,0.3,5
30,0.008519054718794336,2,100,0.3,5
31,0.003919578594726598,2,100,0.3,5
32,0.00267885524911066,7,100,0.3,5
33,0.0022799557400608214,18,100,0.3,5
34,0.0008980109215019329,11,100,0.3,5
35,0.0014573279689251795,7,100,0.3,5
36,0.0007207600870641535,4,100,0.3,5
37,0.00034690849565544745,5,100,0.3,5
38,0.0007321898623138223,9,100,0.3,5
39,0.0004701454964556962,6,100,0.3,5
40,0.0007031798960095619,3,100,0.3,5
41,0.0017257494641287172,3,100,0.3,5
42,0.001806577058964481,6,100,0.3,5
43,0.0015561233749316796,7,100,0.3,5
44,0.004419444504813644,7,100,0.3,5
45,0.003743229611374018,9,100,0.3,5
46,0.0029440578841159037,5,100,0.3,5
0,0.10578842315369262,0,100,0.3,6
1,0.0718562874251497,0,100,0.3,6
2,0.059880239520958084,0,100,0.3,6
3,0.14171656686626746,0,100,0.3,6
4,0.10179640718562874,0,100,0.3,6
5,0.10578842315369262,0,100,0.3,6
6,0.059880239520958084,0,100,0.3,6
7,0.02594810379241517,0,100,0.3,6
8,0.031936127744510975,0,100,0.3,6
9,0.04590818363273453,0,100,0.3,6
10,0.012612923437918403,0,100,0.3,6
11,0.013864624377139019,0,100,0.3,6
12,0.0060064503098124725,1,100,0.3,6
13,0.010616622649134802,0,100,0.3,6
14,0.01921479696772098,0,100,0.3,6
15,0.021824911026280824,0,100,0.3,6
16,0.03992015968063872,0,100,0.3,6
17,0.03992015968063872,0,100,0.3,6
18,0.02594810379241517,0,100,0.3,6
19,0.04790419161676647,0,100,0.3,6
20,0.1157684630738523,0,100,0.3,6
21,0.08582834331337326,0,100,0.3,6
22,0.1317365269461078,0,100,0.3,6
23,0.059880239520958084,0,100,0.3,6
24,0.10778443113772455,0,100,0.3,6
25,0.04590818363273453,0,100,0.3,6
26,0.043912175648702596,0,100,0.3,6
27,0.05389221556886228,0,100,0.3,6
28,0.04590818363273453,0,100,0.3,6
29,0.014753075133592634,0,100,0.3,6
30,0.021956087824351298,0,100,0.3,6
31,0.021956087824351298,0,100,0.3,6
32,0.03992015968063872,0,100,0.3,6
33,0.031936127744510975,0,100,0.3,6
34,0.008470058908212619,1,100,0.3,6
35,0.0031576289992049002,2,100,0.3,6
36,0.0027477587352572955,3,100,0.3,6
37,0.012168230759593945,0,100,0.3,6
38,0.023952095808383235,0,100,0.3,6
39,0.031936127744510975,0,100,0.3,6
40,0.08183632734530938,0,100,0.3,6
41,0.08982035928143713,0,100,0.3,6
42,0.07385229540918163,0,100,0.3,6
43,0.06786427145708583,0,100,0.3,6
44,0.005850122967364622,1,100,0.3,6
45,0.019284654095795193,0,100,0.3,6
46,0.04590818363273453,0,100,0.3,6
0,0.002286430213710036,2,100,0.3,7
1,0.001677975341627909,2,100,0.3,7
2,0.010650087277104496,0,100,0.3,7
3,0.0021152634597037417,2,100,0.3,7
4,0.0015303679810029739,2,100,0.3,7
5,0.003893825082078842,2,100,0.3,7
6,0.0022633732264381342,8,100,0.3,7
7,0.0020971687512428058,7,100,0.3,7
8,0.0027335089479819876,3,100,0.3,7
9,0.001689536229763741,11,100,0.3,7
10,0.0010378536335125972,8,100,0.3,7
11,0.0008876491830761406,6,100,0.3,7
12,0.0006658955847419808,16,100,0.3,7
13,0.0010982896558777314,6,100,0.3,7
14,0.0029983339212976065,2,100,0.3,7
15,0.002710497488654118,4,100,0.3,7
16,0.0008932579976728786,10,100,0.3,7
17,0.00011529507822619424,9,100,0.3,7
18,0.00020544547233126076,13,100,0.3,7
19,0.0014039658901789825,12,100,0.3,7
20,0.002525203522699273,5,100,0.3,7
21,0.003140657053617009,3,100,0.3,7
22,0.0022531929257334667,4,100,0.3,7
23,0.00011789969256237165,13,100,0.3,7
24,0.00030687598725729606,13,100,0.3,7
25,0.0013039191077839313,8,100,0.3,7
26,0.001025676226191694,2,100,0.3,7
27,0.001982219283919481,4,100,0.3,7
28,0.002379043447863242,12,100,0.3,7
29,0.0005588460335262519,20,100,0.3,7
30,0.0005674477495365987,22,100,0.3,7
31,0.0011870876811592072,13,100,0.3,7
32,0.004105359413110222,5,100,0.3,7
33,0.0047584432200161375,6,100,0.3,7
34,0.003553156783852468,3,100,0.3,7
35,0.003963811717381895,7,100,0.3,7
36,0.004354560820314322,10,100,0.3,7
37,0.001169791372601936,10,100,0.3,7
38,0.00029831114796399815,19,100,0.3,7
39,0.0006332670781745181,9,100,0.3,7
40,0.0038295618536045247,4,100,0.3,7
41,0.0059693999929066426,4,100,0.3,7
42,0.006077125817982257,1,100,0.3,7
43,0.005826931126589719,1,100,0.3,7
44,0.007985730833124262,1,100,0.3,7
45,0.006368336793744868,2,100,0.3,7
46,0.0033628841278857888,3,100,0.3,7
0,0.0066774399238696824,1,100,0.3,8
1,0.0020696527146091583,3,100,0.3,8
2,0.0030264061139051905,4,100,0.3,8
3,0.003053602274969445,1,100,0.3,8
4,0.006154143855952383,1,100,0.3,8
5,0.023952095808383235,0,100,0.3,8
6,0.019086365071325283,0,100,0.3,8
7,0.01194055052366476,0,100,0.3,8
8,0.015266991262040484,0,100,0.3,8
9,0.015221003101543437,0,100,0.3,8
10,0.023952095808383235,0,100,0.3,8
11,0.029940119760479042,0,100,0.3,8
12,0.05588822355289421,0,100,0.3,8
13,0.008725853422752897,1,100,0.3,8
14,0.004988547819842146,3,100,0.3,8
15,0.0010061280384056064,3,100,0.3,8
16,0.0015219568965880836,1,100,0.3,8
17,0.004081195056988549,2,100,0.3,8
18,0.00439612175062681,2,100,0.3,8
19,0.012893127984226439,0,100,0.3,8
20,0.013063331390177017,0,100,0.3,8
21,0.01263522632361964,0,100,0.3,8
22,0.02594810379241517,0,100,0.3,8
23,0.012893904063989652,0,100,0.3,8
24,0.011124537043509243,0,100,0.3,8
25,0.010101449855731678,0,100,0.3,8
26,0.0045180126997120575,2,100,0.3,8
27,0.001638847263704577,3,100,0.3,8
28,0.0006462072275254323,3,100,0.3,8
29,0.0015511809737228741,5,100,0.3,8
30,0.0022149329745476784,4,100,0.3,8
31,0.004189995932380839,3,100,0.3,8
32,0.009420224281582231,1,100,0.3,8
33,0.0032529618510146584,1,100,0.3,8
34,0.0035594577458177516,2,100,0.3,8
35,0.001177239433623056,2,100,0.3,8
36,0.000554980663403964,2,100,0.3,8
37,0.0006801135293109167,2,100,0.3,8
38,0.0011545469766160944,3,100,0.3,8
39,0.0037925465701659587,2,100,0.3,8
40,0.0036610408630104447,1,100,0.3,8
41,0.010504176218713636,0,100,0.3,8
42,0.005064819818318234,1,100,0.3,8
43,0.006372384535376899,1,100,0.3,8
44,0.014280849540902606,0,100,0.3,8
45,0.017605864010089664,0,100,0.3,8
46,0.029940119760479042,0,100,0.3,8
0,0.029940119760479042,0,100,0.3,9
1,0.043912175648702596,0,100,0.3,9
2,0.03792415169660679,0,100,0.3,9
3,0.029940119760479042,0,100,0.3,9
4,0.033932135728542916,0,100,0.3,9
5,0.0030518923184687657,1,100,0.3,9
6,0.0014116363206814395,1,100,0.3,9
7,0.0011188248608139302,1,100,0.3,9
8,0.0015808306579518162,1,100,0.3,9
9,0.003670456774520778,2,100,0.3,9
10,0.00493899767107513,2,100,0.3,9
11,0.009400355809019807,1,100,0.3,9
12,0.023952095808383235,0,100,0.3,9
13,0.023952095808383235,0,100,0.3,9
14,0.027944111776447105,0,100,0.3,9
15,0.009817897870617473,1,100,0.3,9
16,0.006312633085231698,2,100,0.3,9
17,0.013580533797568232,0,100,0.3,9
18,0.01006630881368649,0,100,0.3,9
19,0.010638163452221298,0,100,0.3,9
20,0.002785815669040953,1,100,0.3,9
21,0.004174996513197674,2,100,0.3,9
22,0.008220551021851973,1,100,0.3,9
23,0.016393532292166658,0,100,0.3,9
24,0.043912175648702596,0,100,0.3,9
25,0.0658682634730539,0,100,0.3,9
26,0.0499001996007984,0,100,0.3,9
27,0.021956087824351298,0,100,0.3,9
28,0.05189620758483034,0,100,0.3,9
29,0.027944111776447105,0,100,0.3,9
30,0.02594810379241517,0,100,0.3,9
31,0.02594810379241517,0,100,0.3,9
32,0.059880239520958084,0,100,0.3,9
33,0.07784431137724551,0,100,0.3,9
34,0.06187624750499002,0,100,0.3,9
35,0.014340874993383443,0,100,0.3,9
36,0.0054810876209531595,1,100,0.3,9
37,0.0009031992396319463,3,100,0.3,9
38,0.0007542232819883963,3,100,0.3,9
39,0.000655547610140014,2,100,0.3,9
40,0.011541415255217364,0,100,0.3,9
41,0.013199672379901165,0,100,0.3,9
42,0.02594810379241517,0,100,0.3,9
43,0.021956087824351298,0,100,0.3,9
44,0.012323124520909591,0,100,0.3,9
45,0.041916167664670656,0,100,0.3,9
46,0.05588822355289421,0,100,0.3,9
0,0.012263018021435071,0,100,0.3,10
1,0.0030020139772556024,6,100,0.3,10
2,0.0016069785421075529,9,100,0.3,10
3,0.0007664255762262163,11,100,0.3,10
4,0.0007344220297080641,9,100,0.3,10
5,0.0008532192664406917,13,100,0.3,10
6,0.0001796521387329485,11,100,0.3,10
7,8.237628310163339e-05,9,100,0.3,10
8,0.00031227546342357267,7,100,0.3,10
9,0.0008808057983683707,6,100,0.3,10
10,0.0004166633858880616,6,100,0.3,10
11,0.00031811916703982886,17,100,0.3,10
12,0.0004289261915007671,18,100,0.3,10
13,0.0005505879686901158,13,100,0.3,10
14,0.0007554600843585858,12,100,0.3,10
15,0.0007891663545767633,9,100,0.3,10
16,0.0006354422968595707,13,100,0.3,10
17,0.0006275771951316496,18,100,0.3,10
18,0.0003904098225224633,11,100,0.3,10
19,0.0002474911964418136,7,100,0.3,10
20,0.0006213984260223452,4,100,0.3,10
21,0.0037332225203674722,3,100,0.3,10
22,0.0043062244868930285,4,100,0.3,10
23,0.003940984716748266,3,100,0.3,10
24,0.0030818495585892957,7,100,0.3,10
25,0.0019002389960499654,9,100,0.3,10
26,0.004566659578899865,5,100,0.3,10
27,0.0031264103543280583,5,100,0.3,10
28,0.002223104438724687,6,100,0.3,10
29,0.0010471308158273413,5,100,0.3,10
30,0.0006468959119571578,13,100,0.3,10
31,0.0002440372064600016,13,100,0.3,10
32,0.00022342687614480125,11,100,0.3,10
33,0.00021837973764820908,11,100,0.3,10
34,0.0002662796614639926,15,100,0.3,10
35,0.0003647401575664076,9,100,0.3,10
36,0.001553369047795525,4,100,0.3,10
37,0.0015673704311822126,6,100,0.3,10
38,0.0004009841729251353,5,100,0.3,10
39,0.0006154125771077847,6,100,0.3,10
40,0.0006945186517468526,2,100,0.3,10
41,0.0007048985359363154,2,100,0.3,10
42,0.00030904524531280336,3,100,0.3,10
43,0.0003046442320259157,5,100,0.3,10
44,0.00026407888707611564,7,100,0.3,10
45,0.00027166614002543954,15,100,0.3,10
46,0.00022714179429678995,27,100,0.3,10
0,0.013348264538930227,0,100,0.3,11
1,0.013940988525918942,0,100,0.3,11
2,0.023952095808383235,0,100,0.3,11
3,0.014893912007285477,0,100,0.3,11
4,0.017035294427468872,0,100,0.3,11
5,0.029940119760479042,0,100,0.3,11
6,0.0171849597665452,0,100,0.3,11
7,0.012744158693541816,0,100,0.3,11
8,0.009395395462696151,1,100,0.3,11
9,0.017597276434102863,0,100,0.3,11
10,0.041916167664670656,0,100,0.3,11
11,0.023952095808383235,0,100,0.3,11
12,0.029940119760479042,0,100,0.3,11
13,0.009253794751458842,1,100,0.3,11
14,0.0121386034535437,0,100,0.3,11
15,0.004439434075526333,1,100,0.3,11
16,0.0015128597557274078,1,100,0.3,11
17,0.0024402081641229758,1,100,0.3,11
18,0.0015081143837041766,1,100,0.3,11
19,0.0011126426931756578,2,100,0.3,11
20,0.001227592214566252,2,100,0.3,11
21,0.003133833421195914,1,100,0.3,11
22,0.018739608592911704,0,100,0.3,11
23,0.0034703820140618534,1,100,0.3,11
24,0.0004087465857194578,4,100,0.3,11
25,0.0013279421817921654,4,100,0.3,11
26,0.0002738584349299326,3,100,0.3,11
27,0.000837593966110967,2,100,0.3,11
28,0.013561340588400861,0,100,0.3,11
29,0.029940119760479042,0,100,0.3,11
30,0.04590818363273453,0,100,0.3,11
31,0.059880239520958084,0,100,0.3,11
32,0.0499001996007984,0,100,0.3,11
33,0.023952095808383235,0,100,0.3,11
34,0.031936127744510975,0,100,0.3,11
35,0.006603230017613374,1,100,0.3,11
36,0.002633847319891188,3,100,0.3,11
37,0.013347639128568043,0,100,0.3,11
38,0.00559258601634086,1,100,0.3,11
39,0.017991877270195883,0,100,0.3,11
40,0.011996547733872556,0,100,0.3,11
41,0.006352485129410727,1,100,0.3,11
42,0.004760803165215112,1,100,0.3,11
43,0.006869568790280743,1,100,0.3,11
44,0.02594810379241517,0,100,0.3,11
45,0.041916167664670656,0,100,0.3,11
46,0.0499001996007984,0,100,0.3,11
0,0.021956087824351298,0,100,0.3,12
1,0.029940119760479042,0,100,0.3,12
2,0.043912175648702596,0,100,0.3,12
3,0.06187624750499002,0,100,0.3,12
4,0.015103602702538788,0,100,0.3,12
5,0.016820750034330107,0,100,0.3,12
6,0.0064541557958074204,1,100,0.3,12
7,0.0029373229011467753,1,100,0.3,12
8,0.003473402724001335,1,100,0.3,12
9,0.017100237550981223,0,100,0.3,12
10,0.01713438318657472,0,100,0.3,12
11,0.03792415169660679,0,100,0.3,12
12,0.08582834331337326,0,100,0.3,12
13,0.08582834331337326,0,100,0.3,12
14,0.0718562874251497,0,100,0.3,12
15,0.021956087824351298,0,100,0.3,12
16,0.00351536349482312,1,100,0.3,12
17,0.009854257531387411,1,100,0.3,12
18,0.01456695016190125,0,100,0.3,12
19,0.0029508429716495407,1,100,0.3,12
20,0.006571755422360322,2,100,0.3,12
21,0.006360151011879734,1,100,0.3,12
22,0.03792415169660679,0,100,0.3,12
23,0.01711320845437492,0,100,0.3,12
24,0.023952095808383235,0,100,0.3,12
25,0.01520441419878691,0,100,0.3,12
26,0.031936127744510975,0,100,0.3,12
27,0.013074522123855832,0,100,0.3,12
28,0.03992015968063872,0,100,0.3,12
29,0.007751807598428841,1,100,0.3,12
30,0.005192004020928564,2,100,0.3,12
31,0.014716148319231598,0,100,0.3,12
32,0.019906071036381152,0,100,0.3,12
33,0.010923645306314293,0,100,0.3,12
34,0.006645464493049665,1,100,0.3,12
35,0.016620332980470647,0,100,0.3,12
36,0.03992015968063872,0,100,0.3,12
37,0.05389221556886228,0,100,0.3,12
38,0.03792415169660679,0,100,0.3,12
39,0.029940119760479042,0,100,0.3,12
40,0.04590818363273453,0,100,0.3,12
41,0.027944111776447105,0,100,0.3,12
42,0.020867765063299418,0,100,0.3,12
43,0.02594810379241517,0,100,0.3,12
44,0.02594810379241517,0,100,0.3,12
45,0.05189620758483034,0,100,0.3,12
46,0.009742225117125157,1,100,0.3,12
0,0.1497005988023952,0,100,0.3,13
1,0.11776447105788423,0,100,0.3,13
2,0.06387225548902195,0,100,0.3,13
3,0.023952095808383235,0,100,0.3,13
4,0.033932135728542916,0,100,0.3,13
5,0.06387225548902195,0,100,0.3,13
6,0.1596806387225549,0,100,0.3,13
7,0.1377245508982036,0,100,0.3,13
8,0.24151696606786427,0,100,0.3,13
9,0.1317365269461078,0,100,0.3,13
10,0.0998003992015968,0,100,0.3,13
11,0.043912175648702596,0,100,0.3,13
12,0.12974051896207583,0,100,0.3,13
13,0.20958083832335328,0,100,0.3,13
14,0.17764471057884232,0,100,0.3,13
15,0.03992015968063872,0,100,0.3,13
16,0.03992015968063872,0,100,0.3,13
17,0.011866885308237544,0,100,0.3,13
18,0.005828777210222339,2,100,0.3,13
19,0.05788423153692615,0,100,0.3,13
20,0.07984031936127745,0,100,0.3,13
21,0.09181636726546906,0,100,0.3,13
22,0.021246053939369826,0,100,0.3,13
23,0.009308404152359109,1,100,0.3,13
24,0.027944111776447105,0,100,0.3,13
25,0.01336195368870665,0,100,0.3,13
26,0.043912175648702596,0,100,0.3,13
27,0.029940119760479042,0,100,0.3,13
28,0.029940119760479042,0,100,0.3,13
29,0.0073222653405319894,1,100,0.3,13
30,0.011960556332388276,0,100,0.3,13
31,0.043912175648702596,0,100,0.3,13
32,0.018009622203674438,0,100,0.3,13
33,0.03592814371257485,0,100,0.3,13
34,0.03792415169660679,0,100,0.3,13
35,0.05588822355289421,0,100,0.3,13
36,0.06986027944111776,0,100,0.3,13
37,0.02594810379241517,0,100,0.3,13
38,0.023952095808383235,0,100,0.3,13
39,0.06387225548902195,0,100,0.3,13
40,0.10778443113772455,0,100,0.3,13
41,0.1217564870259481,0,100,0.3,13
42,0.05389221556886228,0,100,0.3,13
43,0.008528541428359362,1,100,0.3,13
44,0.005341951991756706,1,100,0.3,13
45,0.013063722189303692,0,100,0.3,13
46,0.029940119760479042,0,100,0.3,13
0,0.004256310743184048,2,100,0.3,14
1,0.006194361981920372,2,100,0.3,14
2,0.02266396458706588,0,100,0.3,14
3,0.0499001996007984,0,100,0.3,14
4,0.033932135728542916,0,100,0.3,14
5,0.0718562874251497,0,100,0.3,14
6,0.031936127744510975,0,100,0.3,14
7,0.031936127744510975,0,100,0.3,14
8,0.023952095808383235,0,100,0.3,14
9,0.031936127744510975,0,100,0.3,14
10,0.013264461459720123,0,100,0.3,14
11,0.04590818363273453,0,100,0.3,14
12,0.06986027944111776,0,100,0.3,14
13,0.05389221556886228,0,100,0.3,14
14,0.03792415169660679,0,100,0.3,14
15,0.012340048884410185,0,100,0.3,14
16,0.01537696410814072,0,100,0.3,14
17,0.01405157210776188,0,100,0.3,14
18,0.003733347725880751,1,100,0.3,14
19,0.014626683905763375,0,100,0.3,14
20,0.01886453124910281,0,100,0.3,14
21,0.011112838715172768,0,100,0.3,14
22,0.01793348603102229,0,100,0.3,14
23,0.009362504164694864,1,100,0.3,14
24,0.015602462589648192,0,100,0.3,14
25,0.014607140823868024,0,100,0.3,14
26,0.02594810379241517,0,100,0.3,14
27,0.010686455618149477,0,100,0.3,14
28,0.004937643294731433,2,100,0.3,14
29,0.005979711551763782,1,100,0.3,14
30,0.011933918360595841,0,100,0.3,14
31,0.00442019000781535,2,100,0.3,14
32,0.00560829516677635,2,100,0.3,14
33,0.002059276071636839,5,100,0.3,14
34,0.001578120953446639,5,100,0.3,14
35,0.005192152439453946,6,100,0.3,14
36,0.006034940298141482,1,100,0.3,14
37,0.033932135728542916,0,100,0.3,14
38,0.043912175648702596,0,100,0.3,14
39,0.027944111776447105,0,100,0.3,14
40,0.008368427710021793,1,100,0.3,14
41,0.0088013899923783,1,100,0.3,14
42,0.007652525044200074,2,100,0.3,14
43,0.009853123042247097,1,100,0.3,14
44,0.012006611115520004,0,100,0.3,14
45,0.01891673826437782,0,100,0.3,14
46,0.012287958780419437,0,100,0.3,14
0,0.011154252953503585,0,100,0.3,15
1,0.0011382500579815906,2,100,0.3,15
2,0.0036488617994823048,2,100,0.3,15
3,0.0718562874251497,0,100,0.3,15
4,0.0658682634730539,0,100,0.3,15
5,0.09381237524950099,0,100,0.3,15
6,0.0658682634730539,0,100,0.3,15
7,0.03792415169660679,0,100,0.3,15
8,0.03792415169660679,0,100,0.3,15
9,0.06387225548902195,0,100,0.3,15
10,0.03992015968063872,0,100,0.3,15
11,0.01338418264676824,0,100,0.3,15
12,0.00095746695131271,1,100,0.3,15
13,0.00014985694349316914,1,100,0.3,15
14,0.00035844469115013606,1,100,0.3,15
15,0.0032219680980321627,1,100,0.3,15
16,0.009052238485597138,1,100,0.3,15
17,0.043912175648702596,0,100,0.3,15
18,0.010865681244017688,0,100,0.3,15
19,0.029940119760479042,0,100,0.3,15
20,0.17764471057884232,0,100,0.3,15
21,0.13572854291417166,0,100,0.3,15
22,0.07784431137724551,0,100,0.3,15
23,0.06986027944111776,0,100,0.3,15
24,0.1157684630738523,0,100,0.3,15
25,0.20958083832335328,0,100,0.3,15
26,0.12574850299401197,0,100,0.3,15
27,0.17964071856287425,0,100,0.3,15
28,0.05389221556886228,0,100,0.3,15
29,0.015516468493755068,0,100,0.3,15
30,0.029940119760479042,0,100,0.3,15
31,0.01443153515479612,0,100,0.3,15
32,0.02594810379241517,0,100,0.3,15
33,0.16966067864271456,0,100,0.3,15
34,0.10778443113772455,0,100,0.3,15
35,0.1157684630738523,0,100,0.3,15
36,0.06187624750499002,0,100,0.3,15
37,0.1157684630738523,0,100,0.3,15
38,0.14770459081836326,0,100,0.3,15
39,0.13373253493013973,0,100,0.3,15
40,0.18163672654690619,0,100,0.3,15
41,0.11776447105788423,0,100,0.3,15
42,0.10179640718562874,0,100,0.3,15
43,0.05588822355289421,0,100,0.3,15
44,0.03792415169660679,0,100,0.3,15
45,0.027944111776447105,0,100,0.3,15
46,0.021956087824351298,0,100,0.3,15
0,0.24550898203592814,0,100,0.3,16
1,0.08582834331337326,0,100,0.3,16
2,0.10578842315369262,0,100,0.3,16
3,0.06187624750499002,0,100,0.3,16
4,0.013557913608067858,0,100,0.3,16
5,0.03592814371257485,0,100,0.3,16
6,0.04790419161676647,0,100,0.3,16
7,0.09780439121756487,0,100,0.3,16
8,0.14770459081836326,0,100,0.3,16
9,0.08383233532934131,0,100,0.3,16
10,0.0718562874251497,0,100,0.3,16
11,0.043912175648702596,0,100,0.3,16
12,0.11377245508982035,0,100,0.3,16
13,0.11177644710578842,0,100,0.3,16
14,0.04590818363273453,0,100,0.3,16
15,0.01645746744502575,0,100,0.3,16
16,0.012953106084249606,0,100,0.3,16
17,0.017142324510607317,0,100,0.3,16
18,0.02363911301348119,0,100,0.3,16
19,0.04790419161676647,0,100,0.3,16
20,0.05389221556886228,0,100,0.3,16
21,0.03792415169660679,0,100,0.3,16
22,0.013594382302583334,0,100,0.3,16
23,0.008883437323680679,1,100,0.3,16
24,0.17764471057884232,0,100,0.3,16
25,0.03992015968063872,0,100,0.3,16
26,0.00812340308877411,1,100,0.3,16
27,0.003695647580636475,1,100,0.3,16
28,0.011068113221104636,0,100,0.3,16
29,0.011726080804816998,0,100,0.3,16
30,0.0147553721518146,0,100,0.3,16
31,0.011683601600913293,0,100,0.3,16
32,0.009738012243510827,1,100,0.3,16
33,0.023952095808383235,0,100,0.3,16
34,0.03992015968063872,0,100,0.3,16
35,0.041916167664670656,0,100,0.3,16
36,0.03592814371257485,0,100,0.3,16
37,0.0125672067246657,0,100,0.3,16
38,0.010023652892333,0,100,0.3,16
39,0.011686823280507496,0,100,0.3,16
40,0.043912175648702596,0,100,0.3,16
41,0.09780439121756487,0,100,0.3,16
42,0.05389221556886228,0,100,0.3,16
43,0.021956087824351298,0,100,0.3,16
44,0.021956087824351298,0,100,0.3,16
45,0.03992015968063872,0,100,0.3,16
46,0.043912175648702596,0,100,0.3,16
0,0.004451177327412909,2,100,0.3,17
1,0.0022497334632631356,2,100,0.3,17
2,0.000210302391761519,2,100,0.3,17
3,6.585541045324557e-05,2,100,0.3,17
4,0.0001950294600378428,2,100,0.3,17
5,0.0002337918636768634,4,100,0.3,17
6,2.555435842039013e-05,11,100,0.3,17
7,3.371562201247887e-05,9,100,0.3,17
8,6.789714721688012e-06,9,100,0.3,17
9,7.679382571022642e-06,8,100,0.3,17
10,3.228346579602301e-06,8,100,0.3,17
11,3.4221277462372275e-06,8,100,0.3,17
12,3.24893885172684e-06,7,100,0.3,17
13,1.2227762679716077e-05,3,100,0.3,17
14,8.633089705015938e-06,3,100,0.3,17
15,0.00022988644966986344,3,100,0.3,17
16,0.0009652392942670921,3,100,0.3,17
17,0.0020571852943994605,3,100,0.3,17
18,0.0010126243706244473,5,100,0.3,17
19,0.000532600433034572,2,100,0.3,17
20,0.0011495102699671876,2,100,0.3,17
21,0.0007682867406565223,1,100,0.3,17
22,0.0003126744401208425,3,100,0.3,17
23,0.0009852386651048092,3,100,0.3,17
24,0.000582091174273032,2,100,0.3,17
25,7.342055850159303e-05,4,100,0.3,17
26,2.1173222024903188e-05,2,100,0.3,17
27,6.216663091193041e-06,3,100,0.3,17
28,2.6036783588377892e-05,9,100,0.3,17
29,7.98129338174307e-05,7,100,0.3,17
30,0.0001882464730410447,7,100,0.3,17
31,3.060046051238319e-05,3,100,0.3,17
32,7.042008293139949e-06,4,100,0.3,17
33,1.5081678267052843e-06,12,100,0.3,17
34,1.0820248007631006e-05,9,100,0.3,17
35,0.00033021746137634056,7,100,0.3,17
36,0.003354301172794041,3,100,0.3,17
37,0.00030600359449769695,4,100,0.3,17
38,0.00017537791672068333,6,100,0.3,17
39,8.524004225657113e-05,13,100,0.3,17
40,0.00011557954937724756,15,100,0.3,17
41,0.0004679182636256553,10,100,0.3,17
42,0.001919943581240124,8,100,0.3,17
43,0.001528455745614627,7,100,0.3,17
44,0.0009451360530634751,11,100,0.3,17
45,0.00012978701603198541,18,100,0.3,17
46,0.0005195545501198159,10,100,0.3,17
0,0.010063128520020585,0,100,0.3,18
1,0.004267660079972902,1,100,0.3,18
2,0.013530794041418643,0,100,0.3,18
3,0.06986027944111776,0,100,0.3,18
4,0.1217564870259481,0,100,0.3,18
5,0.11776447105788423,0,100,0.3,18
6,0.059880239520958084,0,100,0.3,18
7,0.011640442915293021,0,100,0.3,18
8,0.01241198665825486,0,100,0.3,18
9,0.016593482346484716,0,100,0.3,18
10,0.010582695002938146,0,100,0.3,18
11,0.043912175648702596,0,100,0.3,18
12,0.007486579185483637,2,100,0.3,18
13,0.008622695518926932,1,100,0.3,18
14,0.029940119760479042,0,100,0.3,18
15,0.0098309433897718,1,100,0.3,18
16,0.008991091726619594,1,100,0.3,18
17,0.006947847056901536,1,100,0.3,18
18,0.011952383095993889,0,100,0.3,18
19,0.01818616903313294,0,100,0.3,18
20,0.03792415169660679,0,100,0.3,18
21,0.05788423153692615,0,100,0.3,18
22,0.05189620758483034,0,100,0.3,18
23,0.012106989074149185,0,100,0.3,18
24,0.01462448345825082,0,100,0.3,18
25,0.00965574366541715,2,100,0.3,18
26,0.01183963733438504,0,100,0.3,18
27,0.02594810379241517,0,100,0.3,18
28,0.021956087824351298,0,100,0.3,18
29,0.05189620758483034,0,100,0.3,18
30,0.0718562874251497,0,100,0.3,18
31,0.11976047904191617,0,100,0.3,18
32,0.06986027944111776,0,100,0.3,18
33,0.031936127744510975,0,100,0.3,18
34,0.02594810379241517,0,100,0.3,18
35,0.012647371982632686,0,100,0.3,18
36,0.029940119760479042,0,100,0.3,18
37,0.03592814371257485,0,100,0.3,18
38,0.05189620758483034,0,100,0.3,18
39,0.06786427145708583,0,100,0.3,18
40,0.023952095808383235,0,100,0.3,18
41,0.00538543100118496,1,100,0.3,18
42,0.003427477211730249,1,100,0.3,18
43,0.013256606106674985,0,100,0.3,18
44,0.0054088785485714,1,100,0.3,18
45,0.043912175648702596,0,100,0.3,18
46,0.016391038427159537,0,100,0.3,18
0,0.023952095808383235,0,100,0.3,19
1,0.029940119760479042,0,100,0.3,19
2,0.03792415169660679,0,100,0.3,19
3,0.008207482205720913,1,100,0.3,19
4,0.0026798934674623544,1,100,0.3,19
5,0.0026143427832359435,1,100,0.3,19
6,0.0016861352289828755,2,100,0.3,19
7,0.00533688693788899,2,100,0.3,19
8,0.0011879474653491004,1,100,0.3,19
9,0.0007755718371501591,1,100,0.3,19
10,0.002461996354968395,1,100,0.3,19
11,0.014556707891522927,0,100,0.3,19
12,0.014918701706052268,0,100,0.3,19
13,0.04590818363273453,0,100,0.3,19
14,0.01645433293380767,0,100,0.3,19
15,0.01585954722682749,0,100,0.3,19
16,0.010115604808267923,0,100,0.3,19
17,0.007121427472786436,2,100,0.3,19
18,0.00491580407915376,7,100,0.3,19
19,0.007189067323616684,3,100,0.3,19
20,0.002106417713126443,2,100,0.3,19
21,0.0032197806104303744,1,100,0.3,19
22,0.0048748252348517086,1,100,0.3,19
23,0.006626377344347479,2,100,0.3,19
24,0.031936127744510975,0,100,0.3,19
25,0.0718562874251497,0,100,0.3,19
26,0.059880239520958084,0,100,0.3,19
27,0.05788423153692615,0,100,0.3,19
28,0.0718562874251497,0,100,0.3,19
29,0.03592814371257485,0,100,0.3,19
30,0.004738598663191966,1,100,0.3,19
31,0.004416002589095306,1,100,0.3,19
32,0.0055955371230957405,1,100,0.3,19
33,0.002342850405178105,1,100,0.3,19
34,0.0026042242599347595,5,100,0.3,19
35,0.005242052471472489,2,100,0.3,19
36,0.011405879735665859,0,100,0.3,19
37,0.009488734161213876,1,100,0.3,19
38,0.014929777673717665,0,100,0.3,19
39,0.03992015968063872,0,100,0.3,19
40,0.06986027944111776,0,100,0.3,19
41,0.05389221556886228,0,100,0.3,19
42,0.05189620758483034,0,100,0.3,19
43,0.010263066978782447,0,100,0.3,19
44,0.020444197782787252,0,100,0.3,19
45,0.0499001996007984,0,100,0.3,19
46,0.01135514064301173,0,100,0.3,19
0,0.006255143957937123,2,100,0.3,20
1,0.00033911347706584044,10,100,0.3,20
2,0.0008962083527850574,6,100,0.3,20
3,0.0013151135639606565,7,100,0.3,20
4,4.1307216097688486e-05,12,100,0.3,20
5,1.830415911799511e-05,12,100,0.3,20
6,2.8408430918693794e-05,10,100,0.3,20
7,0.001300732746443549,3,100,0.3,20
8,0.008711852118307897,2,100,0.3,20
9,0.008536615767517085,2,100,0.3,20
10,0.0023023964870361718,8,100,0.3,20
11,0.0006888167004191212,8,100,0.3,20
12,1.6756098958348142e-05,9,100,0.3,20
13,8.857237614059618e-06,8,100,0.3,20
14,4.29398675362409e-05,8,100,0.3,20
15,0.00011511727884532414,9,100,0.3,20
16,0.00021180399069677482,5,100,0.3,20
17,7.290633030214188e-05,8,100,0.3,20
18,6.5155604553918e-05,6,100,0.3,20
19,2.0599852199150115e-05,8,100,0.3,20
20,3.6931621145807157e-06,11,100,0.3,20
21,3.887502695046403e-07,9,100,0.3,20
22,9.154001841876546e-07,14,100,0.3,20
23,3.433425306401825e-05,5,100,0.3,20
24,0.0031617568020732693,3,100,0.3,20
25,0.0012158719333555544,4,100,0.3,20
26,0.00019438571518734402,6,100,0.3,20
27,1.9742777512427734e-05,10,100,0.3,20
28,9.126586761104956e-06,13,100,0.3,20
29,8.748729139579913e-07,16,100,0.3,20
30,6.380540424471833e-08,18,100,0.3,20
31,1.4163081889244191e-07,17,100,0.3,20
32,1.5692765681824065e-06,18,100,0.3,20
33,6.256794774995001e-05,14,100,0.3,20
34,4.991024770170409e-06,17,100,0.3,20
35,2.78075964288448e-06,20,100,0.3,20
36,2.772246383994773e-06,20,100,0.3,20
37,6.893564024331685e-06,11,100,0.3,20
38,5.72250178907721e-05,5,100,0.3,20
39,4.87390217662301e-05,6,100,0.3,20
40,5.697133664232348e-05,6,100,0.3,20
41,2.806965566169208e-05,4,100,0.3,20
42,0.00015058577981260138,6,100,0.3,20
43,0.00015043516298459477,8,100,0.3,20
44,0.00016012199875148697,10,100,0.3,20
45,3.8421662756082494e-05,13,100,0.3,20
46,0.00014581573463485416,13,100,0.3,20
0,0.0012631015186144335,2,100,0.3,21
1,0.0006805336743721752,4,100,0.3,21
2,0.0017956828748438678,4,100,0.3,21
3,0.0006164441517637161,6,100,0.3,21
4,5.42900250790304e-05,13,100,0.3,21
5,0.00022221346697060088,10,100,0.3,21
6,0.001102575169243971,10,100,0.3,21
7,0.001142307375996031,2,100,0.3,21
8,0.008557633704567285,1,100,0.3,21
9,0.010646540384246525,0,100,0.3,21
10,0.0027039541133295295,1,100,0.3,21
11,0.004536723074754873,3,100,0.3,21
12,0.0023958374982247237,2,100,0.3,21
13,0.0017248895991791244,3,100,0.3,21
14,0.0009862911976692365,8,100,0.3,21
15,0.0007897305231543922,12,100,0.3,21
16,0.00023912288611983585,11,100,0.3,21
17,7.893431379165736e-05,16,100,0.3,21
18,5.359410894083828e-05,18,100,0.3,21
19,8.931744250578054e-05,20,100,0.3,21
20,0.0003982016585039859,8,100,0.3,21
21,0.001856942418379177,2,100,0.3,21
22,0.002232764219962808,2,100,0.3,21
23,0.004344025464597852,2,100,0.3,21
24,0.001998419215748781,2,100,0.3,21
25,0.0015961750275571363,4,100,0.3,21
26,0.00023797985525730425,4,100,0.3,21
27,0.0004761157746506083,3,100,0.3,21
28,0.0004660437611369618,4,100,0.3,21
29,0.0016572065118414222,4,100,0.3,21
30,0.0039903790190840656,2,100,0.3,21
31,0.023952095808383235,0,100,0.3,21
32,0.011049360638342266,0,100,0.3,21
33,0.01040298363568963,0,100,0.3,21
34,0.023952095808383235,0,100,0.3,21
35,0.029940119760479042,0,100,0.3,21
36,0.023952095808383235,0,100,0.3,21
37,0.021956087824351298,0,100,0.3,21
38,0.0029028491518728774,3,100,0.3,21
39,0.0024858563808819313,8,100,0.3,21
40,0.0025110708957500915,3,100,0.3,21
41,0.008076700630631994,1,100,0.3,21
42,0.006884667581892008,1,100,0.3,21
43,0.013504490900229184,0,100,0.3,21
44,0.004201006868207026,1,100,0.3,21
45,0.023952095808383235,0,100,0.3,21
46,0.009303971971902704,1,100,0.3,21
0,0.059880239520958084,0,100,0.3,22
1,0.014932186428496806,0,100,0.3,22
2,0.014238985872777499,0,100,0.3,22
3,0.06786427145708583,0,100,0.3,22
4,0.0718562874251497,0,100,0.3,22
5,0.02594810379241517,0,100,0.3,22
6,0.012334603604993253,0,100,0.3,22
7,0.002415658074652393,1,100,0.3,22
8,0.0029645810284069938,1,100,0.3,22
9,0.029940119760479042,0,100,0.3,22
10,0.029940119760479042,0,100,0.3,22
11,0.029940119760479042,0,100,0.3,22
12,0.009475850020681652,1,100,0.3,22
13,0.006680560193229873,1,100,0.3,22
14,0.00805777347169497,1,100,0.3,22
15,0.00884626351898622,1,100,0.3,22
16,0.00806994714945471,1,100,0.3,22
17,0.012448209333237656,0,100,0.3,22
18,0.002887134408169583,1,100,0.3,22
19,0.00019292716148746453,2,100,0.3,22
20,0.0003081436002135139,2,100,0.3,22
21,0.0016781778810951633,1,100,0.3,22
22,0.0026255649449366744,1,100,0.3,22
23,0.008863373361559854,1,100,0.3,22
24,0.023952095808383235,0,100,0.3,22
25,0.002573681982321441,1,100,0.3,22
26,0.005330282407588932,1,100,0.3,22
27,0.010090381623368283,0,100,0.3,22
28,0.0012254612336908078,1,100,0.3,22
29,0.0029701464172454993,2,100,0.3,22
30,0.0009186833479222601,2,100,0.3,22
31,0.0010616990555742133,2,100,0.3,22
32,0.021956087824351298,0,100,0.3,22
33,0.031936127744510975,0,100,0.3,22
34,0.10179640718562874,0,100,0.3,22
35,0.015150969622635641,0,100,0.3,22
36,0.008010911645500742,3,100,0.3,22
37,0.0038537858832665,2,100,0.3,22
38,0.0036421349793924664,2,100,0.3,22
39,0.0067119950921315065,1,100,0.3,22
40,0.01206185745315497,0,100,0.3,22
41,0.00632323518869577,1,100,0.3,22
42,0.0007939048366166645,2,100,0.3,22
43,0.003525423125745941,1,100,0.3,22
44,0.023952095808383235,0,100,0.3,22
45,0.0021649902778062852,1,100,0.3,22
46,0.0024838946010713116,2,100,0.3,22
0,0.0018895331474049705,2,100,0.3,23
1,0.006587804403979857,1,100,0.3,23
2,0.00951281977485894,1,100,0.3,23
3,0.00994487655240891,1,100,0.3,23
4,0.008182561503461656,1,100,0.3,23
5,0.009965744562832377,1,100,0.3,23
6,0.016108271795256198,0,100,0.3,23
7,0.09580838323353294,0,100,0.3,23
8,0.04790419161676647,0,100,0.3,23
9,0.023952095808383235,0,100,0.3,23
10,0.021956087824351298,0,100,0.3,23
11,0.013155748362940653,0,100,0.3,23
12,0.008903831640876072,1,100,0.3,23
13,0.009474072567297185,1,100,0.3,23
14,0.00807703956075837,1,100,0.3,23
15,0.014916690869043235,0,100,0.3,23
16,0.018160140249951575,0,100,0.3,23
17,0.010138982291676965,0,100,0.3,23
18,0.005029210122286211,1,100,0.3,23
19,0.005957303196838141,3,100,0.3,23
20,0.007852257951074726,1,100,0.3,23
21,0.015400551576291192,0,100,0.3,23
22,0.01635546865199037,0,100,0.3,23
23,0.018904546810807228,0,100,0.3,23
24,0.01776842260340971,0,100,0.3,23
25,0.029940119760479042,0,100,0.3,23
26,0.05588822355289421,0,100,0.3,23
27,0.007174359042452934,2,100,0.3,23
28,0.012016998272813632,0,100,0.3,23
29,0.009246734956642896,1,100,0.3,23
30,0.011710272213434382,0,100,0.3,23
31,0.0062177030526483195,1,100,0.3,23
32,0.00815980445426864,1,100,0.3,23
33,0.010129127165749333,0,100,0.3,23
34,0.016517792767152685,0,100,0.3,23
35,0.01590851659593203,0,100,0.3,23
36,0.010239698393398899,0,100,0.3,23
37,0.005844115691478483,2,100,0.3,23
38,0.00412337625557575,3,100,0.3,23
39,0.002594343983885688,2,100,0.3,23
40,0.00449127508078307,1,100,0.3,23
41,0.0022562180415954735,1,100,0.3,23
42,0.00258976020494243,1,100,0.3,23
43,0.008622699817587998,1,100,0.3,23
44,0.008722674066685157,1,100,0.3,23
45,0.007479578848657108,2,100,0.3,23
46,0.009567681725719628,1,100,0.3,23
0,0.002478411584437096,1,100,0.3,24
1,0.00021830101683607838,16,100,0.3,24
2,0.00019949560161720392,18,100,0.3,24
3,3.9011677213266296e-05,23,100,0.3,24
4,0.00021596352931994414,16,100,0.3,24
5,0.0015127232056648158,10,100,0.3,24
6,0.0013526898811466509,7,100,0.3,24
7,0.00032107528941090506,9,100,0.3,24
8,0.0010270640732000515,13,100,0.3,24
9,0.0005762179655233655,13,100,0.3,24
10,0.00011493020998748572,13,100,0.3,24
11,0.00019443157475119836,9,100,0.3,24
12,0.0024369921201719265,5,100,0.3,24
13,0.0009965528866118878,4,100,0.3,24
14,0.0003977063880308421,9,100,0.3,24
15,0.0005500926368423408,11,100,0.3,24
16,0.000723233852550318,12,100,0.3,24
17,0.0005803407014217073,22,100,0.3,24
18,0.00012929890849802463,22,100,0.3,24
19,0.0003023985178862977,16,100,0.3,24
20,0.00040853295191049994,5,100,0.3,24
21,0.0019239540693920193,2,100,0.3,24
22,0.007748791452609077,2,100,0.3,24
23,0.0015724122508760886,3,100,0.3,24
24,0.000795526323858972,5,100,0.3,24
25,0.0008671008021899897,5,100,0.3,24
26,0.005298126908947027,4,100,0.3,24
27,0.00659273274898586,1,100,0.3,24
28,0.0016848826419221825,3,100,0.3,24
29,0.0018906846738993108,2,100,0.3,24
30,0.00043494884611542766,7,100,0.3,24
31,0.00033827914777818,6,100,0.3,24
32,0.00044812568031191526,5,100,0.3,24
33,0.0008989575713872242,5,100,0.3,24
34,0.00047354449914999527,6,100,0.3,24
35,0.000136677209233356,13,100,0.3,24
36,0.00020002702560521082,6,100,0.3,24
37,0.0002237503250151267,6,100,0.3,24
38,0.00044562754542047634,8,100,0.3,24
39,0.0020137372043222703,4,100,0.3,24
40,0.002795362272860439,6,100,0.3,24
41,0.0022755477122509394,3,100,0.3,24
42,0.0070643550218522175,1,100,0.3,24
43,0.004665936082389999,3,100,0.3,24
44,0.0015664698546038185,8,100,0.3,24
45,0.00043753905789199174,15,100,0.3,24
46,0.0001272445852911312,28,100,0.3,24
0,0.14570858283433133,0,100,0.3,25
1,0.06786427145708583,0,100,0.3,25
2,0.017975056431018523,0,100,0.3,25
3,0.019683190031400653,0,100,0.3,25
4,0.016600503017842515,0,100,0.3,25
5,0.007696156825936872,1,100,0.3,25
6,0.0032484858832947886,1,100,0.3,25
7,0.0047391959455087805,1,100,0.3,25
8,0.01200674578935764,0,100,0.3,25
9,0.023952095808383235,0,100,0.3,25
10,0.11776447105788423,0,100,0.3,25
11,0.05389221556886228,0,100,0.3,25
12,0.059880239520958084,0,100,0.3,25
13,0.07385229540918163,0,100,0.3,25
14,0.1217564870259481,0,100,0.3,25
15,0.020923255134921784,0,100,0.3,25
16,0.02078413185710035,0,100,0.3,25
17,0.021956087824351298,0,100,0.3,25
18,0.012626618822140522,0,100,0.3,25
19,0.011949947708920097,0,100,0.3,25
20,0.009723310942723828,1,100,0.3,25
21,0.023952095808383235,0,100,0.3,25
22,0.009573509550517497,1,100,0.3,25
23,0.023952095808383235,0,100,0.3,25
24,0.05588822355289421,0,100,0.3,25
25,0.08982035928143713,0,100,0.3,25
26,0.13972055888223553,0,100,0.3,25
27,0.05389221556886228,0,100,0.3,25
28,0.13373253493013973,0,100,0.3,25
29,0.023952095808383235,0,100,0.3,25
30,0.023952095808383235,0,100,0.3,25
31,0.06187624750499002,0,100,0.3,25
32,0.07784431137724551,0,100,0.3,25
33,0.11776447105788423,0,100,0.3,25
34,0.16367265469061876,0,100,0.3,25
35,0.06786427145708583,0,100,0.3,25
36,0.021956087824351298,0,100,0.3,25
37,0.009836518393639226,1,100,0.3,25
38,0.03992015968063872,0,100,0.3,25
39,0.05389221556886228,0,100,0.3,25
40,0.04590818363273453,0,100,0.3,25
41,0.043912175648702596,0,100,0.3,25
42,0.08183632734530938,0,100,0.3,25
43,0.08183632734530938,0,100,0.3,25
44,0.03992015968063872,0,100,0.3,25
45,0.03792415169660679,0,100,0.3,25
46,0.020230800850969077,0,100,0.3,25
0,0.004631721100288807,1,100,0.3,26
1,0.012102369594765279,0,100,0.3,26
2,0.0035137449124891607,4,100,0.3,26
3,0.006283048500290283,1,100,0.3,26
4,0.011896827782045807,0,100,0.3,26
5,0.009296107647070067,1,100,0.3,26
6,0.015016549697629632,0,100,0.3,26
7,0.043912175648702596,0,100,0.3,26
8,0.029940119760479042,0,100,0.3,26
9,0.019566550091687368,0,100,0.3,26
10,0.04790419161676647,0,100,0.3,26
11,0.10179640718562874,0,100,0.3,26
12,0.033932135728542916,0,100,0.3,26
13,0.0499001996007984,0,100,0.3,26
14,0.05189620758483034,0,100,0.3,26
15,0.029940119760479042,0,100,0.3,26
16,0.03792415169660679,0,100,0.3,26
17,0.018579256175159684,0,100,0.3,26
18,0.014391920228571276,0,100,0.3,26
19,0.010748841614864875,0,100,0.3,26
20,0.010691495865529387,0,100,0.3,26
21,0.0058233682840051326,1,100,0.3,26
22,0.010830622316951881,0,100,0.3,26
23,0.014536690322766839,0,100,0.3,26
24,0.007375149759523141,1,100,0.3,26
25,0.007140862003059927,1,100,0.3,26
26,0.005517223212733652,1,100,0.3,26
27,0.005374860814461532,1,100,0.3,26
28,0.018622576714551278,0,100,0.3,26
29,0.03592814371257485,0,100,0.3,26
30,0.03592814371257485,0,100,0.3,26
31,0.041916167664670656,0,100,0.3,26
32,0.029940119760479042,0,100,0.3,26
33,0.02594810379241517,0,100,0.3,26
34,0.03792415169660679,0,100,0.3,26
35,0.016259059246191074,0,100,0.3,26
36,0.014665168203998795,0,100,0.3,26
37,0.005818257788261602,1,100,0.3,26
38,0.012831213609095999,0,100,0.3,26
39,0.005220887760816325,3,100,0.3,26
40,0.0035129610967965714,4,100,0.3,26
41,0.013339747400354492,0,100,0.3,26
42,0.004287446785371559,1,100,0.3,26
43,0.005591631733980744,1,100,0.3,26
44,0.005323054717184051,1,100,0.3,26
45,0.006297726102691738,1,100,0.3,26
46,0.007595657591225386,1,100,0.3,26
0,0.004896227573322313,2,100,0.3,27
1,0.0033811392114140755,1,100,0.3,27
2,0.00410018964504347,1,100,0.3,27
3,0.0049862694788320935,2,100,0.3,27
4,0.001412698907058311,5,100,0.3,27
5,0.0006520891712231462,8,100,0.3,27
6,0.0001485109620867373,5,100,0.3,27
7,0.00011325834583212636,5,100,0.3,27
8,0.00011946883545218847,3,100,0.3,27
9,1.4495412193477824e-05,4,100,0.3,27
10,1.2097154334754218e-05,2,100,0.3,27
11,2.8898259772594677e-05,2,100,0.3,27
12,0.0001769737007984923,1,100,0.3,27
13,0.0007061717764523703,1,100,0.3,27
14,0.001570041475412262,1,100,0.3,27
15,0.001342073236206328,1,100,0.3,27
16,0.0006486946370637855,1,100,0.3,27
17,0.0006657296443043401,7,100,0.3,27
18,0.0010882602356659936,7,100,0.3,27
19,0.002741324798340305,3,100,0.3,27
20,0.0029463721587715064,2,100,0.3,27
21,0.0032581110627654267,2,100,0.3,27
22,0.003684829069024521,3,100,0.3,27
23,0.005146694186433099,3,100,0.3,27
24,0.0013059918827614408,2,100,0.3,27
25,0.0019765787920990475,2,100,0.3,27
26,0.016289322819248175,0,100,0.3,27
27,0.008448875701481397,2,100,0.3,27
28,0.001717246871472092,2,100,0.3,27
29,0.0009351687711385781,2,100,0.3,27
30,0.00011504394422960927,4,100,0.3,27
31,0.0006103487731395575,3,100,0.3,27
32,0.00020520368570340925,4,100,0.3,27
33,0.0008284760310906284,3,100,0.3,27
34,0.00011360588819284462,5,100,0.3,27
35,0.00032318776992516915,3,100,0.3,27
36,0.0016933419997908223,2,100,0.3,27
37,0.0054802952147414395,3,100,0.3,27
38,0.0005132717087084739,2,100,0.3,27
39,0.00030496367902082465,3,100,0.3,27
40,0.00012012392943814465,6,100,0.3,27
41,0.0004528844362267795,8,100,0.3,27
42,0.0011533125805503464,2,100,0.3,27
43,0.006978769525028181,1,100,0.3,27
44,0.004774780930972028,1,100,0.3,27
45,0.000960849654890846,2,100,0.3,27
46,0.0004537982214783494,2,100,0.3,27
0,0.008437562654394574,1,100,0.3,28
1,0.0013643840717569077,2,100,0.3,28
2,0.0021256870030137323,1,100,0.3,28
3,0.0009372098451037821,1,100,0.3,28
4,0.0035128866484623374,1,100,0.3,28
5,0.0061404870979507135,1,100,0.3,28
6,0.002047322250237172,3,100,0.3,28
7,0.0015218400300464332,5,100,0.3,28
8,0.000658311155222801,9,100,0.3,28
9,0.0021065087863797885,2,100,0.3,28
10,0.008900984012264716,1,100,0.3,28
11,0.04790419161676647,0,100,0.3,28
12,0.017552280811936542,0,100,0.3,28
13,0.004368790462949248,1,100,0.3,28
14,0.007127819876167262,1,100,0.3,28
15,0.005521281516859433,1,100,0.3,28
16,0.0050849579622443564,2,100,0.3,28
17,0.011177861373045463,0,100,0.3,28
18,0.009987576742763562,1,100,0.3,28
19,0.008491344977699425,1,100,0.3,28
20,0.022853536042319673,0,100,0.3,28
21,0.006248040016905938,1,100,0.3,28
22,0.0027229427984362,2,100,0.3,28
23,0.007791724421182741,1,100,0.3,28
24,0.021956087824351298,0,100,0.3,28
25,0.021956087824351298,0,100,0.3,28
26,0.07584830339321358,0,100,0.3,28
27,0.03992015968063872,0,100,0.3,28
28,0.012186972776667313,0,100,0.3,28
29,0.004881301156407079,3,100,0.3,28
30,0.0008342272300190484,12,100,0.3,28
31,0.002913730730567157,7,100,0.3,28
32,0.0013613567728016122,4,100,0.3,28
33,0.0008750516618716237,2,100,0.3,28
34,0.0029621604286619143,1,100,0.3,28
35,0.010192041484039141,0,100,0.3,28
36,0.0146873733646841,0,100,0.3,28
37,0.041916167664670656,0,100,0.3,28
38,0.04590818363273453,0,100,0.3,28
39,0.03592814371257485,0,100,0.3,28
40,0.031936127744510975,0,100,0.3,28
41,0.023952095808383235,0,100,0.3,28
42,0.0032823150884731243,2,100,0.3,28
43,0.008569466135979469,1,100,0.3,28
44,0.008042632997081172,1,100,0.3,28
45,0.002047844125316811,8,100,0.3,28
46,0.0023571685229561625,5,100,0.3,28
0,0.0037438124437724,1,100,0.3,29
1,0.007531884597805462,1,100,0.3,29
2,0.007092224612684077,1,100,0.3,29
3,0.05389221556886228,0,100,0.3,29
4,0.04590818363273453,0,100,0.3,29
5,0.04590818363273453,0,100,0.3,29
6,0.033932135728542916,0,100,0.3,29
7,0.01718748562126275,0,100,0.3,29
8,0.008083564702189006,1,100,0.3,29
9,0.008730589893586027,1,100,0.3,29
10,0.011522767984551893,0,100,0.3,29
11,0.027944111776447105,0,100,0.3,29
12,0.03792415169660679,0,100,0.3,29
13,0.0998003992015968,0,100,0.3,29
14,0.21157684630738524,0,100,0.3,29
15,0.1996007984031936,0,100,0.3,29
16,0.249500998003992,0,100,0.3,29
17,0.09780439121756487,0,100,0.3,29
18,0.021956087824351298,0,100,0.3,29
19,0.005213032255981785,1,100,0.3,29
20,0.007660843376132195,1,100,0.3,29
21,0.008028279689577054,1,100,0.3,29
22,0.021956087824351298,0,100,0.3,29
23,0.005164596649701224,1,100,0.3,29
24,0.008947097976422614,1,100,0.3,29
25,0.03592814371257485,0,100,0.3,29
26,0.10778443113772455,0,100,0.3,29
27,0.12375249500998003,0,100,0.3,29
28,0.03992015968063872,0,100,0.3,29
29,0.005682012314879935,1,100,0.3,29
30,0.005621014574852111,1,100,0.3,29
31,0.03592814371257485,0,100,0.3,29
32,0.023952095808383235,0,100,0.3,29
33,0.043912175648702596,0,100,0.3,29
34,0.043912175648702596,0,100,0.3,29
35,0.033932135728542916,0,100,0.3,29
36,0.04590818363273453,0,100,0.3,29
37,0.17964071856287425,0,100,0.3,29
38,0.1437125748502994,0,100,0.3,29
39,0.14570858283433133,0,100,0.3,29
40,0.07385229540918163,0,100,0.3,29
41,0.05788423153692615,0,100,0.3,29
42,0.03592814371257485,0,100,0.3,29
43,0.04590818363273453,0,100,0.3,29
44,0.07784431137724551,0,100,0.3,29
45,0.04790419161676647,0,100,0.3,29
46,0.03592814371257485,0,100,0.3,29
0,0.013339671877697105,0,100,0.3,30
1,0.059880239520958084,0,100,0.3,30
2,0.11377245508982035,0,100,0.3,30
3,0.12574850299401197,0,100,0.3,30
4,0.0718562874251497,0,100,0.3,30
5,0.07784431137724551,0,100,0.3,30
6,0.021956087824351298,0,100,0.3,30
7,0.021956087824351298,0,100,0.3,30
8,0.03992015968063872,0,100,0.3,30
9,0.018329621536408828,0,100,0.3,30
10,0.01633486294067473,0,100,0.3,30
11,0.015609268457018386,0,100,0.3,30
12,0.03592814371257485,0,100,0.3,30
13,0.0998003992015968,0,100,0.3,30
14,0.18762475049900199,0,100,0.3,30
15,0.07984031936127745,0,100,0.3,30
16,0.01192006936136252,0,100,0.3,30
17,0.009875561043202509,1,100,0.3,30
18,0.03792415169660679,0,100,0.3,30
19,0.029940119760479042,0,100,0.3,30
20,0.03592814371257485,0,100,0.3,30
21,0.04790419161676647,0,100,0.3,30
22,0.017873718361353676,0,100,0.3,30
23,0.016992277547714246,0,100,0.3,30
24,0.021956087824351298,0,100,0.3,30
25,0.04790419161676647,0,100,0.3,30
26,0.09780439121756487,0,100,0.3,30
27,0.08982035928143713,0,100,0.3,30
28,0.01397099425207353,0,100,0.3,30
29,0.00829626425210382,1,100,0.3,30
30,0.043912175648702596,0,100,0.3,30
31,0.05788423153692615,0,100,0.3,30
32,0.027944111776447105,0,100,0.3,30
33,0.011505751106360615,0,100,0.3,30
34,0.06187624750499002,0,100,0.3,30
35,0.08982035928143713,0,100,0.3,30
36,0.05389221556886228,0,100,0.3,30
37,0.06387225548902195,0,100,0.3,30
38,0.05389221556886228,0,100,0.3,30
39,0.10578842315369262,0,100,0.3,30
40,0.07385229540918163,0,100,0.3,30
41,0.04790419161676647,0,100,0.3,30
42,0.07784431137724551,0,100,0.3,30
43,0.09181636726546906,0,100,0.3,30
44,0.04790419161676647,0,100,0.3,30
45,0.1277445109780439,0,100,0.3,30
46,0.18962075848303392,0,100,0.3,30
0,0.0015856921121554042,6,100,0.3,31
1,0.0013539774275295488,5,100,0.3,31
2,0.0004014924682736484,5,100,0.3,31
3,0.0004247862506131072,5,100,0.3,31
4,0.0020475606887985615,2,100,0.3,31
5,0.006704949454638696,2,100,0.3,31
6,0.019326619039747424,0,100,0.3,31
7,0.0499001996007984,0,100,0.3,31
8,0.03992015968063872,0,100,0.3,31
9,0.03992015968063872,0,100,0.3,31
10,0.013227122648051221,0,100,0.3,31
11,0.00935221072794467,1,100,0.3,31
12,0.01185601665671836,0,100,0.3,31
13,0.021956087824351298,0,100,0.3,31
14,0.015923471129127897,0,100,0.3,31
15,0.012723415516535217,0,100,0.3,31
16,0.021956087824351298,0,100,0.3,31
17,0.016176277214119916,0,100,0.3,31
18,0.031936127744510975,0,100,0.3,31
19,0.033932135728542916,0,100,0.3,31
20,0.033932135728542916,0,100,0.3,31
21,0.033932135728542916,0,100,0.3,31
22,0.004394898818800292,1,100,0.3,31
23,0.00589881912597225,1,100,0.3,31
24,0.013181956110026625,0,100,0.3,31
25,0.017169786270319325,0,100,0.3,31
26,0.0052681528635810555,1,100,0.3,31
27,0.00431415102234907,2,100,0.3,31
28,0.004388150135059113,1,100,0.3,31
29,0.012074053333216019,0,100,0.3,31
30,0.0030428983536513,1,100,0.3,31
31,0.0036174288227853717,2,100,0.3,31
32,0.0030658548761177077,3,100,0.3,31
33,0.0014805991814350085,4,100,0.3,31
34,0.0023089651218545083,5,100,0.3,31
35,0.003748351697663615,2,100,0.3,31
36,0.007662098892784431,1,100,0.3,31
37,0.007952165926308265,1,100,0.3,31
38,0.009928403715382948,1,100,0.3,31
39,0.04590818363273453,0,100,0.3,31
40,0.041916167664670656,0,100,0.3,31
41,0.02594810379241517,0,100,0.3,31
42,0.018066966844582918,0,100,0.3,31
43,0.0047812636217355355,3,100,0.3,31
44,0.00556212410164812,3,100,0.3,31
45,0.0020546880531253395,4,100,0.3,31
46,0.0014750409058972244,3,100,0.3,31
0,0.027944111776447105,0,100,0.3,32
1,0.012706531139200106,0,100,0.3,32
2,0.01787681865824115,0,100,0.3,32
3,0.02090001237394068,0,100,0.3,32
4,0.033932135728542916,0,100,0.3,32
5,0.06786427145708583,0,100,0.3,32
6,0.08782435129740519,0,100,0.3,32
7,0.15768463073852296,0,100,0.3,32
8,0.19760479041916168,0,100,0.3,32
9,0.019230733154374426,0,100,0.3,32
10,0.06986027944111776,0,100,0.3,32
11,0.08582834331337326,0,100,0.3,32
12,0.05389221556886228,0,100,0.3,32
13,0.06387225548902195,0,100,0.3,32
14,0.013301712263603306,0,100,0.3,32
15,0.033932135728542916,0,100,0.3,32
16,0.10179640718562874,0,100,0.3,32
17,0.023952095808383235,0,100,0.3,32
18,0.11177644710578842,0,100,0.3,32
19,0.031936127744510975,0,100,0.3,32
20,0.04590818363273453,0,100,0.3,32
21,0.018154498248774457,0,100,0.3,32
22,0.016251317304633556,0,100,0.3,32
23,0.023952095808383235,0,100,0.3,32
24,0.043912175648702596,0,100,0.3,32
25,0.027944111776447105,0,100,0.3,32
26,0.03792415169660679,0,100,0.3,32
27,0.033932135728542916,0,100,0.3,32
28,0.03792415169660679,0,100,0.3,32
29,0.013573490259248018,0,100,0.3,32
30,0.005149979688719462,1,100,0.3,32
31,0.012500791790945468,0,100,0.3,32
32,0.02024593615401105,0,100,0.3,32
33,0.003381898665335746,3,100,0.3,32
34,0.0035408632966940357,2,100,0.3,32
35,0.033932135728542916,0,100,0.3,32
36,0.033932135728542916,0,100,0.3,32
37,0.03592814371257485,0,100,0.3,32
38,0.06187624750499002,0,100,0.3,32
39,0.09780439121756487,0,100,0.3,32
40,0.11377245508982035,0,100,0.3,32
41,0.0658682634730539,0,100,0.3,32
42,0.03792415169660679,0,100,0.3,32
43,0.013153127827781014,0,100,0.3,32
44,0.023952095808383235,0,100,0.3,32
45,0.023952095808383235,0,100,0.3,32
46,0.04790419161676647,0,100,0.3,32
0,0.0016151642155210857,2,100,0.3,33
1,0.0014613725394580753,4,100,0.3,33
2,0.0028119771201574086,5,100,0.3,33
3,0.0028936122349388373,1,100,0.3,33
4,0.004406241993344456,1,100,0.3,33
5,0.0041639084278240765,1,100,0.3,33
6,0.012139382439948521,0,100,0.3,33
7,0.003896456855045942,1,100,0.3,33
8,0.001439953502358142,2,100,0.3,33
9,0.004807691776295993,1,100,0.3,33
10,0.012699847035971872,0,100,0.3,33
11,0.043912175648702596,0,100,0.3,33
12,0.029940119760479042,0,100,0.3,33
13,0.04590818363273453,0,100,0.3,33
14,0.021956087824351298,0,100,0.3,33
15,0.009806628289369821,1,100,0.3,33
16,0.0025138023508551985,1,100,0.3,33
17,0.0018245228886114044,3,100,0.3,33
18,0.001610876694699501,5,100,0.3,33
19,0.00033008462411742454,7,100,0.3,33
20,0.0009433268575975089,8,100,0.3,33
21,0.00046562962486951123,5,100,0.3,33
22,0.0018261613841565748,2,100,0.3,33
23,0.013487191326528758,0,100,0.3,33
24,0.041916167664670656,0,100,0.3,33
25,0.059880239520958084,0,100,0.3,33
26,0.0499001996007984,0,100,0.3,33
27,0.04590818363273453,0,100,0.3,33
28,0.031936127744510975,0,100,0.3,33
29,0.012243285469988277,0,100,0.3,33
30,0.010215156489669362,0,100,0.3,33
31,0.06187624750499002,0,100,0.3,33
32,0.0718562874251497,0,100,0.3,33
33,0.12375249500998003,0,100,0.3,33
34,0.04590818363273453,0,100,0.3,33
35,0.00802188609055819,1,100,0.3,33
36,0.0017974167286656185,2,100,0.3,33
37,0.0030472855522761266,1,100,0.3,33
38,0.0021317221538483576,1,100,0.3,33
39,0.0037006814034466332,1,100,0.3,33
40,0.008329495921587498,1,100,0.3,33
41,0.006562870005354507,2,100,0.3,33
42,0.0064637607099938925,1,100,0.3,33
43,0.0037768405053435726,3,100,0.3,33
44,0.006335852092160782,1,100,0.3,33
45,0.013401686483047535,0,100,0.3,33
46,0.02594810379241517,0,100,0.3,33
0,0.07984031936127745,0,100,0.3,34
1,0.011348815340189925,0,100,0.3,34
2,0.010876533781089673,0,100,0.3,34
3,0.007998723863809613,1,100,0.3,34
4,0.021956087824351298,0,100,0.3,34
5,0.010856334432879169,0,100,0.3,34
6,0.005474087970081416,1,100,0.3,34
7,0.0015900685146346437,2,100,0.3,34
8,0.0021362015115960124,3,100,0.3,34
9,0.004609759982903655,4,100,0.3,34
10,0.0014673051722889257,2,100,0.3,34
11,0.0011467204105882762,1,100,0.3,34
12,0.0019425097608755594,1,100,0.3,34
13,0.027944111776447105,0,100,0.3,34
14,0.02594810379241517,0,100,0.3,34
15,0.014311583017469341,0,100,0.3,34
16,0.013172889911387231,0,100,0.3,34
17,0.007999493178416256,2,100,0.3,34
18,0.0033727109846843624,1,100,0.3,34
19,0.005636480884134815,1,100,0.3,34
20,0.013823288396755166,0,100,0.3,34
21,0.021956087824351298,0,100,0.3,34
22,0.018508336435457073,0,100,0.3,34
23,0.021956087824351298,0,100,0.3,34
24,0.010309099652995592,0,100,0.3,34
25,0.02594810379241517,0,100,0.3,34
26,0.010646626688954173,0,100,0.3,34
27,0.027944111776447105,0,100,0.3,34
28,0.05189620758483034,0,100,0.3,34
29,0.029940119760479042,0,100,0.3,34
30,0.007584731809153662,1,100,0.3,34
31,0.010888781402547933,0,100,0.3,34
32,0.014510271008197462,0,100,0.3,34
33,0.03792415169660679,0,100,0.3,34
34,0.016333201762982568,0,100,0.3,34
35,0.011190433788063392,0,100,0.3,34
36,0.02594810379241517,0,100,0.3,34
37,0.00503049914608979,2,100,0.3,34
38,0.0024070539213073613,2,100,0.3,34
39,0.005530172460852734,1,100,0.3,34
40,0.013384052475175002,0,100,0.3,34
41,0.031936127744510975,0,100,0.3,34
42,0.021956087824351298,0,100,0.3,34
43,0.015191707671197683,0,100,0.3,34
44,0.02594810379241517,0,100,0.3,34
45,0.033932135728542916,0,100,0.3,34
46,0.023952095808383235,0,100,0.3,34
0,0.0025386402471386724,1,100,0.3,35
1,0.0018188757796570262,1,100,0.3,35
2,0.003444967526074016,1,100,0.3,35
3,0.006268791603131096,1,100,0.3,35
4,0.021956087824351298,0,100,0.3,35
5,0.016116926268555414,0,100,0.3,35
6,0.00798048518310001,1,100,0.3,35
7,0.004247785957894035,1,100,0.3,35
8,0.021812791363329576,0,100,0.3,35
9,0.043912175648702596,0,100,0.3,35
10,0.010969033124076617,0,100,0.3,35
11,0.012824378866426839,0,100,0.3,35
12,0.03992015968063872,0,100,0.3,35
13,0.03792415169660679,0,100,0.3,35
14,0.01430212195680499,0,100,0.3,35
15,0.015400623648135279,0,100,0.3,35
16,0.01527280461036554,0,100,0.3,35
17,0.00837171233801951,1,100,0.3,35
18,0.0153937640016042,0,100,0.3,35
19,0.007762484547742962,1,100,0.3,35
20,0.00963979857974534,1,100,0.3,35
21,0.033932135728542916,0,100,0.3,35
22,0.10578842315369262,0,100,0.3,35
23,0.10578842315369262,0,100,0.3,35
24,0.029940119760479042,0,100,0.3,35
25,0.027944111776447105,0,100,0.3,35
26,0.0031181205777158043,4,100,0.3,35
27,0.006512317120235101,1,100,0.3,35
28,0.041916167664670656,0,100,0.3,35
29,0.027944111776447105,0,100,0.3,35
30,0.011365105110919753,0,100,0.3,35
31,0.021956087824351298,0,100,0.3,35
32,0.0499001996007984,0,100,0.3,35
33,0.07584830339321358,0,100,0.3,35
34,0.20159680638722555,0,100,0.3,35
35,0.18962075848303392,0,100,0.3,35
36,0.20359281437125748,0,100,0.3,35
37,0.11177644710578842,0,100,0.3,35
38,0.06786427145708583,0,100,0.3,35
39,0.07584830339321358,0,100,0.3,35
40,0.08782435129740519,0,100,0.3,35
41,0.012137560703436513,0,100,0.3,35
42,0.008773067788075564,1,100,0.3,35
43,0.014350091616599316,0,100,0.3,35
44,0.021956087824351298,0,100,0.3,35
45,0.05788423153692615,0,100,0.3,35
46,0.06786427145708583,0,100,0.3,35
0,0.021956087824351298,0,100,0.3,36
1,0.05189620758483034,0,100,0.3,36
2,0.04790419161676647,0,100,0.3,36
3,0.03792415169660679,0,100,0.3,36
4,0.012494022007692663,0,100,0.3,36
5,0.008080156656554241,1,100,0.3,36
6,0.003104177829808398,2,100,0.3,36
7,0.008817075989194163,1,100,0.3,36
8,0.041916167664670656,0,100,0.3,36
9,0.03992015968063872,0,100,0.3,36
10,0.03592814371257485,0,100,0.3,36
11,0.041916167664670656,0,100,0.3,36
12,0.014922445016415138,0,100,0.3,36
13,0.010407727685170148,0,100,0.3,36
14,0.012366855202630313,0,100,0.3,36
15,0.007422728753704897,1,100,0.3,36
16,0.010369265137165481,0,100,0.3,36
17,0.003764190046563032,2,100,0.3,36
18,0.005441028228392391,1,100,0.3,36
19,0.003702762253975105,1,100,0.3,36
20,0.00409177092799067,2,100,0.3,36
21,0.0035352633770307507,1,100,0.3,36
22,0.0032874634217401767,1,100,0.3,36
23,0.008613499836933358,1,100,0.3,36
24,0.03792415169660679,0,100,0.3,36
25,0.041916167664670656,0,100,0.3,36
26,0.07984031936127745,0,100,0.3,36
27,0.08582834331337326,0,100,0.3,36
28,0.11177644710578842,0,100,0.3,36
29,0.07984031936127745,0,100,0.3,36
30,0.1536926147704591,0,100,0.3,36
31,0.08582834331337326,0,100,0.3,36
32,0.018490764799455477,0,100,0.3,36
33,0.05189620758483034,0,100,0.3,36
34,0.12574850299401197,0,100,0.3,36
35,0.059880239520958084,0,100,0.3,36
36,0.03592814371257485,0,100,0.3,36
37,0.02594810379241517,0,100,0.3,36
38,0.021956087824351298,0,100,0.3,36
39,0.012822968917785985,0,100,0.3,36
40,0.004037044205069824,2,100,0.3,36
41,0.0027840159818942334,2,100,0.3,36
42,0.005869706415639238,1,100,0.3,36
43,0.006164221337953676,1,100,0.3,36
44,0.005627443540262273,1,100,0.3,36
45,0.002935000892576689,3,100,0.3,36
46,0.000360920683490641,3,100,0.3,36
0,0.031936127744510975,0,100,0.3,37
1,0.08383233532934131,0,100,0.3,37
2,0.021956087824351298,0,100,0.3,37
3,0.029940119760479042,0,100,0.3,37
4,0.03992015968063872,0,100,0.3,37
5,0.029940119760479042,0,100,0.3,37
6,0.023952095808383235,0,100,0.3,37
7,0.018852424976058636,0,100,0.3,37
8,0.006028384165674923,1,100,0.3,37
9,0.0159683533260372,0,100,0.3,37
10,0.0133289034790897,0,100,0.3,37
11,0.003951553702973618,1,100,0.3,37
12,0.006307371634570251,1,100,0.3,37
13,0.0076999547119814705,1,100,0.3,37
14,0.007243155843507922,2,100,0.3,37
15,0.005922643403511289,3,100,0.3,37
16,0.015268141125087238,0,100,0.3,37
17,0.01819653791055745,0,100,0.3,37
18,0.01837920300012555,0,100,0.3,37
19,0.014519707399139978,0,100,0.3,37
20,0.006975279557366249,1,100,0.3,37
21,0.0024525052307637044,2,100,0.3,37
22,0.0018233630699682314,5,100,0.3,37
23,0.0018662303459304874,6,100,0.3,37
24,0.0017400452567434617,5,100,0.3,37
25,0.0021001224776656265,3,100,0.3,37
26,0.009783841552624673,1,100,0.3,37
27,0.016815437871891794,0,100,0.3,37
28,0.014704817345537467,0,100,0.3,37
29,0.02594810379241517,0,100,0.3,37
30,0.03792415169660679,0,100,0.3,37
31,0.04590818363273453,0,100,0.3,37
32,0.0499001996007984,0,100,0.3,37
33,0.08982035928143713,0,100,0.3,37
34,0.020340140273797797,0,100,0.3,37
35,0.004858296974655784,1,100,0.3,37
36,0.0039294734602868505,2,100,0.3,37
37,0.002894034684963725,1,100,0.3,37
38,0.006142347687050048,1,100,0.3,37
39,0.031936127744510975,0,100,0.3,37
40,0.01463255616329347,0,100,0.3,37
41,0.009352651507743118,1,100,0.3,37
42,0.003163714066794821,2,100,0.3,37
43,0.0012840812195075034,5,100,0.3,37
44,0.0010712213575918576,5,100,0.3,37
45,0.0005165720190140366,8,100,0.3,37
46,0.0009902460196721135,7,100,0.3,37
0,0.09580838323353294,0,100,0.3,38
1,0.02594810379241517,0,100,0.3,38
2,0.027944111776447105,0,100,0.3,38
3,0.021956087824351298,0,100,0.3,38
4,0.010472165784515113,0,100,0.3,38
5,0.014085903308263828,0,100,0.3,38
6,0.005191996939089458,2,100,0.3,38
7,0.005808800803617037,2,100,0.3,38
8,0.010871441405051724,0,100,0.3,38
9,0.010840171511437235,0,100,0.3,38
10,0.004318958640305871,2,100,0.3,38
11,0.005546768916216319,2,100,0.3,38
12,0.010788389871763705,0,100,0.3,38
13,0.007161488945486398,2,100,0.3,38
14,0.004531503887731942,2,100,0.3,38
15,0.012443250337100031,0,100,0.3,38
16,0.05389221556886228,0,100,0.3,38
17,0.043912175648702596,0,100,0.3,38
18,0.04590818363273453,0,100,0.3,38
19,0.05588822355289421,0,100,0.3,38
20,0.021956087824351298,0,100,0.3,38
21,0.021956087824351298,0,100,0.3,38
22,0.002164176914158061,2,100,0.3,38
23,0.0030646116864634487,2,100,0.3,38
24,0.00041938405203696346,5,100,0.3,38
25,0.0003218784022353564,7,100,0.3,38
26,0.00039822806167030296,6,100,0.3,38
27,0.0004662204242627882,7,100,0.3,38
28,0.0010276388926063601,4,100,0.3,38
29,0.00220794564382896,3,100,0.3,38
30,0.007306755239108652,1,100,0.3,38
31,0.013888952514941117,0,100,0.3,38
32,0.006165836187219899,1,100,0.3,38
33,0.015574585833799335,0,100,0.3,38
34,0.01160607493453858,0,100,0.3,38
35,0.0040763784009211846,1,100,0.3,38
36,0.006012044163114252,2,100,0.3,38
37,0.010599343106358475,0,100,0.3,38
38,0.005286056686284011,1,100,0.3,38
39,0.005391759636403681,1,100,0.3,38
40,0.007506161279044826,1,100,0.3,38
41,0.008783750841814717,1,100,0.3,38
42,0.013185705592545059,0,100,0.3,38
43,0.012602989785949576,0,100,0.3,38
44,0.01168745210882783,0,100,0.3,38
45,0.009466457419396597,1,100,0.3,38
46,0.011419769918303726,0,100,0.3,38
0,0.019330765231491635,0,100,0.3,39
1,0.033932135728542916,0,100,0.3,39
2,0.08782435129740519,0,100,0.3,39
3,0.07984031936127745,0,100,0.3,39
4,0.07984031936127745,0,100,0.3,39
5,0.01677785241947541,0,100,0.3,39
6,0.023952095808383235,0,100,0.3,39
7,0.008515438953028464,1,100,0.3,39
8,0.021956087824351298,0,100,0.3,39
9,0.011345792420909476,0,100,0.3,39
10,0.006707848834100962,1,100,0.3,39
11,0.014952953678848763,0,100,0.3,39
12,0.005230019157324573,1,100,0.3,39
13,0.006479001086045118,3,100,0.3,39
14,0.010751510850103925,0,100,0.3,39
15,0.0068375351293077855,1,100,0.3,39
16,0.014456902777607758,0,100,0.3,39
17,0.033932135728542916,0,100,0.3,39
18,0.031936127744510975,0,100,0.3,39
19,0.01639720877605042,0,100,0.3,39
20,0.041916167664670656,0,100,0.3,39
21,0.033932135728542916,0,100,0.3,39
22,0.04790419161676647,0,100,0.3,39
23,0.07984031936127745,0,100,0.3,39
24,0.06187624750499002,0,100,0.3,39
25,0.01492594580518982,0,100,0.3,39
26,0.04790419161676647,0,100,0.3,39
27,0.05788423153692615,0,100,0.3,39
28,0.05788423153692615,0,100,0.3,39
29,0.05189620758483034,0,100,0.3,39
30,0.04590818363273453,0,100,0.3,39
31,0.1936127744510978,0,100,0.3,39
32,0.09181636726546906,0,100,0.3,39
33,0.04590818363273453,0,100,0.3,39
34,0.019336008299095285,0,100,0.3,39
35,0.016065165367319507,0,100,0.3,39
36,0.023952095808383235,0,100,0.3,39
37,0.01130265022488855,0,100,0.3,39
38,0.013977931376323286,0,100,0.3,39
39,0.04790419161676647,0,100,0.3,39
40,0.05189620758483034,0,100,0.3,39
41,0.027944111776447105,0,100,0.3,39
42,0.010606651084599673,0,100,0.3,39
43,0.019073204422113167,0,100,0.3,39
44,0.05588822355289421,0,100,0.3,39
45,0.05189620758483034,0,100,0.3,39
46,0.04790419161676647,0,100,0.3,39
0,0.014843705341121172,0,100,0.3,40
1,0.012728483722348425,0,100,0.3,40
2,0.014651825883707382,0,100,0.3,40
3,0.041916167664670656,0,100,0.3,40
4,0.0499001996007984,0,100,0.3,40
5,0.08383233532934131,0,100,0.3,40
6,0.043912175648702596,0,100,0.3,40
7,0.05389221556886228,0,100,0.3,40
8,0.05389221556886228,0,100,0.3,40
9,0.0499001996007984,0,100,0.3,40
10,0.013224412876341058,0,100,0.3,40
11,0.009011918387332424,1,100,0.3,40
12,0.0057336826810871905,1,100,0.3,40
13,0.0033421770385595063,1,100,0.3,40
14,0.007756017023257077,1,100,0.3,40
15,0.029940119760479042,0,100,0.3,40
16,0.02594810379241517,0,100,0.3,40
17,0.02594810379241517,0,100,0.3,40
18,0.01200112442838145,0,100,0.3,40
19,0.01125573637395328,0,100,0.3,40
20,0.0029257011665867923,1,100,0.3,40
21,0.005004169985136288,1,100,0.3,40
22,0.0027709601543621076,1,100,0.3,40
23,0.004103568757533927,1,100,0.3,40
24,0.008015300636937506,1,100,0.3,40
25,0.011235528068722618,0,100,0.3,40
26,0.011412957089956502,0,100,0.3,40
27,0.001016852896756448,1,100,0.3,40
28,0.0005810598216650942,2,100,0.3,40
29,0.000837754955531882,1,100,0.3,40
30,0.0025233752973590276,1,100,0.3,40
31,0.012527333128835859,0,100,0.3,40
32,0.016299501540626628,0,100,0.3,40
33,0.012025840960913048,0,100,0.3,40
34,0.021956087824351298,0,100,0.3,40
35,0.013307617586081342,0,100,0.3,40
36,0.011067082880467146,0,100,0.3,40
37,0.021956087824351298,0,100,0.3,40
38,0.006785416009330578,1,100,0.3,40
39,0.00433443534296178,1,100,0.3,40
40,0.003948670423348783,1,100,0.3,40
41,0.010539949773909317,0,100,0.3,40
42,0.004990867803685457,1,100,0.3,40
43,0.003593644547834473,1,100,0.3,40
44,0.008032731524835903,1,100,0.3,40
45,0.015455463489951499,0,100,0.3,40
46,0.02594810379241517,0,100,0.3,40
0,0.012194879975167255,0,100,0.3,41
1,0.005614487419834494,2,100,0.3,41
2,0.005501375598505313,1,100,0.3,41
3,0.0035897330576472593,1,100,0.3,41
4,0.0012043179563454964,1,100,0.3,41
5,0.0006525944100949744,1,100,0.3,41
6,0.0016119487989939404,1,100,0.3,41
7,0.003207984990276678,2,100,0.3,41
8,0.0022341864196318193,1,100,0.3,41
9,0.016034630813788923,0,100,0.3,41
10,0.02594810379241517,0,100,0.3,41
11,0.013689613750126903,0,100,0.3,41
12,0.0097217195231298,1,100,0.3,41
13,0.0031216530915291803,3,100,0.3,41
14,0.0030512304397777245,4,100,0.3,41
15,0.008342329550552712,1,100,0.3,41
16,0.08183632734530938,0,100,0.3,41
17,0.03592814371257485,0,100,0.3,41
18,0.021956087824351298,0,100,0.3,41
19,0.015355462257135927,0,100,0.3,41
20,0.007578900352659551,1,100,0.3,41
21,0.011504996685190099,0,100,0.3,41
22,0.010706583618657976,0,100,0.3,41
23,0.010759103406139907,0,100,0.3,41
24,0.0028980516581428085,1,100,0.3,41
25,0.0016772241836746195,1,100,0.3,41
26,0.0015878646080531836,2,100,0.3,41
27,0.0005584775656065404,4,100,0.3,41
28,0.0006260092730339096,1,100,0.3,41
29,0.00111465080443805,3,100,0.3,41
30,0.0028574876411051994,2,100,0.3,41
31,0.004255203925363485,1,100,0.3,41
32,0.015600445338468528,0,100,0.3,41
33,0.01782014604804568,0,100,0.3,41
34,0.013970977024633619,0,100,0.3,41
35,0.0031416564535695518,1,100,0.3,41
36,0.0009995223617058017,3,100,0.3,41
37,0.0011119229682412823,3,100,0.3,41
38,0.0011049443136892717,2,100,0.3,41
39,0.0007105618314972623,4,100,0.3,41
40,0.0009790287893197507,2,100,0.3,41
41,0.0023200699182985515,2,100,0.3,41
42,0.0029590657139149964,2,100,0.3,41
43,0.003277831820352385,1,100,0.3,41
44,0.008226394864505441,1,100,0.3,41
45,0.005036413563261876,1,100,0.3,41
46,0.01380621250704641,0,100,0.3,41
0,0.00016831258392769447,5,100,0.3,43
1,0.0006384529113207941,1,100,0.3,43
2,0.002378794420979047,2,100,0.3,43
3,0.0021152184190784185,1,100,0.3,43
4,0.0008581426907744276,2,100,0.3,43
5,0.0022266457622872613,2,100,0.3,43
6,0.008008229754392691,2,100,0.3,43
7,0.005826950042450956,3,100,0.3,43
8,0.003162168520175472,4,100,0.3,43
9,0.0011510380670762615,6,100,0.3,43
10,0.002092830081350288,5,100,0.3,43
11,0.00616382413855181,3,100,0.3,43
12,0.007596782460454213,2,100,0.3,43
13,0.01898998421965453,0,100,0.3,43
14,0.010350973354612634,0,100,0.3,43
15,0.003394265654954916,1,100,0.3,43
16,0.002926741609115055,2,100,0.3,43
17,0.0027582774045755974,3,100,0.3,43
18,0.0006621872760557339,4,100,0.3,43
19,0.0007831348496120452,6,100,0.3,43
20,0.0009560071288540559,6,100,0.3,43
21,0.0008705835607946345,3,100,0.3,43
22,0.0007291425455132998,4,100,0.3,43
23,0.0005619141495198323,5,100,0.3,43
24,0.00045979966226170196,4,100,0.3,43
25,0.0007666510907695257,5,100,0.3,43
26,0.0011979026810074451,4,100,0.3,43
27,0.004118514397539481,1,100,0.3,43
28,0.0038576785553065306,4,100,0.3,43
29,0.0018130777419376187,4,100,0.3,43
30,0.004136314613922239,5,100,0.3,43
31,0.0013128194198432312,9,100,0.3,43
32,0.002480333294100817,8,100,0.3,43
33,0.0011845975226079382,4,100,0.3,43
34,0.00117068022721982,3,100,0.3,43
35,0.014447630190610426,0,100,0.3,43
36,0.012683954436790802,0,100,0.3,43
37,0.010165824617285333,0,100,0.3,43
38,0.006509588174094947,1,100,0.3,43
39,0.004505455503536028,2,100,0.3,43
40,0.0033684225497896815,2,100,0.3,43
41,0.00205782822063575,3,100,0.3,43
42,0.0008592909528145957,1,100,0.3,43
43,0.0008444055427415794,2,100,0.3,43
44,0.00740629911369686,1,100,0.3,43
45,0.005644470608201582,1,100,0.3,43
46,0.0083251012773679,1,100,0.3,43
0,0.002772005217164893,2,100,0.3,42
1,0.013939731684169324,0,100,0.3,42
2,0.010534177982556056,0,100,0.3,42
3,0.014754232838218227,0,100,0.3,42
4,0.027944111776447105,0,100,0.3,42
5,0.031936127744510975,0,100,0.3,42
6,0.021956087824351298,0,100,0.3,42
7,0.021956087824351298,0,100,0.3,42
8,0.00904229078690264,2,100,0.3,42
9,0.012790166592870494,0,100,0.3,42
10,0.013245285341849534,0,100,0.3,42
11,0.008176805658115575,1,100,0.3,42
12,0.01369641230902474,0,100,0.3,42
13,0.023952095808383235,0,100,0.3,42
14,0.015605579316203814,0,100,0.3,42
15,0.033932135728542916,0,100,0.3,42
16,0.041916167664670656,0,100,0.3,42
17,0.01627642192440064,0,100,0.3,42
18,0.007404892677575048,1,100,0.3,42
19,0.014216990374631852,0,100,0.3,42
20,0.004207836307011351,1,100,0.3,42
21,0.01161179350646033,0,100,0.3,42
22,0.003360777946991775,1,100,0.3,42
23,0.0030989295873366436,1,100,0.3,42
24,0.004007751892795878,3,100,0.3,42
25,0.00325968539675445,2,100,0.3,42
26,0.01218348883165142,0,100,0.3,42
27,0.009005626747716048,2,100,0.3,42
28,0.00377407831880694,2,100,0.3,42
29,0.006684232794291065,2,100,0.3,42
30,0.011186491586912223,0,100,0.3,42
31,0.021956087824351298,0,100,0.3,42
32,0.004223761129500666,3,100,0.3,42
33,0.0017792817046892045,4,100,0.3,42
34,0.0015907145736660114,5,100,0.3,42
35,0.0029848856378121933,4,100,0.3,42
36,0.021956087824351298,0,100,0.3,42
37,0.009339099663938885,1,100,0.3,42
38,0.012758561484237563,0,100,0.3,42
39,0.0032055452317421157,1,100,0.3,42
40,0.003691762984472397,2,100,0.3,42
41,0.004400566041742699,2,100,0.3,42
42,0.007780983085010427,2,100,0.3,42
43,0.007258314479493278,1,100,0.3,42
44,0.023952095808383235,0,100,0.3,42
45,0.015156537214200697,0,100,0.3,42
46,0.013574461534750346,0,100,0.3,42
0,0.05588822355289421,0,100,0.3,44
1,0.023952095808383235,0,100,0.3,44
2,0.016770277581109674,0,100,0.3,44
3,0.0013734155356497028,2,100,0.3,44
4,0.0011921261290780112,2,100,0.3,44
5,0.002374643341029517,1,100,0.3,44
6,0.008678678680710232,1,100,0.3,44
7,0.009307112950743787,1,100,0.3,44
8,0.02174502698845365,0,100,0.3,44
9,0.011478825078788883,0,100,0.3,44
10,0.014504313427019966,0,100,0.3,44
11,0.03792415169660679,0,100,0.3,44
12,0.01736556793375067,0,100,0.3,44
13,0.041916167664670656,0,100,0.3,44
14,0.07584830339321358,0,100,0.3,44
15,0.008601779197749699,1,100,0.3,44
16,0.01714809956566511,0,100,0.3,44
17,0.0050986460027422145,1,100,0.3,44
18,0.05389221556886228,0,100,0.3,44
19,0.04790419161676647,0,100,0.3,44
20,0.03792415169660679,0,100,0.3,44
21,0.03792415169660679,0,100,0.3,44
22,0.05788423153692615,0,100,0.3,44
23,0.08782435129740519,0,100,0.3,44
24,0.03792415169660679,0,100,0.3,44
25,0.0007483654421728833,1,100,0.3,44
26,0.00133285708222914,1,100,0.3,44
27,0.006063862618769344,2,100,0.3,44
28,0.006251518655667596,2,100,0.3,44
29,0.0021042488207964165,1,100,0.3,44
30,0.006967313996364218,1,100,0.3,44
31,0.007518183495762822,1,100,0.3,44
32,0.019315959035341047,0,100,0.3,44
33,0.029940119760479042,0,100,0.3,44
34,0.0499001996007984,0,100,0.3,44
35,0.13373253493013973,0,100,0.3,44
36,0.0998003992015968,0,100,0.3,44
37,0.12375249500998003,0,100,0.3,44
38,0.0499001996007984,0,100,0.3,44
39,0.005606639571312092,1,100,0.3,44
40,0.023952095808383235,0,100,0.3,44
41,0.017780677041756728,0,100,0.3,44
42,0.023952095808383235,0,100,0.3,44
43,0.01648402860663815,0,100,0.3,44
44,0.04790419161676647,0,100,0.3,44
45,0.041916167664670656,0,100,0.3,44
46,0.06387225548902195,0,100,0.3,44
0,0.0016063186885278136,1,100,0.3,45
1,0.0012356128088966032,2,100,0.3,45
2,0.002137477018172108,1,100,0.3,45
3,0.0013876914892394343,3,100,0.3,45
4,0.0008761189371472085,3,100,0.3,45
5,0.003112795172135866,2,100,0.3,45
6,0.003134485687684683,1,100,0.3,45
7,0.005314723243493977,1,100,0.3,45
8,0.005863179383192706,1,100,0.3,45
9,0.0024571959892503346,1,100,0.3,45
10,0.0008994193196093863,1,100,0.3,45
11,0.0016401802026493975,1,100,0.3,45
12,0.0006261412514252779,2,100,0.3,45
13,0.001082596965601914,2,100,0.3,45
14,0.002484338035251569,2,100,0.3,45
15,0.002532387510653348,2,100,0.3,45
16,0.001943235821739788,2,100,0.3,45
17,0.002064795116609391,1,100,0.3,45
18,0.001525022395150514,4,100,0.3,45
19,0.00016005750883662544,4,100,0.3,45
20,0.00013141247028192977,7,100,0.3,45
21,0.00021706899530652722,6,100,0.3,45
22,0.00021744280090140057,4,100,0.3,45
23,0.00031511795268668395,2,100,0.3,45
24,0.0027490787645113083,2,100,0.3,45
25,0.005675171428389317,1,100,0.3,45
26,0.008018428350991301,1,100,0.3,45
27,0.004497966857143479,3,100,0.3,45
28,0.002699188520487582,3,100,0.3,45
29,0.0010690320135707467,3,100,0.3,45
30,0.000136174564628286,2,100,0.3,45
31,9.628674329235042e-05,3,100,0.3,45
32,0.00021888338762017523,3,100,0.3,45
33,0.00020988488585011087,3,100,0.3,45
34,0.00040663109392969493,3,100,0.3,45
35,0.00043982422724073194,3,100,0.3,45
36,0.00032647357940439396,4,100,0.3,45
37,0.00041683920829465237,4,100,0.3,45
38,0.00013336697198761797,2,100,0.3,45
39,0.00014415732771497322,2,100,0.3,45
40,0.00046492409025789336,2,100,0.3,45
41,0.0012666341280117902,1,100,0.3,45
42,0.00032458709476780416,1,100,0.3,45
43,0.00010832755740728974,1,100,0.3,45
44,8.970803745326914e-05,2,100,0.3,45
45,4.604534191858349e-05,1,100,0.3,45
46,5.313233453216532e-05,1,100,0.3,45
0,0.015073795324974755,0,100,0.3,47
1,0.003699231693347397,1,100,0.3,47
2,0.003943447771309944,1,100,0.3,47
3,0.009577699413632856,1,100,0.3,47
4,0.06387225548902195,0,100,0.3,47
5,0.0998003992015968,0,100,0.3,47
6,0.1317365269461078,0,100,0.3,47
7,0.07984031936127745,0,100,0.3,47
8,0.04590818363273453,0,100,0.3,47
9,0.01158696879972713,0,100,0.3,47
10,0.009910891733460738,1,100,0.3,47
11,0.002398275399848526,2,100,0.3,47
12,0.0005558472881360761,3,100,0.3,47
13,0.0006406369580957738,3,100,0.3,47
14,0.0006749965077559501,2,100,0.3,47
15,0.0008502529792470108,2,100,0.3,47
16,0.0017372963540532211,2,100,0.3,47
17,0.021956087824351298,0,100,0.3,47
18,0.008897082419420504,1,100,0.3,47
19,0.007959808697791691,1,100,0.3,47
20,0.00605461039125984,1,100,0.3,47
21,0.004377958814252665,2,100,0.3,47
22,0.005449898614032049,3,100,0.3,47
23,0.019521873141233936,0,100,0.3,47
24,0.00885941693070819,1,100,0.3,47
25,0.020867612486856826,0,100,0.3,47
26,0.03992015968063872,0,100,0.3,47
27,0.13972055888223553,0,100,0.3,47
28,0.027944111776447105,0,100,0.3,47
29,0.008310528036810547,1,100,0.3,47
30,0.014674185877659502,0,100,0.3,47
31,0.006914217823627606,2,100,0.3,47
32,0.003091674465543429,1,100,0.3,47
33,0.0028589116539540285,1,100,0.3,47
34,0.006131674822525163,1,100,0.3,47
35,0.007039295704056973,1,100,0.3,47
36,0.007411750655021105,1,100,0.3,47
37,0.012302306992416731,0,100,0.3,47
38,0.007578414712434384,1,100,0.3,47
39,0.0071882955150858185,2,100,0.3,47
40,0.007372764013094707,1,100,0.3,47
41,0.014096206627571068,0,100,0.3,47
42,0.029940119760479042,0,100,0.3,47
43,0.0053893189310078695,1,100,0.3,47
44,0.008201235963983877,1,100,0.3,47
45,0.0069986780304466915,2,100,0.3,47
46,0.010018412727287401,0,100,0.3,47
0,0.01660588933482304,0,100,0.3,46
1,0.07584830339321358,0,100,0.3,46
2,0.023952095808383235,0,100,0.3,46
3,0.014093255399259277,0,100,0.3,46
4,0.01541593548280523,0,100,0.3,46
5,0.005857561478931105,1,100,0.3,46
6,0.004747894596064384,1,100,0.3,46
7,0.007485307360115448,1,100,0.3,46
8,0.008713446513248391,1,100,0.3,46
9,0.00908784684871665,1,100,0.3,46
10,0.009887535276671447,1,100,0.3,46
11,0.00703063838231957,1,100,0.3,46
12,0.009225523803691871,1,100,0.3,46
13,0.00967174288922757,1,100,0.3,46
14,0.0042011131581051065,2,100,0.3,46
15,0.008132197434990973,2,100,0.3,46
16,0.00890699889958568,1,100,0.3,46
17,0.005367621440709461,1,100,0.3,46
18,0.004496595713917264,1,100,0.3,46
19,0.006427553996314743,1,100,0.3,46
20,0.017168487273945553,0,100,0.3,46
21,0.014351112522993752,0,100,0.3,46
22,0.033932135728542916,0,100,0.3,46
23,0.04790419161676647,0,100,0.3,46
24,0.023952095808383235,0,100,0.3,46
25,0.017470928192372077,0,100,0.3,46
26,0.011807684938169161,0,100,0.3,46
27,0.014172084804522922,0,100,0.3,46
28,0.033932135728542916,0,100,0.3,46
29,0.015240053700303105,0,100,0.3,46
30,0.013860688371855244,0,100,0.3,46
31,0.011457384633603757,0,100,0.3,46
32,0.012911142514776309,0,100,0.3,46
33,0.029940119760479042,0,100,0.3,46
34,0.033932135728542916,0,100,0.3,46
35,0.021956087824351298,0,100,0.3,46
36,0.005483785640064152,2,100,0.3,46
37,0.007299499184608338,1,100,0.3,46
38,0.05588822355289421,0,100,0.3,46
39,0.08183632734530938,0,100,0.3,46
40,0.02594810379241517,0,100,0.3,46
41,0.03992015968063872,0,100,0.3,46
42,0.006710167886219536,1,100,0.3,46
43,0.009783031584567866,1,100,0.3,46
44,0.005369794867644141,2,100,0.3,46
45,0.010535712992160533,0,100,0.3,46
46,0.027944111776447105,0,100,0.3,46
0,0.2315369261477046,0,100,0.3,48
1,0.03792415169660679,0,100,0.3,48
2,0.03592814371257485,0,100,0.3,48
3,0.033932135728542916,0,100,0.3,48
4,0.029940119760479042,0,100,0.3,48
5,0.014466286149491268,0,100,0.3,48
6,0.009599669825560982,1,100,0.3,48
7,0.02594810379241517,0,100,0.3,48
8,0.023952095808383235,0,100,0.3,48
9,0.06986027944111776,0,100,0.3,48
10,0.09181636726546906,0,100,0.3,48
11,0.0658682634730539,0,100,0.3,48
12,0.018256106930284937,0,100,0.3,48
13,0.02594810379241517,0,100,0.3,48
14,0.10778443113772455,0,100,0.3,48
15,0.23952095808383234,0,100,0.3,48
16,0.043912175648702596,0,100,0.3,48
17,0.02060998695026968,0,100,0.3,48
18,0.06387225548902195,0,100,0.3,48
19,0.06387225548902195,0,100,0.3,48
20,0.017255805709973846,0,100,0.3,48
21,0.011956047350982808,0,100,0.3,48
22,0.04790419161676647,0,100,0.3,48
23,0.09181636726546906,0,100,0.3,48
24,0.07984031936127745,0,100,0.3,48
25,0.05389221556886228,0,100,0.3,48
26,0.08582834331337326,0,100,0.3,48
27,0.1317365269461078,0,100,0.3,48
28,0.1936127744510978,0,100,0.3,48
29,0.017400299361047034,0,100,0.3,48
30,0.004679884186202544,1,100,0.3,48
31,0.0010894195082696142,3,100,0.3,48
32,0.001395911510198797,1,100,0.3,48
33,0.014156025631989998,0,100,0.3,48
34,0.0658682634730539,0,100,0.3,48
35,0.05788423153692615,0,100,0.3,48
36,0.015283344977844794,0,100,0.3,48
37,0.007808459024009465,2,100,0.3,48
38,0.0150952983386781,0,100,0.3,48
39,0.03992015968063872,0,100,0.3,48
40,0.08383233532934131,0,100,0.3,48
41,0.06387225548902195,0,100,0.3,48
42,0.11976047904191617,0,100,0.3,48
43,0.08982035928143713,0,100,0.3,48
44,0.15568862275449102,0,100,0.3,48
45,0.05389221556886228,0,100,0.3,48
46,0.12574850299401197,0,100,0.3,48
0,0.015792725578383512,0,100,0.3,49
1,0.0499001996007984,0,100,0.3,49
2,0.012604307796536538,0,100,0.3,49
3,0.0210152127904196,0,100,0.3,49
4,0.010539778984631425,0,100,0.3,49
5,0.027944111776447105,0,100,0.3,49
6,0.03792415169660679,0,100,0.3,49
7,0.059880239520958084,0,100,0.3,49
8,0.04790419161676647,0,100,0.3,49
9,0.07784431137724551,0,100,0.3,49
10,0.0658682634730539,0,100,0.3,49
11,0.26147704590818366,0,100,0.3,49
12,0.0718562874251497,0,100,0.3,49
13,0.05588822355289421,0,100,0.3,49
14,0.029940119760479042,0,100,0.3,49
15,0.021956087824351298,0,100,0.3,49
16,0.011034237634303501,0,100,0.3,49
17,0.00967947454850483,1,100,0.3,49
18,0.01641827065923131,0,100,0.3,49
19,0.09780439121756487,0,100,0.3,49
20,0.031936127744510975,0,100,0.3,49
21,0.0658682634730539,0,100,0.3,49
22,0.12574850299401197,0,100,0.3,49
23,0.14171656686626746,0,100,0.3,49
24,0.19560878243512975,0,100,0.3,49
25,0.10379241516966067,0,100,0.3,49
26,0.043912175648702596,0,100,0.3,49
27,0.04790419161676647,0,100,0.3,49
28,0.04790419161676647,0,100,0.3,49
29,0.11177644710578842,0,100,0.3,49
30,0.19161676646706588,0,100,0.3,49
31,0.031936127744510975,0,100,0.3,49
32,0.02594810379241517,0,100,0.3,49
33,0.006672045652368322,2,100,0.3,49
34,0.005604172426521026,1,100,0.3,49
35,0.027944111776447105,0,100,0.3,49
36,0.009827156442777592,1,100,0.3,49
37,0.011841690362184772,0,100,0.3,49
38,0.01706296297265514,0,100,0.3,49
39,0.0499001996007984,0,100,0.3,49
40,0.07784431137724551,0,100,0.3,49
41,0.09780439121756487,0,100,0.3,49
42,0.10778443113772455,0,100,0.3,49
43,0.15169660678642716,0,100,0.3,49
44,0.3393213572854291,0,100,0.3,49
45,0.09580838323353294,0,100,0.3,49
46,0.05389221556886228,0,100,0.3,49
0,0.0029876815359593414,3,100,0.3,50
1,0.0074852513428265354,2,100,0.3,50
2,0.0031373466377345605,4,100,0.3,50
3,0.0011622424881818697,4,100,0.3,50
4,0.0009259142106905164,2,100,0.3,50
5,0.005421704185281904,1,100,0.3,50
6,0.041916167664670656,0,100,0.3,50
7,0.0499001996007984,0,100,0.3,50
8,0.007888034835320839,1,100,0.3,50
9,0.0008416751461265648,5,100,0.3,50
10,0.0008220825375794496,4,100,0.3,50
11,0.0002822753185963319,2,100,0.3,50
12,0.0005329977552802681,2,100,0.3,50
13,0.005041879072113323,1,100,0.3,50
14,0.013008777461333705,0,100,0.3,50
15,0.014978214233061136,0,100,0.3,50
16,0.043912175648702596,0,100,0.3,50
17,0.05788423153692615,0,100,0.3,50
18,0.059880239520958084,0,100,0.3,50
19,0.029940119760479042,0,100,0.3,50
20,0.03792415169660679,0,100,0.3,50
21,0.00963419994764803,1,100,0.3,50
22,0.023952095808383235,0,100,0.3,50
23,0.041916167664670656,0,100,0.3,50
24,0.06786427145708583,0,100,0.3,50
25,0.043912175648702596,0,100,0.3,50
26,0.03992015968063872,0,100,0.3,50
27,0.03592814371257485,0,100,0.3,50
28,0.023952095808383235,0,100,0.3,50
29,0.007660521096803122,1,100,0.3,50
30,0.019226727837467282,0,100,0.3,50
31,0.005463423376567048,1,100,0.3,50
32,0.0074644679480024125,1,100,0.3,50
33,0.0058492911267092875,1,100,0.3,50
34,0.006138403276600232,1,100,0.3,50
35,0.005850642293058792,1,100,0.3,50
36,0.017420000852938263,0,100,0.3,50
37,0.05788423153692615,0,100,0.3,50
38,0.04790419161676647,0,100,0.3,50
39,0.05389221556886228,0,100,0.3,50
40,0.014161482751389795,0,100,0.3,50
41,0.0068084972470870975,1,100,0.3,50
42,0.005426860218922749,2,100,0.3,50
43,0.007486225183345268,2,100,0.3,50
44,0.005441895041259127,3,100,0.3,50
45,0.007495822668455921,1,100,0.3,50
46,0.013323890465448698,0,100,0.3,50
0,0.004700193933366643,1,100,0.3,51
1,0.0034720610718007843,2,100,0.3,51
2,0.0024064015273770234,4,100,0.3,51
3,0.0066509149744623025,3,100,0.3,51
4,0.010407813470113865,0,100,0.3,51
5,0.005393813540029554,3,100,0.3,51
6,0.006474446542004794,1,100,0.3,51
7,0.005162316027085404,1,100,0.3,51
8,0.007107388213772408,1,100,0.3,51
9,0.009627933456417041,1,100,0.3,51
10,0.006682216286084429,2,100,0.3,51
11,0.009884086415095056,1,100,0.3,51
12,0.02594810379241517,0,100,0.3,51
13,0.011211987927335665,0,100,0.3,51
14,0.023952095808383235,0,100,0.3,51
15,0.023952095808383235,0,100,0.3,51
16,0.02594810379241517,0,100,0.3,51
17,0.014662754262008063,0,100,0.3,51
18,0.014910028065219958,0,100,0.3,51
19,0.014014202430616749,0,100,0.3,51
20,0.008367584089319905,1,100,0.3,51
21,0.013881399572996934,0,100,0.3,51
22,0.005683324724340972,1,100,0.3,51
23,0.006964642209929689,1,100,0.3,51
24,0.002466930932300076,2,100,0.3,51
25,0.0007619976440549186,4,100,0.3,51
26,0.00034140626250267394,3,100,0.3,51
27,0.0006097161915075452,5,100,0.3,51
28,0.00044852497791141293,7,100,0.3,51
29,0.0032645105359789223,4,100,0.3,51
30,0.003596785928567404,4,100,0.3,51
31,0.004499016386146194,2,100,0.3,51
32,0.041916167664670656,0,100,0.3,51
33,0.08183632734530938,0,100,0.3,51
34,0.00900600136926149,1,100,0.3,51
35,0.0030557019135414466,2,100,0.3,51
36,0.0008445793612670087,7,100,0.3,51
37,0.0010543433487815565,8,100,0.3,51
38,0.0013414140629999624,5,100,0.3,51
39,0.0015675350497004487,1,100,0.3,51
40,0.0023858381104811923,1,100,0.3,51
41,0.012426744547240237,0,100,0.3,51
42,0.005708451351609076,2,100,0.3,51
43,0.0063491345613102025,1,100,0.3,51
44,0.011516262370189429,0,100,0.3,51
45,0.018089529889553275,0,100,0.3,51
46,0.010094178877211831,0,100,0.3,51
0,0.027944111776447105,0,100,0.3,52
1,0.033932135728542916,0,100,0.3,52
2,0.009923493915294401,1,100,0.3,52
3,0.003513313466567477,1,100,0.3,52
4,0.005471821300478614,1,100,0.3,52
5,0.027944111776447105,0,100,0.3,52
6,0.2435129740518962,0,100,0.3,52
7,0.07584830339321358,0,100,0.3,52
8,0.0077266720227981926,1,100,0.3,52
9,0.015231944335126306,0,100,0.3,52
10,0.01420764092760312,0,100,0.3,52
11,0.027944111776447105,0,100,0.3,52
12,0.015565594236573627,0,100,0.3,52
13,0.006452638045984745,1,100,0.3,52
14,0.023952095808383235,0,100,0.3,52
15,0.023952095808383235,0,100,0.3,52
16,0.006926207975799354,1,100,0.3,52
17,0.011665558541161327,0,100,0.3,52
18,0.01142240882270077,0,100,0.3,52
19,0.0177339046908332,0,100,0.3,52
20,0.03792415169660679,0,100,0.3,52
21,0.013337672050477332,0,100,0.3,52
22,0.011870979703829103,0,100,0.3,52
23,0.002587064073879288,2,100,0.3,52
24,0.010020968067302231,0,100,0.3,52
25,0.017111780732876124,0,100,0.3,52
26,0.0026198986003600384,1,100,0.3,52
27,0.0003512900312383069,1,100,0.3,52
28,0.00024601437681983013,1,100,0.3,52
29,0.0007250554489319015,1,100,0.3,52
30,0.0008242268091919529,2,100,0.3,52
31,0.0008954963246070275,1,100,0.3,52
32,0.00044800010238117515,1,100,0.3,52
33,4.567011344539322e-05,1,100,0.3,52
34,3.844126536852092e-05,1,100,0.3,52
35,9.259893939731217e-05,1,100,0.3,52
36,0.0008946779028934864,1,100,0.3,52
37,0.010045380990097063,0,100,0.3,52
38,0.0038198421622237266,2,100,0.3,52
39,0.0062138743791966405,3,100,0.3,52
40,0.02594810379241517,0,100,0.3,52
41,0.023952095808383235,0,100,0.3,52
42,0.0028862521723436035,1,100,0.3,52
43,0.000276546063316128,2,100,0.3,52
44,0.001780660749829454,3,100,0.3,52
45,0.012548858194299434,0,100,0.3,52
46,0.03992015968063872,0,100,0.3,52
0,0.043912175648702596,0,100,0.3,53
1,0.059880239520958084,0,100,0.3,53
2,0.031936127744510975,0,100,0.3,53
3,0.06986027944111776,0,100,0.3,53
4,0.10978043912175649,0,100,0.3,53
5,0.0658682634730539,0,100,0.3,53
6,0.12974051896207583,0,100,0.3,53
7,0.09381237524950099,0,100,0.3,53
8,0.11177644710578842,0,100,0.3,53
9,0.041916167664670656,0,100,0.3,53
10,0.03792415169660679,0,100,0.3,53
11,0.014364620148647126,0,100,0.3,53
12,0.014714432745556894,0,100,0.3,53
13,0.00946911748332712,2,100,0.3,53
14,0.002759504571313654,1,100,0.3,53
15,0.0003186487731351746,2,100,0.3,53
16,0.001183207849378979,2,100,0.3,53
17,0.05788423153692615,0,100,0.3,53
18,0.06986027944111776,0,100,0.3,53
19,0.19560878243512975,0,100,0.3,53
20,0.041916167664670656,0,100,0.3,53
21,0.04790419161676647,0,100,0.3,53
22,0.18363273453093812,0,100,0.3,53
23,0.0658682634730539,0,100,0.3,53
24,0.03592814371257485,0,100,0.3,53
25,0.17165668662674652,0,100,0.3,53
26,0.19560878243512975,0,100,0.3,53
27,0.06986027944111776,0,100,0.3,53
28,0.06387225548902195,0,100,0.3,53
29,0.249500998003992,0,100,0.3,53
30,0.12974051896207583,0,100,0.3,53
31,0.10978043912175649,0,100,0.3,53
32,0.0718562874251497,0,100,0.3,53
33,0.007064676599399597,1,100,0.3,53
34,0.010812824630687197,0,100,0.3,53
35,0.013961133049896655,0,100,0.3,53
36,0.01725498150043866,0,100,0.3,53
37,0.05389221556886228,0,100,0.3,53
38,0.09181636726546906,0,100,0.3,53
39,0.16766467065868262,0,100,0.3,53
40,0.1936127744510978,0,100,0.3,53
41,0.06786427145708583,0,100,0.3,53
42,0.08183632734530938,0,100,0.3,53
43,0.05588822355289421,0,100,0.3,53
44,0.05788423153692615,0,100,0.3,53
45,0.02594810379241517,0,100,0.3,53
46,0.006844698741827773,1,100,0.3,53
0,0.027944111776447105,0,100,0.3,55
1,0.05788423153692615,0,100,0.3,55
2,0.08383233532934131,0,100,0.3,55
3,0.059880239520958084,0,100,0.3,55
4,0.06187624750499002,0,100,0.3,55
5,0.04590818363273453,0,100,0.3,55
6,0.041916167664670656,0,100,0.3,55
7,0.027944111776447105,0,100,0.3,55
8,0.08183632734530938,0,100,0.3,55
9,0.059880239520958084,0,100,0.3,55
10,0.04590818363273453,0,100,0.3,55
11,0.04590818363273453,0,100,0.3,55
12,0.07584830339321358,0,100,0.3,55
13,0.11377245508982035,0,100,0.3,55
14,0.05389221556886228,0,100,0.3,55
15,0.04790419161676647,0,100,0.3,55
16,0.033932135728542916,0,100,0.3,55
17,0.03792415169660679,0,100,0.3,55
18,0.1437125748502994,0,100,0.3,55
19,0.09580838323353294,0,100,0.3,55
20,0.05389221556886228,0,100,0.3,55
21,0.027944111776447105,0,100,0.3,55
22,0.015179536766744812,0,100,0.3,55
23,0.023952095808383235,0,100,0.3,55
24,0.05788423153692615,0,100,0.3,55
25,0.04790419161676647,0,100,0.3,55
26,0.08982035928143713,0,100,0.3,55
27,0.18163672654690619,0,100,0.3,55
28,0.1936127744510978,0,100,0.3,55
29,0.1437125748502994,0,100,0.3,55
30,0.11377245508982035,0,100,0.3,55
31,0.09381237524950099,0,100,0.3,55
32,0.03592814371257485,0,100,0.3,55
33,0.0658682634730539,0,100,0.3,55
34,0.10978043912175649,0,100,0.3,55
35,0.07984031936127745,0,100,0.3,55
36,0.07584830339321358,0,100,0.3,55
37,0.05389221556886228,0,100,0.3,55
38,0.041916167664670656,0,100,0.3,55
39,0.0499001996007984,0,100,0.3,55
40,0.011014907516556094,0,100,0.3,55
41,0.02594810379241517,0,100,0.3,55
42,0.015522378949870179,0,100,0.3,55
43,0.010348999026788977,0,100,0.3,55
44,0.00763011298949393,1,100,0.3,55
45,0.027944111776447105,0,100,0.3,55
46,0.12974051896207583,0,100,0.3,55
0,0.023952095808383235,0,100,0.3,54
1,0.005504239211281177,2,100,0.3,54
2,0.005060320963314571,3,100,0.3,54
3,0.004228877875494925,1,100,0.3,54
4,0.0017797816130106295,2,100,0.3,54
5,0.002945717182331972,2,100,0.3,54
6,0.0007539787904118369,1,100,0.3,54
7,0.002678835674909129,1,100,0.3,54
8,0.003545547481276577,1,100,0.3,54
9,0.0007000699452796846,2,100,0.3,54
10,0.000443821975693017,2,100,0.3,54
11,0.005904807077778242,2,100,0.3,54
12,0.021956087824351298,0,100,0.3,54
13,0.0718562874251497,0,100,0.3,54
14,0.06986027944111776,0,100,0.3,54
15,0.09181636726546906,0,100,0.3,54
16,0.03592814371257485,0,100,0.3,54
17,0.0031444535428109596,1,100,0.3,54
18,0.009375929137496297,1,100,0.3,54
19,0.027944111776447105,0,100,0.3,54
20,0.041916167664670656,0,100,0.3,54
21,0.12974051896207583,0,100,0.3,54
22,0.012472013982284818,0,100,0.3,54
23,0.013791817495482351,0,100,0.3,54
24,0.031936127744510975,0,100,0.3,54
25,0.01248426104521271,0,100,0.3,54
26,0.006964447698690356,1,100,0.3,54
27,0.007593700519233117,1,100,0.3,54
28,0.010216045707795917,0,100,0.3,54
29,0.006790582065319738,1,100,0.3,54
30,0.006435366983691165,2,100,0.3,54
31,1.2413886603020753e-05,6,100,0.3,54
32,3.380897314515634e-06,8,100,0.3,54
33,0.000290915411113107,8,100,0.3,54
34,0.0001998087675160597,7,100,0.3,54
35,0.0005136943037348995,2,100,0.3,54
36,0.003794126143925483,1,100,0.3,54
37,0.0052262814578304005,1,100,0.3,54
38,0.002677691398605911,2,100,0.3,54
39,0.0026297498615283524,2,100,0.3,54
40,0.004684008199685036,2,100,0.3,54
41,0.02594810379241517,0,100,0.3,54
42,0.11377245508982035,0,100,0.3,54
43,0.03792415169660679,0,100,0.3,54
44,0.03792415169660679,0,100,0.3,54
45,0.02240007926434177,0,100,0.3,54
46,0.0020088764184432967,2,100,0.3,54
0,0.023952095808383235,0,100,0.3,56
1,0.043912175648702596,0,100,0.3,56
2,0.0718562874251497,0,100,0.3,56
3,0.08582834331337326,0,100,0.3,56
4,0.10179640718562874,0,100,0.3,56
5,0.08383233532934131,0,100,0.3,56
6,0.12974051896207583,0,100,0.3,56
7,0.08982035928143713,0,100,0.3,56
8,0.08782435129740519,0,100,0.3,56
9,0.03992015968063872,0,100,0.3,56
10,0.02594810379241517,0,100,0.3,56
11,0.03792415169660679,0,100,0.3,56
12,0.04590818363273453,0,100,0.3,56
13,0.10778443113772455,0,100,0.3,56
14,0.05189620758483034,0,100,0.3,56
15,0.006337899925871255,1,100,0.3,56
16,0.003965538400502802,2,100,0.3,56
17,0.005170102042085285,2,100,0.3,56
18,0.01343013016226696,0,100,0.3,56
19,0.059880239520958084,0,100,0.3,56
20,0.16167664670658682,0,100,0.3,56
21,0.17564870259481039,0,100,0.3,56
22,0.17764471057884232,0,100,0.3,56
23,0.07584830339321358,0,100,0.3,56
24,0.09780439121756487,0,100,0.3,56
25,0.08782435129740519,0,100,0.3,56
26,0.027944111776447105,0,100,0.3,56
27,0.05788423153692615,0,100,0.3,56
28,0.023952095808383235,0,100,0.3,56
29,0.010243047009341354,0,100,0.3,56
30,0.005172166958861624,1,100,0.3,56
31,0.006063902955825243,1,100,0.3,56
32,0.014245688861266412,0,100,0.3,56
33,0.11177644710578842,0,100,0.3,56
34,0.12375249500998003,0,100,0.3,56
35,0.1157684630738523,0,100,0.3,56
36,0.10978043912175649,0,100,0.3,56
37,0.0718562874251497,0,100,0.3,56
38,0.05588822355289421,0,100,0.3,56
39,0.08183632734530938,0,100,0.3,56
40,0.18363273453093812,0,100,0.3,56
41,0.20159680638722555,0,100,0.3,56
42,0.19760479041916168,0,100,0.3,56
43,0.19760479041916168,0,100,0.3,56
44,0.015660776746533416,0,100,0.3,56
45,0.010171854844409191,0,100,0.3,56
46,0.002362460455710227,1,100,0.3,56
0,0.0007286047534265699,3,100,0.3,57
1,0.002139825418704511,2,100,0.3,57
2,0.003790086709979818,1,100,0.3,57
3,0.002230926254018009,2,100,0.3,57
4,0.0034240955274583216,2,100,0.3,57
5,0.004813291404373267,2,100,0.3,57
6,0.0023919459065459853,4,100,0.3,57
7,0.004824034003942761,2,100,0.3,57
8,0.003289069730879309,3,100,0.3,57
9,0.0009219077763493862,7,100,0.3,57
10,0.0012178603575745716,5,100,0.3,57
11,0.002314388214560286,4,100,0.3,57
12,0.003697020672335622,3,100,0.3,57
13,0.00831472976219475,2,100,0.3,57
14,0.021956087824351298,0,100,0.3,57
15,0.023952095808383235,0,100,0.3,57
16,0.04590818363273453,0,100,0.3,57
17,0.008342532477784789,1,100,0.3,57
18,0.009752608806682439,1,100,0.3,57
19,0.0073817916264962,1,100,0.3,57
20,0.009450845430924759,1,100,0.3,57
21,0.006091597662808576,1,100,0.3,57
22,0.009772045516025741,1,100,0.3,57
23,0.00395387846686517,3,100,0.3,57
24,0.0022475502218228948,4,100,0.3,57
25,0.0030452980202395064,5,100,0.3,57
26,0.004546341057391416,2,100,0.3,57
27,0.0054274495060208094,1,100,0.3,57
28,0.02594810379241517,0,100,0.3,57
29,0.02594810379241517,0,100,0.3,57
30,0.011239047348947206,0,100,0.3,57
31,0.007738813616427469,3,100,0.3,57
32,0.012717869704947406,0,100,0.3,57
33,0.01265207779736468,0,100,0.3,57
34,0.011405977544926485,0,100,0.3,57
35,0.004904279880226709,2,100,0.3,57
36,0.005583962343683056,3,100,0.3,57
37,0.005733390288988815,2,100,0.3,57
38,0.005880273805640827,2,100,0.3,57
39,0.006711173806625667,2,100,0.3,57
40,0.01301017889885995,0,100,0.3,57
41,0.0035893488284732284,3,100,0.3,57
42,0.003839572455167543,4,100,0.3,57
43,0.0014116764338948577,4,100,0.3,57
44,0.0013482200386296988,4,100,0.3,57
45,0.0026093065250569975,4,100,0.3,57
46,0.003148595962119723,4,100,0.3,57
0,0.0012016024719562657,4,100,0.3,58
1,0.0011069138757005806,7,100,0.3,58
2,0.0014836706000538305,5,100,0.3,58
3,0.0013548465648154234,2,100,0.3,58
4,0.0004595228207724656,3,100,0.3,58
5,0.0003896757578079779,3,100,0.3,58
6,0.00200681933581015,4,100,0.3,58
7,0.00510106595742427,3,100,0.3,58
8,0.012684740074124849,0,100,0.3,58
9,0.00963487710507949,1,100,0.3,58
10,0.023952095808383235,0,100,0.3,58
11,0.009185932746413591,1,100,0.3,58
12,0.009034069559525139,1,100,0.3,58
13,0.006795918788547951,1,100,0.3,58
14,0.0034457680662661363,6,100,0.3,58
15,0.0024301125460570103,4,100,0.3,58
16,0.00278646846459568,4,100,0.3,58
17,0.0027377951577177637,3,100,0.3,58
18,0.0005176519626851048,4,100,0.3,58
19,0.0005383048016203958,5,100,0.3,58
20,0.002578276022847147,5,100,0.3,58
21,0.002335233403272417,4,100,0.3,58
22,0.014704143688107053,0,100,0.3,58
23,0.01224414967250204,0,100,0.3,58
24,0.005161465068880676,1,100,0.3,58
25,0.003387698867101311,1,100,0.3,58
26,0.0020505404619488208,2,100,0.3,58
27,0.006816135205069327,2,100,0.3,58
28,0.00898102311514828,1,100,0.3,58
29,0.010490249435613296,0,100,0.3,58
30,0.01874733062631312,0,100,0.3,58
31,0.014302020007423267,0,100,0.3,58
32,0.005575539329657298,1,100,0.3,58
33,0.0010133085320724515,4,100,0.3,58
34,0.00030567036638154285,3,100,0.3,58
35,0.00047744186182423464,3,100,0.3,58
36,0.0020537945190299547,5,100,0.3,58
37,0.0011230844535918556,7,100,0.3,58
38,0.0026296437622381004,6,100,0.3,58
39,0.0018561742732890706,7,100,0.3,58
40,0.003543025783656905,7,100,0.3,58
41,0.003983143047291416,2,100,0.3,58
42,0.023952095808383235,0,100,0.3,58
43,0.01696232475852529,0,100,0.3,58
44,0.0033569942066082933,1,100,0.3,58
45,0.004577808676596742,2,100,0.3,58
46,0.0019156065027082587,1,100,0.3,58
0,0.0038815398380227214,2,100,0.3,59
1,0.008368211576201793,2,100,0.3,59
2,0.012446950307302805,0,100,0.3,59
3,0.03592814371257485,0,100,0.3,59
4,0.041916167664670656,0,100,0.3,59
5,0.021956087824351298,0,100,0.3,59
6,0.005559326554775718,2,100,0.3,59
7,0.0036821062467692917,2,100,0.3,59
8,0.0031548732755171376,1,100,0.3,59
9,0.015514356704764691,0,100,0.3,59
10,0.021956087824351298,0,100,0.3,59
11,0.033932135728542916,0,100,0.3,59
12,0.031936127744510975,0,100,0.3,59
13,0.013387088835097856,0,100,0.3,59
14,0.013422088556480114,0,100,0.3,59
15,0.010303804902843904,0,100,0.3,59
16,0.003429928218465464,3,100,0.3,59
17,0.003394616564145099,1,100,0.3,59
18,0.011886345790778702,0,100,0.3,59
19,0.031936127744510975,0,100,0.3,59
20,0.08383233532934131,0,100,0.3,59
21,0.05189620758483034,0,100,0.3,59
22,0.05588822355289421,0,100,0.3,59
23,0.017375898375779818,0,100,0.3,59
24,0.01659016579498967,0,100,0.3,59
25,0.011046833205225879,0,100,0.3,59
26,0.009038488354707466,1,100,0.3,59
27,0.005528472313799926,2,100,0.3,59
28,0.008954345143712196,2,100,0.3,59
29,0.007435840083236939,1,100,0.3,59
30,0.005585333085715949,3,100,0.3,59
31,0.006300220485315808,3,100,0.3,59
32,0.01013095147891705,0,100,0.3,59
33,0.011988666150385102,0,100,0.3,59
34,0.005778687955163337,1,100,0.3,59
35,0.0012049556720899164,2,100,0.3,59
36,0.0026011941276055488,3,100,0.3,59
37,0.008371359488088438,1,100,0.3,59
38,0.03592814371257485,0,100,0.3,59
39,0.02594810379241517,0,100,0.3,59
40,0.031936127744510975,0,100,0.3,59
41,0.017533054940670013,0,100,0.3,59
42,0.02594810379241517,0,100,0.3,59
43,0.041916167664670656,0,100,0.3,59
44,0.0499001996007984,0,100,0.3,59
45,0.031936127744510975,0,100,0.3,59
46,0.023952095808383235,0,100,0.3,59
0,0.3333333333333333,0,100,0.6,0
1,0.0499001996007984,0,100,0.6,0
2,0.019932256282678446,0,100,0.6,0
3,0.06187624750499002,0,100,0.6,0
4,0.11377245508982035,0,100,0.6,0
5,0.1936127744510978,0,100,0.6,0
6,0.24750499001996007,0,100,0.6,0
7,0.3772455089820359,0,100,0.6,0
8,0.08383233532934131,0,100,0.6,0
9,0.06786427145708583,0,100,0.6,0
10,0.0035405362236006297,2,100,0.6,0
11,0.00896423302101,1,100,0.6,0
12,0.010347081130493362,0,100,0.6,0
13,0.014240262434973614,0,100,0.6,0
14,0.1996007984031936,0,100,0.6,0
15,0.12375249500998003,0,100,0.6,0
16,0.19760479041916168,0,100,0.6,0
17,0.18562874251497005,0,100,0.6,0
18,0.15169660678642716,0,100,0.6,0
19,0.0718562874251497,0,100,0.6,0
20,0.04790419161676647,0,100,0.6,0
21,0.11776447105788423,0,100,0.6,0
22,0.2275449101796407,0,100,0.6,0
23,0.25948103792415167,0,100,0.6,0
24,0.19560878243512975,0,100,0.6,0
25,0.18962075848303392,0,100,0.6,0
26,0.1497005988023952,0,100,0.6,0
27,0.10778443113772455,0,100,0.6,0
28,0.07385229540918163,0,100,0.6,0
29,0.012920569708111826,0,100,0.6,0
30,0.021640117649828122,0,100,0.6,0
31,0.031936127744510975,0,100,0.6,0
32,0.06387225548902195,0,100,0.6,0
33,0.1277445109780439,0,100,0.6,0
34,0.0658682634730539,0,100,0.6,0
35,0.003000524772274811,1,100,0.6,0
36,0.005973465001191482,1,100,0.6,0
37,0.031936127744510975,0,100,0.6,0
38,0.012870517847648416,0,100,0.6,0
39,0.01343881568859198,0,100,0.6,0
40,0.001872776435882078,2,100,0.6,0
41,0.003661017667070281,2,100,0.6,0
42,0.06187624750499002,0,100,0.6,0
43,0.06387225548902195,0,100,0.6,0
44,0.03592814371257485,0,100,0.6,0
45,0.006597168741310125,2,100,0.6,0
46,0.03592814371257485,0,100,0.6,0
0,0.012570442267178294,0,100,0.6,1
1,0.0006201078151751697,14,100,0.6,1
2,0.0001485475866992205,18,100,0.6,1
3,0.0002732101935609749,8,100,0.6,1
4,0.0007754485364738202,1,100,0.6,1
5,0.011875889959457186,0,100,0.6,1
6,0.031936127744510975,0,100,0.6,1
7,0.005680722624563346,1,100,0.6,1
8,0.0012922173194343956,3,100,0.6,1
9,0.0007936277230573482,10,100,0.6,1
10,0.00014840048795729038,22,100,0.6,1
11,0.00038394056421910675,13,100,0.6,1
12,0.00036830426918996835,9,100,0.6,1
13,0.0001328690622525429,7,100,0.6,1
14,0.0009170505886106824,6,100,0.6,1
15,0.0002968198488231103,26,100,0.6,1
16,0.00010804781424857666,31,100,0.6,1
17,6.983849352278993e-05,39,100,0.6,1
18,6.567176461996434e-05,33,100,0.6,1
19,0.0006051499057369542,12,100,0.6,1
20,0.0013175765619251648,7,100,0.6,1
21,0.013145712172506749,0,100,0.6,1
22,0.000632539870267969,21,100,0.6,1
23,0.0005175263865976819,18,100,0.6,1
24,0.0010126730005407811,12,100,0.6,1
25,0.0015648719223096423,6,100,0.6,1
26,0.0010904854487488738,9,100,0.6,1
27,0.0012063522082890353,11,100,0.6,1
28,0.0006644412904671987,15,100,0.6,1
29,0.0004678255913050065,14,100,0.6,1
30,0.0003558242692682334,34,100,0.6,1
31,0.0017637835438666363,11,100,0.6,1
32,0.0033750750173023748,4,100,0.6,1
33,0.009839095164920935,1,100,0.6,1
34,0.02594810379241517,0,100,0.6,1
35,0.029940119760479042,0,100,0.6,1
36,0.01037717528166586,0,100,0.6,1
37,0.0016701337595628027,5,100,0.6,1
38,0.0007780086113372855,10,100,0.6,1
39,0.00016985656259017998,21,100,0.6,1
40,0.0011523151208208576,11,100,0.6,1
41,0.0011314522133496205,7,100,0.6,1
42,0.0005477313920144867,11,100,0.6,1
43,0.0008612921834920188,10,100,0.6,1
44,0.0010372294255828107,4,100,0.6,1
45,0.0023698927710549753,2,100,0.6,1
46,0.011068828603416021,0,100,0.6,1
0,0.033932135728542916,0,100,0.6,2
1,0.10379241516966067,0,100,0.6,2
2,0.07385229540918163,0,100,0.6,2
3,0.019709763377280528,0,100,0.6,2
4,0.029940119760479042,0,100,0.6,2
5,0.0074060392212096544,1,100,0.6,2
6,0.0038251191783390845,3,100,0.6,2
7,0.004054993692574385,1,100,0.6,2
8,0.007323591255418123,1,100,0.6,2
9,0.2954091816367265,0,100,0.6,2
10,0.33532934131736525,0,100,0.6,2
11,0.18762475049900199,0,100,0.6,2
12,0.0015383342878191742,1,100,0.6,2
13,0.012230032452639412,0,100,0.6,2
14,0.043912175648702596,0,100,0.6,2
15,0.06387225548902195,0,100,0.6,2
16,0.12574850299401197,0,100,0.6,2
17,0.00412056589838396,2,100,0.6,2
18,0.003349901201684783,1,100,0.6,2
19,0.004836821863096955,1,100,0.6,2
20,0.0021767659999103765,1,100,0.6,2
21,0.0029048279109991446,1,100,0.6,2
22,0.007731848165578254,1,100,0.6,2
23,0.009283872132925955,1,100,0.6,2
24,0.002071979153847637,1,100,0.6,2
25,0.008612322428578885,1,100,0.6,2
26,0.0012224969349658497,2,100,0.6,2
27,0.0030428771630453704,2,100,0.6,2
28,0.006136536742067289,1,100,0.6,2
29,0.0013937207611584848,5,100,0.6,2
30,0.0010404357794747637,7,100,0.6,2
31,0.00011382245907544482,5,100,0.6,2
32,0.00019106741183923468,7,100,0.6,2
33,0.0010597432515333488,4,100,0.6,2
34,0.00446919279987725,3,100,0.6,2
35,0.001977498157020436,3,100,0.6,2
36,0.015030050514999152,0,100,0.6,2
37,0.008038467951561294,1,100,0.6,2
38,0.00017113803032079198,3,100,0.6,2
39,2.101579962693137e-05,8,100,0.6,2
40,0.0003031640747490626,5,100,0.6,2
41,0.001266226742769853,3,100,0.6,2
42,0.031936127744510975,0,100,0.6,2
43,0.05588822355289421,0,100,0.6,2
44,0.0007215855743237295,2,100,0.6,2
45,1.4028097302246156e-05,13,100,0.6,2
46,7.80325929117688e-05,17,100,0.6,2
0,0.041916167664670656,0,100,0.6,3
1,0.012292792608259995,0,100,0.6,3
2,0.005955840002966267,1,100,0.6,3
3,0.00659998739635718,2,100,0.6,3
4,0.008955692509363284,1,100,0.6,3
5,0.04790419161676647,0,100,0.6,3
6,0.023952095808383235,0,100,0.6,3
7,0.027944111776447105,0,100,0.6,3
8,0.027944111776447105,0,100,0.6,3
9,0.00780221327072129,1,100,0.6,3
10,0.0067087177473563716,1,100,0.6,3
11,0.012405334332212092,0,100,0.6,3
12,0.008412729458107891,1,100,0.6,3
13,0.007865628853047351,2,100,0.6,3
14,0.009861812671127792,1,100,0.6,3
15,0.06387225548902195,0,100,0.6,3
16,0.13572854291417166,0,100,0.6,3
17,0.08183632734530938,0,100,0.6,3
18,0.03792415169660679,0,100,0.6,3
19,0.003899251469729266,2,100,0.6,3
20,0.006970342873561564,1,100,0.6,3
21,0.018139240030491197,0,100,0.6,3
22,0.07385229540918163,0,100,0.6,3
23,0.12375249500998003,0,100,0.6,3
24,0.12974051896207583,0,100,0.6,3
25,0.11377245508982035,0,100,0.6,3
26,0.033932135728542916,0,100,0.6,3
27,0.03592814371257485,0,100,0.6,3
28,0.0718562874251497,0,100,0.6,3
29,0.05189620758483034,0,100,0.6,3
30,0.05389221556886228,0,100,0.6,3
31,0.05588822355289421,0,100,0.6,3
32,0.0718562874251497,0,100,0.6,3
33,0.08183632734530938,0,100,0.6,3
34,0.08383233532934131,0,100,0.6,3
35,0.12574850299401197,0,100,0.6,3
36,0.021956087824351298,0,100,0.6,3
37,0.023952095808383235,0,100,0.6,3
38,0.08183632734530938,0,100,0.6,3
39,0.06387225548902195,0,100,0.6,3
40,0.10778443113772455,0,100,0.6,3
41,0.08383233532934131,0,100,0.6,3
42,0.07385229540918163,0,100,0.6,3
43,0.031936127744510975,0,100,0.6,3
44,0.013011263869770676,0,100,0.6,3
45,0.02594810379241517,0,100,0.6,3
46,0.027944111776447105,0,100,0.6,3
0,0.004436540831217704,2,100,0.6,4
1,0.09580838323353294,0,100,0.6,4
2,0.1996007984031936,0,100,0.6,4
3,0.14171656686626746,0,100,0.6,4
4,0.23353293413173654,0,100,0.6,4
5,0.10379241516966067,0,100,0.6,4
6,0.10578842315369262,0,100,0.6,4
7,0.20359281437125748,0,100,0.6,4
8,0.11976047904191617,0,100,0.6,4
9,0.10978043912175649,0,100,0.6,4
10,0.08982035928143713,0,100,0.6,4
11,0.06187624750499002,0,100,0.6,4
12,0.033932135728542916,0,100,0.6,4
13,0.015964061328588543,0,100,0.6,4
14,0.033932135728542916,0,100,0.6,4
15,0.03792415169660679,0,100,0.6,4
16,0.11377245508982035,0,100,0.6,4
17,0.1317365269461078,0,100,0.6,4
18,0.18562874251497005,0,100,0.6,4
19,0.10778443113772455,0,100,0.6,4
20,0.03592814371257485,0,100,0.6,4
21,0.07784431137724551,0,100,0.6,4
22,0.0658682634730539,0,100,0.6,4
23,0.10978043912175649,0,100,0.6,4
24,0.11177644710578842,0,100,0.6,4
25,0.08383233532934131,0,100,0.6,4
26,0.043912175648702596,0,100,0.6,4
27,0.08183632734530938,0,100,0.6,4
28,0.1377245508982036,0,100,0.6,4
29,0.20159680638722555,0,100,0.6,4
30,0.15568862275449102,0,100,0.6,4
31,0.07584830339321358,0,100,0.6,4
32,0.0499001996007984,0,100,0.6,4
33,0.0499001996007984,0,100,0.6,4
34,0.059880239520958084,0,100,0.6,4
35,0.07584830339321358,0,100,0.6,4
36,0.04790419161676647,0,100,0.6,4
37,0.00829580106528047,2,100,0.6,4
38,0.009874317391733637,1,100,0.6,4
39,0.005469006771766512,2,100,0.6,4
40,0.01017110545878828,0,100,0.6,4
41,0.008614738392940498,1,100,0.6,4
42,0.014842993721299186,0,100,0.6,4
43,0.023952095808383235,0,100,0.6,4
44,0.03992015968063872,0,100,0.6,4
45,0.029940119760479042,0,100,0.6,4
46,0.02047473632404625,0,100,0.6,4
0,0.00721967543100687,1,100,0.6,5
1,0.00214139612934335,3,100,0.6,5
2,0.002670833162650918,3,100,0.6,5
3,0.002050922873020841,2,100,0.6,5
4,0.00743382701355844,2,100,0.6,5
5,0.004124360177698688,3,100,0.6,5
6,0.0027812857619066347,4,100,0.6,5
7,0.001719547725013924,5,100,0.6,5
8,0.0010056423670328975,12,100,0.6,5
9,0.002039971844101153,10,100,0.6,5
10,0.0019932048267180392,10,100,0.6,5
11,0.001955140535129649,3,100,0.6,5
12,0.005283580601650479,2,100,0.6,5
13,0.005418144099829844,3,100,0.6,5
14,0.0015488284451165078,3,100,0.6,5
15,0.0023192854206321306,6,100,0.6,5
16,0.002094833899880781,2,100,0.6,5
17,0.0009975609972440068,3,100,0.6,5
18,0.00677121825810349,1,100,0.6,5
19,0.0018750583550285215,3,100,0.6,5
20,0.004232376898681573,1,100,0.6,5
21,0.0015623156524460704,2,100,0.6,5
22,0.006425002778668866,2,100,0.6,5
23,0.001953649462909858,3,100,0.6,5
24,0.0011297576568231984,4,100,0.6,5
25,0.0005565091950926255,6,100,0.6,5
26,0.00036036922887442606,8,100,0.6,5
27,0.0003568581338292379,10,100,0.6,5
28,0.0012333097067965305,5,100,0.6,5
29,0.0036462218453824206,3,100,0.6,5
30,0.013444529317069635,0,100,0.6,5
31,0.00484101273593356,2,100,0.6,5
32,0.0036232091261675994,9,100,0.6,5
33,0.0007464248003042386,21,100,0.6,5
34,0.00031945584694597685,17,100,0.6,5
35,0.0009941439815345891,12,100,0.6,5
36,0.0006422136149137961,9,100,0.6,5
37,0.00026051274625808415,10,100,0.6,5
38,0.0004717676875777967,6,100,0.6,5
39,0.0003475155812344298,4,100,0.6,5
40,0.0006315908667472464,2,100,0.6,5
41,0.00237915964133664,1,100,0.6,5
42,0.0011602385283652295,5,100,0.6,5
43,0.0007483992330108196,6,100,0.6,5
44,0.0026252959888199917,6,100,0.6,5
45,0.004106154007270218,6,100,0.6,5
46,0.0025952853985055264,4,100,0.6,5
0,0.0035422267164676407,3,100,0.6,7
1,0.004124076558490317,1,100,0.6,7
2,0.03792415169660679,0,100,0.6,7
3,0.005637137101279617,1,100,0.6,7
4,0.004251525238950882,1,100,0.6,7
5,0.006176802817269721,2,100,0.6,7
6,0.0010400637173539485,16,100,0.6,7
7,0.0015872134912834294,15,100,0.6,7
8,0.0033780488509590812,3,100,0.6,7
9,0.0017463615536685935,18,100,0.6,7
10,0.0012504026608766998,21,100,0.6,7
11,0.001358431442156566,12,100,0.6,7
12,0.00020808553792301708,31,100,0.6,7
13,0.0004920158661115066,16,100,0.6,7
14,0.0034107996118034156,3,100,0.6,7
15,0.0019230422396501552,7,100,0.6,7
16,0.0010977992116642645,13,100,0.6,7
17,0.0011831253794721672,13,100,0.6,7
18,0.0003782502314562715,27,100,0.6,7
19,0.00184235133979769,14,100,0.6,7
20,0.003295261643852146,11,100,0.6,7
21,0.0028931984871456515,9,100,0.6,7
22,0.002241481986920327,13,100,0.6,7
23,0.00017708884454943087,34,100,0.6,7
24,0.00047912369178155644,23,100,0.6,7
25,0.0011045419253523554,9,100,0.6,7
26,0.0008362778263771086,2,100,0.6,7
27,0.0015709530078210764,5,100,0.6,7
28,0.0009813992542825748,22,100,0.6,7
29,0.00022519624356441244,44,100,0.6,7
30,0.00023422563826410874,36,100,0.6,7
31,0.00053756152213623,30,100,0.6,7
32,0.0032372733533491595,6,100,0.6,7
33,0.004203002205730665,7,100,0.6,7
34,0.002422303429233047,8,100,0.6,7
35,0.0007020860534158226,10,100,0.6,7
36,0.0008831555424300102,10,100,0.6,7
37,0.00097765507396078,15,100,0.6,7
38,0.00024705992173828953,44,100,0.6,7
39,0.0006435711807726538,25,100,0.6,7
40,0.003974799383229567,4,100,0.6,7
41,0.005925379039921998,3,100,0.6,7
42,0.01599751271895609,0,100,0.6,7
43,0.006076061031911136,1,100,0.6,7
44,0.007772913389033114,1,100,0.6,7
45,0.0036124833184389966,7,100,0.6,7
46,0.002174231551156877,12,100,0.6,7
0,0.21956087824351297,0,100,0.6,6
1,0.2275449101796407,0,100,0.6,6
2,0.19161676646706588,0,100,0.6,6
3,0.3193612774451098,0,100,0.6,6
4,0.23952095808383234,0,100,0.6,6
5,0.2375249500998004,0,100,0.6,6
6,0.23353293413173654,0,100,0.6,6
7,0.11976047904191617,0,100,0.6,6
8,0.17564870259481039,0,100,0.6,6
9,0.15768463073852296,0,100,0.6,6
10,0.033932135728542916,0,100,0.6,6
11,0.031936127744510975,0,100,0.6,6
12,0.011949563785325718,0,100,0.6,6
13,0.01803479126240005,0,100,0.6,6
14,0.04590818363273453,0,100,0.6,6
15,0.043912175648702596,0,100,0.6,6
16,0.1277445109780439,0,100,0.6,6
17,0.07584830339321358,0,100,0.6,6
18,0.06387225548902195,0,100,0.6,6
19,0.12375249500998003,0,100,0.6,6
20,0.2834331337325349,0,100,0.6,6
21,0.2634730538922156,0,100,0.6,6
22,0.34530938123752497,0,100,0.6,6
23,0.2754491017964072,0,100,0.6,6
24,0.2634730538922156,0,100,0.6,6
25,0.08982035928143713,0,100,0.6,6
26,0.10778443113772455,0,100,0.6,6
27,0.10578842315369262,0,100,0.6,6
28,0.08582834331337326,0,100,0.6,6
29,0.07984031936127745,0,100,0.6,6
30,0.08982035928143713,0,100,0.6,6
31,0.05588822355289421,0,100,0.6,6
32,0.09580838323353294,0,100,0.6,6
33,0.11976047904191617,0,100,0.6,6
34,0.041916167664670656,0,100,0.6,6
35,0.006358986298371128,1,100,0.6,6
36,0.005200459514347004,1,100,0.6,6
37,0.023952095808383235,0,100,0.6,6
38,0.06786427145708583,0,100,0.6,6
39,0.10978043912175649,0,100,0.6,6
40,0.24750499001996007,0,100,0.6,6
41,0.2874251497005988,0,100,0.6,6
42,0.2894211576846307,0,100,0.6,6
43,0.20359281437125748,0,100,0.6,6
44,0.06786427145708583,0,100,0.6,6
45,0.06786427145708583,0,100,0.6,6
46,0.19560878243512975,0,100,0.6,6
0,0.008449704379374368,1,100,0.6,8
1,0.0028297215072062482,4,100,0.6,8
2,0.0011983749455947224,5,100,0.6,8
3,0.00900965788911699,1,100,0.6,8
4,0.010276715092475158,0,100,0.6,8
5,0.05189620758483034,0,100,0.6,8
6,0.06187624750499002,0,100,0.6,8
7,0.07784431137724551,0,100,0.6,8
8,0.07784431137724551,0,100,0.6,8
9,0.08383233532934131,0,100,0.6,8
10,0.08383233532934131,0,100,0.6,8
11,0.07784431137724551,0,100,0.6,8
12,0.08782435129740519,0,100,0.6,8
13,0.023952095808383235,0,100,0.6,8
14,0.009649774739427809,1,100,0.6,8
15,0.003720572519607133,3,100,0.6,8
16,0.004676814619654104,1,100,0.6,8
17,0.011841683416542985,0,100,0.6,8
18,0.021956087824351298,0,100,0.6,8
19,0.04790419161676647,0,100,0.6,8
20,0.03592814371257485,0,100,0.6,8
21,0.03592814371257485,0,100,0.6,8
22,0.06786427145708583,0,100,0.6,8
23,0.016306600313223257,0,100,0.6,8
24,0.012169545912797614,0,100,0.6,8
25,0.021018226498100638,0,100,0.6,8
26,0.007188411782152461,4,100,0.6,8
27,0.002017671326903615,4,100,0.6,8
28,0.0021362903004541593,3,100,0.6,8
29,0.002545537080146838,4,100,0.6,8
30,0.0018564155676066198,6,100,0.6,8
31,0.004977622746171775,2,100,0.6,8
32,0.013906847139111299,0,100,0.6,8
33,0.006028513764591268,1,100,0.6,8
34,0.00455975388425867,1,100,0.6,8
35,0.0037812763604985035,2,100,0.6,8
36,0.0031783400726772917,2,100,0.6,8
37,0.003944009965939177,1,100,0.6,8
38,0.004760433724651345,2,100,0.6,8
39,0.010495233772347658,0,100,0.6,8
40,0.02594810379241517,0,100,0.6,8
41,0.03992015968063872,0,100,0.6,8
42,0.018187911972478005,0,100,0.6,8
43,0.02594810379241517,0,100,0.6,8
44,0.07385229540918163,0,100,0.6,8
45,0.06986027944111776,0,100,0.6,8
46,0.059880239520958084,0,100,0.6,8
0,0.09381237524950099,0,100,0.6,9
1,0.11976047904191617,0,100,0.6,9
2,0.09181636726546906,0,100,0.6,9
3,0.09580838323353294,0,100,0.6,9
4,0.08582834331337326,0,100,0.6,9
5,0.016263973066526854,0,100,0.6,9
6,0.009422457073252781,1,100,0.6,9
7,0.007875131502395796,1,100,0.6,9
8,0.009491425069610785,1,100,0.6,9
9,0.01512710060735152,0,100,0.6,9
10,0.016134689653926865,0,100,0.6,9
11,0.01727612028453424,0,100,0.6,9
12,0.041916167664670656,0,100,0.6,9
13,0.07584830339321358,0,100,0.6,9
14,0.0998003992015968,0,100,0.6,9
15,0.05588822355289421,0,100,0.6,9
16,0.01706412923687656,0,100,0.6,9
17,0.041916167664670656,0,100,0.6,9
18,0.04790419161676647,0,100,0.6,9
19,0.043912175648702596,0,100,0.6,9
20,0.007863972941714054,1,100,0.6,9
21,0.013389451964776295,0,100,0.6,9
22,0.04590818363273453,0,100,0.6,9
23,0.07385229540918163,0,100,0.6,9
24,0.17964071856287425,0,100,0.6,9
25,0.16167664670658682,0,100,0.6,9
26,0.17764471057884232,0,100,0.6,9
27,0.1596806387225549,0,100,0.6,9
28,0.2435129740518962,0,100,0.6,9
29,0.20758483033932135,0,100,0.6,9
30,0.12375249500998003,0,100,0.6,9
31,0.0998003992015968,0,100,0.6,9
32,0.24550898203592814,0,100,0.6,9
33,0.22554890219560877,0,100,0.6,9
34,0.09580838323353294,0,100,0.6,9
35,0.014844977198110017,0,100,0.6,9
36,0.01786492389959576,0,100,0.6,9
37,0.004638427401877434,3,100,0.6,9
38,0.0049874825731852455,3,100,0.6,9
39,0.0032206992939403673,2,100,0.6,9
40,0.041916167664670656,0,100,0.6,9
41,0.05788423153692615,0,100,0.6,9
42,0.09181636726546906,0,100,0.6,9
43,0.08982035928143713,0,100,0.6,9
44,0.08183632734530938,0,100,0.6,9
45,0.15568862275449102,0,100,0.6,9
46,0.17964071856287425,0,100,0.6,9
0,0.003991551155565822,1,100,0.6,11
1,0.004460365905238521,1,100,0.6,11
2,0.021956087824351298,0,100,0.6,11
3,0.07584830339321358,0,100,0.6,11
4,0.0718562874251497,0,100,0.6,11
5,0.10778443113772455,0,100,0.6,11
6,0.07385229540918163,0,100,0.6,11
7,0.08383233532934131,0,100,0.6,11
8,0.04790419161676647,0,100,0.6,11
9,0.08782435129740519,0,100,0.6,11
10,0.20758483033932135,0,100,0.6,11
11,0.08782435129740519,0,100,0.6,11
12,0.08782435129740519,0,100,0.6,11
13,0.08582834331337326,0,100,0.6,11
14,0.08982035928143713,0,100,0.6,11
15,0.05788423153692615,0,100,0.6,11
16,0.0110156663214546,0,100,0.6,11
17,0.00824985715436281,1,100,0.6,11
18,0.009850542291394754,1,100,0.6,11
19,0.0026995282950887465,2,100,0.6,11
20,0.012378192668156061,0,100,0.6,11
21,0.02594810379241517,0,100,0.6,11
22,0.07385229540918163,0,100,0.6,11
23,0.018726918796211186,0,100,0.6,11
24,0.0021184619928321094,3,100,0.6,11
25,0.006844624037257882,1,100,0.6,11
26,0.0025387640291204884,2,100,0.6,11
27,0.005452140408275192,1,100,0.6,11
28,0.04590818363273453,0,100,0.6,11
29,0.12375249500998003,0,100,0.6,11
30,0.17764471057884232,0,100,0.6,11
31,0.25748502994011974,0,100,0.6,11
32,0.21357285429141717,0,100,0.6,11
33,0.15768463073852296,0,100,0.6,11
34,0.07385229540918163,0,100,0.6,11
35,0.04590818363273453,0,100,0.6,11
36,0.013741528334713277,0,100,0.6,11
37,0.03592814371257485,0,100,0.6,11
38,0.03792415169660679,0,100,0.6,11
39,0.043912175648702596,0,100,0.6,11
40,0.08982035928143713,0,100,0.6,11
41,0.06786427145708583,0,100,0.6,11
42,0.04590818363273453,0,100,0.6,11
43,0.043912175648702596,0,100,0.6,11
44,0.05189620758483034,0,100,0.6,11
45,0.11177644710578842,0,100,0.6,11
46,0.16766467065868262,0,100,0.6,11
0,0.01190418309520188,0,100,0.6,10
1,0.0017261499399394142,7,100,0.6,10
2,0.002305317824904772,15,100,0.6,10
3,0.0007595893941048852,15,100,0.6,10
4,0.0008727966483004587,9,100,0.6,10
5,0.0012773001736994917,14,100,0.6,10
6,0.0009479183124514098,14,100,0.6,10
7,0.0006849156020255952,12,100,0.6,10
8,0.0017062820650952477,8,100,0.6,10
9,0.0022767178848822024,9,100,0.6,10
10,0.001935042883005176,8,100,0.6,10
11,0.0005910805364528334,25,100,0.6,10
12,0.0008036358861594293,32,100,0.6,10
13,0.000602190357760009,34,100,0.6,10
14,0.0004979508692522901,19,100,0.6,10
15,0.0006029250670033296,18,100,0.6,10
16,0.0005264584429022482,26,100,0.6,10
17,0.00026266077480289275,46,100,0.6,10
18,0.0007551480963496068,15,100,0.6,10
19,0.001250363735649559,7,100,0.6,10
20,0.0029059722966654124,5,100,0.6,10
21,0.0062637333052939816,3,100,0.6,10
22,0.004456770546836712,4,100,0.6,10
23,0.005456694694728039,3,100,0.6,10
24,0.002146969968687715,9,100,0.6,10
25,0.0015082216770080236,10,100,0.6,10
26,0.005993318311925945,4,100,0.6,10
27,0.0036042637318982776,5,100,0.6,10
28,0.001454178767934463,10,100,0.6,10
29,0.0013355260944344837,12,100,0.6,10
30,0.0003237980294923344,29,100,0.6,10
31,0.0002216775902335033,22,100,0.6,10
32,0.0002403874366201023,15,100,0.6,10
33,0.00014943215396708595,26,100,0.6,10
34,0.00034924045906180437,28,100,0.6,10
35,0.0010316812211292627,15,100,0.6,10
36,0.0036757812365248938,7,100,0.6,10
37,0.0016943660594433343,13,100,0.6,10
38,0.0008906972841387052,7,100,0.6,10
39,0.0013248616285702942,8,100,0.6,10
40,0.001953384019170292,1,100,0.6,10
41,0.0024187715219015104,3,100,0.6,10
42,0.0017238065661769099,4,100,0.6,10
43,0.0015711683092409442,6,100,0.6,10
44,0.0006513888457760314,9,100,0.6,10
45,0.0005267484225694169,23,100,0.6,10
46,0.0001496201255006051,57,100,0.6,10
0,0.07385229540918163,0,100,0.6,12
1,0.09780439121756487,0,100,0.6,12
2,0.09381237524950099,0,100,0.6,12
3,0.1536926147704591,0,100,0.6,12
4,0.09580838323353294,0,100,0.6,12
5,0.1157684630738523,0,100,0.6,12
6,0.0499001996007984,0,100,0.6,12
7,0.029940119760479042,0,100,0.6,12
8,0.02594810379241517,0,100,0.6,12
9,0.059880239520958084,0,100,0.6,12
10,0.059880239520958084,0,100,0.6,12
11,0.11776447105788423,0,100,0.6,12
12,0.2215568862275449,0,100,0.6,12
13,0.1596806387225549,0,100,0.6,12
14,0.1596806387225549,0,100,0.6,12
15,0.07984031936127745,0,100,0.6,12
16,0.07385229540918163,0,100,0.6,12
17,0.1157684630738523,0,100,0.6,12
18,0.08183632734530938,0,100,0.6,12
19,0.00716168393590117,1,100,0.6,12
20,0.023952095808383235,0,100,0.6,12
21,0.03792415169660679,0,100,0.6,12
22,0.1277445109780439,0,100,0.6,12
23,0.1157684630738523,0,100,0.6,12
24,0.10578842315369262,0,100,0.6,12
25,0.08582834331337326,0,100,0.6,12
26,0.14770459081836326,0,100,0.6,12
27,0.0499001996007984,0,100,0.6,12
28,0.10379241516966067,0,100,0.6,12
29,0.033932135728542916,0,100,0.6,12
30,0.01778076161633046,0,100,0.6,12
31,0.05189620758483034,0,100,0.6,12
32,0.09780439121756487,0,100,0.6,12
33,0.03592814371257485,0,100,0.6,12
34,0.031936127744510975,0,100,0.6,12
35,0.07784431137724551,0,100,0.6,12
36,0.2554890219560878,0,100,0.6,12
37,0.15568862275449102,0,100,0.6,12
38,0.07784431137724551,0,100,0.6,12
39,0.06786427145708583,0,100,0.6,12
40,0.08982035928143713,0,100,0.6,12
41,0.03592814371257485,0,100,0.6,12
42,0.010800959296783503,0,100,0.6,12
43,0.031936127744510975,0,100,0.6,12
44,0.10778443113772455,0,100,0.6,12
45,0.1996007984031936,0,100,0.6,12
46,0.06986027944111776,0,100,0.6,12
0,0.4091816367265469,0,100,0.6,13
1,0.2654690618762475,0,100,0.6,13
2,0.10578842315369262,0,100,0.6,13
3,0.05189620758483034,0,100,0.6,13
4,0.07385229540918163,0,100,0.6,13
5,0.1437125748502994,0,100,0.6,13
6,0.4411177644710579,0,100,0.6,13
7,0.46107784431137727,0,100,0.6,13
8,0.6107784431137725,0,100,0.6,13
9,0.1656686626746507,0,100,0.6,13
10,0.10778443113772455,0,100,0.6,13
11,0.07584830339321358,0,100,0.6,13
12,0.24750499001996007,0,100,0.6,13
13,0.44510978043912175,0,100,0.6,13
14,0.4550898203592814,0,100,0.6,13
15,0.1497005988023952,0,100,0.6,13
16,0.10379241516966067,0,100,0.6,13
17,0.021956087824351298,0,100,0.6,13
18,0.004415181491538782,2,100,0.6,13
19,0.12574850299401197,0,100,0.6,13
20,0.15768463073852296,0,100,0.6,13
21,0.24550898203592814,0,100,0.6,13
22,0.06986027944111776,0,100,0.6,13
23,0.04590818363273453,0,100,0.6,13
24,0.10978043912175649,0,100,0.6,13
25,0.08183632734530938,0,100,0.6,13
26,0.10578842315369262,0,100,0.6,13
27,0.16966067864271456,0,100,0.6,13
28,0.1277445109780439,0,100,0.6,13
29,0.0658682634730539,0,100,0.6,13
30,0.0499001996007984,0,100,0.6,13
31,0.07385229540918163,0,100,0.6,13
32,0.033932135728542916,0,100,0.6,13
33,0.08782435129740519,0,100,0.6,13
34,0.09381237524950099,0,100,0.6,13
35,0.10578842315369262,0,100,0.6,13
36,0.1437125748502994,0,100,0.6,13
37,0.01684940513783873,0,100,0.6,13
38,0.014677586615080694,0,100,0.6,13
39,0.04590818363273453,0,100,0.6,13
40,0.23952095808383234,0,100,0.6,13
41,0.35728542914171657,0,100,0.6,13
42,0.09580838323353294,0,100,0.6,13
43,0.031936127744510975,0,100,0.6,13
44,0.029940119760479042,0,100,0.6,13
45,0.06786427145708583,0,100,0.6,13
46,0.10778443113772455,0,100,0.6,13
0,0.00815000004517921,1,100,0.6,14
1,0.010167572910738797,0,100,0.6,14
2,0.03792415169660679,0,100,0.6,14
3,0.1656686626746507,0,100,0.6,14
4,0.20359281437125748,0,100,0.6,14
5,0.3652694610778443,0,100,0.6,14
6,0.06387225548902195,0,100,0.6,14
7,0.0718562874251497,0,100,0.6,14
8,0.07584830339321358,0,100,0.6,14
9,0.13572854291417166,0,100,0.6,14
10,0.09181636726546906,0,100,0.6,14
11,0.15768463073852296,0,100,0.6,14
12,0.19760479041916168,0,100,0.6,14
13,0.1377245508982036,0,100,0.6,14
14,0.11177644710578842,0,100,0.6,14
15,0.03592814371257485,0,100,0.6,14
16,0.07784431137724551,0,100,0.6,14
17,0.09181636726546906,0,100,0.6,14
18,0.059880239520958084,0,100,0.6,14
19,0.10778443113772455,0,100,0.6,14
20,0.0658682634730539,0,100,0.6,14
21,0.029940119760479042,0,100,0.6,14
22,0.05788423153692615,0,100,0.6,14
23,0.0499001996007984,0,100,0.6,14
24,0.041916167664670656,0,100,0.6,14
25,0.05189620758483034,0,100,0.6,14
26,0.05588822355289421,0,100,0.6,14
27,0.043912175648702596,0,100,0.6,14
28,0.013138466907820934,0,100,0.6,14
29,0.04790419161676647,0,100,0.6,14
30,0.043912175648702596,0,100,0.6,14
31,0.021956087824351298,0,100,0.6,14
32,0.023952095808383235,0,100,0.6,14
33,0.00429014576872735,5,100,0.6,14
34,0.0020356989862665266,6,100,0.6,14
35,0.004768571142585584,1,100,0.6,14
36,0.011463285889199527,0,100,0.6,14
37,0.06387225548902195,0,100,0.6,14
38,0.1157684630738523,0,100,0.6,14
39,0.05588822355289421,0,100,0.6,14
40,0.016415471440248658,0,100,0.6,14
41,0.012044343774460668,0,100,0.6,14
42,0.011465328518714853,0,100,0.6,14
43,0.010218539647512653,0,100,0.6,14
44,0.027944111776447105,0,100,0.6,14
45,0.05189620758483034,0,100,0.6,14
46,0.05788423153692615,0,100,0.6,14
0,0.11377245508982035,0,100,0.6,15
1,0.021956087824351298,0,100,0.6,15
2,0.041916167664670656,0,100,0.6,15
3,0.1536926147704591,0,100,0.6,15
4,0.1497005988023952,0,100,0.6,15
5,0.18562874251497005,0,100,0.6,15
6,0.13572854291417166,0,100,0.6,15
7,0.09381237524950099,0,100,0.6,15
8,0.043912175648702596,0,100,0.6,15
9,0.15768463073852296,0,100,0.6,15
10,0.10978043912175649,0,100,0.6,15
11,0.07984031936127745,0,100,0.6,15
12,0.012768293653861349,0,100,0.6,15
13,0.004007445009291358,1,100,0.6,15
14,0.009567461825338257,1,100,0.6,15
15,0.0499001996007984,0,100,0.6,15
16,0.10578842315369262,0,100,0.6,15
17,0.21157684630738524,0,100,0.6,15
18,0.07984031936127745,0,100,0.6,15
19,0.2275449101796407,0,100,0.6,15
20,0.4411177644710579,0,100,0.6,15
21,0.47904191616766467,0,100,0.6,15
22,0.20159680638722555,0,100,0.6,15
23,0.21756487025948104,0,100,0.6,15
24,0.2934131736526946,0,100,0.6,15
25,0.4810379241516966,0,100,0.6,15
26,0.3033932135728543,0,100,0.6,15
27,0.27345309381237526,0,100,0.6,15
28,0.06387225548902195,0,100,0.6,15
29,0.03992015968063872,0,100,0.6,15
30,0.10379241516966067,0,100,0.6,15
31,0.06187624750499002,0,100,0.6,15
32,0.1437125748502994,0,100,0.6,15
33,0.5369261477045908,0,100,0.6,15
34,0.3153692614770459,0,100,0.6,15
35,0.21157684630738524,0,100,0.6,15
36,0.17165668662674652,0,100,0.6,15
37,0.3153692614770459,0,100,0.6,15
38,0.37924151696606784,0,100,0.6,15
39,0.34930139720558884,0,100,0.6,15
40,0.25349301397205587,0,100,0.6,15
41,0.17764471057884232,0,100,0.6,15
42,0.29740518962075846,0,100,0.6,15
43,0.18962075848303392,0,100,0.6,15
44,0.10778443113772455,0,100,0.6,15
45,0.02594810379241517,0,100,0.6,15
46,0.019043700412972455,0,100,0.6,15
0,0.5768463073852296,0,100,0.6,16
1,0.21956087824351297,0,100,0.6,16
2,0.18163672654690619,0,100,0.6,16
3,0.09181636726546906,0,100,0.6,16
4,0.03992015968063872,0,100,0.6,16
5,0.13572854291417166,0,100,0.6,16
6,0.1596806387225549,0,100,0.6,16
7,0.18762475049900199,0,100,0.6,16
8,0.3592814371257485,0,100,0.6,16
9,0.2055888223552894,0,100,0.6,16
10,0.14570858283433133,0,100,0.6,16
11,0.041916167664670656,0,100,0.6,16
12,0.18363273453093812,0,100,0.6,16
13,0.25149700598802394,0,100,0.6,16
14,0.1317365269461078,0,100,0.6,16
15,0.0718562874251497,0,100,0.6,16
16,0.04790419161676647,0,100,0.6,16
17,0.0718562874251497,0,100,0.6,16
18,0.1497005988023952,0,100,0.6,16
19,0.2934131736526946,0,100,0.6,16
20,0.249500998003992,0,100,0.6,16
21,0.11776447105788423,0,100,0.6,16
22,0.043912175648702596,0,100,0.6,16
23,0.09780439121756487,0,100,0.6,16
24,0.624750499001996,0,100,0.6,16
25,0.24550898203592814,0,100,0.6,16
26,0.027944111776447105,0,100,0.6,16
27,0.013068959752714542,0,100,0.6,16
28,0.07385229540918163,0,100,0.6,16
29,0.14171656686626746,0,100,0.6,16
30,0.09580838323353294,0,100,0.6,16
31,0.043912175648702596,0,100,0.6,16
32,0.027944111776447105,0,100,0.6,16
33,0.07784431137724551,0,100,0.6,16
34,0.3532934131736527,0,100,0.6,16
35,0.1596806387225549,0,100,0.6,16
36,0.15169660678642716,0,100,0.6,16
37,0.023952095808383235,0,100,0.6,16
38,0.023952095808383235,0,100,0.6,16
39,0.10379241516966067,0,100,0.6,16
40,0.24550898203592814,0,100,0.6,16
41,0.5489021956087824,0,100,0.6,16
42,0.31137724550898205,0,100,0.6,16
43,0.1217564870259481,0,100,0.6,16
44,0.17964071856287425,0,100,0.6,16
45,0.20958083832335328,0,100,0.6,16
46,0.2055888223552894,0,100,0.6,16
0,0.008996113444441655,1,100,0.6,17
1,0.006073961971066271,1,100,0.6,17
2,0.0028788435226342543,1,100,0.6,17
3,0.0013448183987912607,2,100,0.6,17
4,0.002121329500973301,2,100,0.6,17
5,0.0016045124875481477,5,100,0.6,17
6,0.00017114693296734943,29,100,0.6,17
7,0.00020402436999418066,25,100,0.6,17
8,0.0001422934684265621,21,100,0.6,17
9,0.00015705979648205628,13,100,0.6,17
10,7.213594453119352e-05,23,100,0.6,17
11,0.00010929223308811443,13,100,0.6,17
12,0.00017365461864285456,9,100,0.6,17
13,0.0004211698177760565,5,100,0.6,17
14,0.0005094089489359924,3,100,0.6,17
15,0.003686185251874958,1,100,0.6,17
16,0.010046824326279138,0,100,0.6,17
17,0.010680042251294972,0,100,0.6,17
18,0.005665872949504635,4,100,0.6,17
19,0.0023983031123801794,6,100,0.6,17
20,0.00766291383753917,1,100,0.6,17
21,0.008069482170290639,1,100,0.6,17
22,0.0024587758462465592,2,100,0.6,17
23,0.0063385208312524005,3,100,0.6,17
24,0.005437968596126785,1,100,0.6,17
25,0.0006581521314063458,6,100,0.6,17
26,0.0002623848240691955,4,100,0.6,17
27,7.132221963524581e-05,15,100,0.6,17
28,0.00018062429735680367,18,100,0.6,17
29,0.0005965379404858762,13,100,0.6,17
30,0.0010365797260575864,11,100,0.6,17
31,0.0006367157813201246,4,100,0.6,17
32,0.00027608029530317975,5,100,0.6,17
33,5.2016596952138266e-05,18,100,0.6,17
34,0.00023533603807793864,11,100,0.6,17
35,0.00123639817995665,14,100,0.6,17
36,0.005428510759874616,1,100,0.6,17
37,0.0015018192653082742,7,100,0.6,17
38,0.0010235009564455789,8,100,0.6,17
39,0.0001957441048699853,33,100,0.6,17
40,0.00021485145044271688,46,100,0.6,17
41,0.0009425337383972077,22,100,0.6,17
42,0.002131440443581586,10,100,0.6,17
43,0.0009741758611661694,10,100,0.6,17
44,0.0003363666312225462,15,100,0.6,17
45,9.404700493777517e-05,36,100,0.6,17
46,0.00013668770497013088,19,100,0.6,17
0,0.0499001996007984,0,100,0.6,18
1,0.010793493602284486,0,100,0.6,18
2,0.041916167664670656,0,100,0.6,18
3,0.1217564870259481,0,100,0.6,18
4,0.25149700598802394,0,100,0.6,18
5,0.2654690618762475,0,100,0.6,18
6,0.09381237524950099,0,100,0.6,18
7,0.010259519780396723,0,100,0.6,18
8,0.029940119760479042,0,100,0.6,18
9,0.0499001996007984,0,100,0.6,18
10,0.031936127744510975,0,100,0.6,18
11,0.11776447105788423,0,100,0.6,18
12,0.010210885388462917,0,100,0.6,18
13,0.029940119760479042,0,100,0.6,18
14,0.07784431137724551,0,100,0.6,18
15,0.06986027944111776,0,100,0.6,18
16,0.06387225548902195,0,100,0.6,18
17,0.012082584608455071,0,100,0.6,18
18,0.015978099474116776,0,100,0.6,18
19,0.05189620758483034,0,100,0.6,18
20,0.09381237524950099,0,100,0.6,18
21,0.1377245508982036,0,100,0.6,18
22,0.09580838323353294,0,100,0.6,18
23,0.0499001996007984,0,100,0.6,18
24,0.03592814371257485,0,100,0.6,18
25,0.02028669658691472,0,100,0.6,18
26,0.02594810379241517,0,100,0.6,18
27,0.059880239520958084,0,100,0.6,18
28,0.06387225548902195,0,100,0.6,18
29,0.15768463073852296,0,100,0.6,18
30,0.18762475049900199,0,100,0.6,18
31,0.29740518962075846,0,100,0.6,18
32,0.22355289421157684,0,100,0.6,18
33,0.17564870259481039,0,100,0.6,18
34,0.06986027944111776,0,100,0.6,18
35,0.04790419161676647,0,100,0.6,18
36,0.0718562874251497,0,100,0.6,18
37,0.07984031936127745,0,100,0.6,18
38,0.1596806387225549,0,100,0.6,18
39,0.1497005988023952,0,100,0.6,18
40,0.05189620758483034,0,100,0.6,18
41,0.015289910560101842,0,100,0.6,18
42,0.02594810379241517,0,100,0.6,18
43,0.03792415169660679,0,100,0.6,18
44,0.03592814371257485,0,100,0.6,18
45,0.12974051896207583,0,100,0.6,18
46,0.04790419161676647,0,100,0.6,18
0,0.012726432925130711,0,100,0.6,19
1,0.015242805711465263,0,100,0.6,19
2,0.07385229540918163,0,100,0.6,19
3,0.029940119760479042,0,100,0.6,19
4,0.021956087824351298,0,100,0.6,19
5,0.021956087824351298,0,100,0.6,19
6,0.008585191165198935,1,100,0.6,19
7,0.02594810379241517,0,100,0.6,19
8,0.007604064366181164,1,100,0.6,19
9,0.0010250461579638013,5,100,0.6,19
10,0.0015065957664099445,3,100,0.6,19
11,0.0011545681835387221,2,100,0.6,19
12,0.014209339246337669,0,100,0.6,19
13,0.09181636726546906,0,100,0.6,19
14,0.027944111776447105,0,100,0.6,19
15,0.03592814371257485,0,100,0.6,19
16,0.03992015968063872,0,100,0.6,19
17,0.0029543069604392926,5,100,0.6,19
18,0.004504452312292987,5,100,0.6,19
19,0.004841906539929097,5,100,0.6,19
20,0.0018167477324379417,4,100,0.6,19
21,0.002875464288175512,2,100,0.6,19
22,0.002995167006640145,2,100,0.6,19
23,0.0057046553084595525,1,100,0.6,19
24,0.03992015968063872,0,100,0.6,19
25,0.06786427145708583,0,100,0.6,19
26,0.1656686626746507,0,100,0.6,19
27,0.07784431137724551,0,100,0.6,19
28,0.1936127744510978,0,100,0.6,19
29,0.05189620758483034,0,100,0.6,19
30,0.012261927097256809,0,100,0.6,19
31,0.013322411557912944,0,100,0.6,19
32,0.009048051349680291,1,100,0.6,19
33,0.0027094561391249245,1,100,0.6,19
34,0.0026632491580018238,3,100,0.6,19
35,0.005207299829203937,2,100,0.6,19
36,0.027944111776447105,0,100,0.6,19
37,0.031936127744510975,0,100,0.6,19
38,0.03592814371257485,0,100,0.6,19
39,0.0658682634730539,0,100,0.6,19
40,0.10179640718562874,0,100,0.6,19
41,0.07784431137724551,0,100,0.6,19
42,0.0499001996007984,0,100,0.6,19
43,0.021956087824351298,0,100,0.6,19
44,0.043912175648702596,0,100,0.6,19
45,0.10778443113772455,0,100,0.6,19
46,0.023952095808383235,0,100,0.6,19
0,0.005056085005792767,4,100,0.6,20
1,0.00011458604867562483,16,100,0.6,20
2,0.0006400552845496408,8,100,0.6,20
3,0.0012591622655849994,14,100,0.6,20
4,0.00012165355884633787,22,100,0.6,20
5,0.00014155092842933653,18,100,0.6,20
6,0.0001796883139574821,13,100,0.6,20
7,0.003977278127923943,2,100,0.6,20
8,0.011362163414863772,0,100,0.6,20
9,0.011064064861179558,0,100,0.6,20
10,0.0016665722917565688,6,100,0.6,20
11,0.0009173306873410019,9,100,0.6,20
12,0.0015634902077509638,13,100,0.6,20
13,0.0014236059160326355,9,100,0.6,20
14,0.001474209943166798,12,100,0.6,20
15,0.0008709082550134855,12,100,0.6,20
16,0.0007797868205758124,11,100,0.6,20
17,0.00020800218398170963,15,100,0.6,20
18,0.00018185859786572518,7,100,0.6,20
19,0.0001619295572459796,15,100,0.6,20
20,0.00017208358690199867,28,100,0.6,20
21,7.723890220757053e-05,28,100,0.6,20
22,0.00011797942120803289,28,100,0.6,20
23,0.0007413712078274111,5,100,0.6,20
24,0.006648963220035627,1,100,0.6,20
25,0.0032506737214868606,3,100,0.6,20
26,0.00037172565821222355,13,100,0.6,20
27,9.276181728788979e-05,23,100,0.6,20
28,4.80045179642083e-05,42,100,0.6,20
29,8.072025123182473e-05,36,100,0.6,20
30,2.455781905453788e-05,34,100,0.6,20
31,3.027925017150549e-05,35,100,0.6,20
32,5.2582847962175424e-05,37,100,0.6,20
33,0.0005608167637421465,14,100,0.6,20
34,6.913296111851208e-05,29,100,0.6,20
35,5.70801498277403e-05,35,100,0.6,20
36,0.000149642339098456,31,100,0.6,20
37,0.0005168503747927478,20,100,0.6,20
38,0.00228768585997462,9,100,0.6,20
39,0.0015601807934027695,11,100,0.6,20
40,0.0016717734930989704,8,100,0.6,20
41,0.0020277331081194447,6,100,0.6,20
42,0.0017666829728839072,6,100,0.6,20
43,0.00238139854573248,9,100,0.6,20
44,0.0008668446089993309,17,100,0.6,20
45,0.0002026425830590077,34,100,0.6,20
46,0.00024898014658096063,21,100,0.6,20
0,0.0037264636063169794,2,100,0.6,21
1,0.0016711739981836668,6,100,0.6,21
2,0.0005924650244005748,12,100,0.6,21
3,0.00027124740105411793,8,100,0.6,21
4,0.00011942571134201062,20,100,0.6,21
5,0.00014808629575631106,25,100,0.6,21
6,0.00024022435780508968,17,100,0.6,21
7,0.001633434149433624,6,100,0.6,21
8,0.007847504518802137,1,100,0.6,21
9,0.018797893385487166,0,100,0.6,21
10,0.0219552128348902,0,100,0.6,21
11,0.006100234866830807,1,100,0.6,21
12,0.0017693718915266195,2,100,0.6,21
13,0.00040997789061991257,2,100,0.6,21
14,0.0003753326711057256,15,100,0.6,21
15,0.00025468514874866523,33,100,0.6,21
16,6.661518379378791e-05,24,100,0.6,21
17,3.7550537024421966e-05,42,100,0.6,21
18,2.4501162929368613e-05,40,100,0.6,21
19,2.8655512950017398e-05,46,100,0.6,21
20,0.0001869568407988809,14,100,0.6,21
21,0.0006337486620533353,6,100,0.6,21
22,0.0013338753069431265,2,100,0.6,21
23,0.0031943417719233523,2,100,0.6,21
24,0.0020041078097028007,2,100,0.6,21
25,0.0016677929577978519,3,100,0.6,21
26,0.000571361341964607,4,100,0.6,21
27,0.0011346092478480513,2,100,0.6,21
28,0.0014367016824686808,4,100,0.6,21
29,0.0037185663435532926,3,100,0.6,21
30,0.004888710699625667,1,100,0.6,21
31,0.031936127744510975,0,100,0.6,21
32,0.01195949846109854,0,100,0.6,21
33,0.006450239024752641,2,100,0.6,21
34,0.022427684351006977,0,100,0.6,21
35,0.043912175648702596,0,100,0.6,21
36,0.03792415169660679,0,100,0.6,21
37,0.023952095808383235,0,100,0.6,21
38,0.001702665392334101,6,100,0.6,21
39,0.0005891273765260655,11,100,0.6,21
40,0.0009431900263141314,4,100,0.6,21
41,0.005578319038703184,1,100,0.6,21
42,0.014033627518250467,0,100,0.6,21
43,0.00918020526273441,1,100,0.6,21
44,0.01040365271576112,0,100,0.6,21
45,0.031936127744510975,0,100,0.6,21
46,0.0087979759379298,1,100,0.6,21
0,0.005763107373731912,1,100,0.6,23
1,0.01689634708964439,0,100,0.6,23
2,0.029940119760479042,0,100,0.6,23
3,0.03592814371257485,0,100,0.6,23
4,0.02033153074800294,0,100,0.6,23
5,0.031936127744510975,0,100,0.6,23
6,0.07584830339321358,0,100,0.6,23
7,0.25149700598802394,0,100,0.6,23
8,0.1996007984031936,0,100,0.6,23
9,0.08582834331337326,0,100,0.6,23
10,0.06986027944111776,0,100,0.6,23
11,0.04590818363273453,0,100,0.6,23
12,0.016649102503148785,0,100,0.6,23
13,0.012717652895887289,0,100,0.6,23
14,0.013193454673992966,0,100,0.6,23
15,0.015969122219822187,0,100,0.6,23
16,0.031936127744510975,0,100,0.6,23
17,0.019401771194983427,0,100,0.6,23
18,0.015941392421983884,0,100,0.6,23
19,0.012276896521432204,0,100,0.6,23
20,0.023952095808383235,0,100,0.6,23
21,0.05189620758483034,0,100,0.6,23
22,0.027944111776447105,0,100,0.6,23
23,0.031936127744510975,0,100,0.6,23
24,0.041916167664670656,0,100,0.6,23
25,0.03592814371257485,0,100,0.6,23
26,0.10778443113772455,0,100,0.6,23
27,0.027944111776447105,0,100,0.6,23
28,0.023952095808383235,0,100,0.6,23
29,0.027944111776447105,0,100,0.6,23
30,0.033932135728542916,0,100,0.6,23
31,0.01842399192313712,0,100,0.6,23
32,0.013758923743140106,0,100,0.6,23
33,0.015014550136113657,0,100,0.6,23
34,0.023952095808383235,0,100,0.6,23
35,0.011274482421344996,0,100,0.6,23
36,0.015364072733416462,0,100,0.6,23
37,0.005928048523202008,1,100,0.6,23
38,0.006646952719155762,2,100,0.6,23
39,0.0043794611835072704,1,100,0.6,23
40,0.012490534956253754,0,100,0.6,23
41,0.008198521296193069,1,100,0.6,23
42,0.007875923966210062,1,100,0.6,23
43,0.02594810379241517,0,100,0.6,23
44,0.015834691357799777,0,100,0.6,23
45,0.01253004908729427,0,100,0.6,23
46,0.027944111776447105,0,100,0.6,23
0,0.17764471057884232,0,100,0.6,22
1,0.07984031936127745,0,100,0.6,22
2,0.13373253493013973,0,100,0.6,22
3,0.4291417165668663,0,100,0.6,22
4,0.47305389221556887,0,100,0.6,22
5,0.3213572854291417,0,100,0.6,22
6,0.16367265469061876,0,100,0.6,22
7,0.12375249500998003,0,100,0.6,22
8,0.20758483033932135,0,100,0.6,22
9,0.47105788423153694,0,100,0.6,22
10,0.3652694610778443,0,100,0.6,22
11,0.1656686626746507,0,100,0.6,22
12,0.03792415169660679,0,100,0.6,22
13,0.03792415169660679,0,100,0.6,22
14,0.03792415169660679,0,100,0.6,22
15,0.03592814371257485,0,100,0.6,22
16,0.07584830339321358,0,100,0.6,22
17,0.10778443113772455,0,100,0.6,22
18,0.09580838323353294,0,100,0.6,22
19,0.0499001996007984,0,100,0.6,22
20,0.05588822355289421,0,100,0.6,22
21,0.13572854291417166,0,100,0.6,22
22,0.031936127744510975,0,100,0.6,22
23,0.07984031936127745,0,100,0.6,22
24,0.1936127744510978,0,100,0.6,22
25,0.05788423153692615,0,100,0.6,22
26,0.08183632734530938,0,100,0.6,22
27,0.1217564870259481,0,100,0.6,22
28,0.05788423153692615,0,100,0.6,22
29,0.05788423153692615,0,100,0.6,22
30,0.019808618365312607,0,100,0.6,22
31,0.023952095808383235,0,100,0.6,22
32,0.22954091816367264,0,100,0.6,22
33,0.2275449101796407,0,100,0.6,22
34,0.29740518962075846,0,100,0.6,22
35,0.09580838323353294,0,100,0.6,22
36,0.0718562874251497,0,100,0.6,22
37,0.031936127744510975,0,100,0.6,22
38,0.06986027944111776,0,100,0.6,22
39,0.09580838323353294,0,100,0.6,22
40,0.20958083832335328,0,100,0.6,22
41,0.12375249500998003,0,100,0.6,22
42,0.016687648944304835,0,100,0.6,22
43,0.059880239520958084,0,100,0.6,22
44,0.13373253493013973,0,100,0.6,22
45,0.1277445109780439,0,100,0.6,22
46,0.08383233532934131,0,100,0.6,22
0,0.0073891851481915315,1,100,0.6,24
1,7.554538852687582e-05,21,100,0.6,24
2,0.00014952145733365953,29,100,0.6,24
3,3.808835263833278e-05,54,100,0.6,24
4,0.00023608444312236585,40,100,0.6,24
5,0.0013255863700071832,14,100,0.6,24
6,0.0013113503060766547,14,100,0.6,24
7,0.0004112120702742341,21,100,0.6,24
8,0.0002550722199766259,36,100,0.6,24
9,2.4315455624303165e-05,40,100,0.6,24
10,4.814240590276255e-06,35,100,0.6,24
11,1.386890558804739e-05,28,100,0.6,24
12,0.0003284889215278341,7,100,0.6,24
13,0.0023971485539472075,4,100,0.6,24
14,0.0007664899487063514,6,100,0.6,24
15,0.00054136981950238,22,100,0.6,24
16,0.0006781234218201723,21,100,0.6,24
17,0.0003097110480621964,48,100,0.6,24
18,0.0001066782530572967,45,100,0.6,24
19,0.0002538993806543333,39,100,0.6,24
20,0.0005621390750635933,6,100,0.6,24
21,0.0032011872562507622,4,100,0.6,24
22,0.003988545755333279,2,100,0.6,24
23,0.002759392650687091,2,100,0.6,24
24,0.0002676243141997912,5,100,0.6,24
25,0.0026393258832545126,2,100,0.6,24
26,0.007539377735691695,6,100,0.6,24
27,0.008346718294195674,2,100,0.6,24
28,0.0024314950062222034,4,100,0.6,24
29,0.003195749102308465,2,100,0.6,24
30,0.00043724661758398484,9,100,0.6,24
31,0.0008534558210696587,8,100,0.6,24
32,0.0010714456355235657,6,100,0.6,24
33,0.0021367031328758893,5,100,0.6,24
34,0.0009770337286383259,9,100,0.6,24
35,0.00020934437250016898,21,100,0.6,24
36,0.00045058858081256105,6,100,0.6,24
37,0.00038484719281870996,9,100,0.6,24
38,0.0007236885393256605,9,100,0.6,24
39,0.0032936120030507623,3,100,0.6,24
40,0.0029442059028026812,4,100,0.6,24
41,0.005223457179621974,2,100,0.6,24
42,0.012357300229730597,0,100,0.6,24
43,0.006539278951241086,2,100,0.6,24
44,0.00034079924493593864,13,100,0.6,24
45,2.474100541925921e-05,26,100,0.6,24
46,8.872727755389267e-06,53,100,0.6,24
0,0.4491017964071856,0,100,0.6,25
1,0.2375249500998004,0,100,0.6,25
2,0.11976047904191617,0,100,0.6,25
3,0.029940119760479042,0,100,0.6,25
4,0.06786427145708583,0,100,0.6,25
5,0.0658682634730539,0,100,0.6,25
6,0.027944111776447105,0,100,0.6,25
7,0.031936127744510975,0,100,0.6,25
8,0.0658682634730539,0,100,0.6,25
9,0.11976047904191617,0,100,0.6,25
10,0.3093812375249501,0,100,0.6,25
11,0.13373253493013973,0,100,0.6,25
12,0.14570858283433133,0,100,0.6,25
13,0.15768463073852296,0,100,0.6,25
14,0.37325349301397204,0,100,0.6,25
15,0.11976047904191617,0,100,0.6,25
16,0.11976047904191617,0,100,0.6,25
17,0.08782435129740519,0,100,0.6,25
18,0.08582834331337326,0,100,0.6,25
19,0.06786427145708583,0,100,0.6,25
20,0.029940119760479042,0,100,0.6,25
21,0.0718562874251497,0,100,0.6,25
22,0.027944111776447105,0,100,0.6,25
23,0.059880239520958084,0,100,0.6,25
24,0.13572854291417166,0,100,0.6,25
25,0.27944111776447106,0,100,0.6,25
26,0.29141716566866266,0,100,0.6,25
27,0.2554890219560878,0,100,0.6,25
28,0.33532934131736525,0,100,0.6,25
29,0.08782435129740519,0,100,0.6,25
30,0.11976047904191617,0,100,0.6,25
31,0.21756487025948104,0,100,0.6,25
32,0.20359281437125748,0,100,0.6,25
33,0.34331337325349304,0,100,0.6,25
34,0.49101796407185627,0,100,0.6,25
35,0.11377245508982035,0,100,0.6,25
36,0.0499001996007984,0,100,0.6,25
37,0.01245219235552635,0,100,0.6,25
38,0.04590818363273453,0,100,0.6,25
39,0.16766467065868262,0,100,0.6,25
40,0.24151696606786427,0,100,0.6,25
41,0.3912175648702595,0,100,0.6,25
42,0.5449101796407185,0,100,0.6,25
43,0.24750499001996007,0,100,0.6,25
44,0.04790419161676647,0,100,0.6,25
45,0.09381237524950099,0,100,0.6,25
46,0.08782435129740519,0,100,0.6,25
0,0.010141957462988313,0,100,0.6,26
1,0.008460147830062756,1,100,0.6,26
2,0.0015221390922172306,3,100,0.6,26
3,0.005665516538842303,1,100,0.6,26
4,0.031936127744510975,0,100,0.6,26
5,0.03992015968063872,0,100,0.6,26
6,0.06786427145708583,0,100,0.6,26
7,0.12375249500998003,0,100,0.6,26
8,0.06986027944111776,0,100,0.6,26
9,0.06986027944111776,0,100,0.6,26
10,0.1157684630738523,0,100,0.6,26
11,0.1996007984031936,0,100,0.6,26
12,0.1317365269461078,0,100,0.6,26
13,0.17764471057884232,0,100,0.6,26
14,0.07984031936127745,0,100,0.6,26
15,0.059880239520958084,0,100,0.6,26
16,0.15768463073852296,0,100,0.6,26
17,0.09181636726546906,0,100,0.6,26
18,0.04790419161676647,0,100,0.6,26
19,0.033932135728542916,0,100,0.6,26
20,0.012962903573095694,0,100,0.6,26
21,0.008200200160370277,1,100,0.6,26
22,0.031936127744510975,0,100,0.6,26
23,0.029940119760479042,0,100,0.6,26
24,0.01476262845954331,0,100,0.6,26
25,0.012809686084113217,0,100,0.6,26
26,0.009462519398938928,1,100,0.6,26
27,0.009702797869085865,1,100,0.6,26
28,0.031936127744510975,0,100,0.6,26
29,0.07984031936127745,0,100,0.6,26
30,0.08782435129740519,0,100,0.6,26
31,0.14171656686626746,0,100,0.6,26
32,0.07584830339321358,0,100,0.6,26
33,0.05389221556886228,0,100,0.6,26
34,0.06187624750499002,0,100,0.6,26
35,0.029940119760479042,0,100,0.6,26
36,0.029940119760479042,0,100,0.6,26
37,0.007225259595289777,1,100,0.6,26
38,0.015937707542946496,0,100,0.6,26
39,0.00421454406737319,2,100,0.6,26
40,0.005929439205893342,3,100,0.6,26
41,0.027944111776447105,0,100,0.6,26
42,0.009018128018980977,1,100,0.6,26
43,0.012616678804132017,0,100,0.6,26
44,0.014655376440533592,0,100,0.6,26
45,0.02594810379241517,0,100,0.6,26
46,0.0178674170544611,0,100,0.6,26
0,0.010243622904331708,0,100,0.6,27
1,0.010578163760372917,0,100,0.6,27
2,0.029940119760479042,0,100,0.6,27
3,0.012090907995427341,0,100,0.6,27
4,0.004196841994786803,2,100,0.6,27
5,0.0016028579308439877,6,100,0.6,27
6,0.0002929301348762852,5,100,0.6,27
7,0.00020063631564166777,6,100,0.6,27
8,0.0002330401777323661,5,100,0.6,27
9,6.05658629351775e-05,7,100,0.6,27
10,6.195613172573519e-05,3,100,0.6,27
11,0.0001548377691876633,2,100,0.6,27
12,0.0008381449740959889,1,100,0.6,27
13,0.002381607342939322,1,100,0.6,27
14,0.00421658310997406,1,100,0.6,27
15,0.005793620162523483,1,100,0.6,27
16,0.0016943310862374363,1,100,0.6,27
17,0.0013768596999838606,5,100,0.6,27
18,0.003314427502195349,4,100,0.6,27
19,0.010226150628835131,0,100,0.6,27
20,0.023952095808383235,0,100,0.6,27
21,0.012766235729031756,0,100,0.6,27
22,0.012966480644320186,0,100,0.6,27
23,0.021956087824351298,0,100,0.6,27
24,0.007229194455165646,1,100,0.6,27
25,0.009090699274647247,1,100,0.6,27
26,0.041916167664670656,0,100,0.6,27
27,0.013826646340212294,0,100,0.6,27
28,0.004026851812014118,1,100,0.6,27
29,0.0028644553184591984,1,100,0.6,27
30,0.0005864197057217188,2,100,0.6,27
31,0.003937832559803796,1,100,0.6,27
32,0.0008939089634192389,2,100,0.6,27
33,0.002352367635344428,3,100,0.6,27
34,0.0003112963328372119,4,100,0.6,27
35,0.0007273582705495506,3,100,0.6,27
36,0.004902768979608294,1,100,0.6,27
37,0.013942654472071006,0,100,0.6,27
38,0.0027565072490654562,1,100,0.6,27
39,0.0013190690192274829,2,100,0.6,27
40,0.00033586106969506413,5,100,0.6,27
41,0.0010170770682211164,9,100,0.6,27
42,0.0031455288644524483,2,100,0.6,27
43,0.03592814371257485,0,100,0.6,27
44,0.023952095808383235,0,100,0.6,27
45,0.004598282963344249,2,100,0.6,27
46,0.002695628227490225,2,100,0.6,27
0,0.0499001996007984,0,100,0.6,28
1,0.021956087824351298,0,100,0.6,28
2,0.031936127744510975,0,100,0.6,28
3,0.018695395190827416,0,100,0.6,28
4,0.041916167664670656,0,100,0.6,28
5,0.06187624750499002,0,100,0.6,28
6,0.005731537334521923,1,100,0.6,28
7,0.0025040301099727743,4,100,0.6,28
8,0.0016396381118375476,7,100,0.6,28
9,0.004558498948094109,1,100,0.6,28
10,0.03592814371257485,0,100,0.6,28
11,0.11976047904191617,0,100,0.6,28
12,0.08982035928143713,0,100,0.6,28
13,0.033932135728542916,0,100,0.6,28
14,0.04590818363273453,0,100,0.6,28
15,0.023952095808383235,0,100,0.6,28
16,0.018571032260127286,0,100,0.6,28
17,0.041916167664670656,0,100,0.6,28
18,0.029940119760479042,0,100,0.6,28
19,0.06187624750499002,0,100,0.6,28
20,0.13972055888223553,0,100,0.6,28
21,0.04790419161676647,0,100,0.6,28
22,0.019007804815997696,0,100,0.6,28
23,0.031936127744510975,0,100,0.6,28
24,0.07984031936127745,0,100,0.6,28
25,0.19760479041916168,0,100,0.6,28
26,0.3333333333333333,0,100,0.6,28
27,0.2055888223552894,0,100,0.6,28
28,0.03792415169660679,0,100,0.6,28
29,0.0066028328265506754,1,100,0.6,28
30,0.001759854965550202,17,100,0.6,28
31,0.002429739694734308,13,100,0.6,28
32,0.002111383687987848,3,100,0.6,28
33,0.0016899165598378272,2,100,0.6,28
34,0.006180706198670386,1,100,0.6,28
35,0.04790419161676647,0,100,0.6,28
36,0.0499001996007984,0,100,0.6,28
37,0.11976047904191617,0,100,0.6,28
38,0.13373253493013973,0,100,0.6,28
39,0.13972055888223553,0,100,0.6,28
40,0.059880239520958084,0,100,0.6,28
41,0.05588822355289421,0,100,0.6,28
42,0.0033140766483498833,2,100,0.6,28
43,0.013910119830620297,0,100,0.6,28
44,0.011152391088015344,0,100,0.6,28
45,0.000774806643917503,19,100,0.6,28
46,0.0016260681500588293,12,100,0.6,28
0,0.0118163078363941,0,100,0.6,29
1,0.041916167664670656,0,100,0.6,29
2,0.03592814371257485,0,100,0.6,29
3,0.13972055888223553,0,100,0.6,29
4,0.2774451097804391,0,100,0.6,29
5,0.31137724550898205,0,100,0.6,29
6,0.17365269461077845,0,100,0.6,29
7,0.02594810379241517,0,100,0.6,29
8,0.01178842846939382,0,100,0.6,29
9,0.014150388450689827,0,100,0.6,29
10,0.01118913429366658,0,100,0.6,29
11,0.04790419161676647,0,100,0.6,29
12,0.08782435129740519,0,100,0.6,29
13,0.24750499001996007,0,100,0.6,29
14,0.4550898203592814,0,100,0.6,29
15,0.5429141716566867,0,100,0.6,29
16,0.3812375249500998,0,100,0.6,29
17,0.16167664670658682,0,100,0.6,29
18,0.043912175648702596,0,100,0.6,29
19,0.00917454370547918,1,100,0.6,29
20,0.021956087824351298,0,100,0.6,29
21,0.023952095808383235,0,100,0.6,29
22,0.03592814371257485,0,100,0.6,29
23,0.013573156423186176,0,100,0.6,29
24,0.027944111776447105,0,100,0.6,29
25,0.09780439121756487,0,100,0.6,29
26,0.3013972055888224,0,100,0.6,29
27,0.5269461077844312,0,100,0.6,29
28,0.22355289421157684,0,100,0.6,29
29,0.06187624750499002,0,100,0.6,29
30,0.0499001996007984,0,100,0.6,29
31,0.1317365269461078,0,100,0.6,29
32,0.1277445109780439,0,100,0.6,29
33,0.15768463073852296,0,100,0.6,29
34,0.14770459081836326,0,100,0.6,29
35,0.09381237524950099,0,100,0.6,29
36,0.23552894211576847,0,100,0.6,29
37,0.37524950099800397,0,100,0.6,29
38,0.2934131736526946,0,100,0.6,29
39,0.3033932135728543,0,100,0.6,29
40,0.2435129740518962,0,100,0.6,29
41,0.16167664670658682,0,100,0.6,29
42,0.0718562874251497,0,100,0.6,29
43,0.11976047904191617,0,100,0.6,29
44,0.1377245508982036,0,100,0.6,29
45,0.14570858283433133,0,100,0.6,29
46,0.1936127744510978,0,100,0.6,29
0,0.09580838323353294,0,100,0.6,30
1,0.20359281437125748,0,100,0.6,30
2,0.249500998003992,0,100,0.6,30
3,0.4411177644710579,0,100,0.6,30
4,0.21157684630738524,0,100,0.6,30
5,0.24151696606786427,0,100,0.6,30
6,0.06387225548902195,0,100,0.6,30
7,0.08383233532934131,0,100,0.6,30
8,0.09181636726546906,0,100,0.6,30
9,0.03792415169660679,0,100,0.6,30
10,0.06786427145708583,0,100,0.6,30
11,0.09181636726546906,0,100,0.6,30
12,0.20359281437125748,0,100,0.6,30
13,0.2954091816367265,0,100,0.6,30
14,0.31736526946107785,0,100,0.6,30
15,0.14570858283433133,0,100,0.6,30
16,0.018444173752385606,0,100,0.6,30
17,0.029940119760479042,0,100,0.6,30
18,0.06187624750499002,0,100,0.6,30
19,0.0658682634730539,0,100,0.6,30
20,0.10578842315369262,0,100,0.6,30
21,0.09780439121756487,0,100,0.6,30
22,0.10379241516966067,0,100,0.6,30
23,0.08582834331337326,0,100,0.6,30
24,0.11776447105788423,0,100,0.6,30
25,0.2275449101796407,0,100,0.6,30
26,0.36127744510978044,0,100,0.6,30
27,0.27345309381237526,0,100,0.6,30
28,0.041916167664670656,0,100,0.6,30
29,0.027944111776447105,0,100,0.6,30
30,0.10778443113772455,0,100,0.6,30
31,0.1317365269461078,0,100,0.6,30
32,0.08582834331337326,0,100,0.6,30
33,0.03992015968063872,0,100,0.6,30
34,0.19560878243512975,0,100,0.6,30
35,0.3772455089820359,0,100,0.6,30
36,0.21956087824351297,0,100,0.6,30
37,0.2215568862275449,0,100,0.6,30
38,0.22954091816367264,0,100,0.6,30
39,0.3033932135728543,0,100,0.6,30
40,0.18962075848303392,0,100,0.6,30
41,0.11177644710578842,0,100,0.6,30
42,0.1437125748502994,0,100,0.6,30
43,0.17964071856287425,0,100,0.6,30
44,0.20958083832335328,0,100,0.6,30
45,0.3313373253493014,0,100,0.6,30
46,0.49700598802395207,0,100,0.6,30
0,0.0025705640158109385,8,100,0.6,31
1,0.0009554206706290503,5,100,0.6,31
2,0.0008041581195493406,5,100,0.6,31
3,0.001529839467541042,3,100,0.6,31
4,0.005204354685824149,1,100,0.6,31
5,0.031936127744510975,0,100,0.6,31
6,0.07385229540918163,0,100,0.6,31
7,0.18762475049900199,0,100,0.6,31
8,0.11776447105788423,0,100,0.6,31
9,0.06786427145708583,0,100,0.6,31
10,0.043912175648702596,0,100,0.6,31
11,0.015980438845351188,0,100,0.6,31
12,0.07385229540918163,0,100,0.6,31
13,0.1157684630738523,0,100,0.6,31
14,0.07984031936127745,0,100,0.6,31
15,0.05189620758483034,0,100,0.6,31
16,0.05389221556886228,0,100,0.6,31
17,0.05788423153692615,0,100,0.6,31
18,0.09780439121756487,0,100,0.6,31
19,0.10578842315369262,0,100,0.6,31
20,0.1317365269461078,0,100,0.6,31
21,0.1157684630738523,0,100,0.6,31
22,0.013941470141312135,0,100,0.6,31
23,0.017904147163656476,0,100,0.6,31
24,0.033932135728542916,0,100,0.6,31
25,0.02594810379241517,0,100,0.6,31
26,0.029940119760479042,0,100,0.6,31
27,0.021956087824351298,0,100,0.6,31
28,0.031936127744510975,0,100,0.6,31
29,0.08183632734530938,0,100,0.6,31
30,0.027944111776447105,0,100,0.6,31
31,0.027944111776447105,0,100,0.6,31
32,0.004866511391235934,2,100,0.6,31
33,0.0037515700954442593,4,100,0.6,31
34,0.005756670614284437,4,100,0.6,31
35,0.006316348409563909,1,100,0.6,31
36,0.01205528220358085,0,100,0.6,31
37,0.027944111776447105,0,100,0.6,31
38,0.03992015968063872,0,100,0.6,31
39,0.0998003992015968,0,100,0.6,31
40,0.12375249500998003,0,100,0.6,31
41,0.08582834331337326,0,100,0.6,31
42,0.03992015968063872,0,100,0.6,31
43,0.009495580021186103,1,100,0.6,31
44,0.010004391683679906,0,100,0.6,31
45,0.004959976589993434,3,100,0.6,31
46,0.00617126762302048,3,100,0.6,31
0,0.05389221556886228,0,100,0.6,32
1,0.021956087824351298,0,100,0.6,32
2,0.027944111776447105,0,100,0.6,32
3,0.08582834331337326,0,100,0.6,32
4,0.10978043912175649,0,100,0.6,32
5,0.1536926147704591,0,100,0.6,32
6,0.21956087824351297,0,100,0.6,32
7,0.46506986027944114,0,100,0.6,32
8,0.3772455089820359,0,100,0.6,32
9,0.05788423153692615,0,100,0.6,32
10,0.1277445109780439,0,100,0.6,32
11,0.27345309381237526,0,100,0.6,32
12,0.11976047904191617,0,100,0.6,32
13,0.15768463073852296,0,100,0.6,32
14,0.041916167664670656,0,100,0.6,32
15,0.10578842315369262,0,100,0.6,32
16,0.21956087824351297,0,100,0.6,32
17,0.09580838323353294,0,100,0.6,32
18,0.3273453093812375,0,100,0.6,32
19,0.16766467065868262,0,100,0.6,32
20,0.21157684630738524,0,100,0.6,32
21,0.05189620758483034,0,100,0.6,32
22,0.041916167664670656,0,100,0.6,32
23,0.09181636726546906,0,100,0.6,32
24,0.10978043912175649,0,100,0.6,32
25,0.0658682634730539,0,100,0.6,32
26,0.06387225548902195,0,100,0.6,32
27,0.06187624750499002,0,100,0.6,32
28,0.05189620758483034,0,100,0.6,32
29,0.04590818363273453,0,100,0.6,32
30,0.010922776144126622,0,100,0.6,32
31,0.024146022123608824,0,100,0.6,32
32,0.05788423153692615,0,100,0.6,32
33,0.007904872802460928,1,100,0.6,32
34,0.00803645181982302,1,100,0.6,32
35,0.06387225548902195,0,100,0.6,32
36,0.08982035928143713,0,100,0.6,32
37,0.09780439121756487,0,100,0.6,32
38,0.2634730538922156,0,100,0.6,32
39,0.28542914171656686,0,100,0.6,32
40,0.37325349301397204,0,100,0.6,32
41,0.2215568862275449,0,100,0.6,32
42,0.07984031936127745,0,100,0.6,32
43,0.023952095808383235,0,100,0.6,32
44,0.07584830339321358,0,100,0.6,32
45,0.10179640718562874,0,100,0.6,32
46,0.17964071856287425,0,100,0.6,32
0,0.00952566914365939,1,100,0.6,33
1,0.0118459187579748,0,100,0.6,33
2,0.009212649576331784,1,100,0.6,33
3,0.012748000917809438,0,100,0.6,33
4,0.06387225548902195,0,100,0.6,33
5,0.03592814371257485,0,100,0.6,33
6,0.04590818363273453,0,100,0.6,33
7,0.015107528395248038,0,100,0.6,33
8,0.006564235122734787,1,100,0.6,33
9,0.02046306976794139,0,100,0.6,33
10,0.043912175648702596,0,100,0.6,33
11,0.033932135728542916,0,100,0.6,33
12,0.1317365269461078,0,100,0.6,33
13,0.17964071856287425,0,100,0.6,33
14,0.09780439121756487,0,100,0.6,33
15,0.05189620758483034,0,100,0.6,33
16,0.02594810379241517,0,100,0.6,33
17,0.0017867811123743642,1,100,0.6,33
18,0.004792617469339172,3,100,0.6,33
19,0.0002507424227594187,9,100,0.6,33
20,0.0022148836791838116,4,100,0.6,33
21,0.0017040401668682592,6,100,0.6,33
22,0.006087946098938916,1,100,0.6,33
23,0.0658682634730539,0,100,0.6,33
24,0.18363273453093812,0,100,0.6,33
25,0.24151696606786427,0,100,0.6,33
26,0.16766467065868262,0,100,0.6,33
27,0.21756487025948104,0,100,0.6,33
28,0.12574850299401197,0,100,0.6,33
29,0.020261660354404448,0,100,0.6,33
30,0.006075383869068092,1,100,0.6,33
31,0.01480473383903418,0,100,0.6,33
32,0.15568862275449102,0,100,0.6,33
33,0.3772455089820359,0,100,0.6,33
34,0.17564870259481039,0,100,0.6,33
35,0.043912175648702596,0,100,0.6,33
36,0.011770837972201891,0,100,0.6,33
37,0.011410235914399772,0,100,0.6,33
38,0.0031777049278402074,2,100,0.6,33
39,0.003975335673747247,1,100,0.6,33
40,0.0038527629337641953,1,100,0.6,33
41,0.009666885187116295,1,100,0.6,33
42,0.004808299425288956,1,100,0.6,33
43,0.0011525536027520238,3,100,0.6,33
44,0.01444244936356006,0,100,0.6,33
45,0.027944111776447105,0,100,0.6,33
46,0.06387225548902195,0,100,0.6,33
0,0.20958083832335328,0,100,0.6,34
1,0.1157684630738523,0,100,0.6,34
2,0.09181636726546906,0,100,0.6,34
3,0.06786427145708583,0,100,0.6,34
4,0.11776447105788423,0,100,0.6,34
5,0.03792415169660679,0,100,0.6,34
6,0.013403463029939887,0,100,0.6,34
7,0.0025020471215597253,2,100,0.6,34
8,0.005385288183355945,2,100,0.6,34
9,0.008069901902822403,2,100,0.6,34
10,0.003800188580506206,1,100,0.6,34
11,0.0023567366732353497,1,100,0.6,34
12,0.0028465165428152046,1,100,0.6,34
13,0.05588822355289421,0,100,0.6,34
14,0.05588822355289421,0,100,0.6,34
15,0.04790419161676647,0,100,0.6,34
16,0.059880239520958084,0,100,0.6,34
17,0.03992015968063872,0,100,0.6,34
18,0.02594810379241517,0,100,0.6,34
19,0.06187624750499002,0,100,0.6,34
20,0.11377245508982035,0,100,0.6,34
21,0.0499001996007984,0,100,0.6,34
22,0.031936127744510975,0,100,0.6,34
23,0.029940119760479042,0,100,0.6,34
24,0.019584830625061916,0,100,0.6,34
25,0.023952095808383235,0,100,0.6,34
26,0.02594810379241517,0,100,0.6,34
27,0.04790419161676647,0,100,0.6,34
28,0.12574850299401197,0,100,0.6,34
29,0.10179640718562874,0,100,0.6,34
30,0.04590818363273453,0,100,0.6,34
31,0.04790419161676647,0,100,0.6,34
32,0.05588822355289421,0,100,0.6,34
33,0.09381237524950099,0,100,0.6,34
34,0.05189620758483034,0,100,0.6,34
35,0.03792415169660679,0,100,0.6,34
36,0.07784431137724551,0,100,0.6,34
37,0.008989031496310676,1,100,0.6,34
38,0.006733898147297035,2,100,0.6,34
39,0.019444639290489417,0,100,0.6,34
40,0.06387225548902195,0,100,0.6,34
41,0.10778443113772455,0,100,0.6,34
42,0.02594810379241517,0,100,0.6,34
43,0.02594810379241517,0,100,0.6,34
44,0.0499001996007984,0,100,0.6,34
45,0.07984031936127745,0,100,0.6,34
46,0.07984031936127745,0,100,0.6,34
0,0.013948735824998573,0,100,0.6,35
1,0.015302382939840342,0,100,0.6,35
2,0.023952095808383235,0,100,0.6,35
3,0.041916167664670656,0,100,0.6,35
4,0.09580838323353294,0,100,0.6,35
5,0.05189620758483034,0,100,0.6,35
6,0.041916167664670656,0,100,0.6,35
7,0.033932135728542916,0,100,0.6,35
8,0.0718562874251497,0,100,0.6,35
9,0.15768463073852296,0,100,0.6,35
10,0.059880239520958084,0,100,0.6,35
11,0.059880239520958084,0,100,0.6,35
12,0.1217564870259481,0,100,0.6,35
13,0.09580838323353294,0,100,0.6,35
14,0.043912175648702596,0,100,0.6,35
15,0.03792415169660679,0,100,0.6,35
16,0.03792415169660679,0,100,0.6,35
17,0.01893829579002766,0,100,0.6,35
18,0.03792415169660679,0,100,0.6,35
19,0.031936127744510975,0,100,0.6,35
20,0.031936127744510975,0,100,0.6,35
21,0.2215568862275449,0,100,0.6,35
22,0.36726546906187624,0,100,0.6,35
23,0.3413173652694611,0,100,0.6,35
24,0.04590818363273453,0,100,0.6,35
25,0.014265130017502,0,100,0.6,35
26,0.010353217610791835,0,100,0.6,35
27,0.023952095808383235,0,100,0.6,35
28,0.1596806387225549,0,100,0.6,35
29,0.18363273453093812,0,100,0.6,35
30,0.06986027944111776,0,100,0.6,35
31,0.08582834331337326,0,100,0.6,35
32,0.1936127744510978,0,100,0.6,35
33,0.2215568862275449,0,100,0.6,35
34,0.5788423153692615,0,100,0.6,35
35,0.4750499001996008,0,100,0.6,35
36,0.2694610778443114,0,100,0.6,35
37,0.1536926147704591,0,100,0.6,35
38,0.11976047904191617,0,100,0.6,35
39,0.17365269461077845,0,100,0.6,35
40,0.25948103792415167,0,100,0.6,35
41,0.059880239520958084,0,100,0.6,35
42,0.03792415169660679,0,100,0.6,35
43,0.07584830339321358,0,100,0.6,35
44,0.0998003992015968,0,100,0.6,35
45,0.20958083832335328,0,100,0.6,35
46,0.21756487025948104,0,100,0.6,35
0,0.0499001996007984,0,100,0.6,36
1,0.07984031936127745,0,100,0.6,36
2,0.11177644710578842,0,100,0.6,36
3,0.10379241516966067,0,100,0.6,36
4,0.027944111776447105,0,100,0.6,36
5,0.014069692942060317,0,100,0.6,36
6,0.003912402914547709,1,100,0.6,36
7,0.043912175648702596,0,100,0.6,36
8,0.14770459081836326,0,100,0.6,36
9,0.12574850299401197,0,100,0.6,36
10,0.11776447105788423,0,100,0.6,36
11,0.19560878243512975,0,100,0.6,36
12,0.12375249500998003,0,100,0.6,36
13,0.05788423153692615,0,100,0.6,36
14,0.0499001996007984,0,100,0.6,36
15,0.031936127744510975,0,100,0.6,36
16,0.033932135728542916,0,100,0.6,36
17,0.021956087824351298,0,100,0.6,36
18,0.033932135728542916,0,100,0.6,36
19,0.010486174923186042,0,100,0.6,36
20,0.012987254292734843,0,100,0.6,36
21,0.007772149447143287,1,100,0.6,36
22,0.011910038924990552,0,100,0.6,36
23,0.04590818363273453,0,100,0.6,36
24,0.10578842315369262,0,100,0.6,36
25,0.10978043912175649,0,100,0.6,36
26,0.2934131736526946,0,100,0.6,36
27,0.3193612774451098,0,100,0.6,36
28,0.2714570858283433,0,100,0.6,36
29,0.19560878243512975,0,100,0.6,36
30,0.4151696606786427,0,100,0.6,36
31,0.20359281437125748,0,100,0.6,36
32,0.09181636726546906,0,100,0.6,36
33,0.12974051896207583,0,100,0.6,36
34,0.2714570858283433,0,100,0.6,36
35,0.18962075848303392,0,100,0.6,36
36,0.0998003992015968,0,100,0.6,36
37,0.10379241516966067,0,100,0.6,36
38,0.0998003992015968,0,100,0.6,36
39,0.07984031936127745,0,100,0.6,36
40,0.033932135728542916,0,100,0.6,36
41,0.017076908081146456,0,100,0.6,36
42,0.014898305962228998,0,100,0.6,36
43,0.014879616080650469,0,100,0.6,36
44,0.016130043093782433,0,100,0.6,36
45,0.00845985966354419,1,100,0.6,36
46,0.0013640279995071035,1,100,0.6,36
0,0.06786427145708583,0,100,0.6,37
1,0.22554890219560877,0,100,0.6,37
2,0.05189620758483034,0,100,0.6,37
3,0.03992015968063872,0,100,0.6,37
4,0.08383233532934131,0,100,0.6,37
5,0.0998003992015968,0,100,0.6,37
6,0.06786427145708583,0,100,0.6,37
7,0.03592814371257485,0,100,0.6,37
8,0.011130198558134576,0,100,0.6,37
9,0.04790419161676647,0,100,0.6,37
10,0.07584830339321358,0,100,0.6,37
11,0.031936127744510975,0,100,0.6,37
12,0.04590818363273453,0,100,0.6,37
13,0.027944111776447105,0,100,0.6,37
14,0.02594810379241517,0,100,0.6,37
15,0.021956087824351298,0,100,0.6,37
16,0.06986027944111776,0,100,0.6,37
17,0.07385229540918163,0,100,0.6,37
18,0.08982035928143713,0,100,0.6,37
19,0.05389221556886228,0,100,0.6,37
20,0.02594810379241517,0,100,0.6,37
21,0.007046506953558802,1,100,0.6,37
22,0.0036145394380295045,2,100,0.6,37
23,0.0018912782566086622,4,100,0.6,37
24,0.0021520130883911737,4,100,0.6,37
25,0.0045586758681554745,2,100,0.6,37
26,0.02594810379241517,0,100,0.6,37
27,0.09181636726546906,0,100,0.6,37
28,0.1157684630738523,0,100,0.6,37
29,0.1317365269461078,0,100,0.6,37
30,0.13572854291417166,0,100,0.6,37
31,0.17165668662674652,0,100,0.6,37
32,0.16167664670658682,0,100,0.6,37
33,0.25948103792415167,0,100,0.6,37
34,0.08982035928143713,0,100,0.6,37
35,0.023952095808383235,0,100,0.6,37
36,0.011984805849446821,0,100,0.6,37
37,0.007589494144022071,1,100,0.6,37
38,0.023952095808383235,0,100,0.6,37
39,0.10778443113772455,0,100,0.6,37
40,0.06187624750499002,0,100,0.6,37
41,0.027944111776447105,0,100,0.6,37
42,0.008936932662522856,1,100,0.6,37
43,0.0031958317085750464,1,100,0.6,37
44,0.0017588041150798492,3,100,0.6,37
45,0.000691650878248707,11,100,0.6,37
46,0.0012832223042809603,9,100,0.6,37
0,0.26147704590818366,0,100,0.6,38
1,0.06986027944111776,0,100,0.6,38
2,0.08582834331337326,0,100,0.6,38
3,0.08582834331337326,0,100,0.6,38
4,0.05788423153692615,0,100,0.6,38
5,0.05189620758483034,0,100,0.6,38
6,0.004756985482051654,1,100,0.6,38
7,0.0025353380105463674,1,100,0.6,38
8,0.02594810379241517,0,100,0.6,38
9,0.027944111776447105,0,100,0.6,38
10,0.0064126651212937265,2,100,0.6,38
11,0.01221642005482714,0,100,0.6,38
12,0.02594810379241517,0,100,0.6,38
13,0.021956087824351298,0,100,0.6,38
14,0.009829392153542213,1,100,0.6,38
15,0.027944111776447105,0,100,0.6,38
16,0.14770459081836326,0,100,0.6,38
17,0.12974051896207583,0,100,0.6,38
18,0.14171656686626746,0,100,0.6,38
19,0.18363273453093812,0,100,0.6,38
20,0.08582834331337326,0,100,0.6,38
21,0.031936127744510975,0,100,0.6,38
22,0.0026473974783396727,1,100,0.6,38
23,0.0053373569042934775,2,100,0.6,38
24,0.00038816369868361874,5,100,0.6,38
25,0.00023532703890084413,11,100,0.6,38
26,0.0002870030966880637,9,100,0.6,38
27,0.00035307415810078283,10,100,0.6,38
28,0.0018280149193663333,1,100,0.6,38
29,0.00498118780435668,1,100,0.6,38
30,0.021956087824351298,0,100,0.6,38
31,0.06387225548902195,0,100,0.6,38
32,0.021956087824351298,0,100,0.6,38
33,0.05189620758483034,0,100,0.6,38
34,0.027944111776447105,0,100,0.6,38
35,0.012541121082394047,0,100,0.6,38
36,0.021956087824351298,0,100,0.6,38
37,0.029940119760479042,0,100,0.6,38
38,0.021956087824351298,0,100,0.6,38
39,0.013487684446777854,0,100,0.6,38
40,0.014809224925169416,0,100,0.6,38
41,0.021956087824351298,0,100,0.6,38
42,0.021956087824351298,0,100,0.6,38
43,0.021956087824351298,0,100,0.6,38
44,0.041916167664670656,0,100,0.6,38
45,0.0499001996007984,0,100,0.6,38
46,0.09580838323353294,0,100,0.6,38
0,0.04790419161676647,0,100,0.6,39
1,0.06986027944111776,0,100,0.6,39
2,0.18962075848303392,0,100,0.6,39
3,0.21357285429141717,0,100,0.6,39
4,0.19760479041916168,0,100,0.6,39
5,0.023952095808383235,0,100,0.6,39
6,0.023952095808383235,0,100,0.6,39
7,0.0023626444887972775,3,100,0.6,39
8,0.029940119760479042,0,100,0.6,39
9,0.02594810379241517,0,100,0.6,39
10,0.010404207439493766,0,100,0.6,39
11,0.023952095808383235,0,100,0.6,39
12,0.008258824314573456,1,100,0.6,39
13,0.012213136546825695,0,100,0.6,39
14,0.023952095808383235,0,100,0.6,39
15,0.003238387625037631,1,100,0.6,39
16,0.0658682634730539,0,100,0.6,39
17,0.20958083832335328,0,100,0.6,39
18,0.0499001996007984,0,100,0.6,39
19,0.03792415169660679,0,100,0.6,39
20,0.1317365269461078,0,100,0.6,39
21,0.1277445109780439,0,100,0.6,39
22,0.11776447105788423,0,100,0.6,39
23,0.1377245508982036,0,100,0.6,39
24,0.2554890219560878,0,100,0.6,39
25,0.033932135728542916,0,100,0.6,39
26,0.043912175648702596,0,100,0.6,39
27,0.08982035928143713,0,100,0.6,39
28,0.25149700598802394,0,100,0.6,39
29,0.21956087824351297,0,100,0.6,39
30,0.22554890219560877,0,100,0.6,39
31,0.40119760479041916,0,100,0.6,39
32,0.11177644710578842,0,100,0.6,39
33,0.03992015968063872,0,100,0.6,39
34,0.027944111776447105,0,100,0.6,39
35,0.027944111776447105,0,100,0.6,39
36,0.03792415169660679,0,100,0.6,39
37,0.06387225548902195,0,100,0.6,39
38,0.06187624750499002,0,100,0.6,39
39,0.21956087824351297,0,100,0.6,39
40,0.1656686626746507,0,100,0.6,39
41,0.07584830339321358,0,100,0.6,39
42,0.03592814371257485,0,100,0.6,39
43,0.2215568862275449,0,100,0.6,39
44,0.25748502994011974,0,100,0.6,39
45,0.0998003992015968,0,100,0.6,39
46,0.09580838323353294,0,100,0.6,39
0,0.06387225548902195,0,100,0.6,40
1,0.0499001996007984,0,100,0.6,40
2,0.041916167664670656,0,100,0.6,40
3,0.10778443113772455,0,100,0.6,40
4,0.1437125748502994,0,100,0.6,40
5,0.2155688622754491,0,100,0.6,40
6,0.16367265469061876,0,100,0.6,40
7,0.15169660678642716,0,100,0.6,40
8,0.19161676646706588,0,100,0.6,40
9,0.11976047904191617,0,100,0.6,40
10,0.03792415169660679,0,100,0.6,40
11,0.02594810379241517,0,100,0.6,40
12,0.021956087824351298,0,100,0.6,40
13,0.00702092191569636,1,100,0.6,40
14,0.02594810379241517,0,100,0.6,40
15,0.07784431137724551,0,100,0.6,40
16,0.10778443113772455,0,100,0.6,40
17,0.07984031936127745,0,100,0.6,40
18,0.05389221556886228,0,100,0.6,40
19,0.03792415169660679,0,100,0.6,40
20,0.021956087824351298,0,100,0.6,40
21,0.02594810379241517,0,100,0.6,40
22,0.00907301796985172,1,100,0.6,40
23,0.0088817388156876,1,100,0.6,40
24,0.02594810379241517,0,100,0.6,40
25,0.031936127744510975,0,100,0.6,40
26,0.04790419161676647,0,100,0.6,40
27,0.005370145755232391,1,100,0.6,40
28,0.0020051630290304906,1,100,0.6,40
29,0.003364464146345947,1,100,0.6,40
30,0.011323972049605835,0,100,0.6,40
31,0.0499001996007984,0,100,0.6,40
32,0.07385229540918163,0,100,0.6,40
33,0.05389221556886228,0,100,0.6,40
34,0.07584830339321358,0,100,0.6,40
35,0.03992015968063872,0,100,0.6,40
36,0.033932135728542916,0,100,0.6,40
37,0.059880239520958084,0,100,0.6,40
38,0.02594810379241517,0,100,0.6,40
39,0.021956087824351298,0,100,0.6,40
40,0.02594810379241517,0,100,0.6,40
41,0.0499001996007984,0,100,0.6,40
42,0.02594810379241517,0,100,0.6,40
43,0.02594810379241517,0,100,0.6,40
44,0.02594810379241517,0,100,0.6,40
45,0.0499001996007984,0,100,0.6,40
46,0.07984031936127745,0,100,0.6,40
0,0.01674244117201903,0,100,0.6,41
1,0.0058500058485598146,1,100,0.6,41
2,0.01231027520049918,0,100,0.6,41
3,0.009059363554276027,1,100,0.6,41
4,0.004618130081936682,1,100,0.6,41
5,0.003942481249066455,1,100,0.6,41
6,0.00874755465925582,1,100,0.6,41
7,0.016019950560316427,0,100,0.6,41
8,0.012259510121484298,0,100,0.6,41
9,0.04590818363273453,0,100,0.6,41
10,0.05389221556886228,0,100,0.6,41
11,0.043912175648702596,0,100,0.6,41
12,0.027944111776447105,0,100,0.6,41
13,0.005476335882802138,4,100,0.6,41
14,0.001758764143342209,4,100,0.6,41
15,0.041916167664670656,0,100,0.6,41
16,0.18562874251497005,0,100,0.6,41
17,0.1497005988023952,0,100,0.6,41
18,0.05788423153692615,0,100,0.6,41
19,0.03792415169660679,0,100,0.6,41
20,0.031936127744510975,0,100,0.6,41
21,0.0499001996007984,0,100,0.6,41
22,0.033932135728542916,0,100,0.6,41
23,0.03992015968063872,0,100,0.6,41
24,0.009187530000513087,1,100,0.6,41
25,0.0075999497106646234,1,100,0.6,41
26,0.0063811281276980525,1,100,0.6,41
27,0.003376843955094499,4,100,0.6,41
28,0.003664005271436505,2,100,0.6,41
29,0.0025346582176766826,4,100,0.6,41
30,0.003826046191287343,3,100,0.6,41
31,0.015756208888504868,0,100,0.6,41
32,0.021956087824351298,0,100,0.6,41
33,0.0499001996007984,0,100,0.6,41
34,0.04590818363273453,0,100,0.6,41
35,0.014175112013108752,0,100,0.6,41
36,0.004817763569172261,2,100,0.6,41
37,0.005345768325708961,2,100,0.6,41
38,0.0039075606386099315,4,100,0.6,41
39,0.0020736546384370275,5,100,0.6,41
40,0.003000515904928825,2,100,0.6,41
41,0.006920202932500551,1,100,0.6,41
42,0.011354726316767247,0,100,0.6,41
43,0.03992015968063872,0,100,0.6,41
44,0.09181636726546906,0,100,0.6,41
45,0.041916167664670656,0,100,0.6,41
46,0.08582834331337326,0,100,0.6,41
0,0.0035273352954484946,2,100,0.6,42
1,0.017932966038290463,0,100,0.6,42
2,0.03592814371257485,0,100,0.6,42
3,0.05389221556886228,0,100,0.6,42
4,0.06786427145708583,0,100,0.6,42
5,0.059880239520958084,0,100,0.6,42
6,0.06187624750499002,0,100,0.6,42
7,0.027944111776447105,0,100,0.6,42
8,0.01809715664218235,0,100,0.6,42
9,0.033932135728542916,0,100,0.6,42
10,0.031936127744510975,0,100,0.6,42
11,0.012147076151758971,0,100,0.6,42
12,0.03792415169660679,0,100,0.6,42
13,0.07784431137724551,0,100,0.6,42
14,0.1277445109780439,0,100,0.6,42
15,0.1437125748502994,0,100,0.6,42
16,0.13572854291417166,0,100,0.6,42
17,0.06986027944111776,0,100,0.6,42
18,0.014184230422804223,0,100,0.6,42
19,0.021956087824351298,0,100,0.6,42
20,0.004173930269788112,1,100,0.6,42
21,0.033932135728542916,0,100,0.6,42
22,0.004838996055810181,2,100,0.6,42
23,0.006016560677737014,2,100,0.6,42
24,0.004131125185729876,2,100,0.6,42
25,0.004361812089044135,2,100,0.6,42
26,0.022039942513125733,0,100,0.6,42
27,0.009528503596894304,1,100,0.6,42
28,0.005845086797415481,2,100,0.6,42
29,0.010409474597765183,0,100,0.6,42
30,0.009315775287717239,1,100,0.6,42
31,0.033932135728542916,0,100,0.6,42
32,0.009429300628126504,1,100,0.6,42
33,0.0014402476109885108,4,100,0.6,42
34,0.0026186513045310658,4,100,0.6,42
35,0.006952681084083364,3,100,0.6,42
36,0.0658682634730539,0,100,0.6,42
37,0.07784431137724551,0,100,0.6,42
38,0.033932135728542916,0,100,0.6,42
39,0.008953646541609572,1,100,0.6,42
40,0.003965690980830362,1,100,0.6,42
41,0.0044851243191179665,1,100,0.6,42
42,0.009590890438739536,1,100,0.6,42
43,0.009345904231395431,1,100,0.6,42
44,0.05189620758483034,0,100,0.6,42
45,0.07584830339321358,0,100,0.6,42
46,0.0658682634730539,0,100,0.6,42
0,0.0004524461928492472,7,100,0.6,43
1,0.0017798557972566647,3,100,0.6,43
2,0.0040226104402154945,1,100,0.6,43
3,0.009463543938727708,1,100,0.6,43
4,0.0052748623173209585,1,100,0.6,43
5,0.008025073820019575,2,100,0.6,43
6,0.029940119760479042,0,100,0.6,43
7,0.017987568057402755,0,100,0.6,43
8,0.005958702497281292,1,100,0.6,43
9,0.0010089110088208374,3,100,0.6,43
10,0.002877920295984711,3,100,0.6,43
11,0.007384924181756201,1,100,0.6,43
12,0.008383358345747303,1,100,0.6,43
13,0.027944111776447105,0,100,0.6,43
14,0.01084756920725008,0,100,0.6,43
15,0.004231265829443951,1,100,0.6,43
16,0.0034555297859759563,1,100,0.6,43
17,0.009398570728477055,1,100,0.6,43
18,0.002900526346729885,2,100,0.6,43
19,0.0026903812883383813,2,100,0.6,43
20,0.003681231157936435,5,100,0.6,43
21,0.003981687255758908,3,100,0.6,43
22,0.0031638248901609506,4,100,0.6,43
23,0.0036876323113265845,2,100,0.6,43
24,0.0028175150308426848,4,100,0.6,43
25,0.003428308794537269,6,100,0.6,43
26,0.005102732770451176,3,100,0.6,43
27,0.006801480368129317,1,100,0.6,43
28,0.0058830981659592045,4,100,0.6,43
29,0.002191546097905312,4,100,0.6,43
30,0.0033263842705223896,7,100,0.6,43
31,0.002726918594920585,10,100,0.6,43
32,0.003669922732375236,6,100,0.6,43
33,0.005565090538886974,1,100,0.6,43
34,0.005403359687912192,1,100,0.6,43
35,0.043912175648702596,0,100,0.6,43
36,0.031936127744510975,0,100,0.6,43
37,0.029940119760479042,0,100,0.6,43
38,0.015450275464807742,0,100,0.6,43
39,0.010772513659551772,0,100,0.6,43
40,0.008300784767498915,1,100,0.6,43
41,0.007848793623012362,1,100,0.6,43
42,0.004584545318496714,1,100,0.6,43
43,0.0045503186308246905,1,100,0.6,43
44,0.023952095808383235,0,100,0.6,43
45,0.02594810379241517,0,100,0.6,43
46,0.027944111776447105,0,100,0.6,43
0,0.2934131736526946,0,100,0.6,44
1,0.12375249500998003,0,100,0.6,44
2,0.10179640718562874,0,100,0.6,44
3,0.00870988184018645,1,100,0.6,44
4,0.006268460183525178,1,100,0.6,44
5,0.012115814165688596,0,100,0.6,44
6,0.04790419161676647,0,100,0.6,44
7,0.05788423153692615,0,100,0.6,44
8,0.18363273453093812,0,100,0.6,44
9,0.16966067864271456,0,100,0.6,44
10,0.1536926147704591,0,100,0.6,44
11,0.19560878243512975,0,100,0.6,44
12,0.10578842315369262,0,100,0.6,44
13,0.3253493013972056,0,100,0.6,44
14,0.2375249500998004,0,100,0.6,44
15,0.029940119760479042,0,100,0.6,44
16,0.027944111776447105,0,100,0.6,44
17,0.012136317762881444,0,100,0.6,44
18,0.22355289421157684,0,100,0.6,44
19,0.3992015968063872,0,100,0.6,44
20,0.17764471057884232,0,100,0.6,44
21,0.20758483033932135,0,100,0.6,44
22,0.26746506986027946,0,100,0.6,44
23,0.4171656686626746,0,100,0.6,44
24,0.1497005988023952,0,100,0.6,44
25,0.009261221200389774,1,100,0.6,44
26,0.027944111776447105,0,100,0.6,44
27,0.007018337536703456,1,100,0.6,44
28,0.019439040095932936,0,100,0.6,44
29,0.0058051795898017905,1,100,0.6,44
30,0.02594810379241517,0,100,0.6,44
31,0.08982035928143713,0,100,0.6,44
32,0.14570858283433133,0,100,0.6,44
33,0.1656686626746507,0,100,0.6,44
34,0.15768463073852296,0,100,0.6,44
35,0.34930139720558884,0,100,0.6,44
36,0.4590818363273453,0,100,0.6,44
37,0.2714570858283433,0,100,0.6,44
38,0.05788423153692615,0,100,0.6,44
39,0.008714535927779914,1,100,0.6,44
40,0.09580838323353294,0,100,0.6,44
41,0.05588822355289421,0,100,0.6,44
42,0.10179640718562874,0,100,0.6,44
43,0.1317365269461078,0,100,0.6,44
44,0.1157684630738523,0,100,0.6,44
45,0.18962075848303392,0,100,0.6,44
46,0.13572854291417166,0,100,0.6,44
0,0.00487064513658815,1,100,0.6,45
1,0.003572026260179547,3,100,0.6,45
2,0.009905507049769127,1,100,0.6,45
3,0.00410851095771816,1,100,0.6,45
4,0.003834986812864478,2,100,0.6,45
5,0.01593368116336603,0,100,0.6,45
6,0.017163696993820563,0,100,0.6,45
7,0.03592814371257485,0,100,0.6,45
8,0.02594810379241517,0,100,0.6,45
9,0.011041026133542159,0,100,0.6,45
10,0.0048538701015377874,1,100,0.6,45
11,0.008438861243500923,1,100,0.6,45
12,0.004711600656073054,1,100,0.6,45
13,0.0059739012097651326,1,100,0.6,45
14,0.013977965079960296,0,100,0.6,45
15,0.011088335931230046,0,100,0.6,45
16,0.007046115402693687,1,100,0.6,45
17,0.007479134548167277,1,100,0.6,45
18,0.004700632536855453,3,100,0.6,45
19,0.0005881953423473395,7,100,0.6,45
20,0.0005116207018838945,11,100,0.6,45
21,0.0010195707221985256,4,100,0.6,45
22,0.0010176719166605952,3,100,0.6,45
23,0.0017345982230609976,2,100,0.6,45
24,0.009843975964880708,1,100,0.6,45
25,0.033932135728542916,0,100,0.6,45
26,0.02594810379241517,0,100,0.6,45
27,0.010153173851576788,0,100,0.6,45
28,0.003747388027772403,4,100,0.6,45
29,0.0014677835498613085,5,100,0.6,45
30,0.0007752266248582408,1,100,0.6,45
31,0.0005062357211755882,3,100,0.6,45
32,0.00102735325085884,3,100,0.6,45
33,0.0013466342198910036,4,100,0.6,45
34,0.0015409555328821977,2,100,0.6,45
35,0.0018697206467292483,2,100,0.6,45
36,0.001276755562334417,4,100,0.6,45
37,0.0016363296605835327,3,100,0.6,45
38,0.0009374418538414741,1,100,0.6,45
39,0.0012935077800649082,1,100,0.6,45
40,0.003072753577529888,1,100,0.6,45
41,0.00796214773723825,1,100,0.6,45
42,0.002123217006343509,1,100,0.6,45
43,0.0008017407079675299,1,100,0.6,45
44,0.000848334113633061,1,100,0.6,45
45,0.0005823215066662398,1,100,0.6,45
46,0.0007187408973904925,1,100,0.6,45
0,0.023952095808383235,0,100,0.6,47
1,0.007486228916818588,1,100,0.6,47
2,0.01280058462011626,0,100,0.6,47
3,0.03792415169660679,0,100,0.6,47
4,0.16766467065868262,0,100,0.6,47
5,0.2954091816367265,0,100,0.6,47
6,0.19161676646706588,0,100,0.6,47
7,0.18762475049900199,0,100,0.6,47
8,0.09580838323353294,0,100,0.6,47
9,0.031936127744510975,0,100,0.6,47
10,0.007141139425584392,1,100,0.6,47
11,0.003911194476995106,2,100,0.6,47
12,0.0011518732161278208,4,100,0.6,47
13,0.0011184728123807331,2,100,0.6,47
14,0.002198769515389718,2,100,0.6,47
15,0.005136120536918185,1,100,0.6,47
16,0.01285144048260154,0,100,0.6,47
17,0.06187624750499002,0,100,0.6,47
18,0.015400897813463613,0,100,0.6,47
19,0.015775810459776465,0,100,0.6,47
20,0.023952095808383235,0,100,0.6,47
21,0.016291627932425282,0,100,0.6,47
22,0.009216686344895782,1,100,0.6,47
23,0.04790419161676647,0,100,0.6,47
24,0.05389221556886228,0,100,0.6,47
25,0.09780439121756487,0,100,0.6,47
26,0.20359281437125748,0,100,0.6,47
27,0.46506986027944114,0,100,0.6,47
28,0.24151696606786427,0,100,0.6,47
29,0.11377245508982035,0,100,0.6,47
30,0.059880239520958084,0,100,0.6,47
31,0.015602447290208305,0,100,0.6,47
32,0.004481036739205555,1,100,0.6,47
33,0.004991018471468539,1,100,0.6,47
34,0.00957060711027833,1,100,0.6,47
35,0.013539815211021058,0,100,0.6,47
36,0.023952095808383235,0,100,0.6,47
37,0.023952095808383235,0,100,0.6,47
38,0.023952095808383235,0,100,0.6,47
39,0.014467378326773493,0,100,0.6,47
40,0.023952095808383235,0,100,0.6,47
41,0.043912175648702596,0,100,0.6,47
42,0.06986027944111776,0,100,0.6,47
43,0.012273685422170427,0,100,0.6,47
44,0.023952095808383235,0,100,0.6,47
45,0.023952095808383235,0,100,0.6,47
46,0.023952095808383235,0,100,0.6,47
0,0.04790419161676647,0,100,0.6,46
1,0.25349301397205587,0,100,0.6,46
2,0.1217564870259481,0,100,0.6,46
3,0.08383233532934131,0,100,0.6,46
4,0.06986027944111776,0,100,0.6,46
5,0.02594810379241517,0,100,0.6,46
6,0.014395315142304294,0,100,0.6,46
7,0.02594810379241517,0,100,0.6,46
8,0.02594810379241517,0,100,0.6,46
9,0.029940119760479042,0,100,0.6,46
10,0.06187624750499002,0,100,0.6,46
11,0.029940119760479042,0,100,0.6,46
12,0.029940119760479042,0,100,0.6,46
13,0.023952095808383235,0,100,0.6,46
14,0.012726475974763372,0,100,0.6,46
15,0.019030279882775888,0,100,0.6,46
16,0.031936127744510975,0,100,0.6,46
17,0.029940119760479042,0,100,0.6,46
18,0.02594810379241517,0,100,0.6,46
19,0.029940119760479042,0,100,0.6,46
20,0.09381237524950099,0,100,0.6,46
21,0.07784431137724551,0,100,0.6,46
22,0.14171656686626746,0,100,0.6,46
23,0.19560878243512975,0,100,0.6,46
24,0.09780439121756487,0,100,0.6,46
25,0.06786427145708583,0,100,0.6,46
26,0.05588822355289421,0,100,0.6,46
27,0.04790419161676647,0,100,0.6,46
28,0.09780439121756487,0,100,0.6,46
29,0.041916167664670656,0,100,0.6,46
30,0.06387225548902195,0,100,0.6,46
31,0.059880239520958084,0,100,0.6,46
32,0.059880239520958084,0,100,0.6,46
33,0.07385229540918163,0,100,0.6,46
34,0.08982035928143713,0,100,0.6,46
35,0.05189620758483034,0,100,0.6,46
36,0.01075271109341669,0,100,0.6,46
37,0.015347967471014294,0,100,0.6,46
38,0.1317365269461078,0,100,0.6,46
39,0.22954091816367264,0,100,0.6,46
40,0.10778443113772455,0,100,0.6,46
41,0.13572854291417166,0,100,0.6,46
42,0.03592814371257485,0,100,0.6,46
43,0.029940119760479042,0,100,0.6,46
44,0.018529936107444255,0,100,0.6,46
45,0.01885141215450377,0,100,0.6,46
46,0.07984031936127745,0,100,0.6,46
0,0.500998003992016,0,100,0.6,48
1,0.04590818363273453,0,100,0.6,48
2,0.03592814371257485,0,100,0.6,48
3,0.04590818363273453,0,100,0.6,48
4,0.04790419161676647,0,100,0.6,48
5,0.03992015968063872,0,100,0.6,48
6,0.033932135728542916,0,100,0.6,48
7,0.0499001996007984,0,100,0.6,48
8,0.06187624750499002,0,100,0.6,48
9,0.18562874251497005,0,100,0.6,48
10,0.23952095808383234,0,100,0.6,48
11,0.13373253493013973,0,100,0.6,48
12,0.05389221556886228,0,100,0.6,48
13,0.06986027944111776,0,100,0.6,48
14,0.2994011976047904,0,100,0.6,48
15,0.499001996007984,0,100,0.6,48
16,0.0998003992015968,0,100,0.6,48
17,0.0718562874251497,0,100,0.6,48
18,0.09181636726546906,0,100,0.6,48
19,0.19760479041916168,0,100,0.6,48
20,0.1596806387225549,0,100,0.6,48
21,0.06986027944111776,0,100,0.6,48
22,0.10379241516966067,0,100,0.6,48
23,0.1317365269461078,0,100,0.6,48
24,0.1437125748502994,0,100,0.6,48
25,0.12574850299401197,0,100,0.6,48
26,0.22355289421157684,0,100,0.6,48
27,0.27944111776447106,0,100,0.6,48
28,0.5528942115768463,0,100,0.6,48
29,0.07385229540918163,0,100,0.6,48
30,0.012817799555336441,0,100,0.6,48
31,0.0028392676021985397,4,100,0.6,48
32,0.004707065593295535,1,100,0.6,48
33,0.03792415169660679,0,100,0.6,48
34,0.09780439121756487,0,100,0.6,48
35,0.16367265469061876,0,100,0.6,48
36,0.04590818363273453,0,100,0.6,48
37,0.027944111776447105,0,100,0.6,48
38,0.04590818363273453,0,100,0.6,48
39,0.08982035928143713,0,100,0.6,48
40,0.20359281437125748,0,100,0.6,48
41,0.20758483033932135,0,100,0.6,48
42,0.36327345309381237,0,100,0.6,48
43,0.21357285429141717,0,100,0.6,48
44,0.2654690618762475,0,100,0.6,48
45,0.12574850299401197,0,100,0.6,48
46,0.17365269461077845,0,100,0.6,48
0,0.16367265469061876,0,100,0.6,49
1,0.17165668662674652,0,100,0.6,49
2,0.03992015968063872,0,100,0.6,49
3,0.11377245508982035,0,100,0.6,49
4,0.11177644710578842,0,100,0.6,49
5,0.17365269461077845,0,100,0.6,49
6,0.2375249500998004,0,100,0.6,49
7,0.3872255489021956,0,100,0.6,49
8,0.3253493013972056,0,100,0.6,49
9,0.21756487025948104,0,100,0.6,49
10,0.2694610778443114,0,100,0.6,49
11,0.6407185628742516,0,100,0.6,49
12,0.37924151696606784,0,100,0.6,49
13,0.21756487025948104,0,100,0.6,49
14,0.18962075848303392,0,100,0.6,49
15,0.16966067864271456,0,100,0.6,49
16,0.15568862275449102,0,100,0.6,49
17,0.13373253493013973,0,100,0.6,49
18,0.13972055888223553,0,100,0.6,49
19,0.3592814371257485,0,100,0.6,49
20,0.18562874251497005,0,100,0.6,49
21,0.31736526946107785,0,100,0.6,49
22,0.500998003992016,0,100,0.6,49
23,0.4630738522954092,0,100,0.6,49
24,0.6806387225548902,0,100,0.6,49
25,0.35728542914171657,0,100,0.6,49
26,0.1656686626746507,0,100,0.6,49
27,0.1536926147704591,0,100,0.6,49
28,0.22355289421157684,0,100,0.6,49
29,0.47305389221556887,0,100,0.6,49
30,0.5389221556886228,0,100,0.6,49
31,0.10778443113772455,0,100,0.6,49
32,0.029940119760479042,0,100,0.6,49
33,0.033932135728542916,0,100,0.6,49
34,0.04590818363273453,0,100,0.6,49
35,0.2634730538922156,0,100,0.6,49
36,0.23952095808383234,0,100,0.6,49
37,0.25149700598802394,0,100,0.6,49
38,0.29740518962075846,0,100,0.6,49
39,0.32335329341317365,0,100,0.6,49
40,0.34930139720558884,0,100,0.6,49
41,0.2994011976047904,0,100,0.6,49
42,0.5209580838323353,0,100,0.6,49
43,0.6487025948103793,0,100,0.6,49
44,0.5588822355289421,0,100,0.6,49
45,0.25948103792415167,0,100,0.6,49
46,0.1437125748502994,0,100,0.6,49
0,0.006139297684970732,1,100,0.6,51
1,0.021956087824351298,0,100,0.6,51
2,0.004497882503685988,3,100,0.6,51
3,0.012226367822108364,0,100,0.6,51
4,0.03592814371257485,0,100,0.6,51
5,0.015148140083850646,0,100,0.6,51
6,0.03992015968063872,0,100,0.6,51
7,0.03992015968063872,0,100,0.6,51
8,0.04790419161676647,0,100,0.6,51
9,0.05588822355289421,0,100,0.6,51
10,0.06387225548902195,0,100,0.6,51
11,0.10379241516966067,0,100,0.6,51
12,0.08782435129740519,0,100,0.6,51
13,0.059880239520958084,0,100,0.6,51
14,0.07584830339321358,0,100,0.6,51
15,0.08183632734530938,0,100,0.6,51
16,0.05389221556886228,0,100,0.6,51
17,0.059880239520958084,0,100,0.6,51
18,0.10179640718562874,0,100,0.6,51
19,0.06187624750499002,0,100,0.6,51
20,0.027944111776447105,0,100,0.6,51
21,0.04790419161676647,0,100,0.6,51
22,0.029940119760479042,0,100,0.6,51
23,0.03592814371257485,0,100,0.6,51
24,0.02594810379241517,0,100,0.6,51
25,0.00962801605807798,1,100,0.6,51
26,0.004584284084782994,2,100,0.6,51
27,0.0030547037184200493,4,100,0.6,51
28,0.00363682597212609,3,100,0.6,51
29,0.012267441760471204,0,100,0.6,51
30,0.019930511468228815,0,100,0.6,51
31,0.02042728410155982,0,100,0.6,51
32,0.2155688622754491,0,100,0.6,51
33,0.21157684630738524,0,100,0.6,51
34,0.031936127744510975,0,100,0.6,51
35,0.005159149884001484,2,100,0.6,51
36,0.0017392188596228415,6,100,0.6,51
37,0.0017049920280885458,5,100,0.6,51
38,0.003691828807668394,1,100,0.6,51
39,0.00957058629955287,1,100,0.6,51
40,0.012028003129475672,0,100,0.6,51
41,0.05788423153692615,0,100,0.6,51
42,0.018563695521392472,0,100,0.6,51
43,0.021956087824351298,0,100,0.6,51
44,0.07385229540918163,0,100,0.6,51
45,0.07584830339321358,0,100,0.6,51
46,0.05588822355289421,0,100,0.6,51
0,0.010432855054833696,0,100,0.6,50
1,0.02122897789569826,0,100,0.6,50
2,0.006313378814519869,5,100,0.6,50
3,0.004140037157155497,2,100,0.6,50
4,0.002993957075997342,2,100,0.6,50
5,0.01625112307636317,0,100,0.6,50
6,0.07584830339321358,0,100,0.6,50
7,0.17764471057884232,0,100,0.6,50
8,0.03592814371257485,0,100,0.6,50
9,0.00424160328351648,3,100,0.6,50
10,0.0035783143612707555,2,100,0.6,50
11,0.0027344878730813094,3,100,0.6,50
12,0.004487615780896408,1,100,0.6,50
13,0.012092680074757563,0,100,0.6,50
14,0.03992015968063872,0,100,0.6,50
15,0.043912175648702596,0,100,0.6,50
16,0.08582834331337326,0,100,0.6,50
17,0.10578842315369262,0,100,0.6,50
18,0.14570858283433133,0,100,0.6,50
19,0.08183632734530938,0,100,0.6,50
20,0.09181636726546906,0,100,0.6,50
21,0.07385229540918163,0,100,0.6,50
22,0.10778443113772455,0,100,0.6,50
23,0.14570858283433133,0,100,0.6,50
24,0.17764471057884232,0,100,0.6,50
25,0.14770459081836326,0,100,0.6,50
26,0.08982035928143713,0,100,0.6,50
27,0.08183632734530938,0,100,0.6,50
28,0.05788423153692615,0,100,0.6,50
29,0.031936127744510975,0,100,0.6,50
30,0.03992015968063872,0,100,0.6,50
31,0.011405021391814037,0,100,0.6,50
32,0.015176912497162062,0,100,0.6,50
33,0.008216897170621454,1,100,0.6,50
34,0.009725550716724284,1,100,0.6,50
35,0.013677658676923136,0,100,0.6,50
36,0.06187624750499002,0,100,0.6,50
37,0.12574850299401197,0,100,0.6,50
38,0.05189620758483034,0,100,0.6,50
39,0.043912175648702596,0,100,0.6,50
40,0.03992015968063872,0,100,0.6,50
41,0.007672182711328402,1,100,0.6,50
42,0.002798950524615015,1,100,0.6,50
43,0.0029229043190691583,1,100,0.6,50
44,0.0017069623633988536,1,100,0.6,50
45,0.003225925430604658,1,100,0.6,50
46,0.0059267517321337495,1,100,0.6,50
0,0.11377245508982035,0,100,0.6,52
1,0.08782435129740519,0,100,0.6,52
2,0.04590818363273453,0,100,0.6,52
3,0.02594810379241517,0,100,0.6,52
4,0.03992015968063872,0,100,0.6,52
5,0.16766467065868262,0,100,0.6,52
6,0.49700598802395207,0,100,0.6,52
7,0.10179640718562874,0,100,0.6,52
8,0.011707093247110105,0,100,0.6,52
9,0.012042452689189569,0,100,0.6,52
10,0.027944111776447105,0,100,0.6,52
11,0.08183632734530938,0,100,0.6,52
12,0.03992015968063872,0,100,0.6,52
13,0.029940119760479042,0,100,0.6,52
14,0.05588822355289421,0,100,0.6,52
15,0.04590818363273453,0,100,0.6,52
16,0.04590818363273453,0,100,0.6,52
17,0.07984031936127745,0,100,0.6,52
18,0.06387225548902195,0,100,0.6,52
19,0.041916167664670656,0,100,0.6,52
20,0.09181636726546906,0,100,0.6,52
21,0.04790419161676647,0,100,0.6,52
22,0.027944111776447105,0,100,0.6,52
23,0.009068072888018464,1,100,0.6,52
24,0.010524891056093588,0,100,0.6,52
25,0.021956087824351298,0,100,0.6,52
26,0.02594810379241517,0,100,0.6,52
27,0.007371585269184558,1,100,0.6,52
28,0.0047480076164457905,1,100,0.6,52
29,0.007829056313024057,2,100,0.6,52
30,0.0067493093985829455,2,100,0.6,52
31,0.0127008205438684,0,100,0.6,52
32,0.008315344230247684,1,100,0.6,52
33,0.0014542018986912662,1,100,0.6,52
34,0.0012910646876650297,1,100,0.6,52
35,0.0024831498387195656,1,100,0.6,52
36,0.015888283870605063,0,100,0.6,52
37,0.06187624750499002,0,100,0.6,52
38,0.019548053277853885,0,100,0.6,52
39,0.03592814371257485,0,100,0.6,52
40,0.09381237524950099,0,100,0.6,52
41,0.0658682634730539,0,100,0.6,52
42,0.0036754537827892366,1,100,0.6,52
43,0.00030775051496430197,1,100,0.6,52
44,0.003912210456526719,1,100,0.6,52
45,0.08183632734530938,0,100,0.6,52
46,0.2634730538922156,0,100,0.6,52
0,0.11976047904191617,0,100,0.6,53
1,0.2215568862275449,0,100,0.6,53
2,0.16367265469061876,0,100,0.6,53
3,0.24550898203592814,0,100,0.6,53
4,0.4630738522954092,0,100,0.6,53
5,0.36327345309381237,0,100,0.6,53
6,0.3073852295409182,0,100,0.6,53
7,0.08982035928143713,0,100,0.6,53
8,0.027944111776447105,0,100,0.6,53
9,0.03992015968063872,0,100,0.6,53
10,0.07584830339321358,0,100,0.6,53
11,0.033932135728542916,0,100,0.6,53
12,0.013049656458805832,0,100,0.6,53
13,0.01189935238661858,0,100,0.6,53
14,0.008365227599934045,1,100,0.6,53
15,0.0026047355880692586,1,100,0.6,53
16,0.013099617269695017,0,100,0.6,53
17,0.34530938123752497,0,100,0.6,53
18,0.31137724550898205,0,100,0.6,53
19,0.3532934131736527,0,100,0.6,53
20,0.2155688622754491,0,100,0.6,53
21,0.2754491017964072,0,100,0.6,53
22,0.4091816367265469,0,100,0.6,53
23,0.24550898203592814,0,100,0.6,53
24,0.23353293413173654,0,100,0.6,53
25,0.43313373253493015,0,100,0.6,53
26,0.35728542914171657,0,100,0.6,53
27,0.25149700598802394,0,100,0.6,53
28,0.2654690618762475,0,100,0.6,53
29,0.5429141716566867,0,100,0.6,53
30,0.2435129740518962,0,100,0.6,53
31,0.17365269461077845,0,100,0.6,53
32,0.07784431137724551,0,100,0.6,53
33,0.031936127744510975,0,100,0.6,53
34,0.04790419161676647,0,100,0.6,53
35,0.014142261612936328,0,100,0.6,53
36,0.05189620758483034,0,100,0.6,53
37,0.0998003992015968,0,100,0.6,53
38,0.3313373253493014,0,100,0.6,53
39,0.5109780439121756,0,100,0.6,53
40,0.36127744510978044,0,100,0.6,53
41,0.07784431137724551,0,100,0.6,53
42,0.19560878243512975,0,100,0.6,53
43,0.19760479041916168,0,100,0.6,53
44,0.26147704590818366,0,100,0.6,53
45,0.0998003992015968,0,100,0.6,53
46,0.02594810379241517,0,100,0.6,53
0,0.20359281437125748,0,100,0.6,55
1,0.3333333333333333,0,100,0.6,55
2,0.22554890219560877,0,100,0.6,55
3,0.25948103792415167,0,100,0.6,55
4,0.23552894211576847,0,100,0.6,55
5,0.15169660678642716,0,100,0.6,55
6,0.0998003992015968,0,100,0.6,55
7,0.06786427145708583,0,100,0.6,55
8,0.2375249500998004,0,100,0.6,55
9,0.29141716566866266,0,100,0.6,55
10,0.2155688622754491,0,100,0.6,55
11,0.1936127744510978,0,100,0.6,55
12,0.2714570858283433,0,100,0.6,55
13,0.2654690618762475,0,100,0.6,55
14,0.07584830339321358,0,100,0.6,55
15,0.17165668662674652,0,100,0.6,55
16,0.14770459081836326,0,100,0.6,55
17,0.16367265469061876,0,100,0.6,55
18,0.3033932135728543,0,100,0.6,55
19,0.1656686626746507,0,100,0.6,55
20,0.12574850299401197,0,100,0.6,55
21,0.059880239520958084,0,100,0.6,55
22,0.03992015968063872,0,100,0.6,55
23,0.05788423153692615,0,100,0.6,55
24,0.14770459081836326,0,100,0.6,55
25,0.24750499001996007,0,100,0.6,55
26,0.2694610778443114,0,100,0.6,55
27,0.4491017964071856,0,100,0.6,55
28,0.469061876247505,0,100,0.6,55
29,0.31137724550898205,0,100,0.6,55
30,0.2055888223552894,0,100,0.6,55
31,0.1217564870259481,0,100,0.6,55
32,0.09381237524950099,0,100,0.6,55
33,0.2215568862275449,0,100,0.6,55
34,0.313373253493014,0,100,0.6,55
35,0.2994011976047904,0,100,0.6,55
36,0.17964071856287425,0,100,0.6,55
37,0.14770459081836326,0,100,0.6,55
38,0.0998003992015968,0,100,0.6,55
39,0.12375249500998003,0,100,0.6,55
40,0.031936127744510975,0,100,0.6,55
41,0.09580838323353294,0,100,0.6,55
42,0.06387225548902195,0,100,0.6,55
43,0.06387225548902195,0,100,0.6,55
44,0.06986027944111776,0,100,0.6,55
45,0.12574850299401197,0,100,0.6,55
46,0.2554890219560878,0,100,0.6,55
0,0.1217564870259481,0,100,0.6,54
1,0.01866975537582722,0,100,0.6,54
2,0.006503078267583291,2,100,0.6,54
3,0.008898411801022903,1,100,0.6,54
4,0.015334650075736346,0,100,0.6,54
5,0.023970436999224146,0,100,0.6,54
6,0.0026424541499886663,1,100,0.6,54
7,0.001791610409842304,1,100,0.6,54
8,0.05588822355289421,0,100,0.6,54
9,0.015373918404684099,0,100,0.6,54
10,0.007935984372317092,1,100,0.6,54
11,0.008134905183744169,1,100,0.6,54
12,0.16966067864271456,0,100,0.6,54
13,0.2994011976047904,0,100,0.6,54
14,0.26147704590818366,0,100,0.6,54
15,0.041916167664670656,0,100,0.6,54
16,0.029940119760479042,0,100,0.6,54
17,0.006181179839751414,2,100,0.6,54
18,0.018651041719079855,0,100,0.6,54
19,0.11177644710578842,0,100,0.6,54
20,0.2894211576846307,0,100,0.6,54
21,0.24550898203592814,0,100,0.6,54
22,0.027944111776447105,0,100,0.6,54
23,0.04590818363273453,0,100,0.6,54
24,0.12574850299401197,0,100,0.6,54
25,0.0718562874251497,0,100,0.6,54
26,0.10179640718562874,0,100,0.6,54
27,0.06387225548902195,0,100,0.6,54
28,0.17365269461077845,0,100,0.6,54
29,0.06387225548902195,0,100,0.6,54
30,0.013197813258209515,0,100,0.6,54
31,0.0013953532722144456,5,100,0.6,54
32,0.0005692792806453677,7,100,0.6,54
33,0.0004971892917029154,6,100,0.6,54
34,0.00031748318124819985,8,100,0.6,54
35,0.003015782514003206,2,100,0.6,54
36,0.014131727444366558,0,100,0.6,54
37,0.04790419161676647,0,100,0.6,54
38,0.008881376018490093,1,100,0.6,54
39,0.0073142994778505575,1,100,0.6,54
40,0.016218726229087314,0,100,0.6,54
41,0.03992015968063872,0,100,0.6,54
42,0.42714570858283435,0,100,0.6,54
43,0.16766467065868262,0,100,0.6,54
44,0.2215568862275449,0,100,0.6,54
45,0.041916167664670656,0,100,0.6,54
46,0.004321038439687128,1,100,0.6,54
0,0.10778443113772455,0,100,0.6,56
1,0.1377245508982036,0,100,0.6,56
2,0.249500998003992,0,100,0.6,56
3,0.38323353293413176,0,100,0.6,56
4,0.3313373253493014,0,100,0.6,56
5,0.2894211576846307,0,100,0.6,56
6,0.3273453093812375,0,100,0.6,56
7,0.19560878243512975,0,100,0.6,56
8,0.15169660678642716,0,100,0.6,56
9,0.07584830339321358,0,100,0.6,56
10,0.09181636726546906,0,100,0.6,56
11,0.11177644710578842,0,100,0.6,56
12,0.13972055888223553,0,100,0.6,56
13,0.29740518962075846,0,100,0.6,56
14,0.3812375249500998,0,100,0.6,56
15,0.1217564870259481,0,100,0.6,56
16,0.05189620758483034,0,100,0.6,56
17,0.041916167664670656,0,100,0.6,56
18,0.06187624750499002,0,100,0.6,56
19,0.1536926147704591,0,100,0.6,56
20,0.4311377245508982,0,100,0.6,56
21,0.4491017964071856,0,100,0.6,56
22,0.2994011976047904,0,100,0.6,56
23,0.17165668662674652,0,100,0.6,56
24,0.25149700598802394,0,100,0.6,56
25,0.3033932135728543,0,100,0.6,56
26,0.18562874251497005,0,100,0.6,56
27,0.18163672654690619,0,100,0.6,56
28,0.12375249500998003,0,100,0.6,56
29,0.07784431137724551,0,100,0.6,56
30,0.05189620758483034,0,100,0.6,56
31,0.09580838323353294,0,100,0.6,56
32,0.1536926147704591,0,100,0.6,56
33,0.530938123752495,0,100,0.6,56
34,0.45109780439121755,0,100,0.6,56
35,0.48502994011976047,0,100,0.6,56
36,0.3592814371257485,0,100,0.6,56
37,0.3313373253493014,0,100,0.6,56
38,0.2654690618762475,0,100,0.6,56
39,0.2275449101796407,0,100,0.6,56
40,0.42115768463073855,0,100,0.6,56
41,0.5828343313373253,0,100,0.6,56
42,0.3852295409181637,0,100,0.6,56
43,0.2894211576846307,0,100,0.6,56
44,0.09181636726546906,0,100,0.6,56
45,0.059880239520958084,0,100,0.6,56
46,0.031936127744510975,0,100,0.6,56
0,0.006814201597845586,3,100,0.6,57
1,0.013446431941274649,0,100,0.6,57
2,0.031936127744510975,0,100,0.6,57
3,0.011698611376150737,0,100,0.6,57
4,0.012828589568205172,0,100,0.6,57
5,0.023952095808383235,0,100,0.6,57
6,0.005336950789806861,2,100,0.6,57
7,0.008107587178142672,2,100,0.6,57
8,0.005796448180930579,2,100,0.6,57
9,0.0015605603725147264,12,100,0.6,57
10,0.0026052275844698387,4,100,0.6,57
11,0.0039593360244551895,2,100,0.6,57
12,0.009041673821334013,1,100,0.6,57
13,0.016611808046742036,0,100,0.6,57
14,0.021956087824351298,0,100,0.6,57
15,0.06786427145708583,0,100,0.6,57
16,0.10978043912175649,0,100,0.6,57
17,0.03792415169660679,0,100,0.6,57
18,0.029940119760479042,0,100,0.6,57
19,0.04790419161676647,0,100,0.6,57
20,0.041916167664670656,0,100,0.6,57
21,0.023952095808383235,0,100,0.6,57
22,0.05189620758483034,0,100,0.6,57
23,0.015022201995251323,0,100,0.6,57
24,0.009972525705800718,1,100,0.6,57
25,0.003511728781072743,2,100,0.6,57
26,0.005732011731688715,1,100,0.6,57
27,0.014588794255985905,0,100,0.6,57
28,0.07984031936127745,0,100,0.6,57
29,0.05389221556886228,0,100,0.6,57
30,0.00928208579687995,1,100,0.6,57
31,0.008304720983998542,1,100,0.6,57
32,0.009456307895868996,1,100,0.6,57
33,0.03592814371257485,0,100,0.6,57
34,0.03992015968063872,0,100,0.6,57
35,0.013127076044753733,0,100,0.6,57
36,0.014901391446871982,0,100,0.6,57
37,0.010734329924072219,0,100,0.6,57
38,0.01584295648829795,0,100,0.6,57
39,0.015945634349877023,0,100,0.6,57
40,0.03792415169660679,0,100,0.6,57
41,0.006828824474296096,2,100,0.6,57
42,0.007542238988297968,2,100,0.6,57
43,0.007469729000480996,4,100,0.6,57
44,0.00752507549034684,3,100,0.6,57
45,0.007930137196025713,1,100,0.6,57
46,0.01688124160297794,0,100,0.6,57
0,0.0009426801599939547,5,100,0.6,58
1,0.0004529234487992183,7,100,0.6,58
2,0.001320734475325943,5,100,0.6,58
3,0.004346939292493387,2,100,0.6,58
4,0.0009633898704466661,3,100,0.6,58
5,0.0009984220981005545,3,100,0.6,58
6,0.0015655856138553415,3,100,0.6,58
7,0.006631824684805463,2,100,0.6,58
8,0.05588822355289421,0,100,0.6,58
9,0.029940119760479042,0,100,0.6,58
10,0.05788423153692615,0,100,0.6,58
11,0.009690271165145994,1,100,0.6,58
12,0.008891727225635923,1,100,0.6,58
13,0.009619792812984078,1,100,0.6,58
14,0.0013600913850553452,4,100,0.6,58
15,0.0014788577193137883,1,100,0.6,58
16,0.0014627767886683904,2,100,0.6,58
17,0.002103111709423333,1,100,0.6,58
18,0.0023484865763340372,3,100,0.6,58
19,0.001645032126921487,5,100,0.6,58
20,0.0021422183109891272,5,100,0.6,58
21,0.0025962574286424183,3,100,0.6,58
22,0.01342566245952148,0,100,0.6,58
23,0.016607576927034174,0,100,0.6,58
24,0.012701995202462062,0,100,0.6,58
25,0.008079991891561701,1,100,0.6,58
26,0.005059626603313372,2,100,0.6,58
27,0.021956087824351298,0,100,0.6,58
28,0.017295074876506014,0,100,0.6,58
29,0.008413202005861353,1,100,0.6,58
30,0.031936127744510975,0,100,0.6,58
31,0.008136854523927482,1,100,0.6,58
32,0.00856509487264886,2,100,0.6,58
33,0.003906976211491379,6,100,0.6,58
34,0.0016413369488412325,4,100,0.6,58
35,0.002500489565079368,3,100,0.6,58
36,0.001945571119874576,5,100,0.6,58
37,0.002126172640518679,9,100,0.6,58
38,0.0013215977576965857,12,100,0.6,58
39,0.0021995283121615384,8,100,0.6,58
40,0.005407279625274549,8,100,0.6,58
41,0.008025382293851024,1,100,0.6,58
42,0.0718562874251497,0,100,0.6,58
43,0.05788423153692615,0,100,0.6,58
44,0.01496264789449271,0,100,0.6,58
45,0.011678513675860024,0,100,0.6,58
46,0.005623258367541724,2,100,0.6,58
0,0.013941341025396481,0,100,0.6,59
1,0.02594810379241517,0,100,0.6,59
2,0.029940119760479042,0,100,0.6,59
3,0.12974051896207583,0,100,0.6,59
4,0.1996007984031936,0,100,0.6,59
5,0.10578842315369262,0,100,0.6,59
6,0.04590818363273453,0,100,0.6,59
7,0.029940119760479042,0,100,0.6,59
8,0.033932135728542916,0,100,0.6,59
9,0.08782435129740519,0,100,0.6,59
10,0.10179640718562874,0,100,0.6,59
11,0.1157684630738523,0,100,0.6,59
12,0.08982035928143713,0,100,0.6,59
13,0.05788423153692615,0,100,0.6,59
14,0.04790419161676647,0,100,0.6,59
15,0.02594810379241517,0,100,0.6,59
16,0.010912320888048015,0,100,0.6,59
17,0.013542218096341624,0,100,0.6,59
18,0.07784431137724551,0,100,0.6,59
19,0.16367265469061876,0,100,0.6,59
20,0.2834331337325349,0,100,0.6,59
21,0.18562874251497005,0,100,0.6,59
22,0.09780439121756487,0,100,0.6,59
23,0.04590818363273453,0,100,0.6,59
24,0.04590818363273453,0,100,0.6,59
25,0.08183632734530938,0,100,0.6,59
26,0.04790419161676647,0,100,0.6,59
27,0.023952095808383235,0,100,0.6,59
28,0.02594810379241517,0,100,0.6,59
29,0.018475740103755994,0,100,0.6,59
30,0.014850294508309509,0,100,0.6,59
31,0.021413306916248757,0,100,0.6,59
32,0.043912175648702596,0,100,0.6,59
33,0.06387225548902195,0,100,0.6,59
34,0.05189620758483034,0,100,0.6,59
35,0.021956087824351298,0,100,0.6,59
36,0.016148493796895185,0,100,0.6,59
37,0.05189620758483034,0,100,0.6,59
38,0.1656686626746507,0,100,0.6,59
39,0.1317365269461078,0,100,0.6,59
40,0.07784431137724551,0,100,0.6,59
41,0.059880239520958084,0,100,0.6,59
42,0.06187624750499002,0,100,0.6,59
43,0.10778443113772455,0,100,0.6,59
44,0.10978043912175649,0,100,0.6,59
45,0.11177644710578842,0,100,0.6,59
46,0.08782435129740519,0,100,0.6,59
0,0.7544910179640718,0,100,0.9,0
1,0.4031936127744511,0,100,0.9,0
2,0.31736526946107785,0,100,0.9,0
3,0.40119760479041916,0,100,0.9,0
4,0.3712574850299401,0,100,0.9,0
5,0.5528942115768463,0,100,0.9,0
6,0.6686626746506986,0,100,0.9,0
7,0.6966067864271457,0,100,0.9,0
8,0.24151696606786427,0,100,0.9,0
9,0.21357285429141717,0,100,0.9,0
10,0.020105277503176658,0,100,0.9,0
11,0.041916167664670656,0,100,0.9,0
12,0.10578842315369262,0,100,0.9,0
13,0.059880239520958084,0,100,0.9,0
14,0.4930139720558882,0,100,0.9,0
15,0.49700598802395207,0,100,0.9,0
16,0.7125748502994012,0,100,0.9,0
17,0.47105788423153694,0,100,0.9,0
18,0.405189620758483,0,100,0.9,0
19,0.34331337325349304,0,100,0.9,0
20,0.2694610778443114,0,100,0.9,0
21,0.36926147704590817,0,100,0.9,0
22,0.5588822355289421,0,100,0.9,0
23,0.5449101796407185,0,100,0.9,0
24,0.5029940119760479,0,100,0.9,0
25,0.4111776447105788,0,100,0.9,0
26,0.4530938123752495,0,100,0.9,0
27,0.2774451097804391,0,100,0.9,0
28,0.18762475049900199,0,100,0.9,0
29,0.05189620758483034,0,100,0.9,0
30,0.08383233532934131,0,100,0.9,0
31,0.08383233532934131,0,100,0.9,0
32,0.12974051896207583,0,100,0.9,0
33,0.36327345309381237,0,100,0.9,0
34,0.4231536926147705,0,100,0.9,0
35,0.05588822355289421,0,100,0.9,0
36,0.043912175648702596,0,100,0.9,0
37,0.09181636726546906,0,100,0.9,0
38,0.08782435129740519,0,100,0.9,0
39,0.13972055888223553,0,100,0.9,0
40,0.041916167664670656,0,100,0.9,0
41,0.10179640718562874,0,100,0.9,0
42,0.25349301397205587,0,100,0.9,0
43,0.2155688622754491,0,100,0.9,0
44,0.1277445109780439,0,100,0.9,0
45,0.033932135728542916,0,100,0.9,0
46,0.14570858283433133,0,100,0.9,0
0,0.34530938123752497,0,100,0.9,2
1,0.4231536926147705,0,100,0.9,2
2,0.5608782435129741,0,100,0.9,2
3,0.2554890219560878,0,100,0.9,2
4,0.19161676646706588,0,100,0.9,2
5,0.0499001996007984,0,100,0.9,2
6,0.021956087824351298,0,100,0.9,2
7,0.06387225548902195,0,100,0.9,2
8,0.16367265469061876,0,100,0.9,2
9,0.810379241516966,0,100,0.9,2
10,0.6067864271457086,0,100,0.9,2
11,0.49500998003992014,0,100,0.9,2
12,0.03792415169660679,0,100,0.9,2
13,0.1536926147704591,0,100,0.9,2
14,0.17764471057884232,0,100,0.9,2
15,0.3273453093812375,0,100,0.9,2
16,0.5249500998003992,0,100,0.9,2
17,0.027944111776447105,0,100,0.9,2
18,0.023952095808383235,0,100,0.9,2
19,0.05788423153692615,0,100,0.9,2
20,0.021956087824351298,0,100,0.9,2
21,0.06387225548902195,0,100,0.9,2
22,0.03592814371257485,0,100,0.9,2
23,0.059880239520958084,0,100,0.9,2
24,0.011999826147070475,0,100,0.9,2
25,0.013754815763711537,0,100,0.9,2
26,0.008318638726800704,1,100,0.9,2
27,0.031936127744510975,0,100,0.9,2
28,0.05788423153692615,0,100,0.9,2
29,0.005723184555063102,4,100,0.9,2
30,0.004206122545260617,7,100,0.9,2
31,0.0005853216249750463,21,100,0.9,2
32,0.0006948888565819955,19,100,0.9,2
33,0.002359282877676923,10,100,0.9,2
34,0.0169887520051054,0,100,0.9,2
35,0.0499001996007984,0,100,0.9,2
36,0.16766467065868262,0,100,0.9,2
37,0.2055888223552894,0,100,0.9,2
38,0.004433053590872968,1,100,0.9,2
39,0.0004332126918729392,18,100,0.9,2
40,0.0028739697785570627,6,100,0.9,2
41,0.021956087824351298,0,100,0.9,2
42,0.2954091816367265,0,100,0.9,2
43,0.27944111776447106,0,100,0.9,2
44,0.009858042272478487,1,100,0.9,2
45,0.00019442447506590153,37,100,0.9,2
46,0.0002838971655202695,25,100,0.9,2
0,0.0658682634730539,0,100,0.9,1
1,6.714194733852388e-05,49,100,0.9,1
2,2.22740325726693e-05,61,100,0.9,1
3,0.00014430839159069683,38,100,0.9,1
4,0.00440010152767271,2,100,0.9,1
5,0.01250746432370603,0,100,0.9,1
6,0.001749909040943549,2,100,0.9,1
7,0.0015400548121461554,2,100,0.9,1
8,9.867283034801125e-05,16,100,0.9,1
9,7.704947443297586e-05,23,100,0.9,1
10,1.3405175839170382e-05,72,100,0.9,1
11,3.234806153204006e-05,51,100,0.9,1
12,2.853628134765619e-05,36,100,0.9,1
13,6.264387267027097e-05,22,100,0.9,1
14,5.792359812109587e-05,26,100,0.9,1
15,2.08667319836304e-06,78,100,0.9,1
16,2.272632051376895e-06,89,100,0.9,1
17,7.850179413176496e-07,96,100,0.9,1
18,1.559575262554959e-06,96,100,0.9,1
19,5.3558836373740974e-05,49,100,0.9,1
20,0.00012498542497135459,26,100,0.9,1
21,0.0030335594231634677,2,100,0.9,1
22,8.011089960719606e-06,71,100,0.9,1
23,5.895712190359015e-06,79,100,0.9,1
24,0.00018727802408966844,51,100,0.9,1
25,0.0008962417790565416,22,100,0.9,1
26,7.525998037312489e-05,42,100,0.9,1
27,0.00013974345824109923,39,100,0.9,1
28,2.211460583072259e-05,64,100,0.9,1
29,4.295624006532954e-05,59,100,0.9,1
30,7.918483218793878e-07,92,100,0.9,1
31,2.874957504278236e-05,42,100,0.9,1
32,0.0002240752588611708,18,100,0.9,1
33,0.029940119760479042,0,100,0.9,1
34,0.07584830339321358,0,100,0.9,1
35,0.004447543290929993,2,100,0.9,1
36,0.0010763833279849911,4,100,0.9,1
37,0.0005645327738726208,21,100,0.9,1
38,0.00019009188560485703,41,100,0.9,1
39,4.9162470190332064e-05,63,100,0.9,1
40,0.0004115346969726769,27,100,0.9,1
41,0.0005625338341231919,18,100,0.9,1
42,0.00021824330419773177,41,100,0.9,1
43,0.0001340434455111392,38,100,0.9,1
44,0.001155507048370841,10,100,0.9,1
45,0.002365155582580212,5,100,0.9,1
46,0.059880239520958084,0,100,0.9,1
0,0.14570858283433133,0,100,0.9,3
1,0.059880239520958084,0,100,0.9,3
2,0.03592814371257485,0,100,0.9,3
3,0.029940119760479042,0,100,0.9,3
4,0.05389221556886228,0,100,0.9,3
5,0.27944111776447106,0,100,0.9,3
6,0.21357285429141717,0,100,0.9,3
7,0.2435129740518962,0,100,0.9,3
8,0.2155688622754491,0,100,0.9,3
9,0.08582834331337326,0,100,0.9,3
10,0.04790419161676647,0,100,0.9,3
11,0.10778443113772455,0,100,0.9,3
12,0.05788423153692615,0,100,0.9,3
13,0.041916167664670656,0,100,0.9,3
14,0.03592814371257485,0,100,0.9,3
15,0.2315369261477046,0,100,0.9,3
16,0.46107784431137727,0,100,0.9,3
17,0.34530938123752497,0,100,0.9,3
18,0.09780439121756487,0,100,0.9,3
19,0.03792415169660679,0,100,0.9,3
20,0.07784431137724551,0,100,0.9,3
21,0.17365269461077845,0,100,0.9,3
22,0.3652694610778443,0,100,0.9,3
23,0.6786427145708582,0,100,0.9,3
24,0.5369261477045908,0,100,0.9,3
25,0.48502994011976047,0,100,0.9,3
26,0.25149700598802394,0,100,0.9,3
27,0.2215568862275449,0,100,0.9,3
28,0.2155688622754491,0,100,0.9,3
29,0.18962075848303392,0,100,0.9,3
30,0.20359281437125748,0,100,0.9,3
31,0.3532934131736527,0,100,0.9,3
32,0.3413173652694611,0,100,0.9,3
33,0.3652694610778443,0,100,0.9,3
34,0.48303393213572854,0,100,0.9,3
35,0.5948103792415169,0,100,0.9,3
36,0.18962075848303392,0,100,0.9,3
37,0.16966067864271456,0,100,0.9,3
38,0.3333333333333333,0,100,0.9,3
39,0.2554890219560878,0,100,0.9,3
40,0.3532934131736527,0,100,0.9,3
41,0.25349301397205587,0,100,0.9,3
42,0.3033932135728543,0,100,0.9,3
43,0.19760479041916168,0,100,0.9,3
44,0.19560878243512975,0,100,0.9,3
45,0.2834331337325349,0,100,0.9,3
46,0.23353293413173654,0,100,0.9,3
0,0.014808907050274123,0,100,0.9,4
1,0.4251497005988024,0,100,0.9,4
2,0.40119760479041916,0,100,0.9,4
3,0.3273453093812375,0,100,0.9,4
4,0.5409181636726547,0,100,0.9,4
5,0.5129740518962076,0,100,0.9,4
6,0.6906187624750499,0,100,0.9,4
7,0.6826347305389222,0,100,0.9,4
8,0.41916167664670656,0,100,0.9,4
9,0.3772455089820359,0,100,0.9,4
10,0.30538922155688625,0,100,0.9,4
11,0.21956087824351297,0,100,0.9,4
12,0.10578842315369262,0,100,0.9,4
13,0.043912175648702596,0,100,0.9,4
14,0.0718562874251497,0,100,0.9,4
15,0.1277445109780439,0,100,0.9,4
16,0.469061876247505,0,100,0.9,4
17,0.688622754491018,0,100,0.9,4
18,0.5788423153692615,0,100,0.9,4
19,0.3992015968063872,0,100,0.9,4
20,0.3373253493013972,0,100,0.9,4
21,0.2714570858283433,0,100,0.9,4
22,0.21756487025948104,0,100,0.9,4
23,0.3532934131736527,0,100,0.9,4
24,0.41916167664670656,0,100,0.9,4
25,0.3413173652694611,0,100,0.9,4
26,0.249500998003992,0,100,0.9,4
27,0.32934131736526945,0,100,0.9,4
28,0.47904191616766467,0,100,0.9,4
29,0.7025948103792415,0,100,0.9,4
30,0.6407185628742516,0,100,0.9,4
31,0.3592814371257485,0,100,0.9,4
32,0.23552894211576847,0,100,0.9,4
33,0.23952095808383234,0,100,0.9,4
34,0.35728542914171657,0,100,0.9,4
35,0.40119760479041916,0,100,0.9,4
36,0.11976047904191617,0,100,0.9,4
37,0.05788423153692615,0,100,0.9,4
38,0.0499001996007984,0,100,0.9,4
39,0.03992015968063872,0,100,0.9,4
40,0.03992015968063872,0,100,0.9,4
41,0.06187624750499002,0,100,0.9,4
42,0.09780439121756487,0,100,0.9,4
43,0.12375249500998003,0,100,0.9,4
44,0.13572854291417166,0,100,0.9,4
45,0.15768463073852296,0,100,0.9,4
46,0.1377245508982036,0,100,0.9,4
0,0.45109780439121755,0,100,0.9,6
1,0.5369261477045908,0,100,0.9,6
2,0.5768463073852296,0,100,0.9,6
3,0.7704590818363274,0,100,0.9,6
4,0.5089820359281437,0,100,0.9,6
5,0.48303393213572854,0,100,0.9,6
6,0.5848303393213573,0,100,0.9,6
7,0.44510978043912175,0,100,0.9,6
8,0.5449101796407185,0,100,0.9,6
9,0.5788423153692615,0,100,0.9,6
10,0.1497005988023952,0,100,0.9,6
11,0.13972055888223553,0,100,0.9,6
12,0.05588822355289421,0,100,0.9,6
13,0.0718562874251497,0,100,0.9,6
14,0.12574850299401197,0,100,0.9,6
15,0.1497005988023952,0,100,0.9,6
16,0.3013972055888224,0,100,0.9,6
17,0.2934131736526946,0,100,0.9,6
18,0.25149700598802394,0,100,0.9,6
19,0.3333333333333333,0,100,0.9,6
20,0.7105788423153693,0,100,0.9,6
21,0.5768463073852296,0,100,0.9,6
22,0.6806387225548902,0,100,0.9,6
23,0.6347305389221557,0,100,0.9,6
24,0.36926147704590817,0,100,0.9,6
25,0.19760479041916168,0,100,0.9,6
26,0.2994011976047904,0,100,0.9,6
27,0.2554890219560878,0,100,0.9,6
28,0.24151696606786427,0,100,0.9,6
29,0.2714570858283433,0,100,0.9,6
30,0.36127744510978044,0,100,0.9,6
31,0.2874251497005988,0,100,0.9,6
32,0.3393213572854291,0,100,0.9,6
33,0.4471057884231537,0,100,0.9,6
34,0.22954091816367264,0,100,0.9,6
35,0.08383233532934131,0,100,0.9,6
36,0.07385229540918163,0,100,0.9,6
37,0.18363273453093812,0,100,0.9,6
38,0.2554890219560878,0,100,0.9,6
39,0.36327345309381237,0,100,0.9,6
40,0.5129740518962076,0,100,0.9,6
41,0.7085828343313373,0,100,0.9,6
42,0.656686626746507,0,100,0.9,6
43,0.5209580838323353,0,100,0.9,6
44,0.2215568862275449,0,100,0.9,6
45,0.25149700598802394,0,100,0.9,6
46,0.49101796407185627,0,100,0.9,6
0,0.05189620758483034,0,100,0.9,5
1,0.0076530003065268006,2,100,0.9,5
2,0.021956087824351298,0,100,0.9,5
3,0.021956087824351298,0,100,0.9,5
4,0.043912175648702596,0,100,0.9,5
5,0.021956087824351298,0,100,0.9,5
6,0.015923010675004224,0,100,0.9,5
7,0.007483962436724652,2,100,0.9,5
8,0.004233267477534087,9,100,0.9,5
9,0.00575566821399005,3,100,0.9,5
10,0.007503991739166423,4,100,0.9,5
11,0.021956087824351298,0,100,0.9,5
12,0.041916167664670656,0,100,0.9,5
13,0.033932135728542916,0,100,0.9,5
14,0.0181526048788021,0,100,0.9,5
15,0.014649205136182068,0,100,0.9,5
16,0.023952095808383235,0,100,0.9,5
17,0.011971688165710892,0,100,0.9,5
18,0.0658682634730539,0,100,0.9,5
19,0.02594810379241517,0,100,0.9,5
20,0.04590818363273453,0,100,0.9,5
21,0.02594810379241517,0,100,0.9,5
22,0.03792415169660679,0,100,0.9,5
23,0.033932135728542916,0,100,0.9,5
24,0.015501412960461576,0,100,0.9,5
25,0.01383139461273433,0,100,0.9,5
26,0.007672501084709378,2,100,0.9,5
27,0.0036823146065500588,2,100,0.9,5
28,0.008100000476377656,1,100,0.9,5
29,0.023952095808383235,0,100,0.9,5
30,0.06786427145708583,0,100,0.9,5
31,0.04790419161676647,0,100,0.9,5
32,0.00860390853005005,1,100,0.9,5
33,0.002528092104750616,16,100,0.9,5
34,0.0033899568161996005,18,100,0.9,5
35,0.007276893325676614,7,100,0.9,5
36,0.008082401825332694,7,100,0.9,5
37,0.005935501301098417,9,100,0.9,5
38,0.00965639565380637,1,100,0.9,5
39,0.009788715784889759,1,100,0.9,5
40,0.01555557141340942,0,100,0.9,5
41,0.033932135728542916,0,100,0.9,5
42,0.009238309193315627,1,100,0.9,5
43,0.008783946897929313,1,100,0.9,5
44,0.01234690106307212,0,100,0.9,5
45,0.019074746036046288,0,100,0.9,5
46,0.023952095808383235,0,100,0.9,5
0,0.010454707017194725,0,100,0.9,7
1,0.01707337925794719,0,100,0.9,7
2,0.11377245508982035,0,100,0.9,7
3,0.04790419161676647,0,100,0.9,7
4,0.021956087824351298,0,100,0.9,7
5,0.027944111776447105,0,100,0.9,7
6,0.0024667201532987807,22,100,0.9,7
7,0.0027776993506681896,23,100,0.9,7
8,0.008785162408530984,1,100,0.9,7
9,0.001825593903993049,20,100,0.9,7
10,0.001428491302647288,27,100,0.9,7
11,0.004523709745590466,8,100,0.9,7
12,0.0005769674480126781,63,100,0.9,7
13,0.0015958825409305391,25,100,0.9,7
14,0.011834255306111666,0,100,0.9,7
15,0.005966025311781427,6,100,0.9,7
16,0.002227182040164358,18,100,0.9,7
17,0.0026263931050593665,13,100,0.9,7
18,0.0005245532753424424,61,100,0.9,7
19,0.002750514071047625,15,100,0.9,7
20,0.0037081891130596118,7,100,0.9,7
21,0.0036625579567519948,5,100,0.9,7
22,0.0032213747382920676,17,100,0.9,7
23,0.00033962270347231814,72,100,0.9,7
24,0.0012994894732307708,39,100,0.9,7
25,0.004542110198878695,10,100,0.9,7
26,0.0048420505816280475,1,100,0.9,7
27,0.0068811457787762145,2,100,0.9,7
28,0.0009547579792201779,52,100,0.9,7
29,0.0002538829056934013,90,100,0.9,7
30,0.0002926239744153162,80,100,0.9,7
31,0.0006615916746165187,56,100,0.9,7
32,0.004960979990141787,7,100,0.9,7
33,0.007703958721212176,1,100,0.9,7
34,0.004276454916063175,6,100,0.9,7
35,0.0022478754938570593,11,100,0.9,7
36,0.0028917181202519956,16,100,0.9,7
37,0.001446251829844496,45,100,0.9,7
38,0.0003467159765722593,87,100,0.9,7
39,0.0007791478698842733,72,100,0.9,7
40,0.011331073735476349,0,100,0.9,7
41,0.013679068694624295,0,100,0.9,7
42,0.03992015968063872,0,100,0.9,7
43,0.021956087824351298,0,100,0.9,7
44,0.023952095808383235,0,100,0.9,7
45,0.004330926953850862,9,100,0.9,7
46,0.003545056872831832,11,100,0.9,7
0,0.07385229540918163,0,100,0.9,8
1,0.014370977907147559,0,100,0.9,8
2,0.008573661512447544,1,100,0.9,8
3,0.07784431137724551,0,100,0.9,8
4,0.07584830339321358,0,100,0.9,8
5,0.2435129740518962,0,100,0.9,8
6,0.36926147704590817,0,100,0.9,8
7,0.48902195608782434,0,100,0.9,8
8,0.4590818363273453,0,100,0.9,8
9,0.4351297405189621,0,100,0.9,8
10,0.36726546906187624,0,100,0.9,8
11,0.30538922155688625,0,100,0.9,8
12,0.11976047904191617,0,100,0.9,8
13,0.03792415169660679,0,100,0.9,8
14,0.02594810379241517,0,100,0.9,8
15,0.016890830855968264,0,100,0.9,8
16,0.033932135728542916,0,100,0.9,8
17,0.06187624750499002,0,100,0.9,8
18,0.10778443113772455,0,100,0.9,8
19,0.18562874251497005,0,100,0.9,8
20,0.2654690618762475,0,100,0.9,8
21,0.2435129740518962,0,100,0.9,8
22,0.313373253493014,0,100,0.9,8
23,0.059880239520958084,0,100,0.9,8
24,0.05189620758483034,0,100,0.9,8
25,0.05189620758483034,0,100,0.9,8
26,0.014806112815183368,0,100,0.9,8
27,0.004954823355777046,1,100,0.9,8
28,0.007247739595378332,1,100,0.9,8
29,0.00677494751589773,1,100,0.9,8
30,0.004788574290708175,4,100,0.9,8
31,0.013991359230618068,0,100,0.9,8
32,0.03792415169660679,0,100,0.9,8
33,0.0718562874251497,0,100,0.9,8
34,0.06387225548902195,0,100,0.9,8
35,0.031936127744510975,0,100,0.9,8
36,0.033932135728542916,0,100,0.9,8
37,0.06187624750499002,0,100,0.9,8
38,0.04790419161676647,0,100,0.9,8
39,0.03792415169660679,0,100,0.9,8
40,0.10179640718562874,0,100,0.9,8
41,0.16367265469061876,0,100,0.9,8
42,0.15169660678642716,0,100,0.9,8
43,0.18363273453093812,0,100,0.9,8
44,0.2934131736526946,0,100,0.9,8
45,0.3093812375249501,0,100,0.9,8
46,0.21956087824351297,0,100,0.9,8
0,0.19161676646706588,0,100,0.9,9
1,0.2874251497005988,0,100,0.9,9
2,0.28542914171656686,0,100,0.9,9
3,0.36726546906187624,0,100,0.9,9
4,0.3033932135728543,0,100,0.9,9
5,0.20758483033932135,0,100,0.9,9
6,0.1317365269461078,0,100,0.9,9
7,0.18962075848303392,0,100,0.9,9
8,0.17365269461077845,0,100,0.9,9
9,0.1437125748502994,0,100,0.9,9
10,0.12574850299401197,0,100,0.9,9
11,0.11776447105788423,0,100,0.9,9
12,0.20359281437125748,0,100,0.9,9
13,0.3213572854291417,0,100,0.9,9
14,0.4231536926147705,0,100,0.9,9
15,0.3273453093812375,0,100,0.9,9
16,0.13373253493013973,0,100,0.9,9
17,0.20159680638722555,0,100,0.9,9
18,0.22355289421157684,0,100,0.9,9
19,0.249500998003992,0,100,0.9,9
20,0.07984031936127745,0,100,0.9,9
21,0.09381237524950099,0,100,0.9,9
22,0.19560878243512975,0,100,0.9,9
23,0.3852295409181637,0,100,0.9,9
24,0.7365269461077845,0,100,0.9,9
25,0.26746506986027946,0,100,0.9,9
26,0.3932135728542914,0,100,0.9,9
27,0.46107784431137727,0,100,0.9,9
28,0.7085828343313373,0,100,0.9,9
29,0.6526946107784432,0,100,0.9,9
30,0.20958083832335328,0,100,0.9,9
31,0.22954091816367264,0,100,0.9,9
32,0.6926147704590818,0,100,0.9,9
33,0.5688622754491018,0,100,0.9,9
34,0.21756487025948104,0,100,0.9,9
35,0.043912175648702596,0,100,0.9,9
36,0.06187624750499002,0,100,0.9,9
37,0.014859053755169025,0,100,0.9,9
38,0.031936127744510975,0,100,0.9,9
39,0.029940119760479042,0,100,0.9,9
40,0.20958083832335328,0,100,0.9,9
41,0.3193612774451098,0,100,0.9,9
42,0.4550898203592814,0,100,0.9,9
43,0.4031936127744511,0,100,0.9,9
44,0.4251497005988024,0,100,0.9,9
45,0.5868263473053892,0,100,0.9,9
46,0.46506986027944114,0,100,0.9,9
0,0.027944111776447105,0,100,0.9,10
1,0.004953914074827304,4,100,0.9,10
2,0.003231276414367856,15,100,0.9,10
3,0.002689654472460926,21,100,0.9,10
4,0.004001184590506327,3,100,0.9,10
5,0.003913062253228203,6,100,0.9,10
6,0.002927342806640981,10,100,0.9,10
7,0.003443849135558652,4,100,0.9,10
8,0.006789414267238631,2,100,0.9,10
9,0.00660866631389907,2,100,0.9,10
10,0.005734604541758704,5,100,0.9,10
11,0.0018649919272875053,37,100,0.9,10
12,0.0011499844549466155,40,100,0.9,10
13,0.0007351821807532287,63,100,0.9,10
14,0.0021740578706738716,35,100,0.9,10
15,0.001819659836814484,31,100,0.9,10
16,0.0007525949561436124,64,100,0.9,10
17,0.0003998532750442425,94,100,0.9,10
18,0.002169791933147385,21,100,0.9,10
19,0.005863489455845083,3,100,0.9,10
20,0.012116233595978514,0,100,0.9,10
21,0.0188103177880176,0,100,0.9,10
22,0.01142578209862213,0,100,0.9,10
23,0.015715778643142882,0,100,0.9,10
24,0.006925484680767831,4,100,0.9,10
25,0.009166777431349533,2,100,0.9,10
26,0.021956087824351298,0,100,0.9,10
27,0.021956087824351298,0,100,0.9,10
28,0.005144862448617297,10,100,0.9,10
29,0.0021375959337991608,16,100,0.9,10
30,0.0013973974052886922,54,100,0.9,10
31,0.001693295599242934,48,100,0.9,10
32,0.0020463181360258504,20,100,0.9,10
33,0.0010202410005116578,46,100,0.9,10
34,0.0015206139810604355,49,100,0.9,10
35,0.0033785055203353967,18,100,0.9,10
36,0.008357595996666327,2,100,0.9,10
37,0.0028143326201397357,17,100,0.9,10
38,0.002811039526884948,4,100,0.9,10
39,0.0035797309078551068,2,100,0.9,10
40,0.009001540336862781,1,100,0.9,10
41,0.007140841846022374,2,100,0.9,10
42,0.006952404099610439,1,100,0.9,10
43,0.0062561835254593134,2,100,0.9,10
44,0.005119116737116351,3,100,0.9,10
45,0.0014798491525088947,44,100,0.9,10
46,0.00021034938724542046,88,100,0.9,10
0,0.06986027944111776,0,100,0.9,11
1,0.0499001996007984,0,100,0.9,11
2,0.18562874251497005,0,100,0.9,11
3,0.36926147704590817,0,100,0.9,11
4,0.2994011976047904,0,100,0.9,11
5,0.40119760479041916,0,100,0.9,11
6,0.25349301397205587,0,100,0.9,11
7,0.3273453093812375,0,100,0.9,11
8,0.20758483033932135,0,100,0.9,11
9,0.4251497005988024,0,100,0.9,11
10,0.7005988023952096,0,100,0.9,11
11,0.3373253493013972,0,100,0.9,11
12,0.15768463073852296,0,100,0.9,11
13,0.3273453093812375,0,100,0.9,11
14,0.6147704590818364,0,100,0.9,11
15,0.5149700598802395,0,100,0.9,11
16,0.10978043912175649,0,100,0.9,11
17,0.08383233532934131,0,100,0.9,11
18,0.10179640718562874,0,100,0.9,11
19,0.0718562874251497,0,100,0.9,11
20,0.11177644710578842,0,100,0.9,11
21,0.20758483033932135,0,100,0.9,11
22,0.26746506986027946,0,100,0.9,11
23,0.1437125748502994,0,100,0.9,11
24,0.019298300823118716,0,100,0.9,11
25,0.05588822355289421,0,100,0.9,11
26,0.023952095808383235,0,100,0.9,11
27,0.06786427145708583,0,100,0.9,11
28,0.25149700598802394,0,100,0.9,11
29,0.41916167664670656,0,100,0.9,11
30,0.5069860279441117,0,100,0.9,11
31,0.6766467065868264,0,100,0.9,11
32,0.6646706586826348,0,100,0.9,11
33,0.3393213572854291,0,100,0.9,11
34,0.10179640718562874,0,100,0.9,11
35,0.09381237524950099,0,100,0.9,11
36,0.13373253493013973,0,100,0.9,11
37,0.2315369261477046,0,100,0.9,11
38,0.2934131736526946,0,100,0.9,11
39,0.2874251497005988,0,100,0.9,11
40,0.313373253493014,0,100,0.9,11
41,0.43912175648702595,0,100,0.9,11
42,0.3992015968063872,0,100,0.9,11
43,0.2694610778443114,0,100,0.9,11
44,0.1317365269461078,0,100,0.9,11
45,0.4231536926147705,0,100,0.9,11
46,0.4870259481037924,0,100,0.9,11
0,0.25948103792415167,0,100,0.9,12
1,0.3393213572854291,0,100,0.9,12
2,0.21157684630738524,0,100,0.9,12
3,0.42115768463073855,0,100,0.9,12
4,0.3592814371257485,0,100,0.9,12
5,0.5109780439121756,0,100,0.9,12
6,0.2994011976047904,0,100,0.9,12
7,0.15169660678642716,0,100,0.9,12
8,0.13373253493013973,0,100,0.9,12
9,0.2435129740518962,0,100,0.9,12
10,0.21157684630738524,0,100,0.9,12
11,0.42115768463073855,0,100,0.9,12
12,0.6626746506986028,0,100,0.9,12
13,0.46107784431137727,0,100,0.9,12
14,0.46107784431137727,0,100,0.9,12
15,0.3253493013972056,0,100,0.9,12
16,0.3473053892215569,0,100,0.9,12
17,0.45109780439121755,0,100,0.9,12
18,0.4431137724550898,0,100,0.9,12
19,0.1497005988023952,0,100,0.9,12
20,0.13373253493013973,0,100,0.9,12
21,0.2714570858283433,0,100,0.9,12
22,0.5069860279441117,0,100,0.9,12
23,0.3772455089820359,0,100,0.9,12
24,0.249500998003992,0,100,0.9,12
25,0.36726546906187624,0,100,0.9,12
26,0.6447105788423154,0,100,0.9,12
27,0.249500998003992,0,100,0.9,12
28,0.313373253493014,0,100,0.9,12
29,0.24550898203592814,0,100,0.9,12
30,0.1317365269461078,0,100,0.9,12
31,0.24750499001996007,0,100,0.9,12
32,0.3852295409181637,0,100,0.9,12
33,0.25748502994011974,0,100,0.9,12
34,0.27944111776447106,0,100,0.9,12
35,0.3932135728542914,0,100,0.9,12
36,0.936127744510978,0,100,0.9,12
37,0.34530938123752497,0,100,0.9,12
38,0.23552894211576847,0,100,0.9,12
39,0.25149700598802394,0,100,0.9,12
40,0.2774451097804391,0,100,0.9,12
41,0.0658682634730539,0,100,0.9,12
42,0.016540715616675552,0,100,0.9,12
43,0.029940119760479042,0,100,0.9,12
44,0.25948103792415167,0,100,0.9,12
45,0.6646706586826348,0,100,0.9,12
46,0.2954091816367265,0,100,0.9,12
0,0.688622754491018,0,100,0.9,13
1,0.41317365269461076,0,100,0.9,13
2,0.24750499001996007,0,100,0.9,13
3,0.16367265469061876,0,100,0.9,13
4,0.2554890219560878,0,100,0.9,13
5,0.45708582834331335,0,100,0.9,13
6,0.8642714570858283,0,100,0.9,13
7,0.8882235528942116,0,100,0.9,13
8,0.7425149700598802,0,100,0.9,13
9,0.2554890219560878,0,100,0.9,13
10,0.16766467065868262,0,100,0.9,13
11,0.19760479041916168,0,100,0.9,13
12,0.49500998003992014,0,100,0.9,13
13,0.7904191616766467,0,100,0.9,13
14,0.5568862275449101,0,100,0.9,13
15,0.21756487025948104,0,100,0.9,13
16,0.20359281437125748,0,100,0.9,13
17,0.08982035928143713,0,100,0.9,13
18,0.06187624750499002,0,100,0.9,13
19,0.4291417165668663,0,100,0.9,13
20,0.47105788423153694,0,100,0.9,13
21,0.626746506986028,0,100,0.9,13
22,0.2554890219560878,0,100,0.9,13
23,0.2275449101796407,0,100,0.9,13
24,0.405189620758483,0,100,0.9,13
25,0.26746506986027946,0,100,0.9,13
26,0.405189620758483,0,100,0.9,13
27,0.4111776447105788,0,100,0.9,13
28,0.3992015968063872,0,100,0.9,13
29,0.25948103792415167,0,100,0.9,13
30,0.10179640718562874,0,100,0.9,13
31,0.1317365269461078,0,100,0.9,13
32,0.09580838323353294,0,100,0.9,13
33,0.23952095808383234,0,100,0.9,13
34,0.35728542914171657,0,100,0.9,13
35,0.48902195608782434,0,100,0.9,13
36,0.25349301397205587,0,100,0.9,13
37,0.09780439121756487,0,100,0.9,13
38,0.08982035928143713,0,100,0.9,13
39,0.14570858283433133,0,100,0.9,13
40,0.6666666666666666,0,100,0.9,13
41,0.5449101796407185,0,100,0.9,13
42,0.249500998003992,0,100,0.9,13
43,0.0718562874251497,0,100,0.9,13
44,0.06387225548902195,0,100,0.9,13
45,0.2215568862275449,0,100,0.9,13
46,0.2654690618762475,0,100,0.9,13
0,0.5109780439121756,0,100,0.9,15
1,0.2155688622754491,0,100,0.9,15
2,0.2634730538922156,0,100,0.9,15
3,0.3912175648702595,0,100,0.9,15
4,0.3912175648702595,0,100,0.9,15
5,0.5748502994011976,0,100,0.9,15
6,0.4870259481037924,0,100,0.9,15
7,0.33532934131736525,0,100,0.9,15
8,0.1217564870259481,0,100,0.9,15
9,0.31137724550898205,0,100,0.9,15
10,0.3273453093812375,0,100,0.9,15
11,0.24151696606786427,0,100,0.9,15
12,0.1377245508982036,0,100,0.9,15
13,0.08582834331337326,0,100,0.9,15
14,0.16766467065868262,0,100,0.9,15
15,0.3253493013972056,0,100,0.9,15
16,0.3532934131736527,0,100,0.9,15
17,0.49101796407185627,0,100,0.9,15
18,0.3992015968063872,0,100,0.9,15
19,0.780439121756487,0,100,0.9,15
20,0.7644710578842315,0,100,0.9,15
21,0.7744510978043913,0,100,0.9,15
22,0.34530938123752497,0,100,0.9,15
23,0.37924151696606784,0,100,0.9,15
24,0.5588822355289421,0,100,0.9,15
25,0.590818363273453,0,100,0.9,15
26,0.4590818363273453,0,100,0.9,15
27,0.4251497005988024,0,100,0.9,15
28,0.16367265469061876,0,100,0.9,15
29,0.1317365269461078,0,100,0.9,15
30,0.21157684630738524,0,100,0.9,15
31,0.21357285429141717,0,100,0.9,15
32,0.4291417165668663,0,100,0.9,15
33,0.6766467065868264,0,100,0.9,15
34,0.4251497005988024,0,100,0.9,15
35,0.45109780439121755,0,100,0.9,15
36,0.4091816367265469,0,100,0.9,15
37,0.7045908183632734,0,100,0.9,15
38,0.6846307385229541,0,100,0.9,15
39,0.6127744510978044,0,100,0.9,15
40,0.4091816367265469,0,100,0.9,15
41,0.2894211576846307,0,100,0.9,15
42,0.7385229540918163,0,100,0.9,15
43,0.5289421157684631,0,100,0.9,15
44,0.29740518962075846,0,100,0.9,15
45,0.10179640718562874,0,100,0.9,15
46,0.05389221556886228,0,100,0.9,15
0,0.027944111776447105,0,100,0.9,14
1,0.0499001996007984,0,100,0.9,14
2,0.11776447105788423,0,100,0.9,14
3,0.5828343313373253,0,100,0.9,14
4,0.6307385229540918,0,100,0.9,14
5,0.624750499001996,0,100,0.9,14
6,0.34530938123752497,0,100,0.9,14
7,0.42115768463073855,0,100,0.9,14
8,0.44510978043912175,0,100,0.9,14
9,0.4431137724550898,0,100,0.9,14
10,0.3213572854291417,0,100,0.9,14
11,0.48303393213572854,0,100,0.9,14
12,0.626746506986028,0,100,0.9,14
13,0.5089820359281437,0,100,0.9,14
14,0.27944111776447106,0,100,0.9,14
15,0.1596806387225549,0,100,0.9,14
16,0.2874251497005988,0,100,0.9,14
17,0.46706586826347307,0,100,0.9,14
18,0.3213572854291417,0,100,0.9,14
19,0.46506986027944114,0,100,0.9,14
20,0.27944111776447106,0,100,0.9,14
21,0.14570858283433133,0,100,0.9,14
22,0.249500998003992,0,100,0.9,14
23,0.27345309381237526,0,100,0.9,14
24,0.21357285429141717,0,100,0.9,14
25,0.18363273453093812,0,100,0.9,14
26,0.3592814371257485,0,100,0.9,14
27,0.24151696606786427,0,100,0.9,14
28,0.12974051896207583,0,100,0.9,14
29,0.23952095808383234,0,100,0.9,14
30,0.16966067864271456,0,100,0.9,14
31,0.15169660678642716,0,100,0.9,14
32,0.17165668662674652,0,100,0.9,14
33,0.012045332468676334,0,100,0.9,14
34,0.005964662440931001,2,100,0.9,14
35,0.015237141732214644,0,100,0.9,14
36,0.05788423153692615,0,100,0.9,14
37,0.22355289421157684,0,100,0.9,14
38,0.45109780439121755,0,100,0.9,14
39,0.38323353293413176,0,100,0.9,14
40,0.12974051896207583,0,100,0.9,14
41,0.0658682634730539,0,100,0.9,14
42,0.05189620758483034,0,100,0.9,14
43,0.043912175648702596,0,100,0.9,14
44,0.08982035928143713,0,100,0.9,14
45,0.1596806387225549,0,100,0.9,14
46,0.27345309381237526,0,100,0.9,14
0,0.7465069860279441,0,100,0.9,16
1,0.46107784431137727,0,100,0.9,16
2,0.4431137724550898,0,100,0.9,16
3,0.3273453093812375,0,100,0.9,16
4,0.16766467065868262,0,100,0.9,16
5,0.4111776447105788,0,100,0.9,16
6,0.37524950099800397,0,100,0.9,16
7,0.4530938123752495,0,100,0.9,16
8,0.6966067864271457,0,100,0.9,16
9,0.38323353293413176,0,100,0.9,16
10,0.3413173652694611,0,100,0.9,16
11,0.10179640718562874,0,100,0.9,16
12,0.5369261477045908,0,100,0.9,16
13,0.3193612774451098,0,100,0.9,16
14,0.17365269461077845,0,100,0.9,16
15,0.1277445109780439,0,100,0.9,16
16,0.06786427145708583,0,100,0.9,16
17,0.13373253493013973,0,100,0.9,16
18,0.5588822355289421,0,100,0.9,16
19,0.5429141716566867,0,100,0.9,16
20,0.2954091816367265,0,100,0.9,16
21,0.14570858283433133,0,100,0.9,16
22,0.1277445109780439,0,100,0.9,16
23,0.3972055888223553,0,100,0.9,16
24,0.9341317365269461,0,100,0.9,16
25,0.3852295409181637,0,100,0.9,16
26,0.08582834331337326,0,100,0.9,16
27,0.0658682634730539,0,100,0.9,16
28,0.22554890219560877,0,100,0.9,16
29,0.530938123752495,0,100,0.9,16
30,0.4031936127744511,0,100,0.9,16
31,0.2694610778443114,0,100,0.9,16
32,0.313373253493014,0,100,0.9,16
33,0.5109780439121756,0,100,0.9,16
34,0.8223552894211577,0,100,0.9,16
35,0.6826347305389222,0,100,0.9,16
36,0.42115768463073855,0,100,0.9,16
37,0.18163672654690619,0,100,0.9,16
38,0.20958083832335328,0,100,0.9,16
39,0.4231536926147705,0,100,0.9,16
40,0.8842315369261478,0,100,0.9,16
41,0.8702594810379242,0,100,0.9,16
42,0.6706586826347305,0,100,0.9,16
43,0.42115768463073855,0,100,0.9,16
44,0.38922155688622756,0,100,0.9,16
45,0.469061876247505,0,100,0.9,16
46,0.5169660678642715,0,100,0.9,16
0,0.0499001996007984,0,100,0.9,17
1,0.03592814371257485,0,100,0.9,17
2,0.05189620758483034,0,100,0.9,17
3,0.03992015968063872,0,100,0.9,17
4,0.031936127744510975,0,100,0.9,17
5,0.010207451252352505,0,100,0.9,17
6,0.0006422135943159758,53,100,0.9,17
7,0.0013089543397809648,44,100,0.9,17
8,0.002647870876394716,22,100,0.9,17
9,0.002436234375421828,11,100,0.9,17
10,0.0009319306401003284,26,100,0.9,17
11,0.0012209608819851274,11,100,0.9,17
12,0.010596642426053546,0,100,0.9,17
13,0.010416827022419684,0,100,0.9,17
14,0.02594810379241517,0,100,0.9,17
15,0.05588822355289421,0,100,0.9,17
16,0.09580838323353294,0,100,0.9,17
17,0.09181636726546906,0,100,0.9,17
18,0.02594810379241517,0,100,0.9,17
19,0.00530352065943708,2,100,0.9,17
20,0.0499001996007984,0,100,0.9,17
21,0.08582834331337326,0,100,0.9,17
22,0.027944111776447105,0,100,0.9,17
23,0.027944111776447105,0,100,0.9,17
24,0.0499001996007984,0,100,0.9,17
25,0.006708714405193077,2,100,0.9,17
26,0.004492576738961988,2,100,0.9,17
27,0.0013126697295879636,11,100,0.9,17
28,0.0018613170509346032,16,100,0.9,17
29,0.004419656161709445,9,100,0.9,17
30,0.0029951885840591996,9,100,0.9,17
31,0.010115623205046383,0,100,0.9,17
32,0.00595184818982001,1,100,0.9,17
33,0.0013795737828342343,12,100,0.9,17
34,0.0021077587467150227,5,100,0.9,17
35,0.0032017880271610513,4,100,0.9,17
36,0.01159768929885953,0,100,0.9,17
37,0.006517679232105356,3,100,0.9,17
38,0.006262328837587642,3,100,0.9,17
39,0.0003543629644922615,74,100,0.9,17
40,0.0003274921993000947,86,100,0.9,17
41,0.0012884896477843744,40,100,0.9,17
42,0.004446370508984779,6,100,0.9,17
43,0.004928350935498112,2,100,0.9,17
44,0.002307633710781447,4,100,0.9,17
45,0.0001833629754200194,50,100,0.9,17
46,0.0009702673752549798,17,100,0.9,17
0,0.041916167664670656,0,100,0.9,19
1,0.06786427145708583,0,100,0.9,19
2,0.2694610778443114,0,100,0.9,19
3,0.2375249500998004,0,100,0.9,19
4,0.45708582834331335,0,100,0.9,19
5,0.3373253493013972,0,100,0.9,19
6,0.17964071856287425,0,100,0.9,19
7,0.14171656686626746,0,100,0.9,19
8,0.03792415169660679,0,100,0.9,19
9,0.004124277243450965,2,100,0.9,19
10,0.007081570922890765,1,100,0.9,19
11,0.00845581776327043,1,100,0.9,19
12,0.03992015968063872,0,100,0.9,19
13,0.28542914171656686,0,100,0.9,19
14,0.06187624750499002,0,100,0.9,19
15,0.12974051896207583,0,100,0.9,19
16,0.0718562874251497,0,100,0.9,19
17,0.011628290920188928,0,100,0.9,19
18,0.010355413233435074,0,100,0.9,19
19,0.021956087824351298,0,100,0.9,19
20,0.0063911970867507745,1,100,0.9,19
21,0.010178270343900548,0,100,0.9,19
22,0.011730422323454585,0,100,0.9,19
23,0.023952095808383235,0,100,0.9,19
24,0.13972055888223553,0,100,0.9,19
25,0.2315369261477046,0,100,0.9,19
26,0.42714570858283435,0,100,0.9,19
27,0.2155688622754491,0,100,0.9,19
28,0.5948103792415169,0,100,0.9,19
29,0.17964071856287425,0,100,0.9,19
30,0.11177644710578842,0,100,0.9,19
31,0.11776447105788423,0,100,0.9,19
32,0.06387225548902195,0,100,0.9,19
33,0.014367474862911865,0,100,0.9,19
34,0.01156720819898926,0,100,0.9,19
35,0.02594810379241517,0,100,0.9,19
36,0.13572854291417166,0,100,0.9,19
37,0.2215568862275449,0,100,0.9,19
38,0.1437125748502994,0,100,0.9,19
39,0.09780439121756487,0,100,0.9,19
40,0.2654690618762475,0,100,0.9,19
41,0.2315369261477046,0,100,0.9,19
42,0.20159680638722555,0,100,0.9,19
43,0.07984031936127745,0,100,0.9,19
44,0.07784431137724551,0,100,0.9,19
45,0.4171656686626746,0,100,0.9,19
46,0.06986027944111776,0,100,0.9,19
0,0.16167664670658682,0,100,0.9,18
1,0.0998003992015968,0,100,0.9,18
2,0.15169660678642716,0,100,0.9,18
3,0.3932135728542914,0,100,0.9,18
4,0.6107784431137725,0,100,0.9,18
5,0.6526946107784432,0,100,0.9,18
6,0.17764471057884232,0,100,0.9,18
7,0.021956087824351298,0,100,0.9,18
8,0.041916167664670656,0,100,0.9,18
9,0.1536926147704591,0,100,0.9,18
10,0.1217564870259481,0,100,0.9,18
11,0.28542914171656686,0,100,0.9,18
12,0.03992015968063872,0,100,0.9,18
13,0.13373253493013973,0,100,0.9,18
14,0.3073852295409182,0,100,0.9,18
15,0.25748502994011974,0,100,0.9,18
16,0.21157684630738524,0,100,0.9,18
17,0.05189620758483034,0,100,0.9,18
18,0.05788423153692615,0,100,0.9,18
19,0.16167664670658682,0,100,0.9,18
20,0.26147704590818366,0,100,0.9,18
21,0.2774451097804391,0,100,0.9,18
22,0.2055888223552894,0,100,0.9,18
23,0.11177644710578842,0,100,0.9,18
24,0.1157684630738523,0,100,0.9,18
25,0.07784431137724551,0,100,0.9,18
26,0.09580838323353294,0,100,0.9,18
27,0.1317365269461078,0,100,0.9,18
28,0.19560878243512975,0,100,0.9,18
29,0.4291417165668663,0,100,0.9,18
30,0.4311377245508982,0,100,0.9,18
31,0.5349301397205589,0,100,0.9,18
32,0.4171656686626746,0,100,0.9,18
33,0.35728542914171657,0,100,0.9,18
34,0.26147704590818366,0,100,0.9,18
35,0.2375249500998004,0,100,0.9,18
36,0.16167664670658682,0,100,0.9,18
37,0.18562874251497005,0,100,0.9,18
38,0.2155688622754491,0,100,0.9,18
39,0.20359281437125748,0,100,0.9,18
40,0.14770459081836326,0,100,0.9,18
41,0.03792415169660679,0,100,0.9,18
42,0.10778443113772455,0,100,0.9,18
43,0.08183632734530938,0,100,0.9,18
44,0.17764471057884232,0,100,0.9,18
45,0.2654690618762475,0,100,0.9,18
46,0.22355289421157684,0,100,0.9,18
0,0.008946783013359936,1,100,0.9,20
1,0.0006965633670682629,41,100,0.9,20
2,0.0038644341612746515,4,100,0.9,20
3,0.003941712088957514,16,100,0.9,20
4,0.0002831369925519074,54,100,0.9,20
5,0.00043719738570481613,44,100,0.9,20
6,0.0004534751549872271,24,100,0.9,20
7,0.014040918229452005,0,100,0.9,20
8,0.027944111776447105,0,100,0.9,20
9,0.02594810379241517,0,100,0.9,20
10,0.00337080503529505,8,100,0.9,20
11,0.005186173016043219,1,100,0.9,20
12,0.004865393172809771,4,100,0.9,20
13,0.006658367518500271,3,100,0.9,20
14,0.003268842543179395,17,100,0.9,20
15,0.002446625387070086,20,100,0.9,20
16,0.002201534974527752,15,100,0.9,20
17,0.0008956457250023123,34,100,0.9,20
18,0.0017100272713790742,12,100,0.9,20
19,0.0007755457238151037,35,100,0.9,20
20,0.0003534466672755152,65,100,0.9,20
21,0.0002713308423346122,56,100,0.9,20
22,0.00048576746690478633,51,100,0.9,20
23,0.0034958295088112577,3,100,0.9,20
24,0.03592814371257485,0,100,0.9,20
25,0.013897286324283145,0,100,0.9,20
26,0.0008382183133094156,23,100,0.9,20
27,0.0003759845294299437,59,100,0.9,20
28,0.00010261146372078799,83,100,0.9,20
29,0.0001331217865384934,77,100,0.9,20
30,0.00010280289524926728,73,100,0.9,20
31,0.00010897348760146261,77,100,0.9,20
32,0.00010210077836015851,77,100,0.9,20
33,0.0019094612339814526,21,100,0.9,20
34,0.00010091657884931354,69,100,0.9,20
35,8.791207223282567e-05,77,100,0.9,20
36,0.00017210639737932988,76,100,0.9,20
37,0.0008607069261680971,38,100,0.9,20
38,0.002954479890040472,4,100,0.9,20
39,0.002152956098187387,18,100,0.9,20
40,0.006995110430578335,4,100,0.9,20
41,0.005710907385263435,8,100,0.9,20
42,0.0036602277520613037,3,100,0.9,20
43,0.0012725499613751934,8,100,0.9,20
44,0.0003360849688269268,39,100,0.9,20
45,4.6826154461496845e-05,82,100,0.9,20
46,0.00015166531411514497,67,100,0.9,20
0,0.012253715121366632,0,100,0.9,21
1,0.004478380268423075,8,100,0.9,21
2,0.001980559529501353,14,100,0.9,21
3,0.0017545498087079541,7,100,0.9,21
4,0.00033330859372762993,48,100,0.9,21
5,0.0002238171003709412,58,100,0.9,21
6,0.0004428887472653888,39,100,0.9,21
7,0.003201825183922641,6,100,0.9,21
8,0.0499001996007984,0,100,0.9,21
9,0.10578842315369262,0,100,0.9,21
10,0.15169660678642716,0,100,0.9,21
11,0.11776447105788423,0,100,0.9,21
12,0.033932135728542916,0,100,0.9,21
13,0.0024433094407203086,2,100,0.9,21
14,0.000622123706759333,38,100,0.9,21
15,0.00020051915217843792,84,100,0.9,21
16,0.00012786072828952123,68,100,0.9,21
17,5.8265475227121664e-05,89,100,0.9,21
18,4.356780592540588e-05,91,100,0.9,21
19,3.9463392474588505e-05,94,100,0.9,21
20,0.000830239692544879,16,100,0.9,21
21,0.002943105898476539,3,100,0.9,21
22,0.01281218135960309,0,100,0.9,21
23,0.05389221556886228,0,100,0.9,21
24,0.041916167664670656,0,100,0.9,21
25,0.027944111776447105,0,100,0.9,21
26,0.00915182359368979,1,100,0.9,21
27,0.01428496988284887,0,100,0.9,21
28,0.007593094537912289,2,100,0.9,21
29,0.02594810379241517,0,100,0.9,21
30,0.059880239520958084,0,100,0.9,21
31,0.09181636726546906,0,100,0.9,21
32,0.1497005988023952,0,100,0.9,21
33,0.027944111776447105,0,100,0.9,21
34,0.12974051896207583,0,100,0.9,21
35,0.19161676646706588,0,100,0.9,21
36,0.1996007984031936,0,100,0.9,21
37,0.07784431137724551,0,100,0.9,21
38,0.00628440296878904,4,100,0.9,21
39,0.0023888342594268904,9,100,0.9,21
40,0.004239277618345344,1,100,0.9,21
41,0.04590818363273453,0,100,0.9,21
42,0.059880239520958084,0,100,0.9,21
43,0.043912175648702596,0,100,0.9,21
44,0.04590818363273453,0,100,0.9,21
45,0.0998003992015968,0,100,0.9,21
46,0.08782435129740519,0,100,0.9,21
0,0.03592814371257485,0,100,0.9,23
1,0.06786427145708583,0,100,0.9,23
2,0.10578842315369262,0,100,0.9,23
3,0.11776447105788423,0,100,0.9,23
4,0.10778443113772455,0,100,0.9,23
5,0.15768463073852296,0,100,0.9,23
6,0.3073852295409182,0,100,0.9,23
7,0.6447105788423154,0,100,0.9,23
8,0.3073852295409182,0,100,0.9,23
9,0.18363273453093812,0,100,0.9,23
10,0.1536926147704591,0,100,0.9,23
11,0.09580838323353294,0,100,0.9,23
12,0.07385229540918163,0,100,0.9,23
13,0.031936127744510975,0,100,0.9,23
14,0.04790419161676647,0,100,0.9,23
15,0.017168900324201253,0,100,0.9,23
16,0.03592814371257485,0,100,0.9,23
17,0.06387225548902195,0,100,0.9,23
18,0.059880239520958084,0,100,0.9,23
19,0.03592814371257485,0,100,0.9,23
20,0.11177644710578842,0,100,0.9,23
21,0.15169660678642716,0,100,0.9,23
22,0.041916167664670656,0,100,0.9,23
23,0.05588822355289421,0,100,0.9,23
24,0.04790419161676647,0,100,0.9,23
25,0.07784431137724551,0,100,0.9,23
26,0.20758483033932135,0,100,0.9,23
27,0.029940119760479042,0,100,0.9,23
28,0.01760467039447136,0,100,0.9,23
29,0.07784431137724551,0,100,0.9,23
30,0.13972055888223553,0,100,0.9,23
31,0.11776447105788423,0,100,0.9,23
32,0.06786427145708583,0,100,0.9,23
33,0.059880239520958084,0,100,0.9,23
34,0.041916167664670656,0,100,0.9,23
35,0.01812519661194439,0,100,0.9,23
36,0.010852858567672026,0,100,0.9,23
37,0.003176939491208546,1,100,0.9,23
38,0.004570724052918457,1,100,0.9,23
39,0.013022343409579666,0,100,0.9,23
40,0.0998003992015968,0,100,0.9,23
41,0.0998003992015968,0,100,0.9,23
42,0.08782435129740519,0,100,0.9,23
43,0.08383233532934131,0,100,0.9,23
44,0.05588822355289421,0,100,0.9,23
45,0.0499001996007984,0,100,0.9,23
46,0.11776447105788423,0,100,0.9,23
0,0.25948103792415167,0,100,0.9,22
1,0.10578842315369262,0,100,0.9,22
2,0.26746506986027946,0,100,0.9,22
3,0.7584830339321357,0,100,0.9,22
4,0.844311377245509,0,100,0.9,22
5,0.49700598802395207,0,100,0.9,22
6,0.3333333333333333,0,100,0.9,22
7,0.3253493013972056,0,100,0.9,22
8,0.36726546906187624,0,100,0.9,22
9,0.8522954091816367,0,100,0.9,22
10,0.500998003992016,0,100,0.9,22
11,0.1377245508982036,0,100,0.9,22
12,0.043912175648702596,0,100,0.9,22
13,0.2315369261477046,0,100,0.9,22
14,0.2275449101796407,0,100,0.9,22
15,0.35728542914171657,0,100,0.9,22
16,0.405189620758483,0,100,0.9,22
17,0.34331337325349304,0,100,0.9,22
18,0.14770459081836326,0,100,0.9,22
19,0.2714570858283433,0,100,0.9,22
20,0.21956087824351297,0,100,0.9,22
21,0.39520958083832336,0,100,0.9,22
22,0.2894211576846307,0,100,0.9,22
23,0.2954091816367265,0,100,0.9,22
24,0.4091816367265469,0,100,0.9,22
25,0.36926147704590817,0,100,0.9,22
26,0.6347305389221557,0,100,0.9,22
27,0.26147704590818366,0,100,0.9,22
28,0.1936127744510978,0,100,0.9,22
29,0.5049900199600799,0,100,0.9,22
30,0.23353293413173654,0,100,0.9,22
31,0.4311377245508982,0,100,0.9,22
32,0.469061876247505,0,100,0.9,22
33,0.4550898203592814,0,100,0.9,22
34,0.5988023952095808,0,100,0.9,22
35,0.3373253493013972,0,100,0.9,22
36,0.21157684630738524,0,100,0.9,22
37,0.18562874251497005,0,100,0.9,22
38,0.4630738522954092,0,100,0.9,22
39,0.562874251497006,0,100,0.9,22
40,0.5489021956087824,0,100,0.9,22
41,0.3253493013972056,0,100,0.9,22
42,0.0658682634730539,0,100,0.9,22
43,0.12974051896207583,0,100,0.9,22
44,0.3313373253493014,0,100,0.9,22
45,0.4351297405189621,0,100,0.9,22
46,0.3812375249500998,0,100,0.9,22
0,0.010186401412202421,0,100,0.9,24
1,0.0007552635241937322,26,100,0.9,24
2,0.0009805363259588885,38,100,0.9,24
3,0.0002272571653055458,77,100,0.9,24
4,0.00028444392146466656,53,100,0.9,24
5,0.003330736766041357,8,100,0.9,24
6,0.002236292058704432,11,100,0.9,24
7,0.0006834858731383569,37,100,0.9,24
8,0.00010615682662368746,53,100,0.9,24
9,2.7868747552634353e-05,63,100,0.9,24
10,1.448937688177752e-05,49,100,0.9,24
11,3.708004386022229e-05,31,100,0.9,24
12,0.0005764871232552824,4,100,0.9,24
13,0.00876570610953616,1,100,0.9,24
14,0.0016939447472866733,4,100,0.9,24
15,0.0005363863632368977,33,100,0.9,24
16,0.0008777996941162438,24,100,0.9,24
17,0.000122921093540771,73,100,0.9,24
18,0.00019950986150895733,64,100,0.9,24
19,0.00012970536021690882,59,100,0.9,24
20,0.003180592073790215,5,100,0.9,24
21,0.005646242992088975,1,100,0.9,24
22,0.007101034317956581,1,100,0.9,24
23,0.006146076180178411,1,100,0.9,24
24,0.0009680674129763033,1,100,0.9,24
25,0.00666284597766101,1,100,0.9,24
26,0.005596922643865343,1,100,0.9,24
27,0.009107884606865726,1,100,0.9,24
28,0.00784559515744563,1,100,0.9,24
29,0.031936127744510975,0,100,0.9,24
30,0.0006620561843557603,6,100,0.9,24
31,0.0016068342869095522,3,100,0.9,24
32,0.008295636845843035,1,100,0.9,24
33,0.006303031584931871,2,100,0.9,24
34,0.003263981631281613,4,100,0.9,24
35,0.000685408021639903,19,100,0.9,24
36,0.002456262398111562,3,100,0.9,24
37,0.00154961679141627,5,100,0.9,24
38,0.002570878776456056,5,100,0.9,24
39,0.010487518209531472,0,100,0.9,24
40,0.006382832326493135,1,100,0.9,24
41,0.011702238795477899,0,100,0.9,24
42,0.03792415169660679,0,100,0.9,24
43,0.007821488023947536,1,100,0.9,24
44,0.0003808244952697177,6,100,0.9,24
45,7.113688169549066e-05,43,100,0.9,24
46,8.450554476305223e-06,85,100,0.9,24
0,0.874251497005988,0,100,0.9,25
1,0.5808383233532934,0,100,0.9,25
2,0.3972055888223553,0,100,0.9,25
3,0.18163672654690619,0,100,0.9,25
4,0.2954091816367265,0,100,0.9,25
5,0.4171656686626746,0,100,0.9,25
6,0.3033932135728543,0,100,0.9,25
7,0.3033932135728543,0,100,0.9,25
8,0.18962075848303392,0,100,0.9,25
9,0.4231536926147705,0,100,0.9,25
10,0.5548902195608783,0,100,0.9,25
11,0.3473053892215569,0,100,0.9,25
12,0.40119760479041916,0,100,0.9,25
13,0.3393213572854291,0,100,0.9,25
14,0.8542914171656687,0,100,0.9,25
15,0.3473053892215569,0,100,0.9,25
16,0.3153692614770459,0,100,0.9,25
17,0.21756487025948104,0,100,0.9,25
18,0.37924151696606784,0,100,0.9,25
19,0.35129740518962077,0,100,0.9,25
20,0.10978043912175649,0,100,0.9,25
21,0.26746506986027946,0,100,0.9,25
22,0.11377245508982035,0,100,0.9,25
23,0.18762475049900199,0,100,0.9,25
24,0.3333333333333333,0,100,0.9,25
25,0.7524950099800399,0,100,0.9,25
26,0.37924151696606784,0,100,0.9,25
27,0.720558882235529,0,100,0.9,25
28,0.7125748502994012,0,100,0.9,25
29,0.2714570858283433,0,100,0.9,25
30,0.32934131736526945,0,100,0.9,25
31,0.3253493013972056,0,100,0.9,25
32,0.41317365269461076,0,100,0.9,25
33,0.720558882235529,0,100,0.9,25
34,0.7305389221556886,0,100,0.9,25
35,0.3073852295409182,0,100,0.9,25
36,0.19161676646706588,0,100,0.9,25
37,0.05588822355289421,0,100,0.9,25
38,0.25149700598802394,0,100,0.9,25
39,0.44510978043912175,0,100,0.9,25
40,0.8802395209580839,0,100,0.9,25
41,0.9101796407185628,0,100,0.9,25
42,0.844311377245509,0,100,0.9,25
43,0.5708582834331337,0,100,0.9,25
44,0.24550898203592814,0,100,0.9,25
45,0.21357285429141717,0,100,0.9,25
46,0.21357285429141717,0,100,0.9,25
0,0.021956087824351298,0,100,0.9,27
1,0.029940119760479042,0,100,0.9,27
2,0.17564870259481039,0,100,0.9,27
3,0.0718562874251497,0,100,0.9,27
4,0.029940119760479042,0,100,0.9,27
5,0.008329962407475414,2,100,0.9,27
6,0.0019880303264152156,2,100,0.9,27
7,0.0012549380908064513,3,100,0.9,27
8,0.0016414649096553931,2,100,0.9,27
9,0.0008672424095996722,2,100,0.9,27
10,0.0015926908415847558,1,100,0.9,27
11,0.003507700686110437,1,100,0.9,27
12,0.021956087824351298,0,100,0.9,27
13,0.03592814371257485,0,100,0.9,27
14,0.03792415169660679,0,100,0.9,27
15,0.09580838323353294,0,100,0.9,27
16,0.021956087824351298,0,100,0.9,27
17,0.008179288407595077,1,100,0.9,27
18,0.00993829353020375,1,100,0.9,27
19,0.0658682634730539,0,100,0.9,27
20,0.26147704590818366,0,100,0.9,27
21,0.1377245508982036,0,100,0.9,27
22,0.10578842315369262,0,100,0.9,27
23,0.13373253493013973,0,100,0.9,27
24,0.0658682634730539,0,100,0.9,27
25,0.059880239520958084,0,100,0.9,27
26,0.11776447105788423,0,100,0.9,27
27,0.03992015968063872,0,100,0.9,27
28,0.033932135728542916,0,100,0.9,27
29,0.031936127744510975,0,100,0.9,27
30,0.01342992882327273,0,100,0.9,27
31,0.06187624750499002,0,100,0.9,27
32,0.021956087824351298,0,100,0.9,27
33,0.029940119760479042,0,100,0.9,27
34,0.003193906555314022,1,100,0.9,27
35,0.005677287390007519,1,100,0.9,27
36,0.043912175648702596,0,100,0.9,27
37,0.031936127744510975,0,100,0.9,27
38,0.029940119760479042,0,100,0.9,27
39,0.016532340543682793,0,100,0.9,27
40,0.003638788803092758,2,100,0.9,27
41,0.006997984815199046,1,100,0.9,27
42,0.029940119760479042,0,100,0.9,27
43,0.23552894211576847,0,100,0.9,27
44,0.25149700598802394,0,100,0.9,27
45,0.07385229540918163,0,100,0.9,27
46,0.04790419161676647,0,100,0.9,27
0,0.16966067864271456,0,100,0.9,26
1,0.08582834331337326,0,100,0.9,26
2,0.01410668771977445,0,100,0.9,26
3,0.08383233532934131,0,100,0.9,26
4,0.37924151696606784,0,100,0.9,26
5,0.6806387225548902,0,100,0.9,26
6,0.28542914171656686,0,100,0.9,26
7,0.2155688622754491,0,100,0.9,26
8,0.14770459081836326,0,100,0.9,26
9,0.2055888223552894,0,100,0.9,26
10,0.4471057884231537,0,100,0.9,26
11,0.5588822355289421,0,100,0.9,26
12,0.5169660678642715,0,100,0.9,26
13,0.41916167664670656,0,100,0.9,26
14,0.29141716566866266,0,100,0.9,26
15,0.34930139720558884,0,100,0.9,26
16,0.7045908183632734,0,100,0.9,26
17,0.40119760479041916,0,100,0.9,26
18,0.0718562874251497,0,100,0.9,26
19,0.031936127744510975,0,100,0.9,26
20,0.041916167664670656,0,100,0.9,26
21,0.10778443113772455,0,100,0.9,26
22,0.45109780439121755,0,100,0.9,26
23,0.2435129740518962,0,100,0.9,26
24,0.11177644710578842,0,100,0.9,26
25,0.05189620758483034,0,100,0.9,26
26,0.1437125748502994,0,100,0.9,26
27,0.17365269461077845,0,100,0.9,26
28,0.3193612774451098,0,100,0.9,26
29,0.42714570858283435,0,100,0.9,26
30,0.25349301397205587,0,100,0.9,26
31,0.44510978043912175,0,100,0.9,26
32,0.32335329341317365,0,100,0.9,26
33,0.19760479041916168,0,100,0.9,26
34,0.3193612774451098,0,100,0.9,26
35,0.2554890219560878,0,100,0.9,26
36,0.32335329341317365,0,100,0.9,26
37,0.07385229540918163,0,100,0.9,26
38,0.1317365269461078,0,100,0.9,26
39,0.019412788913101206,0,100,0.9,26
40,0.029940119760479042,0,100,0.9,26
41,0.20758483033932135,0,100,0.9,26
42,0.1317365269461078,0,100,0.9,26
43,0.25948103792415167,0,100,0.9,26
44,0.3333333333333333,0,100,0.9,26
45,0.47704590818363274,0,100,0.9,26
46,0.2055888223552894,0,100,0.9,26
0,0.3652694610778443,0,100,0.9,28
1,0.3812375249500998,0,100,0.9,28
2,0.5828343313373253,0,100,0.9,28
3,0.43912175648702595,0,100,0.9,28
4,0.47704590818363274,0,100,0.9,28
5,0.3872255489021956,0,100,0.9,28
6,0.059880239520958084,0,100,0.9,28
7,0.015436974575781866,0,100,0.9,28
8,0.012788723221230511,0,100,0.9,28
9,0.029940119760479042,0,100,0.9,28
10,0.14770459081836326,0,100,0.9,28
11,0.3972055888223553,0,100,0.9,28
12,0.36327345309381237,0,100,0.9,28
13,0.23952095808383234,0,100,0.9,28
14,0.4351297405189621,0,100,0.9,28
15,0.11776447105788423,0,100,0.9,28
16,0.11377245508982035,0,100,0.9,28
17,0.09780439121756487,0,100,0.9,28
18,0.07984031936127745,0,100,0.9,28
19,0.3253493013972056,0,100,0.9,28
20,0.6327345309381237,0,100,0.9,28
21,0.25149700598802394,0,100,0.9,28
22,0.12974051896207583,0,100,0.9,28
23,0.09381237524950099,0,100,0.9,28
24,0.2315369261477046,0,100,0.9,28
25,0.654690618762475,0,100,0.9,28
26,0.872255489021956,0,100,0.9,28
27,0.4471057884231537,0,100,0.9,28
28,0.08582834331337326,0,100,0.9,28
29,0.01423372567404436,0,100,0.9,28
30,0.0033679493116996148,16,100,0.9,28
31,0.005564047355462554,3,100,0.9,28
32,0.018420114338553534,0,100,0.9,28
33,0.023952095808383235,0,100,0.9,28
34,0.0658682634730539,0,100,0.9,28
35,0.24151696606786427,0,100,0.9,28
36,0.2694610778443114,0,100,0.9,28
37,0.39520958083832336,0,100,0.9,28
38,0.4031936127744511,0,100,0.9,28
39,0.4031936127744511,0,100,0.9,28
40,0.2055888223552894,0,100,0.9,28
41,0.1656686626746507,0,100,0.9,28
42,0.009562579480781735,1,100,0.9,28
43,0.031936127744510975,0,100,0.9,28
44,0.027944111776447105,0,100,0.9,28
45,0.002862678223658764,23,100,0.9,28
46,0.005050097116196601,17,100,0.9,28
0,0.09580838323353294,0,100,0.9,29
1,0.30538922155688625,0,100,0.9,29
2,0.2954091816367265,0,100,0.9,29
3,0.5429141716566867,0,100,0.9,29
4,0.6427145708582834,0,100,0.9,29
5,0.6766467065868264,0,100,0.9,29
6,0.2874251497005988,0,100,0.9,29
7,0.1157684630738523,0,100,0.9,29
8,0.0658682634730539,0,100,0.9,29
9,0.08383233532934131,0,100,0.9,29
10,0.041916167664670656,0,100,0.9,29
11,0.16367265469061876,0,100,0.9,29
12,0.2754491017964072,0,100,0.9,29
13,0.6367265469061876,0,100,0.9,29
14,0.6127744510978044,0,100,0.9,29
15,0.8063872255489022,0,100,0.9,29
16,0.5469061876247505,0,100,0.9,29
17,0.34331337325349304,0,100,0.9,29
18,0.12375249500998003,0,100,0.9,29
19,0.031936127744510975,0,100,0.9,29
20,0.08183632734530938,0,100,0.9,29
21,0.09780439121756487,0,100,0.9,29
22,0.13972055888223553,0,100,0.9,29
23,0.06387225548902195,0,100,0.9,29
24,0.0998003992015968,0,100,0.9,29
25,0.3872255489021956,0,100,0.9,29
26,0.6906187624750499,0,100,0.9,29
27,0.8582834331337326,0,100,0.9,29
28,0.6387225548902196,0,100,0.9,29
29,0.34930139720558884,0,100,0.9,29
30,0.5149700598802395,0,100,0.9,29
31,0.6087824351297405,0,100,0.9,29
32,0.4031936127744511,0,100,0.9,29
33,0.41317365269461076,0,100,0.9,29
34,0.37325349301397204,0,100,0.9,29
35,0.47305389221556887,0,100,0.9,29
36,0.8483033932135728,0,100,0.9,29
37,0.5269461077844312,0,100,0.9,29
38,0.5129740518962076,0,100,0.9,29
39,0.6027944111776448,0,100,0.9,29
40,0.6606786427145709,0,100,0.9,29
41,0.3972055888223553,0,100,0.9,29
42,0.17764471057884232,0,100,0.9,29
43,0.34930139720558884,0,100,0.9,29
44,0.4810379241516966,0,100,0.9,29
45,0.4930139720558882,0,100,0.9,29
46,0.7924151696606786,0,100,0.9,29
0,0.4231536926147705,0,100,0.9,30
1,0.5269461077844312,0,100,0.9,30
2,0.5289421157684631,0,100,0.9,30
3,0.8802395209580839,0,100,0.9,30
4,0.5349301397205589,0,100,0.9,30
5,0.5129740518962076,0,100,0.9,30
6,0.20958083832335328,0,100,0.9,30
7,0.3013972055888224,0,100,0.9,30
8,0.2834331337325349,0,100,0.9,30
9,0.07784431137724551,0,100,0.9,30
10,0.18163672654690619,0,100,0.9,30
11,0.2934131736526946,0,100,0.9,30
12,0.810379241516966,0,100,0.9,30
13,0.6487025948103793,0,100,0.9,30
14,0.5389221556886228,0,100,0.9,30
15,0.313373253493014,0,100,0.9,30
16,0.08582834331337326,0,100,0.9,30
17,0.10578842315369262,0,100,0.9,30
18,0.16167664670658682,0,100,0.9,30
19,0.17365269461077845,0,100,0.9,30
20,0.31137724550898205,0,100,0.9,30
21,0.2554890219560878,0,100,0.9,30
22,0.3812375249500998,0,100,0.9,30
23,0.4351297405189621,0,100,0.9,30
24,0.590818363273453,0,100,0.9,30
25,0.6606786427145709,0,100,0.9,30
26,0.8522954091816367,0,100,0.9,30
27,0.4111776447105788,0,100,0.9,30
28,0.09780439121756487,0,100,0.9,30
29,0.1157684630738523,0,100,0.9,30
30,0.3313373253493014,0,100,0.9,30
31,0.5069860279441117,0,100,0.9,30
32,0.2754491017964072,0,100,0.9,30
33,0.18562874251497005,0,100,0.9,30
34,0.4231536926147705,0,100,0.9,30
35,0.8662674650698603,0,100,0.9,30
36,0.4590818363273453,0,100,0.9,30
37,0.4471057884231537,0,100,0.9,30
38,0.5289421157684631,0,100,0.9,30
39,0.6826347305389222,0,100,0.9,30
40,0.34331337325349304,0,100,0.9,30
41,0.249500998003992,0,100,0.9,30
42,0.28542914171656686,0,100,0.9,30
43,0.42714570858283435,0,100,0.9,30
44,0.6007984031936128,0,100,0.9,30
45,0.656686626746507,0,100,0.9,30
46,0.8323353293413174,0,100,0.9,30
0,0.008673188630942602,1,100,0.9,31
1,0.005617663009343058,2,100,0.9,31
2,0.008391399077581902,1,100,0.9,31
3,0.019489047963280555,0,100,0.9,31
4,0.04790419161676647,0,100,0.9,31
5,0.1536926147704591,0,100,0.9,31
6,0.26746506986027946,0,100,0.9,31
7,0.6307385229540918,0,100,0.9,31
8,0.24550898203592814,0,100,0.9,31
9,0.2714570858283433,0,100,0.9,31
10,0.13373253493013973,0,100,0.9,31
11,0.08782435129740519,0,100,0.9,31
12,0.36726546906187624,0,100,0.9,31
13,0.47904191616766467,0,100,0.9,31
14,0.40718562874251496,0,100,0.9,31
15,0.23552894211576847,0,100,0.9,31
16,0.15568862275449102,0,100,0.9,31
17,0.3313373253493014,0,100,0.9,31
18,0.36926147704590817,0,100,0.9,31
19,0.4091816367265469,0,100,0.9,31
20,0.4630738522954092,0,100,0.9,31
21,0.4231536926147705,0,100,0.9,31
22,0.10179640718562874,0,100,0.9,31
23,0.1217564870259481,0,100,0.9,31
24,0.11377245508982035,0,100,0.9,31
25,0.08782435129740519,0,100,0.9,31
26,0.13972055888223553,0,100,0.9,31
27,0.1157684630738523,0,100,0.9,31
28,0.1536926147704591,0,100,0.9,31
29,0.3013972055888224,0,100,0.9,31
30,0.17165668662674652,0,100,0.9,31
31,0.14770459081836326,0,100,0.9,31
32,0.03592814371257485,0,100,0.9,31
33,0.029940119760479042,0,100,0.9,31
34,0.027944111776447105,0,100,0.9,31
35,0.01610748997252584,0,100,0.9,31
36,0.03592814371257485,0,100,0.9,31
37,0.1317365269461078,0,100,0.9,31
38,0.25349301397205587,0,100,0.9,31
39,0.28542914171656686,0,100,0.9,31
40,0.34530938123752497,0,100,0.9,31
41,0.3872255489021956,0,100,0.9,31
42,0.19161676646706588,0,100,0.9,31
43,0.05389221556886228,0,100,0.9,31
44,0.043912175648702596,0,100,0.9,31
45,0.029940119760479042,0,100,0.9,31
46,0.03592814371257485,0,100,0.9,31
0,0.13572854291417166,0,100,0.9,32
1,0.05189620758483034,0,100,0.9,32
2,0.11377245508982035,0,100,0.9,32
3,0.25948103792415167,0,100,0.9,32
4,0.3592814371257485,0,100,0.9,32
5,0.47904191616766467,0,100,0.9,32
6,0.7984031936127745,0,100,0.9,32
7,0.7784431137724551,0,100,0.9,32
8,0.7504990019960079,0,100,0.9,32
9,0.3273453093812375,0,100,0.9,32
10,0.4630738522954092,0,100,0.9,32
11,0.45109780439121755,0,100,0.9,32
12,0.23952095808383234,0,100,0.9,32
13,0.3273453093812375,0,100,0.9,32
14,0.17764471057884232,0,100,0.9,32
15,0.30538922155688625,0,100,0.9,32
16,0.5329341317365269,0,100,0.9,32
17,0.35728542914171657,0,100,0.9,32
18,0.7664670658682635,0,100,0.9,32
19,0.4171656686626746,0,100,0.9,32
20,0.4491017964071856,0,100,0.9,32
21,0.1497005988023952,0,100,0.9,32
22,0.17764471057884232,0,100,0.9,32
23,0.3652694610778443,0,100,0.9,32
24,0.36327345309381237,0,100,0.9,32
25,0.19161676646706588,0,100,0.9,32
26,0.19760479041916168,0,100,0.9,32
27,0.18163672654690619,0,100,0.9,32
28,0.1277445109780439,0,100,0.9,32
29,0.13572854291417166,0,100,0.9,32
30,0.05389221556886228,0,100,0.9,32
31,0.08183632734530938,0,100,0.9,32
32,0.13572854291417166,0,100,0.9,32
33,0.06986027944111776,0,100,0.9,32
34,0.043912175648702596,0,100,0.9,32
35,0.2055888223552894,0,100,0.9,32
36,0.313373253493014,0,100,0.9,32
37,0.3872255489021956,0,100,0.9,32
38,0.7345309381237525,0,100,0.9,32
39,0.6147704590818364,0,100,0.9,32
40,0.7624750499001997,0,100,0.9,32
41,0.5149700598802395,0,100,0.9,32
42,0.1936127744510978,0,100,0.9,32
43,0.05588822355289421,0,100,0.9,32
44,0.24550898203592814,0,100,0.9,32
45,0.46107784431137727,0,100,0.9,32
46,0.6067864271457086,0,100,0.9,32
0,0.07584830339321358,0,100,0.9,33
1,0.11976047904191617,0,100,0.9,33
2,0.07584830339321358,0,100,0.9,33
3,0.22554890219560877,0,100,0.9,33
4,0.5768463073852296,0,100,0.9,33
5,0.21157684630738524,0,100,0.9,33
6,0.11177644710578842,0,100,0.9,33
7,0.08582834331337326,0,100,0.9,33
8,0.1157684630738523,0,100,0.9,33
9,0.19760479041916168,0,100,0.9,33
10,0.2055888223552894,0,100,0.9,33
11,0.4291417165668663,0,100,0.9,33
12,0.5049900199600799,0,100,0.9,33
13,0.5189620758483033,0,100,0.9,33
14,0.3273453093812375,0,100,0.9,33
15,0.25349301397205587,0,100,0.9,33
16,0.1936127744510978,0,100,0.9,33
17,0.021956087824351298,0,100,0.9,33
18,0.021956087824351298,0,100,0.9,33
19,0.004546689711505017,4,100,0.9,33
20,0.009344857795422067,1,100,0.9,33
21,0.014329087631201321,0,100,0.9,33
22,0.0499001996007984,0,100,0.9,33
23,0.2994011976047904,0,100,0.9,33
24,0.6506986027944112,0,100,0.9,33
25,0.7025948103792415,0,100,0.9,33
26,0.5788423153692615,0,100,0.9,33
27,0.6586826347305389,0,100,0.9,33
28,0.33532934131736525,0,100,0.9,33
29,0.07584830339321358,0,100,0.9,33
30,0.03592814371257485,0,100,0.9,33
31,0.08582834331337326,0,100,0.9,33
32,0.42714570858283435,0,100,0.9,33
33,0.7524950099800399,0,100,0.9,33
34,0.2874251497005988,0,100,0.9,33
35,0.21357285429141717,0,100,0.9,33
36,0.10978043912175649,0,100,0.9,33
37,0.05788423153692615,0,100,0.9,33
38,0.043912175648702596,0,100,0.9,33
39,0.05189620758483034,0,100,0.9,33
40,0.08782435129740519,0,100,0.9,33
41,0.05588822355289421,0,100,0.9,33
42,0.07385229540918163,0,100,0.9,33
43,0.019248677500477263,0,100,0.9,33
44,0.1656686626746507,0,100,0.9,33
45,0.15568862275449102,0,100,0.9,33
46,0.16367265469061876,0,100,0.9,33
0,0.49700598802395207,0,100,0.9,34
1,0.437125748502994,0,100,0.9,34
2,0.3652694610778443,0,100,0.9,34
3,0.35528942115768464,0,100,0.9,34
4,0.34331337325349304,0,100,0.9,34
5,0.16167664670658682,0,100,0.9,34
6,0.09181636726546906,0,100,0.9,34
7,0.018873085080109746,0,100,0.9,34
8,0.043912175648702596,0,100,0.9,34
9,0.05189620758483034,0,100,0.9,34
10,0.043912175648702596,0,100,0.9,34
11,0.03992015968063872,0,100,0.9,34
12,0.04590818363273453,0,100,0.9,34
13,0.13972055888223553,0,100,0.9,34
14,0.2055888223552894,0,100,0.9,34
15,0.2375249500998004,0,100,0.9,34
16,0.36127744510978044,0,100,0.9,34
17,0.1936127744510978,0,100,0.9,34
18,0.33532934131736525,0,100,0.9,34
19,0.281437125748503,0,100,0.9,34
20,0.3872255489021956,0,100,0.9,34
21,0.22954091816367264,0,100,0.9,34
22,0.11776447105788423,0,100,0.9,34
23,0.10379241516966067,0,100,0.9,34
24,0.1157684630738523,0,100,0.9,34
25,0.05189620758483034,0,100,0.9,34
26,0.06986027944111776,0,100,0.9,34
27,0.16367265469061876,0,100,0.9,34
28,0.36327345309381237,0,100,0.9,34
29,0.4491017964071856,0,100,0.9,34
30,0.29740518962075846,0,100,0.9,34
31,0.2714570858283433,0,100,0.9,34
32,0.2654690618762475,0,100,0.9,34
33,0.37924151696606784,0,100,0.9,34
34,0.2894211576846307,0,100,0.9,34
35,0.28542914171656686,0,100,0.9,34
36,0.17964071856287425,0,100,0.9,34
37,0.06786427145708583,0,100,0.9,34
38,0.05588822355289421,0,100,0.9,34
39,0.07385229540918163,0,100,0.9,34
40,0.19560878243512975,0,100,0.9,34
41,0.2375249500998004,0,100,0.9,34
42,0.06786427145708583,0,100,0.9,34
43,0.08582834331337326,0,100,0.9,34
44,0.10578842315369262,0,100,0.9,34
45,0.18562874251497005,0,100,0.9,34
46,0.2894211576846307,0,100,0.9,34
0,0.09381237524950099,0,100,0.9,35
1,0.15169660678642716,0,100,0.9,35
2,0.24151696606786427,0,100,0.9,35
3,0.3413173652694611,0,100,0.9,35
4,0.4291417165668663,0,100,0.9,35
5,0.2694610778443114,0,100,0.9,35
6,0.17165668662674652,0,100,0.9,35
7,0.20758483033932135,0,100,0.9,35
8,0.29141716566866266,0,100,0.9,35
9,0.5828343313373253,0,100,0.9,35
10,0.48303393213572854,0,100,0.9,35
11,0.37325349301397204,0,100,0.9,35
12,0.5049900199600799,0,100,0.9,35
13,0.43313373253493015,0,100,0.9,35
14,0.26746506986027946,0,100,0.9,35
15,0.25149700598802394,0,100,0.9,35
16,0.2714570858283433,0,100,0.9,35
17,0.21756487025948104,0,100,0.9,35
18,0.21756487025948104,0,100,0.9,35
19,0.20958083832335328,0,100,0.9,35
20,0.19760479041916168,0,100,0.9,35
21,0.8063872255489022,0,100,0.9,35
22,0.6526946107784432,0,100,0.9,35
23,0.5728542914171657,0,100,0.9,35
24,0.1317365269461078,0,100,0.9,35
25,0.059880239520958084,0,100,0.9,35
26,0.09181636726546906,0,100,0.9,35
27,0.11976047904191617,0,100,0.9,35
28,0.6187624750499002,0,100,0.9,35
29,0.7844311377245509,0,100,0.9,35
30,0.2894211576846307,0,100,0.9,35
31,0.1596806387225549,0,100,0.9,35
32,0.5229540918163673,0,100,0.9,35
33,0.6526946107784432,0,100,0.9,35
34,0.9600798403193613,0,100,0.9,35
35,0.6626746506986028,0,100,0.9,35
36,0.469061876247505,0,100,0.9,35
37,0.3253493013972056,0,100,0.9,35
38,0.3333333333333333,0,100,0.9,35
39,0.4630738522954092,0,100,0.9,35
40,0.5289421157684631,0,100,0.9,35
41,0.3333333333333333,0,100,0.9,35
42,0.23952095808383234,0,100,0.9,35
43,0.4251497005988024,0,100,0.9,35
44,0.4311377245508982,0,100,0.9,35
45,0.5688622754491018,0,100,0.9,35
46,0.6007984031936128,0,100,0.9,35
0,0.21357285429141717,0,100,0.9,36
1,0.34930139720558884,0,100,0.9,36
2,0.37325349301397204,0,100,0.9,36
3,0.4031936127744511,0,100,0.9,36
4,0.1656686626746507,0,100,0.9,36
5,0.0658682634730539,0,100,0.9,36
6,0.027944111776447105,0,100,0.9,36
7,0.2155688622754491,0,100,0.9,36
8,0.47305389221556887,0,100,0.9,36
9,0.3972055888223553,0,100,0.9,36
10,0.2654690618762475,0,100,0.9,36
11,0.39520958083832336,0,100,0.9,36
12,0.624750499001996,0,100,0.9,36
13,0.3872255489021956,0,100,0.9,36
14,0.19560878243512975,0,100,0.9,36
15,0.10578842315369262,0,100,0.9,36
16,0.22554890219560877,0,100,0.9,36
17,0.1596806387225549,0,100,0.9,36
18,0.18363273453093812,0,100,0.9,36
19,0.1656686626746507,0,100,0.9,36
20,0.18762475049900199,0,100,0.9,36
21,0.1157684630738523,0,100,0.9,36
22,0.20958083832335328,0,100,0.9,36
23,0.36327345309381237,0,100,0.9,36
24,0.4750499001996008,0,100,0.9,36
25,0.499001996007984,0,100,0.9,36
26,0.8183632734530938,0,100,0.9,36
27,0.5608782435129741,0,100,0.9,36
28,0.6626746506986028,0,100,0.9,36
29,0.6407185628742516,0,100,0.9,36
30,0.6067864271457086,0,100,0.9,36
31,0.3333333333333333,0,100,0.9,36
32,0.2435129740518962,0,100,0.9,36
33,0.35728542914171657,0,100,0.9,36
34,0.6467065868263473,0,100,0.9,36
35,0.5409181636726547,0,100,0.9,36
36,0.3393213572854291,0,100,0.9,36
37,0.46506986027944114,0,100,0.9,36
38,0.38323353293413176,0,100,0.9,36
39,0.33532934131736525,0,100,0.9,36
40,0.2994011976047904,0,100,0.9,36
41,0.21157684630738524,0,100,0.9,36
42,0.17365269461077845,0,100,0.9,36
43,0.15568862275449102,0,100,0.9,36
44,0.20958083832335328,0,100,0.9,36
45,0.14770459081836326,0,100,0.9,36
46,0.06387225548902195,0,100,0.9,36
0,0.27944111776447106,0,100,0.9,37
1,0.48303393213572854,0,100,0.9,37
2,0.03992015968063872,0,100,0.9,37
3,0.04790419161676647,0,100,0.9,37
4,0.08782435129740519,0,100,0.9,37
5,0.2215568862275449,0,100,0.9,37
6,0.06387225548902195,0,100,0.9,37
7,0.016048921548230642,0,100,0.9,37
8,0.01822105170750458,0,100,0.9,37
9,0.043912175648702596,0,100,0.9,37
10,0.2934131736526946,0,100,0.9,37
11,0.3313373253493014,0,100,0.9,37
12,0.36926147704590817,0,100,0.9,37
13,0.09381237524950099,0,100,0.9,37
14,0.13572854291417166,0,100,0.9,37
15,0.14570858283433133,0,100,0.9,37
16,0.3073852295409182,0,100,0.9,37
17,0.28542914171656686,0,100,0.9,37
18,0.1996007984031936,0,100,0.9,37
19,0.1497005988023952,0,100,0.9,37
20,0.023952095808383235,0,100,0.9,37
21,0.023952095808383235,0,100,0.9,37
22,0.0020373232945663333,2,100,0.9,37
23,0.0017204872539040598,3,100,0.9,37
24,0.0022904635361814343,2,100,0.9,37
25,0.009787009719128026,1,100,0.9,37
26,0.09780439121756487,0,100,0.9,37
27,0.24750499001996007,0,100,0.9,37
28,0.43912175648702595,0,100,0.9,37
29,0.5169660678642715,0,100,0.9,37
30,0.2834331337325349,0,100,0.9,37
31,0.3273453093812375,0,100,0.9,37
32,0.33532934131736525,0,100,0.9,37
33,0.5728542914171657,0,100,0.9,37
34,0.3313373253493014,0,100,0.9,37
35,0.059880239520958084,0,100,0.9,37
36,0.01500321369922486,0,100,0.9,37
37,0.016596244904381188,0,100,0.9,37
38,0.0718562874251497,0,100,0.9,37
39,0.35129740518962077,0,100,0.9,37
40,0.313373253493014,0,100,0.9,37
41,0.0998003992015968,0,100,0.9,37
42,0.033932135728542916,0,100,0.9,37
43,0.011896405670022595,0,100,0.9,37
44,0.003500133645319927,3,100,0.9,37
45,0.0007196875301930535,8,100,0.9,37
46,0.0006294995206382573,10,100,0.9,37
0,0.4530938123752495,0,100,0.9,38
1,0.2934131736526946,0,100,0.9,38
2,0.2834331337325349,0,100,0.9,38
3,0.2654690618762475,0,100,0.9,38
4,0.2634730538922156,0,100,0.9,38
5,0.20359281437125748,0,100,0.9,38
6,0.04590818363273453,0,100,0.9,38
7,0.023952095808383235,0,100,0.9,38
8,0.09580838323353294,0,100,0.9,38
9,0.12974051896207583,0,100,0.9,38
10,0.07584830339321358,0,100,0.9,38
11,0.10179640718562874,0,100,0.9,38
12,0.18163672654690619,0,100,0.9,38
13,0.16367265469061876,0,100,0.9,38
14,0.08982035928143713,0,100,0.9,38
15,0.1656686626746507,0,100,0.9,38
16,0.5109780439121756,0,100,0.9,38
17,0.5049900199600799,0,100,0.9,38
18,0.5209580838323353,0,100,0.9,38
19,0.6427145708582834,0,100,0.9,38
20,0.48902195608782434,0,100,0.9,38
21,0.17964071856287425,0,100,0.9,38
22,0.059880239520958084,0,100,0.9,38
23,0.02594810379241517,0,100,0.9,38
24,0.00294272206315163,1,100,0.9,38
25,0.0015567760040029821,2,100,0.9,38
26,0.001745425271121378,3,100,0.9,38
27,0.0021271788654118893,1,100,0.9,38
28,0.01575769669533026,0,100,0.9,38
29,0.06187624750499002,0,100,0.9,38
30,0.17964071856287425,0,100,0.9,38
31,0.4291417165668663,0,100,0.9,38
32,0.1596806387225549,0,100,0.9,38
33,0.2275449101796407,0,100,0.9,38
34,0.16766467065868262,0,100,0.9,38
35,0.14570858283433133,0,100,0.9,38
36,0.17165668662674652,0,100,0.9,38
37,0.26746506986027946,0,100,0.9,38
38,0.17165668662674652,0,100,0.9,38
39,0.1157684630738523,0,100,0.9,38
40,0.09580838323353294,0,100,0.9,38
41,0.07584830339321358,0,100,0.9,38
42,0.09580838323353294,0,100,0.9,38
43,0.08383233532934131,0,100,0.9,38
44,0.11177644710578842,0,100,0.9,38
45,0.1497005988023952,0,100,0.9,38
46,0.23353293413173654,0,100,0.9,38
0,0.13972055888223553,0,100,0.9,39
1,0.249500998003992,0,100,0.9,39
2,0.3912175648702595,0,100,0.9,39
3,0.5588822355289421,0,100,0.9,39
4,0.5089820359281437,0,100,0.9,39
5,0.017454536351944105,0,100,0.9,39
6,0.012517863886226253,0,100,0.9,39
7,0.0066034959500494515,2,100,0.9,39
8,0.09381237524950099,0,100,0.9,39
9,0.09181636726546906,0,100,0.9,39
10,0.05588822355289421,0,100,0.9,39
11,0.09580838323353294,0,100,0.9,39
12,0.023952095808383235,0,100,0.9,39
13,0.027944111776447105,0,100,0.9,39
14,0.029940119760479042,0,100,0.9,39
15,0.059880239520958084,0,100,0.9,39
16,0.5189620758483033,0,100,0.9,39
17,0.8183632734530938,0,100,0.9,39
18,0.3193612774451098,0,100,0.9,39
19,0.2894211576846307,0,100,0.9,39
20,0.4151696606786427,0,100,0.9,39
21,0.3473053892215569,0,100,0.9,39
22,0.28542914171656686,0,100,0.9,39
23,0.34930139720558884,0,100,0.9,39
24,0.5089820359281437,0,100,0.9,39
25,0.023952095808383235,0,100,0.9,39
26,0.029940119760479042,0,100,0.9,39
27,0.18562874251497005,0,100,0.9,39
28,0.500998003992016,0,100,0.9,39
29,0.8562874251497006,0,100,0.9,39
30,0.872255489021956,0,100,0.9,39
31,0.5788423153692615,0,100,0.9,39
32,0.20758483033932135,0,100,0.9,39
33,0.11976047904191617,0,100,0.9,39
34,0.14570858283433133,0,100,0.9,39
35,0.08782435129740519,0,100,0.9,39
36,0.10578842315369262,0,100,0.9,39
37,0.1596806387225549,0,100,0.9,39
38,0.2155688622754491,0,100,0.9,39
39,0.720558882235529,0,100,0.9,39
40,0.5449101796407185,0,100,0.9,39
41,0.30538922155688625,0,100,0.9,39
42,0.35129740518962077,0,100,0.9,39
43,0.9041916167664671,0,100,0.9,39
44,0.469061876247505,0,100,0.9,39
45,0.17165668662674652,0,100,0.9,39
46,0.09181636726546906,0,100,0.9,39
0,0.24550898203592814,0,100,0.9,40
1,0.16966067864271456,0,100,0.9,40
2,0.16766467065868262,0,100,0.9,40
3,0.437125748502994,0,100,0.9,40
4,0.4351297405189621,0,100,0.9,40
5,0.5748502994011976,0,100,0.9,40
6,0.4630738522954092,0,100,0.9,40
7,0.3772455089820359,0,100,0.9,40
8,0.6107784431137725,0,100,0.9,40
9,0.34930139720558884,0,100,0.9,40
10,0.1656686626746507,0,100,0.9,40
11,0.09181636726546906,0,100,0.9,40
12,0.059880239520958084,0,100,0.9,40
13,0.03792415169660679,0,100,0.9,40
14,0.11177644710578842,0,100,0.9,40
15,0.33532934131736525,0,100,0.9,40
16,0.3712574850299401,0,100,0.9,40
17,0.38323353293413176,0,100,0.9,40
18,0.23353293413173654,0,100,0.9,40
19,0.19560878243512975,0,100,0.9,40
20,0.11377245508982035,0,100,0.9,40
21,0.12375249500998003,0,100,0.9,40
22,0.10978043912175649,0,100,0.9,40
23,0.07784431137724551,0,100,0.9,40
24,0.1317365269461078,0,100,0.9,40
25,0.14570858283433133,0,100,0.9,40
26,0.24151696606786427,0,100,0.9,40
27,0.0718562874251497,0,100,0.9,40
28,0.033932135728542916,0,100,0.9,40
29,0.03992015968063872,0,100,0.9,40
30,0.11776447105788423,0,100,0.9,40
31,0.27944111776447106,0,100,0.9,40
32,0.37524950099800397,0,100,0.9,40
33,0.3373253493013972,0,100,0.9,40
34,0.3153692614770459,0,100,0.9,40
35,0.2215568862275449,0,100,0.9,40
36,0.1656686626746507,0,100,0.9,40
37,0.20958083832335328,0,100,0.9,40
38,0.10578842315369262,0,100,0.9,40
39,0.08183632734530938,0,100,0.9,40
40,0.2215568862275449,0,100,0.9,40
41,0.24550898203592814,0,100,0.9,40
42,0.1377245508982036,0,100,0.9,40
43,0.1656686626746507,0,100,0.9,40
44,0.16966067864271456,0,100,0.9,40
45,0.21956087824351297,0,100,0.9,40
46,0.34530938123752497,0,100,0.9,40
0,0.12375249500998003,0,100,0.9,41
1,0.1277445109780439,0,100,0.9,41
2,0.1157684630738523,0,100,0.9,41
3,0.03592814371257485,0,100,0.9,41
4,0.027944111776447105,0,100,0.9,41
5,0.03992015968063872,0,100,0.9,41
6,0.08383233532934131,0,100,0.9,41
7,0.1377245508982036,0,100,0.9,41
8,0.1317365269461078,0,100,0.9,41
9,0.3193612774451098,0,100,0.9,41
10,0.16766467065868262,0,100,0.9,41
11,0.18762475049900199,0,100,0.9,41
12,0.09181636726546906,0,100,0.9,41
13,0.0153353641342106,0,100,0.9,41
14,0.01626424114730221,0,100,0.9,41
15,0.17365269461077845,0,100,0.9,41
16,0.6447105788423154,0,100,0.9,41
17,0.5449101796407185,0,100,0.9,41
18,0.21956087824351297,0,100,0.9,41
19,0.1596806387225549,0,100,0.9,41
20,0.17165668662674652,0,100,0.9,41
21,0.20758483033932135,0,100,0.9,41
22,0.10379241516966067,0,100,0.9,41
23,0.1317365269461078,0,100,0.9,41
24,0.0499001996007984,0,100,0.9,41
25,0.04790419161676647,0,100,0.9,41
26,0.041916167664670656,0,100,0.9,41
27,0.017929752767010945,0,100,0.9,41
28,0.03792415169660679,0,100,0.9,41
29,0.014678587843936025,0,100,0.9,41
30,0.033932135728542916,0,100,0.9,41
31,0.08582834331337326,0,100,0.9,41
32,0.08582834331337326,0,100,0.9,41
33,0.1217564870259481,0,100,0.9,41
34,0.17764471057884232,0,100,0.9,41
35,0.11976047904191617,0,100,0.9,41
36,0.03592814371257485,0,100,0.9,41
37,0.033932135728542916,0,100,0.9,41
38,0.014587723187828992,0,100,0.9,41
39,0.006973734369457481,1,100,0.9,41
40,0.011782954913796188,0,100,0.9,41
41,0.03792415169660679,0,100,0.9,41
42,0.08383233532934131,0,100,0.9,41
43,0.2155688622754491,0,100,0.9,41
44,0.4530938123752495,0,100,0.9,41
45,0.41916167664670656,0,100,0.9,41
46,0.6087824351297405,0,100,0.9,41
0,0.04590818363273453,0,100,0.9,42
1,0.13572854291417166,0,100,0.9,42
2,0.14570858283433133,0,100,0.9,42
3,0.3093812375249501,0,100,0.9,42
4,0.3812375249500998,0,100,0.9,42
5,0.23353293413173654,0,100,0.9,42
6,0.23952095808383234,0,100,0.9,42
7,0.10578842315369262,0,100,0.9,42
8,0.08582834331337326,0,100,0.9,42
9,0.1277445109780439,0,100,0.9,42
10,0.2055888223552894,0,100,0.9,42
11,0.08982035928143713,0,100,0.9,42
12,0.20958083832335328,0,100,0.9,42
13,0.33532934131736525,0,100,0.9,42
14,0.5508982035928144,0,100,0.9,42
15,0.6427145708582834,0,100,0.9,42
16,0.6107784431137725,0,100,0.9,42
17,0.4151696606786427,0,100,0.9,42
18,0.09580838323353294,0,100,0.9,42
19,0.06786427145708583,0,100,0.9,42
20,0.00866910716103145,1,100,0.9,42
21,0.1377245508982036,0,100,0.9,42
22,0.021956087824351298,0,100,0.9,42
23,0.02594810379241517,0,100,0.9,42
24,0.03592814371257485,0,100,0.9,42
25,0.027944111776447105,0,100,0.9,42
26,0.04590818363273453,0,100,0.9,42
27,0.029940119760479042,0,100,0.9,42
28,0.021956087824351298,0,100,0.9,42
29,0.043912175648702596,0,100,0.9,42
30,0.043912175648702596,0,100,0.9,42
31,0.15768463073852296,0,100,0.9,42
32,0.04790419161676647,0,100,0.9,42
33,0.014498635231934188,0,100,0.9,42
34,0.015014404675014963,0,100,0.9,42
35,0.0499001996007984,0,100,0.9,42
36,0.32934131736526945,0,100,0.9,42
37,0.3373253493013972,0,100,0.9,42
38,0.249500998003992,0,100,0.9,42
39,0.02594810379241517,0,100,0.9,42
40,0.041916167664670656,0,100,0.9,42
41,0.05788423153692615,0,100,0.9,42
42,0.07984031936127745,0,100,0.9,42
43,0.08782435129740519,0,100,0.9,42
44,0.20359281437125748,0,100,0.9,42
45,0.39520958083832336,0,100,0.9,42
46,0.46706586826347307,0,100,0.9,42
0,0.0021753743471561765,17,100,0.9,43
1,0.009357918382730144,1,100,0.9,43
2,0.014052184058055462,0,100,0.9,43
3,0.03992015968063872,0,100,0.9,43
4,0.023060497640870856,0,100,0.9,43
5,0.031936127744510975,0,100,0.9,43
6,0.11177644710578842,0,100,0.9,43
7,0.07584830339321358,0,100,0.9,43
8,0.05389221556886228,0,100,0.9,43
9,0.010924868793637209,0,100,0.9,43
10,0.01355114707891714,0,100,0.9,43
11,0.012024533601089174,0,100,0.9,43
12,0.007380177292811621,1,100,0.9,43
13,0.0499001996007984,0,100,0.9,43
14,0.027944111776447105,0,100,0.9,43
15,0.02594810379241517,0,100,0.9,43
16,0.033932135728542916,0,100,0.9,43
17,0.03592814371257485,0,100,0.9,43
18,0.011549250317030663,0,100,0.9,43
19,0.007768054354357611,1,100,0.9,43
20,0.008940905016345698,1,100,0.9,43
21,0.023229938640628126,0,100,0.9,43
22,0.013097125422369061,0,100,0.9,43
23,0.015231700583843913,0,100,0.9,43
24,0.012108015384514602,0,100,0.9,43
25,0.010686713487263666,0,100,0.9,43
26,0.017217397767245582,0,100,0.9,43
27,0.043912175648702596,0,100,0.9,43
28,0.017996531752786378,0,100,0.9,43
29,0.006274913355466255,2,100,0.9,43
30,0.007045912195724967,1,100,0.9,43
31,0.006412497221346146,6,100,0.9,43
32,0.016003397525636058,0,100,0.9,43
33,0.02224347486699462,0,100,0.9,43
34,0.020897846802543876,0,100,0.9,43
35,0.13572854291417166,0,100,0.9,43
36,0.16367265469061876,0,100,0.9,43
37,0.11177644710578842,0,100,0.9,43
38,0.05588822355289421,0,100,0.9,43
39,0.06986027944111776,0,100,0.9,43
40,0.03992015968063872,0,100,0.9,43
41,0.027944111776447105,0,100,0.9,43
42,0.018988889041574763,0,100,0.9,43
43,0.019797137354320357,0,100,0.9,43
44,0.09780439121756487,0,100,0.9,43
45,0.07984031936127745,0,100,0.9,43
46,0.08982035928143713,0,100,0.9,43
0,0.7425149700598802,0,100,0.9,44
1,0.28542914171656686,0,100,0.9,44
2,0.45109780439121755,0,100,0.9,44
3,0.13572854291417166,0,100,0.9,44
4,0.12574850299401197,0,100,0.9,44
5,0.2834331337325349,0,100,0.9,44
6,0.3213572854291417,0,100,0.9,44
7,0.47704590818363274,0,100,0.9,44
8,0.6746506986027944,0,100,0.9,44
9,0.41916167664670656,0,100,0.9,44
10,0.24550898203592814,0,100,0.9,44
11,0.4630738522954092,0,100,0.9,44
12,0.3852295409181637,0,100,0.9,44
13,0.7405189620758483,0,100,0.9,44
14,0.41916167664670656,0,100,0.9,44
15,0.06387225548902195,0,100,0.9,44
16,0.05189620758483034,0,100,0.9,44
17,0.06986027944111776,0,100,0.9,44
18,0.7504990019960079,0,100,0.9,44
19,0.7624750499001997,0,100,0.9,44
20,0.3153692614770459,0,100,0.9,44
21,0.35728542914171657,0,100,0.9,44
22,0.5688622754491018,0,100,0.9,44
23,0.9161676646706587,0,100,0.9,44
24,0.15169660678642716,0,100,0.9,44
25,0.08183632734530938,0,100,0.9,44
26,0.04790419161676647,0,100,0.9,44
27,0.043912175648702596,0,100,0.9,44
28,0.1596806387225549,0,100,0.9,44
29,0.04590818363273453,0,100,0.9,44
30,0.22355289421157684,0,100,0.9,44
31,0.7005988023952096,0,100,0.9,44
32,0.5808383233532934,0,100,0.9,44
33,0.4291417165668663,0,100,0.9,44
34,0.3333333333333333,0,100,0.9,44
35,0.7105788423153693,0,100,0.9,44
36,0.7984031936127745,0,100,0.9,44
37,0.5768463073852296,0,100,0.9,44
38,0.17964071856287425,0,100,0.9,44
39,0.05189620758483034,0,100,0.9,44
40,0.34530938123752497,0,100,0.9,44
41,0.3253493013972056,0,100,0.9,44
42,0.5349301397205589,0,100,0.9,44
43,0.3213572854291417,0,100,0.9,44
44,0.20958083832335328,0,100,0.9,44
45,0.4930139720558882,0,100,0.9,44
46,0.33532934131736525,0,100,0.9,44
0,0.021956087824351298,0,100,0.9,45
1,0.008738300902393683,1,100,0.9,45
2,0.08982035928143713,0,100,0.9,45
3,0.033932135728542916,0,100,0.9,45
4,0.029940119760479042,0,100,0.9,45
5,0.14570858283433133,0,100,0.9,45
6,0.1656686626746507,0,100,0.9,45
7,0.25149700598802394,0,100,0.9,45
8,0.17365269461077845,0,100,0.9,45
9,0.08183632734530938,0,100,0.9,45
10,0.06387225548902195,0,100,0.9,45
11,0.08183632734530938,0,100,0.9,45
12,0.07584830339321358,0,100,0.9,45
13,0.0718562874251497,0,100,0.9,45
14,0.11976047904191617,0,100,0.9,45
15,0.08782435129740519,0,100,0.9,45
16,0.05588822355289421,0,100,0.9,45
17,0.06387225548902195,0,100,0.9,45
18,0.027944111776447105,0,100,0.9,45
19,0.007681422037186074,1,100,0.9,45
20,0.005510734135710804,3,100,0.9,45
21,0.010834033811769702,0,100,0.9,45
22,0.012363151666062224,0,100,0.9,45
23,0.021358902373056106,0,100,0.9,45
24,0.07385229540918163,0,100,0.9,45
25,0.22554890219560877,0,100,0.9,45
26,0.11177644710578842,0,100,0.9,45
27,0.05389221556886228,0,100,0.9,45
28,0.01549127346276278,0,100,0.9,45
29,0.00671445186518577,2,100,0.9,45
30,0.011858828668440837,0,100,0.9,45
31,0.007653562459794984,1,100,0.9,45
32,0.011334465448233803,0,100,0.9,45
33,0.015625932582330557,0,100,0.9,45
34,0.013655215283711386,0,100,0.9,45
35,0.018780760922023132,0,100,0.9,45
36,0.01114780026332328,0,100,0.9,45
37,0.012397882742156847,0,100,0.9,45
38,0.014863037810109113,0,100,0.9,45
39,0.021956087824351298,0,100,0.9,45
40,0.03592814371257485,0,100,0.9,45
41,0.09381237524950099,0,100,0.9,45
42,0.027944111776447105,0,100,0.9,45
43,0.01541202596673608,0,100,0.9,45
44,0.0203771413578921,0,100,0.9,45
45,0.018110880197321672,0,100,0.9,45
46,0.021956087824351298,0,100,0.9,45
0,0.22355289421157684,0,100,0.9,46
1,0.6427145708582834,0,100,0.9,46
2,0.4111776447105788,0,100,0.9,46
3,0.2654690618762475,0,100,0.9,46
4,0.249500998003992,0,100,0.9,46
5,0.18962075848303392,0,100,0.9,46
6,0.1217564870259481,0,100,0.9,46
7,0.15768463073852296,0,100,0.9,46
8,0.15169660678642716,0,100,0.9,46
9,0.16766467065868262,0,100,0.9,46
10,0.3473053892215569,0,100,0.9,46
11,0.2654690618762475,0,100,0.9,46
12,0.24550898203592814,0,100,0.9,46
13,0.11177644710578842,0,100,0.9,46
14,0.08582834331337326,0,100,0.9,46
15,0.10379241516966067,0,100,0.9,46
16,0.20758483033932135,0,100,0.9,46
17,0.2754491017964072,0,100,0.9,46
18,0.25948103792415167,0,100,0.9,46
19,0.25349301397205587,0,100,0.9,46
20,0.5049900199600799,0,100,0.9,46
21,0.5089820359281437,0,100,0.9,46
22,0.5848303393213573,0,100,0.9,46
23,0.530938123752495,0,100,0.9,46
24,0.2994011976047904,0,100,0.9,46
25,0.31736526946107785,0,100,0.9,46
26,0.2435129740518962,0,100,0.9,46
27,0.18163672654690619,0,100,0.9,46
28,0.4750499001996008,0,100,0.9,46
29,0.25748502994011974,0,100,0.9,46
30,0.3093812375249501,0,100,0.9,46
31,0.34530938123752497,0,100,0.9,46
32,0.3393213572854291,0,100,0.9,46
33,0.3333333333333333,0,100,0.9,46
34,0.2934131736526946,0,100,0.9,46
35,0.18163672654690619,0,100,0.9,46
36,0.06986027944111776,0,100,0.9,46
37,0.09580838323353294,0,100,0.9,46
38,0.437125748502994,0,100,0.9,46
39,0.7744510978043913,0,100,0.9,46
40,0.40119760479041916,0,100,0.9,46
41,0.313373253493014,0,100,0.9,46
42,0.17564870259481039,0,100,0.9,46
43,0.1377245508982036,0,100,0.9,46
44,0.07385229540918163,0,100,0.9,46
45,0.0998003992015968,0,100,0.9,46
46,0.22355289421157684,0,100,0.9,46
0,0.07385229540918163,0,100,0.9,47
1,0.05189620758483034,0,100,0.9,47
2,0.07984031936127745,0,100,0.9,47
3,0.2275449101796407,0,100,0.9,47
4,0.4870259481037924,0,100,0.9,47
5,0.5389221556886228,0,100,0.9,47
6,0.2874251497005988,0,100,0.9,47
7,0.42714570858283435,0,100,0.9,47
8,0.2834331337325349,0,100,0.9,47
9,0.08982035928143713,0,100,0.9,47
10,0.023952095808383235,0,100,0.9,47
11,0.015957706278397293,0,100,0.9,47
12,0.00842334349497242,1,100,0.9,47
13,0.007089710675155957,1,100,0.9,47
14,0.013397618958172784,0,100,0.9,47
15,0.11177644710578842,0,100,0.9,47
16,0.1157684630738523,0,100,0.9,47
17,0.20159680638722555,0,100,0.9,47
18,0.0718562874251497,0,100,0.9,47
19,0.0718562874251497,0,100,0.9,47
20,0.10578842315369262,0,100,0.9,47
21,0.09780439121756487,0,100,0.9,47
22,0.0658682634730539,0,100,0.9,47
23,0.18562874251497005,0,100,0.9,47
24,0.23552894211576847,0,100,0.9,47
25,0.4530938123752495,0,100,0.9,47
26,0.7125748502994012,0,100,0.9,47
27,0.7624750499001997,0,100,0.9,47
28,0.40119760479041916,0,100,0.9,47
29,0.18363273453093812,0,100,0.9,47
30,0.11776447105788423,0,100,0.9,47
31,0.10978043912175649,0,100,0.9,47
32,0.023952095808383235,0,100,0.9,47
33,0.02594810379241517,0,100,0.9,47
34,0.05189620758483034,0,100,0.9,47
35,0.07584830339321358,0,100,0.9,47
36,0.15768463073852296,0,100,0.9,47
37,0.13972055888223553,0,100,0.9,47
38,0.1536926147704591,0,100,0.9,47
39,0.09580838323353294,0,100,0.9,47
40,0.1497005988023952,0,100,0.9,47
41,0.24550898203592814,0,100,0.9,47
42,0.26147704590818366,0,100,0.9,47
43,0.08383233532934131,0,100,0.9,47
44,0.13572854291417166,0,100,0.9,47
45,0.1157684630738523,0,100,0.9,47
46,0.1217564870259481,0,100,0.9,47
0,0.716566866267465,0,100,0.9,48
1,0.08982035928143713,0,100,0.9,48
2,0.08183632734530938,0,100,0.9,48
3,0.09181636726546906,0,100,0.9,48
4,0.08582834331337326,0,100,0.9,48
5,0.10379241516966067,0,100,0.9,48
6,0.1277445109780439,0,100,0.9,48
7,0.14770459081836326,0,100,0.9,48
8,0.1437125748502994,0,100,0.9,48
9,0.46506986027944114,0,100,0.9,48
10,0.5788423153692615,0,100,0.9,48
11,0.22355289421157684,0,100,0.9,48
12,0.1497005988023952,0,100,0.9,48
13,0.1996007984031936,0,100,0.9,48
14,0.564870259481038,0,100,0.9,48
15,0.7485029940119761,0,100,0.9,48
16,0.17564870259481039,0,100,0.9,48
17,0.13972055888223553,0,100,0.9,48
18,0.17564870259481039,0,100,0.9,48
19,0.3912175648702595,0,100,0.9,48
20,0.32335329341317365,0,100,0.9,48
21,0.17964071856287425,0,100,0.9,48
22,0.37524950099800397,0,100,0.9,48
23,0.3273453093812375,0,100,0.9,48
24,0.32335329341317365,0,100,0.9,48
25,0.3073852295409182,0,100,0.9,48
26,0.4750499001996008,0,100,0.9,48
27,0.6906187624750499,0,100,0.9,48
28,0.8003992015968064,0,100,0.9,48
29,0.24750499001996007,0,100,0.9,48
30,0.041916167664670656,0,100,0.9,48
31,0.003949605510792507,5,100,0.9,48
32,0.011460703453612983,0,100,0.9,48
33,0.1157684630738523,0,100,0.9,48
34,0.1936127744510978,0,100,0.9,48
35,0.34930139720558884,0,100,0.9,48
36,0.16766467065868262,0,100,0.9,48
37,0.10379241516966067,0,100,0.9,48
38,0.18762475049900199,0,100,0.9,48
39,0.2694610778443114,0,100,0.9,48
40,0.5109780439121756,0,100,0.9,48
41,0.3992015968063872,0,100,0.9,48
42,0.5349301397205589,0,100,0.9,48
43,0.4151696606786427,0,100,0.9,48
44,0.4530938123752495,0,100,0.9,48
45,0.3932135728542914,0,100,0.9,48
46,0.313373253493014,0,100,0.9,48
0,0.5728542914171657,0,100,0.9,49
1,0.6047904191616766,0,100,0.9,49
2,0.40718562874251496,0,100,0.9,49
3,0.7125748502994012,0,100,0.9,49
4,0.40119760479041916,0,100,0.9,49
5,0.5868263473053892,0,100,0.9,49
6,0.6327345309381237,0,100,0.9,49
7,0.8962075848303394,0,100,0.9,49
8,0.590818363273453,0,100,0.9,49
9,0.46706586826347307,0,100,0.9,49
10,0.5289421157684631,0,100,0.9,49
11,0.8203592814371258,0,100,0.9,49
12,0.530938123752495,0,100,0.9,49
13,0.38922155688622756,0,100,0.9,49
14,0.38323353293413176,0,100,0.9,49
15,0.6087824351297405,0,100,0.9,49
16,0.7504990019960079,0,100,0.9,49
17,0.7145708582834331,0,100,0.9,49
18,0.4750499001996008,0,100,0.9,49
19,0.564870259481038,0,100,0.9,49
20,0.624750499001996,0,100,0.9,49
21,0.6447105788423154,0,100,0.9,49
22,0.8343313373253493,0,100,0.9,49
23,0.844311377245509,0,100,0.9,49
24,0.810379241516966,0,100,0.9,49
25,0.7485029940119761,0,100,0.9,49
26,0.32335329341317365,0,100,0.9,49
27,0.2634730538922156,0,100,0.9,49
28,0.38922155688622756,0,100,0.9,49
29,0.8502994011976048,0,100,0.9,49
30,0.8483033932135728,0,100,0.9,49
31,0.2375249500998004,0,100,0.9,49
32,0.07784431137724551,0,100,0.9,49
33,0.08183632734530938,0,100,0.9,49
34,0.13572854291417166,0,100,0.9,49
35,0.8662674650698603,0,100,0.9,49
36,0.7684630738522954,0,100,0.9,49
37,0.7844311377245509,0,100,0.9,49
38,0.5508982035928144,0,100,0.9,49
39,0.6127744510978044,0,100,0.9,49
40,0.7025948103792415,0,100,0.9,49
41,0.6147704590818364,0,100,0.9,49
42,0.8403193612774451,0,100,0.9,49
43,0.93812375249501,0,100,0.9,49
44,0.7784431137724551,0,100,0.9,49
45,0.43313373253493015,0,100,0.9,49
46,0.38323353293413176,0,100,0.9,49
0,0.00818601060173086,2,100,0.9,50
1,0.01504584514918877,0,100,0.9,50
2,0.007545191238557136,1,100,0.9,50
3,0.007971628482382287,1,100,0.9,50
4,0.01243316037154713,0,100,0.9,50
5,0.0499001996007984,0,100,0.9,50
6,0.22554890219560877,0,100,0.9,50
7,0.6147704590818364,0,100,0.9,50
8,0.17365269461077845,0,100,0.9,50
9,0.0173265393232211,0,100,0.9,50
10,0.01070586061601368,0,100,0.9,50
11,0.016349867924746055,0,100,0.9,50
12,0.043912175648702596,0,100,0.9,50
13,0.08383233532934131,0,100,0.9,50
14,0.16367265469061876,0,100,0.9,50
15,0.1317365269461078,0,100,0.9,50
16,0.26147704590818366,0,100,0.9,50
17,0.34930139720558884,0,100,0.9,50
18,0.5349301397205589,0,100,0.9,50
19,0.3592814371257485,0,100,0.9,50
20,0.2834331337325349,0,100,0.9,50
21,0.2954091816367265,0,100,0.9,50
22,0.35728542914171657,0,100,0.9,50
23,0.5229540918163673,0,100,0.9,50
24,0.6666666666666666,0,100,0.9,50
25,0.6506986027944112,0,100,0.9,50
26,0.36726546906187624,0,100,0.9,50
27,0.31736526946107785,0,100,0.9,50
28,0.21357285429141717,0,100,0.9,50
29,0.14171656686626746,0,100,0.9,50
30,0.1157684630738523,0,100,0.9,50
31,0.05588822355289421,0,100,0.9,50
32,0.04590818363273453,0,100,0.9,50
33,0.021956087824351298,0,100,0.9,50
34,0.027944111776447105,0,100,0.9,50
35,0.04590818363273453,0,100,0.9,50
36,0.27944111776447106,0,100,0.9,50
37,0.4151696606786427,0,100,0.9,50
38,0.1277445109780439,0,100,0.9,50
39,0.17764471057884232,0,100,0.9,50
40,0.1377245508982036,0,100,0.9,50
41,0.033932135728542916,0,100,0.9,50
42,0.009205396891323768,1,100,0.9,50
43,0.0076053455926389365,1,100,0.9,50
44,0.007450034743461717,1,100,0.9,50
45,0.01644183347300127,0,100,0.9,50
46,0.02594810379241517,0,100,0.9,50
0,0.11776447105788423,0,100,0.9,51
1,0.14171656686626746,0,100,0.9,51
2,0.03592814371257485,0,100,0.9,51
3,0.06786427145708583,0,100,0.9,51
4,0.09780439121756487,0,100,0.9,51
5,0.08183632734530938,0,100,0.9,51
6,0.20159680638722555,0,100,0.9,51
7,0.26147704590818366,0,100,0.9,51
8,0.3253493013972056,0,100,0.9,51
9,0.37524950099800397,0,100,0.9,51
10,0.35129740518962077,0,100,0.9,51
11,0.35728542914171657,0,100,0.9,51
12,0.4091816367265469,0,100,0.9,51
13,0.2754491017964072,0,100,0.9,51
14,0.2954091816367265,0,100,0.9,51
15,0.3413173652694611,0,100,0.9,51
16,0.22355289421157684,0,100,0.9,51
17,0.29141716566866266,0,100,0.9,51
18,0.4411177644710579,0,100,0.9,51
19,0.3253493013972056,0,100,0.9,51
20,0.1377245508982036,0,100,0.9,51
21,0.12375249500998003,0,100,0.9,51
22,0.19560878243512975,0,100,0.9,51
23,0.1936127744510978,0,100,0.9,51
24,0.11177644710578842,0,100,0.9,51
25,0.0499001996007984,0,100,0.9,51
26,0.02019712418291168,0,100,0.9,51
27,0.02129321841092719,0,100,0.9,51
28,0.01936114157064882,0,100,0.9,51
29,0.09181636726546906,0,100,0.9,51
30,0.16167664670658682,0,100,0.9,51
31,0.23552894211576847,0,100,0.9,51
32,0.7864271457085829,0,100,0.9,51
33,0.40718562874251496,0,100,0.9,51
34,0.14171656686626746,0,100,0.9,51
35,0.03792415169660679,0,100,0.9,51
36,0.01623148960855787,0,100,0.9,51
37,0.015775422127507696,0,100,0.9,51
38,0.05189620758483034,0,100,0.9,51
39,0.19760479041916168,0,100,0.9,51
40,0.20359281437125748,0,100,0.9,51
41,0.29740518962075846,0,100,0.9,51
42,0.1596806387225549,0,100,0.9,51
43,0.18363273453093812,0,100,0.9,51
44,0.3093812375249501,0,100,0.9,51
45,0.3532934131736527,0,100,0.9,51
46,0.3253493013972056,0,100,0.9,51
0,0.2754491017964072,0,100,0.9,52
1,0.2055888223552894,0,100,0.9,52
2,0.2275449101796407,0,100,0.9,52
3,0.20359281437125748,0,100,0.9,52
4,0.37325349301397204,0,100,0.9,52
5,0.48902195608782434,0,100,0.9,52
6,0.530938123752495,0,100,0.9,52
7,0.1377245508982036,0,100,0.9,52
8,0.06786427145708583,0,100,0.9,52
9,0.041916167664670656,0,100,0.9,52
10,0.07984031936127745,0,100,0.9,52
11,0.3193612774451098,0,100,0.9,52
12,0.17365269461077845,0,100,0.9,52
13,0.1656686626746507,0,100,0.9,52
14,0.2375249500998004,0,100,0.9,52
15,0.17964071856287425,0,100,0.9,52
16,0.3013972055888224,0,100,0.9,52
17,0.5508982035928144,0,100,0.9,52
18,0.21756487025948104,0,100,0.9,52
19,0.059880239520958084,0,100,0.9,52
20,0.1217564870259481,0,100,0.9,52
21,0.18562874251497005,0,100,0.9,52
22,0.09780439121756487,0,100,0.9,52
23,0.033932135728542916,0,100,0.9,52
24,0.043912175648702596,0,100,0.9,52
25,0.06986027944111776,0,100,0.9,52
26,0.2994011976047904,0,100,0.9,52
27,0.16367265469061876,0,100,0.9,52
28,0.12375249500998003,0,100,0.9,52
29,0.033932135728542916,0,100,0.9,52
30,0.033932135728542916,0,100,0.9,52
31,0.4031936127744511,0,100,0.9,52
32,0.3193612774451098,0,100,0.9,52
33,0.13972055888223553,0,100,0.9,52
34,0.05588822355289421,0,100,0.9,52
35,0.14770459081836326,0,100,0.9,52
36,0.5289421157684631,0,100,0.9,52
37,0.11377245508982035,0,100,0.9,52
38,0.02594810379241517,0,100,0.9,52
39,0.031936127744510975,0,100,0.9,52
40,0.4111776447105788,0,100,0.9,52
41,0.3033932135728543,0,100,0.9,52
42,0.03792415169660679,0,100,0.9,52
43,0.0077422851368831635,2,100,0.9,52
44,0.041916167664670656,0,100,0.9,52
45,0.28542914171656686,0,100,0.9,52
46,0.7445109780439122,0,100,0.9,52
0,0.42115768463073855,0,100,0.9,53
1,0.5229540918163673,0,100,0.9,53
2,0.46506986027944114,0,100,0.9,53
3,0.4550898203592814,0,100,0.9,53
4,0.6826347305389222,0,100,0.9,53
5,0.810379241516966,0,100,0.9,53
6,0.4111776447105788,0,100,0.9,53
7,0.21357285429141717,0,100,0.9,53
8,0.05588822355289421,0,100,0.9,53
9,0.0998003992015968,0,100,0.9,53
10,0.14770459081836326,0,100,0.9,53
11,0.09580838323353294,0,100,0.9,53
12,0.0499001996007984,0,100,0.9,53
13,0.04790419161676647,0,100,0.9,53
14,0.08582834331337326,0,100,0.9,53
15,0.1157684630738523,0,100,0.9,53
16,0.29141716566866266,0,100,0.9,53
17,0.6107784431137725,0,100,0.9,53
18,0.3532934131736527,0,100,0.9,53
19,0.6467065868263473,0,100,0.9,53
20,0.6167664670658682,0,100,0.9,53
21,0.5528942115768463,0,100,0.9,53
22,0.7305389221556886,0,100,0.9,53
23,0.4411177644710579,0,100,0.9,53
24,0.5429141716566867,0,100,0.9,53
25,0.592814371257485,0,100,0.9,53
26,0.7125748502994012,0,100,0.9,53
27,0.7964071856287425,0,100,0.9,53
28,0.8782435129740519,0,100,0.9,53
29,0.7584830339321357,0,100,0.9,53
30,0.3033932135728543,0,100,0.9,53
31,0.3333333333333333,0,100,0.9,53
32,0.25748502994011974,0,100,0.9,53
33,0.2215568862275449,0,100,0.9,53
34,0.18163672654690619,0,100,0.9,53
35,0.04790419161676647,0,100,0.9,53
36,0.15568862275449102,0,100,0.9,53
37,0.3413173652694611,0,100,0.9,53
38,0.936127744510978,0,100,0.9,53
39,0.6846307385229541,0,100,0.9,53
40,0.654690618762475,0,100,0.9,53
41,0.2315369261477046,0,100,0.9,53
42,0.3592814371257485,0,100,0.9,53
43,0.5089820359281437,0,100,0.9,53
44,0.6846307385229541,0,100,0.9,53
45,0.20758483033932135,0,100,0.9,53
46,0.06387225548902195,0,100,0.9,53
0,0.43912175648702595,0,100,0.9,54
1,0.15169660678642716,0,100,0.9,54
2,0.03992015968063872,0,100,0.9,54
3,0.06387225548902195,0,100,0.9,54
4,0.35129740518962077,0,100,0.9,54
5,0.29740518962075846,0,100,0.9,54
6,0.12375249500998003,0,100,0.9,54
7,0.043912175648702596,0,100,0.9,54
8,0.47305389221556887,0,100,0.9,54
9,0.21756487025948104,0,100,0.9,54
10,0.24750499001996007,0,100,0.9,54
11,0.14570858283433133,0,100,0.9,54
12,0.5608782435129741,0,100,0.9,54
13,0.8323353293413174,0,100,0.9,54
14,0.7305389221556886,0,100,0.9,54
15,0.36127744510978044,0,100,0.9,54
16,0.2315369261477046,0,100,0.9,54
17,0.031936127744510975,0,100,0.9,54
18,0.08383233532934131,0,100,0.9,54
19,0.35129740518962077,0,100,0.9,54
20,0.5449101796407185,0,100,0.9,54
21,0.592814371257485,0,100,0.9,54
22,0.10578842315369262,0,100,0.9,54
23,0.19161676646706588,0,100,0.9,54
24,0.3373253493013972,0,100,0.9,54
25,0.4750499001996008,0,100,0.9,54
26,0.6626746506986028,0,100,0.9,54
27,0.4630738522954092,0,100,0.9,54
28,0.3992015968063872,0,100,0.9,54
29,0.12574850299401197,0,100,0.9,54
30,0.08183632734530938,0,100,0.9,54
31,0.011380087189198682,0,100,0.9,54
32,0.0022381154115296564,2,100,0.9,54
33,0.002258607770909735,1,100,0.9,54
34,0.0014275535582881874,4,100,0.9,54
35,0.027944111776447105,0,100,0.9,54
36,0.1317365269461078,0,100,0.9,54
37,0.2754491017964072,0,100,0.9,54
38,0.08183632734530938,0,100,0.9,54
39,0.041916167664670656,0,100,0.9,54
40,0.13972055888223553,0,100,0.9,54
41,0.2754491017964072,0,100,0.9,54
42,0.8582834331337326,0,100,0.9,54
43,0.5708582834331337,0,100,0.9,54
44,0.3912175648702595,0,100,0.9,54
45,0.1277445109780439,0,100,0.9,54
46,0.031936127744510975,0,100,0.9,54
0,0.5249500998003992,0,100,0.9,55
1,0.7584830339321357,0,100,0.9,55
2,0.45708582834331335,0,100,0.9,55
3,0.3772455089820359,0,100,0.9,55
4,0.3013972055888224,0,100,0.9,55
5,0.4590818363273453,0,100,0.9,55
6,0.2894211576846307,0,100,0.9,55
7,0.24151696606786427,0,100,0.9,55
8,0.5848303393213573,0,100,0.9,55
9,0.6147704590818364,0,100,0.9,55
10,0.4491017964071856,0,100,0.9,55
11,0.6167664670658682,0,100,0.9,55
12,0.6586826347305389,0,100,0.9,55
13,0.592814371257485,0,100,0.9,55
14,0.25349301397205587,0,100,0.9,55
15,0.37524950099800397,0,100,0.9,55
16,0.34930139720558884,0,100,0.9,55
17,0.3992015968063872,0,100,0.9,55
18,0.5848303393213573,0,100,0.9,55
19,0.3932135728542914,0,100,0.9,55
20,0.3373253493013972,0,100,0.9,55
21,0.13373253493013973,0,100,0.9,55
22,0.08183632734530938,0,100,0.9,55
23,0.18562874251497005,0,100,0.9,55
24,0.42714570858283435,0,100,0.9,55
25,0.5269461077844312,0,100,0.9,55
26,0.6726546906187625,0,100,0.9,55
27,0.8483033932135728,0,100,0.9,55
28,0.8063872255489022,0,100,0.9,55
29,0.4491017964071856,0,100,0.9,55
30,0.3333333333333333,0,100,0.9,55
31,0.2634730538922156,0,100,0.9,55
32,0.3213572854291417,0,100,0.9,55
33,0.5269461077844312,0,100,0.9,55
34,0.654690618762475,0,100,0.9,55
35,0.6746506986027944,0,100,0.9,55
36,0.45109780439121755,0,100,0.9,55
37,0.3213572854291417,0,100,0.9,55
38,0.23952095808383234,0,100,0.9,55
39,0.36127744510978044,0,100,0.9,55
40,0.13373253493013973,0,100,0.9,55
41,0.313373253493014,0,100,0.9,55
42,0.22954091816367264,0,100,0.9,55
43,0.41317365269461076,0,100,0.9,55
44,0.43912175648702595,0,100,0.9,55
45,0.2834331337325349,0,100,0.9,55
46,0.5409181636726547,0,100,0.9,55
0,0.26147704590818366,0,100,0.9,56
1,0.37924151696606784,0,100,0.9,56
2,0.6746506986027944,0,100,0.9,56
3,0.780439121756487,0,100,0.9,56
4,0.6606786427145709,0,100,0.9,56
5,0.656686626746507,0,100,0.9,56
6,0.5968063872255489,0,100,0.9,56
7,0.48502994011976047,0,100,0.9,56
8,0.26746506986027946,0,100,0.9,56
9,0.13972055888223553,0,100,0.9,56
10,0.15568862275449102,0,100,0.9,56
11,0.28542914171656686,0,100,0.9,56
12,0.42115768463073855,0,100,0.9,56
13,0.6906187624750499,0,100,0.9,56
14,0.8882235528942116,0,100,0.9,56
15,0.4870259481037924,0,100,0.9,56
16,0.22554890219560877,0,100,0.9,56
17,0.17165668662674652,0,100,0.9,56
18,0.20159680638722555,0,100,0.9,56
19,0.40718562874251496,0,100,0.9,56
20,0.780439121756487,0,100,0.9,56
21,0.6986027944111777,0,100,0.9,56
22,0.5149700598802395,0,100,0.9,56
23,0.4431137724550898,0,100,0.9,56
24,0.7045908183632734,0,100,0.9,56
25,0.7245508982035929,0,100,0.9,56
26,0.43912175648702595,0,100,0.9,56
27,0.45708582834331335,0,100,0.9,56
28,0.4930139720558882,0,100,0.9,56
29,0.3772455089820359,0,100,0.9,56
30,0.3473053892215569,0,100,0.9,56
31,0.6027944111776448,0,100,0.9,56
32,0.7904191616766467,0,100,0.9,56
33,0.7045908183632734,0,100,0.9,56
34,0.7425149700598802,0,100,0.9,56
35,0.6946107784431138,0,100,0.9,56
36,0.5429141716566867,0,100,0.9,56
37,0.530938123752495,0,100,0.9,56
38,0.500998003992016,0,100,0.9,56
39,0.626746506986028,0,100,0.9,56
40,0.8562874251497006,0,100,0.9,56
41,0.872255489021956,0,100,0.9,56
42,0.6027944111776448,0,100,0.9,56
43,0.5129740518962076,0,100,0.9,56
44,0.40718562874251496,0,100,0.9,56
45,0.36726546906187624,0,100,0.9,56
46,0.3413173652694611,0,100,0.9,56
0,0.004914502137019754,3,100,0.9,58
1,0.0017105264325686963,7,100,0.9,58
2,0.004554426538725827,3,100,0.9,58
3,0.031936127744510975,0,100,0.9,58
4,0.009679670535107314,1,100,0.9,58
5,0.007607261148784046,2,100,0.9,58
6,0.01129164406787536,0,100,0.9,58
7,0.03992015968063872,0,100,0.9,58
8,0.22554890219560877,0,100,0.9,58
9,0.16167664670658682,0,100,0.9,58
10,0.1437125748502994,0,100,0.9,58
11,0.01610360611374469,0,100,0.9,58
12,0.021956087824351298,0,100,0.9,58
13,0.027944111776447105,0,100,0.9,58
14,0.008223089105710126,1,100,0.9,58
15,0.012876497843678628,0,100,0.9,58
16,0.011716543431072852,0,100,0.9,58
17,0.017697724682651916,0,100,0.9,58
18,0.015179107179226084,0,100,0.9,58
19,0.007379651804338337,3,100,0.9,58
20,0.0072109462877989056,2,100,0.9,58
21,0.00950664235271164,1,100,0.9,58
22,0.06187624750499002,0,100,0.9,58
23,0.09381237524950099,0,100,0.9,58
24,0.04590818363273453,0,100,0.9,58
25,0.027944111776447105,0,100,0.9,58
26,0.021956087824351298,0,100,0.9,58
27,0.09580838323353294,0,100,0.9,58
28,0.1377245508982036,0,100,0.9,58
29,0.06187624750499002,0,100,0.9,58
30,0.1317365269461078,0,100,0.9,58
31,0.031936127744510975,0,100,0.9,58
32,0.023952095808383235,0,100,0.9,58
33,0.013606866196112172,0,100,0.9,58
34,0.008632872821212872,1,100,0.9,58
35,0.013755928101235363,0,100,0.9,58
36,0.01319243785241264,0,100,0.9,58
37,0.004102885168162289,5,100,0.9,58
38,0.002645659063420384,7,100,0.9,58
39,0.004262669582248804,5,100,0.9,58
40,0.016496719663719617,0,100,0.9,58
41,0.03992015968063872,0,100,0.9,58
42,0.22355289421157684,0,100,0.9,58
43,0.2774451097804391,0,100,0.9,58
44,0.08383233532934131,0,100,0.9,58
45,0.04790419161676647,0,100,0.9,58
46,0.021956087824351298,0,100,0.9,58
0,0.041916167664670656,0,100,0.9,57
1,0.07584830339321358,0,100,0.9,57
2,0.31736526946107785,0,100,0.9,57
3,0.21357285429141717,0,100,0.9,57
4,0.1497005988023952,0,100,0.9,57
5,0.043912175648702596,0,100,0.9,57
6,0.027944111776447105,0,100,0.9,57
7,0.041916167664670656,0,100,0.9,57
8,0.023952095808383235,0,100,0.9,57
9,0.0044552643646180775,6,100,0.9,57
10,0.023952095808383235,0,100,0.9,57
11,0.06786427145708583,0,100,0.9,57
12,0.11776447105788423,0,100,0.9,57
13,0.09181636726546906,0,100,0.9,57
14,0.09181636726546906,0,100,0.9,57
15,0.2654690618762475,0,100,0.9,57
16,0.5069860279441117,0,100,0.9,57
17,0.13572854291417166,0,100,0.9,57
18,0.0718562874251497,0,100,0.9,57
19,0.249500998003992,0,100,0.9,57
20,0.36726546906187624,0,100,0.9,57
21,0.2954091816367265,0,100,0.9,57
22,0.1596806387225549,0,100,0.9,57
23,0.1596806387225549,0,100,0.9,57
24,0.0499001996007984,0,100,0.9,57
25,0.010503626719828574,0,100,0.9,57
26,0.015260587250275584,0,100,0.9,57
27,0.0718562874251497,0,100,0.9,57
28,0.3333333333333333,0,100,0.9,57
29,0.26746506986027946,0,100,0.9,57
30,0.0658682634730539,0,100,0.9,57
31,0.0499001996007984,0,100,0.9,57
32,0.06187624750499002,0,100,0.9,57
33,0.1536926147704591,0,100,0.9,57
34,0.2275449101796407,0,100,0.9,57
35,0.08582834331337326,0,100,0.9,57
36,0.09181636726546906,0,100,0.9,57
37,0.04590818363273453,0,100,0.9,57
38,0.06387225548902195,0,100,0.9,57
39,0.05189620758483034,0,100,0.9,57
40,0.12375249500998003,0,100,0.9,57
41,0.027944111776447105,0,100,0.9,57
42,0.04790419161676647,0,100,0.9,57
43,0.029940119760479042,0,100,0.9,57
44,0.029940119760479042,0,100,0.9,57
45,0.08782435129740519,0,100,0.9,57
46,0.1157684630738523,0,100,0.9,57
0,0.10179640718562874,0,100,0.9,59
1,0.1217564870259481,0,100,0.9,59
2,0.15768463073852296,0,100,0.9,59
3,0.5548902195608783,0,100,0.9,59
4,0.6147704590818364,0,100,0.9,59
5,0.2714570858283433,0,100,0.9,59
6,0.1936127744510978,0,100,0.9,59
7,0.08982035928143713,0,100,0.9,59
8,0.11776447105788423,0,100,0.9,59
9,0.3073852295409182,0,100,0.9,59
10,0.39520958083832336,0,100,0.9,59
11,0.44510978043912175,0,100,0.9,59
12,0.3313373253493014,0,100,0.9,59
13,0.2055888223552894,0,100,0.9,59
14,0.2554890219560878,0,100,0.9,59
15,0.08582834331337326,0,100,0.9,59
16,0.10978043912175649,0,100,0.9,59
17,0.13373253493013973,0,100,0.9,59
18,0.37325349301397204,0,100,0.9,59
19,0.782435129740519,0,100,0.9,59
20,0.5189620758483033,0,100,0.9,59
21,0.3313373253493014,0,100,0.9,59
22,0.19760479041916168,0,100,0.9,59
23,0.13373253493013973,0,100,0.9,59
24,0.15169660678642716,0,100,0.9,59
25,0.34930139720558884,0,100,0.9,59
26,0.26746506986027946,0,100,0.9,59
27,0.20359281437125748,0,100,0.9,59
28,0.08782435129740519,0,100,0.9,59
29,0.09381237524950099,0,100,0.9,59
30,0.08782435129740519,0,100,0.9,59
31,0.11776447105788423,0,100,0.9,59
32,0.21756487025948104,0,100,0.9,59
33,0.313373253493014,0,100,0.9,59
34,0.21956087824351297,0,100,0.9,59
35,0.09381237524950099,0,100,0.9,59
36,0.08183632734530938,0,100,0.9,59
37,0.29141716566866266,0,100,0.9,59
38,0.5568862275449101,0,100,0.9,59
39,0.5668662674650699,0,100,0.9,59
40,0.1656686626746507,0,100,0.9,59
41,0.16367265469061876,0,100,0.9,59
42,0.23353293413173654,0,100,0.9,59
43,0.2874251497005988,0,100,0.9,59
44,0.34530938123752497,0,100,0.9,59
45,0.45109780439121755,0,100,0.9,59
46,0.4311377245508982,0,100,0.9,59
