part,tolerance,shift,reject
A,0.0,0.0,True
A,0.0,0.63028504199585,True
A,0.0,0.9634599498587979,True
A,0.0,0.7445323447316395,True
A,0.0,0.18319108856813948,False
A,0.0,0.24291044160673425,False
A,0.0,0.881090977277478,True
A,0.0,0.350084976574359,False
A,0.0,0.3654057828522257,True
A,0.0,0.6994374350433495,True
A,0.0,0.5710962128276865,True
A,0.0,0.7743677200465746,True
A,0.0,0.4144182602774533,True
A,0.0,0.0,False
A,0.0,0.055040160262390336,False
A,0.0,0.6153889383016701,True
A,0.0,0.9839775187943846,True
A,0.0,0.2586727068816741,True
A,0.0,0.01931974966201111,False
A,0.0,0.8291090758359085,True
A,0.0,0.9020216806972198,True
A,0.0,0.3762142573946784,True
A,0.0,0.4875282378859911,True
A,0.0,0.10249130634113124,False
A,0.0,0.716651846855505,True
A,0.0,0.0,False
A,0.0,0.0,False
A,0.0,0.7379188220515808,True
A,0.0,0.0,False
A,0.0,0.12588959091779528,False
A,0.0,0.5514150875866445,True
A,0.0,0.0,False
A,0.0,0.6669995573283449,True
A,0.0,0.4014409820543685,False
A,0.0,0.27016927173559935,True
A,0.0,0.0,False
A,0.0,0.4130538233562502,True
A,0.0,0.0,False
A,0.0,0.0,False
A,0.0,0.7319348382222622,True
A,0.0,0.9857016033009545,True
A,0.0,0.19647540623878312,False
A,0.0,0.19637500161710908,True
A,0.0,0.34881814975135206,False
A,0.0,0.0,False
A,0.0,0.2922629518676114,True
A,0.0,0.12012766558762089,False
A,0.0,0.0,False
A,0.0,0.9601838280131952,True
A,0.0,0.0,False
A,0.0,0.0,False
A,0.0,0.49811475011145134,True
A,0.0,0.0,False
A,0.0,0.1996664170108109,False
A,0.0,0.0,False
A,0.0,0.15101401833628048,False
A,0.0,0.007737831166067077,True
A,0.0,0.2617630114773103,False
A,0.0,0.366004263138887,True
A,0.0,0.2845386917906385,True
A,0.0,0.8271426599315925,True
A,0.0,0.03501582654780033,False
A,0.0,0.02361311456030679,False
A,0.0,0.0,False
A,0.0,0.7348457977475449,True
A,0.0,0.0,False
A,0.0,0.04094056702485027,False
A,0.0,0.3670988444121459,True
A,0.0,0.0,False
A,0.0,0.5989842405748503,True
A,0.0,0.3795280211268389,True
A,0.0,0.3669053601022315,True
A,0.0,0.7329287816963693,True
A,0.0,0.37373508098734975,True
A,0.0,0.033368513443150505,True
A,0.0,0.7299166411738466,True
A,0.0,0.6203134426162425,True
A,0.0,0.29635586772300127,True
A,0.0,0.0,False
A,0.0,0.0,False
A,0.0,0.18821661970305237,False
A,0.0,0.20618366620135808,False
A,0.0,0.7127536333933016,True
A,0.0,0.7416024886633192,True
A,0.0,0.7880247061175553,True
A,0.0,0.9595320674410683,True
A,0.0,0.8597298960211317,True
A,0.0,0.31711959454269434,True
A,0.0,0.0,True
A,0.0,0.08766045839838266,False
A,0.0,0.5594331221452232,True
A,0.0,0.0,False
A,0.0,0.5295228738953976,True
A,0.0,0.0,False
A,0.0,0.0,False
A,0.0,0.5714532980564526,True
A,0.0,0.4124488861943696,True
A,0.0,0.9165962344234594,True
A,0.0,0.2740018632934177,False
A,0.0,0.0,False
A,0.0,0.0,False
A,0.0,0.5907537257003852,True
A,0.0,0.6622715539611231,True
A,0.0,0.7494139740245637,True
A,0.0,0.8242738925347316,True
A,0.0,0.05494082493486918,True
A,0.0,0.0,False
A,0.0,0.9651887909450777,True
A,0.0,0.0,False
A,0.0,0.0,False
A,0.0,0.18505000897948964,False
A,0.0,0.3261605867895414,False
A,0.0,0.3870822176571833,True
A,0.0,0.1804609934357403,True
A,0.0,0.21213571062373715,False
A,0.0,0.6738635238066151,True
A,0.0,0.09962962469234882,True
A,0.0,0.0,False
A,0.0,0.0,False
A,0.0,0.06986283268754712,False
A,0.0,0.0,False
A,0.0,0.10539697520100155,False
A,0.0,0.0,False
A,0.0,0.297069452857034,False
A,0.0,0.0,False
A,0.0,0.7841927982661011,True
A,0.0,0.17323440982813154,False
A,0.0,0.0,False
A,0.0,0.0,False
A,0.0,0.6452134642964544,True
A,0.0,0.09132053126396966,False
A,0.0,0.0,False
A,0.0,0.0,False
A,0.0,0.0,False
A,0.0,0.16759293226269967,True
A,0.0,0.04211020482994288,False
A,0.0,0.0,False
A,0.0,0.18482312994098704,False
A,0.0,0.8742313232185897,True
A,0.0,0.43381529152382126,True
A,0.0,0.8007953192436963,True
A,0.0,0.022059151356833673,False
A,0.0,0.0,True
A,0.0,0.6361679899432444,True
A,0.0,0.0,False
A,0.0,0.763734024910081,True
A,0.0,0.32410925166257676,False
A,0.0,0.06747027798701233,True
A,0.0,0.1259529882406485,False
A,0.0,0.5454632786087397,True
A,0.0,0.05127516813849908,False
A,0.0,0.23255070920537835,False
A,0.0,0.17379182753332412,True
A,0.0,0.3758472478875512,True
A,0.0,0.0,False
A,0.0,0.9177116229801188,True
A,0.0,0.457249624593267,True
A,0.0,0.0,False
A,0.0,0.5213559586546009,True
A,0.0,0.65695420151688,True
A,0.0,0.0,False
A,0.0,0.5415327799303805,True
A,0.0,0.7121119322918992,True
A,0.0,0.9531052644630688,True
A,0.0,0.8486587553830462,True
A,0.0,0.0,False
A,0.0,0.8857373568509661,True
A,0.0,0.5736913360465714,True
A,0.0,0.8533038140712704,True
A,0.0,0.5906034027810029,True
A,0.0,0.1420477058674684,True
A,0.0,0.5570502724431171,True
A,0.0,0.0,False
A,0.0,0.5969647914908439,True
A,0.0,0.8099452126179557,True
A,0.0,0.8704786228649428,True
A,0.0,0.580367043609974,True
A,0.0,0.22413863557468294,False
A,0.0,0.06559858356043657,False
A,0.0,0.2362296621402784,False
A,0.0,0.0,False
A,0.0,0.8888643749228888,True
A,0.0,0.7654485859360864,True
A,0.0,0.007312717682117387,False
A,0.0,0.28811224568502247,True
A,0.0,0.0,False
A,0.0,0.3448862380157586,False
A,0.0,0.26800981941263724,False
A,0.0,0.2561535327114225,False
A,0.0,0.9691699269495108,True
A,0.0,0.5388409901269166,True
A,0.0,0.5708160813005236,True
A,0.0,0.4053795454263748,False
A,0.0,0.6280051775132077,True
A,0.0,0.7424271080024819,True
A,0.0,0.5437090167721177,True
A,0.0,0.360652721975514,False
A,0.0,0.9516255418506456,True
A,0.0,0.2557582642937589,True
A,0.0,0.7003102428164323,True
A,0.0,0.0,False
A,0.0,0.3877187369986086,True
A,0.0,0.8732274355711492,True
A,0.0,0.0,False
A,0.0,0.9676249870315241,True
A,0.0,0.17642803061461665,True
A,0.0,0.0,False
A,0.0,0.014799937657220652,False
A,0.0,0.44143643162542123,True
A,0.0,0.0825359727493089,False
A,0.0,0.0,False
A,0.0,0.3159580791401623,True
A,0.0,0.4873815820587918,True
A,0.0,0.42472527726722875,True
A,0.0,0.10672702251827204,False
A,0.0,0.0,False
A,0.0,0.11570929329832147,True
A,0.0,0.36035698312998554,False
A,0.0,0.7481604485710527,True
A,0.0,0.0,False
A,0.0,0.04568777007032965,True
A,0.0,0.0,False
A,0.0,0.1413634595538258,False
A,0.0,0.0,False
A,0.0,0.0,False
A,0.0,0.9748854175905532,True
A,0.0,0.9415208062303886,True
A,0.0,0.5065783924556506,True
A,0.0,0.4698115493786469,True
A,0.0,0.8077450017907357,True
A,0.0,0.4242664119885947,True
A,0.0,0.8769365403994884,True
A,0.0,0.9971135134703464,True
A,0.0,0.7795269647389356,True
A,0.0,0.29516945370866954,True
A,0.0,0.8890398313380038,True
A,0.0,0.0,False
A,0.0,0.01522955803758197,False
A,0.0,0.7853718727711776,True
A,0.0,0.21145217736472555,True
A,0.0,0.17482299073552032,False
A,0.0,0.43013249514729834,True
A,0.0,0.0,False
A,0.0,0.7691492443561903,True
A,0.0,0.7925693304646441,True
A,0.0,0.0,False
A,0.0,0.0,False
A,0.0,0.04314583425207241,False
A,0.0,0.8824500753501214,True
A,0.0,0.6393145435787696,True
A,0.0,0.0,False
A,0.0,0.0,False
A,0.0,0.41685311194987684,True
A,0.0,0.4363500066316931,True
A,0.0,0.0,False
A,0.0,0.0,False
A,0.0,0.0,False
A,0.0,0.7501929972587963,True
A,0.0,0.5676802776729036,True
A,0.0,0.0,False
A,0.0,0.0,False
A,0.0,0.327411213943968,True
A,0.0,0.0,False
A,0.0,0.0,False
A,0.0,0.1109087399855575,False
A,0.0,0.0,False
A,0.0,0.7528815187848357,True
A,0.0,0.7833322361802256,True
A,0.0,0.0,True
A,0.0,0.2557423539243464,False
A,0.0,0.3769629042982713,True
A,0.0,0.9949284890979376,True
A,0.0,0.6356847031717933,True
A,0.0,0.0,False
A,0.0,0.39090773444089044,True
A,0.0,0.0,False
A,0.0,0.0,True
A,0.0,0.6846872482136079,True
A,0.0,0.04857827592523145,False
A,0.0,0.6868462879054991,True
A,0.0,0.0,False
A,0.0,0.0,False
A,0.0,0.7950991198011389,True
A,0.0,0.0,False
A,0.0,0.40666103584688496,False
A,0.0,0.8642145844200276,True
A,0.0,0.0,False
A,0.0,0.0,False
A,0.0,0.22424577355843478,False
A,0.0,0.6046475948657102,True
A,0.0,0.5772017290560374,True
A,0.0,0.1837794333944771,False
A,0.0,0.5985019024161323,True
A,0.0,0.6839630216250651,True
A,0.0,0.34092114207560575,True
A,0.0,0.24334825403740024,True
A,0.0,0.09288558720134044,False
A,0.0,0.436359815370306,False
A,0.0,0.0,False
A,0.0,0.982136671659408,True
A,0.0,0.8059657575022292,True
A,0.0,0.0,False
A,0.0,0.5083131966771333,True
A,0.0,0.4708417803844258,True
A,0.0,0.0,False
A,0.0,0.6170596572784691,True
A,0.0,0.4393362063308124,False
A,0.0,0.0,False
A,0.0,0.0,False
A,0.0,0.72275820303881,True
A,0.0,0.47034211943354454,False
A,0.0,0.9861731188562664,True
A,0.0,0.7939155647734532,True
A,0.0,0.07605322376876633,False
A,0.0,0.09022278161048658,False
A,0.0,0.04065404234074044,False
A,0.0,0.37856283480141617,True
A,0.0,0.0,False
A,0.0,0.0,False
A,0.0,0.6165199957474929,True
A,0.0,0.0,False
A,0.0,0.8527525565923589,True
A,0.0,0.23234805582067686,False
A,0.0,0.0,False
A,0.0,0.16535472103174598,False
A,0.0,0.41218604175872164,True
A,0.0,0.0,False
A,0.0,0.96318282958431,True
A,0.0,0.0,True
A,0.0,0.1181656950991421,True
A,0.0,0.050794352088987416,False
A,0.0,0.0,False
A,0.0,0.0,False
A,0.0,0.8399040554514603,True
A,0.0,0.3416318807345602,True
A,0.0,0.0,False
A,0.0,0.757811530992536,True
A,0.0,0.7982461871284325,True
A,0.0,0.0,False
A,0.0,0.030967285152623147,False
A,0.0,0.02953421680847923,False
A,0.0,0.0,False
A,0.0,0.0,False
A,0.0,0.2219372354492798,False
A,0.0,0.5164719905507352,True
A,0.0,0.0,False
A,0.0,0.4863370322322924,True
A,0.0,0.0,False
A,0.0,0.0,False
A,0.0,0.0,False
A,0.0,0.5565001103523982,True
A,0.0,0.0,False
A,0.0,0.0,False
A,0.0,0.011107300811403431,False
A,0.0,0.0,False
A,0.0,0.2165324007917072,False
A,0.0,0.3128042983984676,True
A,0.0,0.3031517268034275,True
A,0.0,0.0607429767034694,True
A,0.0,0.2788813493677379,True
A,0.0,0.0,False
A,0.0,0.828310747801972,True
A,0.0,0.0,False
A,0.0,0.2672625119229517,False
A,0.0,0.6263373750441452,True
A,0.0,0.0,False
A,0.0,0.20800325049447643,True
A,0.0,0.9935575550120123,True
A,0.0,0.9278845294818294,True
A,0.0,0.0,False
A,0.0,0.40079086616779735,True
A,0.0,0.3990624537565033,True
A,0.0,0.4135328579638333,True
A,0.0,0.25227268014469884,True
A,0.0,0.0,False
A,0.0,0.0,False
A,0.0,0.7508147439976317,True
A,0.0,0.781151794115272,True
A,0.0,0.54837275043031,False
A,0.0,0.7591407226701534,True
A,0.0,0.0,False
A,0.0,0.0,True
A,0.0,0.0,False
A,0.0,0.5685658736505947,True
A,0.0,0.8527131298342643,True
A,0.0,0.7688756283047692,True
A,0.0,0.22351341553300508,False
A,0.0,0.0,False
A,0.0,0.37012623768893327,True
A,0.0,0.0,False
A,0.0,0.2367442736688774,False
A,0.0,0.8532449277473779,True
A,0.0,0.0,False
A,0.0,0.3595925058161942,False
A,0.0,0.36189902376688776,False
A,0.0,0.8817125714344277,True
A,0.0,0.0,False
A,0.0,0.12145156220572662,False
A,0.0,0.0,False
A,0.0,0.0,False
A,0.0,0.2731718500395026,True
A,0.0,0.0,False
A,0.0,0.6154215798691612,True
A,0.0,0.13772709359058966,True
A,0.0,0.0,False
A,0.0,0.37813132332581334,True
A,0.0,0.9747011790017719,True
A,0.0,0.46771912029650375,True
A,0.0,0.2434519310098887,False
A,0.0,0.44809251938504235,True
A,0.0,0.5222811401280507,True
A,0.0,0.43974595909152214,True
A,0.0,0.1942278185934201,True
A,0.0,0.0,False
A,0.0,0.9576001129864793,True
A,0.0,0.0,False
A,0.0,0.515503092802047,True
A,0.0,0.0,True
A,0.0,0.15707043183403568,False
A,0.0,0.6265095558309404,True
A,0.0,0.3623006400102272,True
A,0.0,0.0,False
A,0.0,0.0,False
A,0.0,0.9498353582156631,True
A,0.0,0.19950492639758488,False
A,0.0,0.0,False
A,0.0,0.8941457648764839,True
A,0.0,0.3248057520981753,True
A,0.0,0.560306468603468,True
A,0.0,0.803056485601128,True
A,0.0,0.16621043925196677,False
A,0.0,0.7693539324953906,True
A,0.0,0.32077564379866796,True
A,0.0,0.0,False
A,0.0,0.0,False
A,0.0,0.9302505149989484,True
A,0.0,0.22068561450452928,False
A,0.0,0.7717784553216298,True
A,0.0,0.5513668955296347,True
A,0.0,0.22745752863062185,True
A,0.0,0.0,False
A,0.0,0.0,False
A,0.0,0.0,False
A,0.0,0.0,False
A,0.0,0.7606093385481432,True
A,0.0,0.08313747355370305,False
A,0.0,0.45191888160870564,True
A,0.0,0.9314651387937418,True
A,0.0,0.0,False
A,0.0,0.0,False
A,0.0,0.0,False
A,0.0,0.3991641258026004,False
A,0.0,0.3060070282329602,True
A,0.0,0.271141225332187,True
A,0.0,0.4969456987196045,True
A,0.0,0.06884670019139472,False
A,0.0,0.040168321220969916,False
A,0.0,0.0,False
A,0.0,0.06714057639204118,False
A,0.0,0.9606442843790454,True
A,0.0,0.03623410087437162,False
A,0.0,0.09538495980189576,False
A,0.0,0.8353720946392282,True
A,0.0,0.0,False
A,0.0,0.8491674329273765,True
A,0.0,0.2546244512826594,True
A,0.0,0.6430381876033587,True
A,0.0,0.4809946665230592,True
A,0.0,0.0,False
A,0.0,0.0,False
A,0.0,0.2127778683382121,False
A,0.0,0.0,False
A,0.0,0.0,False
A,0.0,0.03491148812464806,False
A,0.0,0.0,False
A,0.0,0.0,False
A,0.0,0.3852731259822523,True
A,0.0,0.03318636890690063,False
A,0.0,0.6677439863767949,True
A,0.0,0.0,False
A,0.0,0.8474752297395308,True
A,0.0,0.0,False
A,0.0,0.37168686385097915,True
A,0.0,0.6624430012731346,True
A,0.0,0.0,False
A,0.0,0.0,False
A,0.0,0.0,False
A,0.0,0.7664458352484722,True
A,0.0,0.0,False
A,0.0,0.0635601094323931,False
A,0.0,0.8561929569339957,True
A,0.0,0.1511189360374331,False
A,0.0,0.0698608492133499,False
A,0.0,0.07779871622287238,False
A,0.0,0.057470820565511005,False
A,0.0,0.7838451238241726,True
A,0.0,0.9972960104346924,True
A,0.0,0.21227232996738055,True
A,0.0,0.0,False
A,0.0,0.3600189402992018,True
A,0.0,0.9084385515600013,True
A,0.0,0.43692627635148196,True
A,0.0,0.1312112650725441,False
A,0.0,0.7059585071555413,True
A,0.0,0.0,False
A,0.0,0.7436034955153666,True
A,0.0,0.8422229927711888,True
A,0.0,0.8843882614180864,True
A,0.0,0.7446386277905003,True
A,0.0,0.0,False
A,0.0,0.4542413925735429,True
A,0.0,0.5220142523020112,True
A,0.0,0.0,False
A,0.0,0.0,False
A,0.0,0.0,False
A,0.0,0.11628702429110749,True
A,0.0,0.24813874823600435,True
A,0.0,0.5401875389450189,True
A,0.0,0.738701536916902,True
A,0.0,0.5230287334823139,True
A,0.0,0.9402868389162482,True
A,0.0,0.5711236930604888,True
A,0.0,0.8782076532913922,True
A,0.0,0.4624088719955435,True
A,0.0,0.2946299387596214,True
A,0.0,0.6801816346580534,True
A,0.0,0.3283975966957101,True
A,0.0,0.0,False
A,0.0,0.5571953522738751,True
A,0.0,0.6250245768336146,True
A,0.0,0.17515764798200495,True
A,0.0,0.052694166910901674,True
A,0.0,0.09884327098746981,False
A,0.0,0.9078988279221801,True
A,0.0,0.8311831463834503,True
A,0.0,0.8774726140539281,True
A,0.0,0.3764722393255301,False
A,0.0,0.0,False
A,0.0,0.5724315573770133,True
A,0.0,0.0,True
A,0.0,0.7246329263954773,True
A,0.0,0.3888007840269686,True
A,0.0,0.0,False
A,0.0,0.0,False
A,0.0,0.9796402955905058,True
A,0.0,0.8906143851341594,True
A,0.0,0.0,False
A,0.0,0.0,False
A,0.0,0.2966413183488865,False
A,0.0,0.0,False
A,0.0,0.0,False
A,0.0,0.6354346204609029,True
A,0.0,0.06327751526561032,False
A,0.0,0.0,False
A,0.0,0.0,False
A,0.0,0.8341360818546757,True
A,0.0,0.0,False
A,0.0,0.46368884468239113,True
A,0.0,0.9861962331902299,True
A,0.0,0.0,False
A,0.0,0.5237864546038213,True
A,0.0,0.5221414110081801,True
A,0.0,0.5672691826950079,True
A,0.0,0.38372935444981515,True
A,0.0,0.2811684452131733,True
A,0.0,0.5290949272708423,True
A,0.0,0.05709122907476494,False
A,0.0,0.0,False
A,0.0,0.8093480912122899,True
A,0.0,0.8593973402216893,True
A,0.0,0.0,False
A,0.0,0.0,False
A,0.0,0.0,False
A,0.0,0.6429345176991529,True
A,0.0,0.0,False
A,0.0,0.0,False
A,0.0,0.2191448976166731,True
A,0.0,0.6286284419362176,True
A,0.0,0.12173156011630848,False
A,0.0,0.4227871285848287,True
A,0.0,0.97611457555343,True
A,0.0,0.0,False
A,0.0,0.7062285707228009,True
A,0.0,0.7944520418710401,True
A,0.0,0.9763534597652219,True
A,0.0,0.5373994199743598,True
A,0.0,0.0,False
A,0.0,0.6554581189194483,True
A,0.0,0.4899135731936518,True
A,0.0,0.5636049912846052,True
A,0.0,0.20260696599470962,True
A,0.0,0.13056273613766145,False
A,0.0,0.7566486188208974,True
A,0.0,0.7846575070164252,True
A,0.0,0.2919943370062458,True
A,0.0,0.542786379045893,True
A,0.0,0.0,False
A,0.0,0.15020720812469046,False
A,0.0,0.0,False
A,0.0,0.7748315507148418,True
A,0.0,0.0,False
A,0.0,0.63028504199585,True
A,0.0,0.9634599498587979,True
A,0.0,0.7445323447316395,True
A,0.0,0.18319108856813948,False
A,0.0,0.24291044160673425,False
A,0.0,0.881090977277478,True
A,0.0,0.350084976574359,False
A,0.0,0.3654057828522257,True
A,0.0,0.6994374350433495,True
A,0.0,0.5710962128276865,True
A,0.0,0.7743677200465746,True
A,0.0,0.4144182602774533,True
A,0.0,0.0,False
A,0.0,0.055040160262390336,False
A,0.0,0.6153889383016701,True
A,0.0,0.9839775187943846,True
A,0.0,0.2586727068816741,True
A,0.0,0.01931974966201111,False
A,0.0,0.8291090758359085,True
A,0.0,0.9020216806972198,True
A,0.0,0.3762142573946784,True
A,0.0,0.4875282378859911,True
A,0.0,0.10249130634113124,False
A,0.0,0.716651846855505,True
A,0.0,0.0,False
A,0.0,0.0,True
A,0.0,0.7379188220515808,True
A,0.0,0.0,False
A,0.0,0.12588959091779528,False
A,0.0,0.5514150875866445,True
A,0.0,0.0,False
A,0.0,0.6669995573283449,True
A,0.0,0.4014409820543685,False
A,0.0,0.27016927173559935,True
A,0.0,0.0,False
A,0.0,0.4130538233562502,True
A,0.0,0.0,False
A,0.0,0.0,False
A,0.0,0.7319348382222622,True
A,0.0,0.9857016033009545,True
A,0.0,0.19647540623878312,False
A,0.0,0.19637500161710908,False
A,0.0,0.34881814975135206,True
A,0.0,0.0,False
A,0.0,0.2922629518676114,True
A,0.0,0.12012766558762089,False
A,0.0,0.0,False
A,0.0,0.9601838280131952,True
A,0.0,0.0,False
A,0.0,0.0,False
A,0.0,0.49811475011145134,True
A,0.0,0.0,False
A,0.0,0.1996664170108109,False
A,0.0,0.0,False
A,0.0,0.15101401833628048,False
A,0.0,0.007737831166067077,True
A,0.0,0.2617630114773103,False
A,0.0,0.366004263138887,True
A,0.0,0.2845386917906385,True
A,0.0,0.8271426599315925,True
A,0.0,0.03501582654780033,False
A,0.0,0.02361311456030679,False
A,0.0,0.0,False
A,0.0,0.7348457977475449,True
A,0.0,0.0,False
A,0.0,0.04094056702485027,False
A,0.0,0.3670988444121459,True
A,0.0,0.0,False
A,0.0,0.5989842405748503,True
A,0.0,0.3795280211268389,True
A,0.0,0.3669053601022315,True
A,0.0,0.7329287816963693,True
A,0.0,0.37373508098734975,True
A,0.0,0.033368513443150505,True
A,0.0,0.7299166411738466,True
A,0.0,0.6203134426162425,True
A,0.0,0.29635586772300127,True
A,0.0,0.0,False
A,0.0,0.0,False
A,0.0,0.18821661970305237,True
A,0.0,0.20618366620135808,False
A,0.0,0.7127536333933016,True
A,0.0,0.7416024886633192,True
A,0.0,0.7880247061175553,True
A,0.0,0.9595320674410683,True
A,0.0,0.8597298960211317,True
A,0.0,0.31711959454269434,True
A,0.0,0.0,True
A,0.0,0.08766045839838266,False
A,0.0,0.5594331221452232,True
A,0.0,0.0,False
A,0.0,0.5295228738953976,True
A,0.0,0.0,False
A,0.0,0.0,False
A,0.0,0.5714532980564526,True
A,0.0,0.4124488861943696,True
A,0.0,0.9165962344234594,True
A,0.0,0.2740018632934177,False
A,0.0,0.0,False
A,0.0,0.0,False
A,0.0,0.5907537257003852,True
A,0.0,0.6622715539611231,True
A,0.0,0.7494139740245637,True
A,0.0,0.8242738925347316,True
A,0.0,0.05494082493486918,True
A,0.0,0.0,False
A,0.0,0.9651887909450777,True
A,0.0,0.0,False
A,0.0,0.0,False
A,0.0,0.18505000897948964,False
A,0.0,0.3261605867895414,False
A,0.0,0.3870822176571833,True
A,0.0,0.1804609934357403,True
A,0.0,0.21213571062373715,False
A,0.0,0.6738635238066151,True
A,0.0,0.09962962469234882,True
A,0.0,0.0,False
A,0.0,0.0,False
A,0.0,0.06986283268754712,False
A,0.0,0.0,False
A,0.0,0.10539697520100155,False
A,0.0,0.0,False
A,0.0,0.297069452857034,False
A,0.0,0.0,False
A,0.0,0.7841927982661011,True
A,0.0,0.17323440982813154,False
A,0.0,0.0,False
A,0.0,0.0,False
A,0.0,0.6452134642964544,True
A,0.0,0.09132053126396966,False
A,0.0,0.0,False
A,0.0,0.0,False
A,0.0,0.0,False
A,0.0,0.16759293226269967,True
A,0.0,0.04211020482994288,False
A,0.0,0.0,False
A,0.0,0.18482312994098704,False
A,0.0,0.8742313232185897,True
A,0.0,0.43381529152382126,True
A,0.0,0.8007953192436963,True
A,0.0,0.022059151356833673,False
A,0.0,0.0,False
A,0.0,0.6361679899432444,True
A,0.0,0.0,False
A,0.0,0.763734024910081,True
A,0.0,0.32410925166257676,False
A,0.0,0.06747027798701233,True
A,0.0,0.1259529882406485,False
A,0.0,0.5454632786087397,True
A,0.0,0.05127516813849908,False
A,0.0,0.23255070920537835,True
A,0.0,0.17379182753332412,True
A,0.0,0.3758472478875512,True
A,0.0,0.0,False
A,0.0,0.9177116229801188,True
A,0.0,0.457249624593267,True
A,0.0,0.0,False
A,0.0,0.5213559586546009,True
A,0.0,0.65695420151688,True
A,0.0,0.0,False
A,0.0,0.5415327799303805,True
A,0.0,0.7121119322918992,True
A,0.0,0.9531052644630688,True
A,0.0,0.8486587553830462,True
A,0.0,0.0,False
A,0.0,0.8857373568509661,True
A,0.0,0.5736913360465714,True
A,0.0,0.8533038140712704,True
A,0.0,0.5906034027810029,True
A,0.0,0.1420477058674684,False
A,0.0,0.5570502724431171,True
A,0.0,0.0,False
A,0.0,0.5969647914908439,True
A,0.0,0.8099452126179557,True
A,0.0,0.8704786228649428,True
A,0.0,0.580367043609974,True
A,0.0,0.22413863557468294,False
A,0.0,0.06559858356043657,False
A,0.0,0.2362296621402784,False
A,0.0,0.0,False
A,0.0,0.8888643749228888,True
A,0.0,0.7654485859360864,True
A,0.0,0.007312717682117387,False
A,0.0,0.28811224568502247,True
A,0.0,0.0,False
A,0.0,0.3448862380157586,True
A,0.0,0.26800981941263724,False
A,0.0,0.2561535327114225,False
A,0.0,0.9691699269495108,True
A,0.0,0.5388409901269166,True
A,0.0,0.5708160813005236,True
A,0.0,0.4053795454263748,False
A,0.0,0.6280051775132077,True
A,0.0,0.7424271080024819,True
A,0.0,0.5437090167721177,True
A,0.0,0.360652721975514,False
A,0.0,0.9516255418506456,True
A,0.0,0.2557582642937589,True
A,0.0,0.7003102428164323,True
A,0.0,0.0,False
A,0.0,0.3877187369986086,True
A,0.0,0.8732274355711492,True
A,0.0,0.0,False
A,0.0,0.9676249870315241,True
A,0.0,0.17642803061461665,True
A,0.0,0.0,False
A,0.0,0.014799937657220652,False
A,0.0,0.44143643162542123,True
A,0.0,0.0825359727493089,False
A,0.0,0.0,False
A,0.0,0.3159580791401623,True
A,0.0,0.4873815820587918,True
A,0.0,0.42472527726722875,True
A,0.0,0.10672702251827204,False
A,0.0,0.0,False
A,0.0,0.11570929329832147,True
A,0.0,0.36035698312998554,False
A,0.0,0.7481604485710527,True
A,0.0,0.0,False
A,0.0,0.04568777007032965,True
A,0.0,0.0,False
A,0.0,0.1413634595538258,False
A,0.0,0.0,False
A,0.0,0.0,False
A,0.0,0.9748854175905532,True
A,0.0,0.9415208062303886,True
A,0.0,0.5065783924556506,True
A,0.0,0.4698115493786469,True
A,0.0,0.8077450017907357,True
A,0.0,0.4242664119885947,True
A,0.0,0.8769365403994884,True
A,0.0,0.9971135134703464,True
A,0.0,0.7795269647389356,True
A,0.0,0.29516945370866954,True
A,0.0,0.8890398313380038,True
A,0.0,0.0,False
A,0.0,0.01522955803758197,False
A,0.0,0.7853718727711776,True
A,0.0,0.21145217736472555,True
A,0.0,0.17482299073552032,False
A,0.0,0.43013249514729834,True
A,0.0,0.0,False
A,0.0,0.7691492443561903,True
A,0.0,0.7925693304646441,True
A,0.0,0.0,False
A,0.0,0.0,False
A,0.0,0.04314583425207241,False
A,0.0,0.8824500753501214,True
A,0.0,0.6393145435787696,True
A,0.0,0.0,True
A,0.0,0.0,False
A,0.0,0.41685311194987684,True
A,0.0,0.4363500066316931,True
A,0.0,0.0,False
A,0.0,0.0,False
A,0.0,0.0,False
A,0.0,0.7501929972587963,True
A,0.0,0.5676802776729036,True
A,0.0,0.0,False
A,0.0,0.0,False
A,0.0,0.327411213943968,True
A,0.0,0.0,False
A,0.0,0.0,False
A,0.0,0.1109087399855575,False
A,0.0,0.0,False
A,0.0,0.7528815187848357,True
A,0.0,0.7833322361802256,True
A,0.0,0.0,True
A,0.0,0.2557423539243464,False
A,0.0,0.3769629042982713,True
A,0.0,0.9949284890979376,True
A,0.0,0.6356847031717933,True
A,0.0,0.0,False
A,0.0,0.39090773444089044,True
A,0.0,0.0,False
A,0.0,0.0,True
A,0.0,0.6846872482136079,True
A,0.0,0.04857827592523145,False
A,0.0,0.6868462879054991,True
A,0.0,0.0,False
A,0.0,0.0,False
A,0.0,0.7950991198011389,True
A,0.0,0.0,False
A,0.0,0.40666103584688496,False
A,0.0,0.8642145844200276,True
A,0.0,0.0,False
A,0.0,0.0,False
A,0.0,0.22424577355843478,False
A,0.0,0.6046475948657102,True
A,0.0,0.5772017290560374,True
A,0.0,0.1837794333944771,False
A,0.0,0.5985019024161323,True
A,0.0,0.6839630216250651,True
A,0.0,0.34092114207560575,True
A,0.0,0.24334825403740024,True
A,0.0,0.09288558720134044,False
A,0.0,0.436359815370306,False
A,0.0,0.0,False
A,0.0,0.982136671659408,True
A,0.0,0.8059657575022292,True
A,0.0,0.0,False
A,0.0,0.5083131966771333,True
A,0.0,0.4708417803844258,True
A,0.0,0.0,False
A,0.0,0.6170596572784691,True
A,0.0,0.4393362063308124,False
A,0.0,0.0,False
A,0.0,0.0,False
A,0.0,0.72275820303881,True
A,0.0,0.47034211943354454,False
A,0.0,0.9861731188562664,True
A,0.0,0.7939155647734532,True
A,0.0,0.07605322376876633,False
A,0.0,0.09022278161048658,False
A,0.0,0.04065404234074044,False
A,0.0,0.37856283480141617,True
A,0.0,0.0,False
A,0.0,0.0,False
A,0.0,0.6165199957474929,True
A,0.0,0.0,False
A,0.0,0.8527525565923589,True
A,0.0,0.23234805582067686,False
A,0.0,0.0,False
A,0.0,0.16535472103174598,False
A,0.0,0.41218604175872164,True
A,0.0,0.0,False
A,0.0,0.96318282958431,True
A,0.0,0.0,True
A,0.0,0.1181656950991421,False
A,0.0,0.050794352088987416,False
A,0.0,0.0,False
A,0.0,0.0,False
A,0.0,0.8399040554514603,True
A,0.0,0.3416318807345602,True
A,0.0,0.0,False
A,0.0,0.757811530992536,True
A,0.0,0.7982461871284325,True
A,0.0,0.0,False
A,0.0,0.030967285152623147,False
A,0.0,0.02953421680847923,False
A,0.0,0.0,False
A,0.0,0.0,False
A,0.0,0.2219372354492798,False
A,0.0,0.5164719905507352,True
A,0.0,0.0,False
A,0.0,0.4863370322322924,True
A,0.0,0.0,False
A,0.0,0.0,False
A,0.0,0.0,False
A,0.0,0.5565001103523982,True
A,0.0,0.0,False
A,0.0,0.0,False
A,0.0,0.011107300811403431,False
A,0.0,0.0,False
A,0.0,0.2165324007917072,False
A,0.0,0.3128042983984676,False
A,0.0,0.3031517268034275,True
A,0.0,0.0607429767034694,True
A,0.0,0.2788813493677379,True
A,0.0,0.0,False
A,0.0,0.828310747801972,True
A,0.0,0.0,False
A,0.0,0.2672625119229517,True
A,0.0,0.6263373750441452,True
A,0.0,0.0,False
A,0.0,0.20800325049447643,True
A,0.0,0.9935575550120123,True
A,0.0,0.9278845294818294,True
A,0.0,0.0,False
A,0.0,0.40079086616779735,True
A,0.0,0.3990624537565033,True
A,0.0,0.4135328579638333,False
A,0.0,0.25227268014469884,False
A,0.0,0.0,False
A,0.0,0.0,False
A,0.0,0.7508147439976317,True
A,0.0,0.781151794115272,True
A,0.0,0.54837275043031,False
A,0.0,0.7591407226701534,True
A,0.0,0.0,False
A,0.0,0.0,True
A,0.0,0.0,False
A,0.0,0.5685658736505947,True
A,0.0,0.8527131298342643,True
A,0.0,0.7688756283047692,True
A,0.0,0.22351341553300508,False
A,0.0,0.0,False
A,0.0,0.37012623768893327,True
A,0.0,0.0,False
A,0.0,0.2367442736688774,True
A,0.0,0.8532449277473779,True
A,0.0,0.0,False
A,0.0,0.3595925058161942,False
A,0.0,0.36189902376688776,False
A,0.0,0.8817125714344277,True
A,0.0,0.0,False
A,0.0,0.12145156220572662,False
A,0.0,0.0,False
A,0.0,0.0,False
A,0.0,0.2731718500395026,True
A,0.0,0.0,False
A,0.0,0.6154215798691612,True
A,0.0,0.13772709359058966,True
A,0.0,0.0,False
A,0.0,0.37813132332581334,True
A,0.0,0.9747011790017719,True
A,0.0,0.46771912029650375,True
A,0.0,0.2434519310098887,False
A,0.0,0.44809251938504235,True
A,0.0,0.5222811401280507,True
A,0.0,0.43974595909152214,True
A,0.0,0.1942278185934201,True
A,0.0,0.0,False
A,0.0,0.9576001129864793,True
A,0.0,0.0,False
A,0.0,0.515503092802047,True
A,0.0,0.0,True
A,0.0,0.15707043183403568,False
A,0.0,0.6265095558309404,True
A,0.0,0.3623006400102272,True
A,0.0,0.0,False
A,0.0,0.0,False
A,0.0,0.9498353582156631,True
A,0.0,0.19950492639758488,False
A,0.0,0.0,False
A,0.0,0.8941457648764839,True
A,0.0,0.3248057520981753,True
A,0.0,0.560306468603468,True
A,0.0,0.803056485601128,True
A,0.0,0.16621043925196677,False
A,0.0,0.7693539324953906,True
A,0.0,0.32077564379866796,True
A,0.0,0.0,False
A,0.0,0.0,False
A,0.0,0.9302505149989484,True
A,0.0,0.22068561450452928,True
A,0.0,0.7717784553216298,True
A,0.0,0.5513668955296347,True
A,0.0,0.22745752863062185,True
A,0.0,0.0,False
A,0.0,0.0,False
A,0.0,0.0,False
A,0.0,0.0,False
A,0.0,0.7606093385481432,True
A,0.0,0.08313747355370305,False
A,0.0,0.45191888160870564,True
A,0.0,0.9314651387937418,True
A,0.0,0.0,False
A,0.0,0.0,False
A,0.0,0.0,False
A,0.0,0.3991641258026004,False
A,0.0,0.3060070282329602,True
A,0.0,0.271141225332187,False
A,0.0,0.4969456987196045,True
A,0.0,0.06884670019139472,False
A,0.0,0.040168321220969916,False
A,0.0,0.0,False
A,0.0,0.06714057639204118,False
A,0.0,0.9606442843790454,True
A,0.0,0.03623410087437162,False
A,0.0,0.09538495980189576,False
A,0.0,0.8353720946392282,True
A,0.0,0.0,False
A,0.0,0.8491674329273765,True
A,0.0,0.2546244512826594,True
A,0.0,0.6430381876033587,True
A,0.0,0.4809946665230592,True
A,0.0,0.0,False
A,0.0,0.0,False
A,0.0,0.2127778683382121,False
A,0.0,0.0,False
A,0.0,0.0,False
A,0.0,0.03491148812464806,False
A,0.0,0.0,False
A,0.0,0.0,False
A,0.0,0.3852731259822523,True
A,0.0,0.03318636890690063,False
A,0.0,0.6677439863767949,True
A,0.0,0.0,False
A,0.0,0.8474752297395308,True
A,0.0,0.0,False
A,0.0,0.37168686385097915,True
A,0.0,0.6624430012731346,True
A,0.0,0.0,False
A,0.0,0.0,False
A,0.0,0.0,False
A,0.0,0.7664458352484722,True
A,0.0,0.0,False
A,0.0,0.0635601094323931,False
A,0.0,0.8561929569339957,True
A,0.0,0.1511189360374331,False
A,0.0,0.0698608492133499,False
A,0.0,0.07779871622287238,False
A,0.0,0.057470820565511005,False
A,0.0,0.7838451238241726,True
A,0.0,0.9972960104346924,True
A,0.0,0.21227232996738055,True
A,0.0,0.0,False
A,0.0,0.3600189402992018,True
A,0.0,0.9084385515600013,True
A,0.0,0.43692627635148196,True
A,0.0,0.1312112650725441,False
A,0.0,0.7059585071555413,True
A,0.0,0.0,False
A,0.0,0.7436034955153666,True
A,0.0,0.8422229927711888,True
A,0.0,0.8843882614180864,True
A,0.0,0.7446386277905003,True
A,0.0,0.0,True
A,0.0,0.4542413925735429,True
A,0.0,0.5220142523020112,True
A,0.0,0.0,False
A,0.0,0.0,False
A,0.0,0.0,False
A,0.0,0.11628702429110749,True
A,0.0,0.24813874823600435,True
A,0.0,0.5401875389450189,True
A,0.0,0.738701536916902,True
A,0.0,0.5230287334823139,True
A,0.0,0.9402868389162482,True
A,0.0,0.5711236930604888,True
A,0.0,0.8782076532913922,True
A,0.0,0.4624088719955435,True
A,0.0,0.2946299387596214,True
A,0.0,0.6801816346580534,True
A,0.0,0.3283975966957101,True
A,0.0,0.0,False
A,0.0,0.5571953522738751,True
A,0.0,0.6250245768336146,True
A,0.0,0.17515764798200495,True
A,0.0,0.052694166910901674,True
A,0.0,0.09884327098746981,False
A,0.0,0.9078988279221801,True
A,0.0,0.8311831463834503,True
A,0.0,0.8774726140539281,True
A,0.0,0.3764722393255301,False
A,0.0,0.0,False
A,0.0,0.5724315573770133,True
A,0.0,0.0,False
A,0.0,0.7246329263954773,True
A,0.0,0.3888007840269686,True
A,0.0,0.0,False
A,0.0,0.0,False
A,0.0,0.9796402955905058,True
A,0.0,0.8906143851341594,True
A,0.0,0.0,False
A,0.0,0.0,False
A,0.0,0.2966413183488865,False
A,0.0,0.0,False
A,0.0,0.0,False
A,0.0,0.6354346204609029,True
A,0.0,0.06327751526561032,False
A,0.0,0.0,False
A,0.0,0.0,False
A,0.0,0.8341360818546757,True
A,0.0,0.0,False
A,0.0,0.46368884468239113,True
A,0.0,0.9861962331902299,True
A,0.0,0.0,False
A,0.0,0.5237864546038213,True
A,0.0,0.5221414110081801,True
A,0.0,0.5672691826950079,True
A,0.0,0.38372935444981515,False
A,0.0,0.2811684452131733,True
A,0.0,0.5290949272708423,True
A,0.0,0.05709122907476494,False
A,0.0,0.0,False
A,0.0,0.8093480912122899,True
A,0.0,0.8593973402216893,True
A,0.0,0.0,False
A,0.0,0.0,False
A,0.0,0.0,False
A,0.0,0.6429345176991529,True
A,0.0,0.0,False
A,0.0,0.0,False
A,0.0,0.2191448976166731,True
A,0.0,0.6286284419362176,True
A,0.0,0.12173156011630848,False
A,0.0,0.4227871285848287,True
A,0.0,0.97611457555343,True
A,0.0,0.0,False
A,0.0,0.7062285707228009,True
A,0.0,0.7944520418710401,True
A,0.0,0.9763534597652219,True
A,0.0,0.5373994199743598,True
A,0.0,0.0,False
A,0.0,0.6554581189194483,True
A,0.0,0.4899135731936518,True
A,0.0,0.5636049912846052,True
A,0.0,0.20260696599470962,True
A,0.0,0.13056273613766145,False
A,0.0,0.7566486188208974,True
A,0.0,0.7846575070164252,True
A,0.0,0.2919943370062458,True
A,0.0,0.542786379045893,True
A,0.0,0.0,False
A,0.0,0.15020720812469046,False
A,0.0,0.0,False
A,0.0,0.7748315507148418,True
A,0.0,0.0,False
A,0.0,0.63028504199585,True
A,0.0,0.9634599498587979,True
A,0.0,0.7445323447316395,True
A,0.0,0.18319108856813948,False
A,0.0,0.24291044160673425,False
A,0.0,0.881090977277478,True
A,0.0,0.350084976574359,False
A,0.0,0.3654057828522257,True
A,0.0,0.6994374350433495,True
A,0.0,0.5710962128276865,True
A,0.0,0.7743677200465746,True
A,0.0,0.4144182602774533,True
A,0.0,0.0,False
A,0.0,0.055040160262390336,False
A,0.0,0.6153889383016701,True
A,0.0,0.9839775187943846,True
A,0.0,0.2586727068816741,True
A,0.0,0.01931974966201111,False
A,0.0,0.8291090758359085,True
A,0.0,0.9020216806972198,True
A,0.0,0.3762142573946784,True
A,0.0,0.4875282378859911,True
A,0.0,0.10249130634113124,False
A,0.0,0.716651846855505,True
A,0.0,0.0,False
A,0.0,0.0,False
A,0.0,0.7379188220515808,True
A,0.0,0.0,False
A,0.0,0.12588959091779528,False
A,0.0,0.5514150875866445,True
A,0.0,0.0,False
A,0.0,0.6669995573283449,True
A,0.0,0.4014409820543685,False
A,0.0,0.27016927173559935,True
A,0.0,0.0,False
A,0.0,0.4130538233562502,True
A,0.0,0.0,False
A,0.0,0.0,False
A,0.0,0.7319348382222622,True
A,0.0,0.9857016033009545,True
A,0.0,0.19647540623878312,False
A,0.0,0.19637500161710908,False
A,0.0,0.34881814975135206,True
A,0.0,0.0,False
A,0.0,0.2922629518676114,True
A,0.0,0.12012766558762089,False
A,0.0,0.0,False
A,0.0,0.9601838280131952,True
A,0.0,0.0,False
A,0.0,0.0,False
A,0.0,0.49811475011145134,True
A,0.0,0.0,False
A,0.0,0.1996664170108109,False
A,0.0,0.0,False
A,0.0,0.15101401833628048,False
A,0.0,0.007737831166067077,True
A,0.0,0.2617630114773103,False
A,0.0,0.366004263138887,True
A,0.0,0.2845386917906385,True
A,0.0,0.8271426599315925,True
A,0.0,0.03501582654780033,False
A,0.0,0.02361311456030679,False
A,0.0,0.0,False
A,0.0,0.7348457977475449,True
A,0.0,0.0,False
A,0.0,0.04094056702485027,True
A,0.0,0.3670988444121459,True
A,0.0,0.0,False
A,0.0,0.5989842405748503,True
A,0.0,0.3795280211268389,True
A,0.0,0.3669053601022315,True
A,0.0,0.7329287816963693,True
A,0.0,0.37373508098734975,True
A,0.0,0.033368513443150505,True
A,0.0,0.7299166411738466,True
A,0.0,0.6203134426162425,True
A,0.0,0.29635586772300127,False
A,0.0,0.0,False
A,0.0,0.0,False
A,0.0,0.18821661970305237,False
A,0.0,0.20618366620135808,False
A,0.0,0.7127536333933016,True
A,0.0,0.7416024886633192,True
A,0.0,0.7880247061175553,True
A,0.0,0.9595320674410683,True
A,0.0,0.8597298960211317,True
A,0.0,0.31711959454269434,True
A,0.0,0.0,False
A,0.0,0.08766045839838266,True
A,0.0,0.5594331221452232,True
A,0.0,0.0,False
A,0.0,0.5295228738953976,True
A,0.0,0.0,False
A,0.0,0.0,False
A,0.0,0.5714532980564526,True
A,0.0,0.4124488861943696,True
A,0.0,0.9165962344234594,True
A,0.0,0.2740018632934177,False
A,0.0,0.0,False
A,0.0,0.0,False
A,0.0,0.5907537257003852,True
A,0.0,0.6622715539611231,True
A,0.0,0.7494139740245637,True
A,0.0,0.8242738925347316,True
A,0.0,0.05494082493486918,True
A,0.0,0.0,False
A,0.0,0.9651887909450777,True
A,0.0,0.0,False
A,0.0,0.0,False
A,0.0,0.18505000897948964,False
A,0.0,0.3261605867895414,True
A,0.0,0.3870822176571833,True
A,0.0,0.1804609934357403,True
A,0.0,0.21213571062373715,False
A,0.0,0.6738635238066151,True
A,0.0,0.09962962469234882,True
A,0.0,0.0,False
A,0.0,0.0,False
A,0.0,0.06986283268754712,False
A,0.0,0.0,False
A,0.0,0.10539697520100155,False
A,0.0,0.0,False
A,0.0,0.297069452857034,False
A,0.0,0.0,False
A,0.0,0.7841927982661011,True
A,0.0,0.17323440982813154,True
A,0.0,0.0,False
A,0.0,0.0,False
A,0.0,0.6452134642964544,True
A,0.0,0.09132053126396966,True
A,0.0,0.0,False
A,0.0,0.0,False
A,0.0,0.0,False
A,0.0,0.16759293226269967,True
A,0.0,0.04211020482994288,False
A,0.0,0.0,False
A,0.0,0.18482312994098704,True
A,0.0,0.8742313232185897,True
A,0.0,0.43381529152382126,True
A,0.0,0.8007953192436963,True
A,0.0,0.022059151356833673,False
A,0.0,0.0,False
A,0.0,0.6361679899432444,True
A,0.0,0.0,False
A,0.0,0.763734024910081,True
A,0.0,0.32410925166257676,True
A,0.0,0.06747027798701233,True
A,0.0,0.1259529882406485,False
A,0.0,0.5454632786087397,True
A,0.0,0.05127516813849908,False
A,0.0,0.23255070920537835,False
A,0.0,0.17379182753332412,False
A,0.0,0.3758472478875512,True
A,0.0,0.0,False
A,0.0,0.9177116229801188,True
A,0.0,0.457249624593267,True
A,0.0,0.0,False
A,0.0,0.5213559586546009,True
A,0.0,0.65695420151688,True
A,0.0,0.0,False
A,0.0,0.5415327799303805,True
A,0.0,0.7121119322918992,True
A,0.0,0.9531052644630688,True
A,0.0,0.8486587553830462,True
A,0.0,0.0,False
A,0.0,0.8857373568509661,True
A,0.0,0.5736913360465714,True
A,0.0,0.8533038140712704,True
A,0.0,0.5906034027810029,True
A,0.0,0.1420477058674684,False
A,0.0,0.5570502724431171,True
A,0.0,0.0,False
A,0.0,0.5969647914908439,True
A,0.0,0.8099452126179557,True
A,0.0,0.8704786228649428,True
A,0.0,0.580367043609974,True
A,0.0,0.22413863557468294,True
A,0.0,0.06559858356043657,False
A,0.0,0.2362296621402784,False
A,0.0,0.0,False
A,0.0,0.8888643749228888,True
A,0.0,0.7654485859360864,True
A,0.0,0.007312717682117387,False
A,0.0,0.28811224568502247,True
A,0.0,0.0,False
A,0.0,0.3448862380157586,True
A,0.0,0.26800981941263724,False
A,0.0,0.2561535327114225,False
A,0.0,0.9691699269495108,True
A,0.0,0.5388409901269166,True
A,0.0,0.5708160813005236,True
A,0.0,0.4053795454263748,False
A,0.0,0.6280051775132077,True
A,0.0,0.7424271080024819,True
A,0.0,0.5437090167721177,True
A,0.0,0.360652721975514,False
A,0.0,0.9516255418506456,True
A,0.0,0.2557582642937589,True
A,0.0,0.7003102428164323,True
A,0.0,0.0,False
A,0.0,0.3877187369986086,True
A,0.0,0.8732274355711492,True
A,0.0,0.0,False
A,0.0,0.9676249870315241,True
A,0.0,0.17642803061461665,True
A,0.0,0.0,True
A,0.0,0.014799937657220652,False
A,0.0,0.44143643162542123,True
A,0.0,0.0825359727493089,False
A,0.0,0.0,False
A,0.0,0.3159580791401623,True
A,0.0,0.4873815820587918,True
A,0.0,0.42472527726722875,True
A,0.0,0.10672702251827204,False
A,0.0,0.0,False
A,0.0,0.11570929329832147,False
A,0.0,0.36035698312998554,False
A,0.0,0.7481604485710527,True
A,0.0,0.0,False
A,0.0,0.04568777007032965,True
A,0.0,0.0,False
A,0.0,0.1413634595538258,False
A,0.0,0.0,False
A,0.0,0.0,False
A,0.0,0.9748854175905532,True
A,0.0,0.9415208062303886,True
A,0.0,0.5065783924556506,True
A,0.0,0.4698115493786469,True
A,0.0,0.8077450017907357,True
A,0.0,0.4242664119885947,True
A,0.0,0.8769365403994884,True
A,0.0,0.9971135134703464,True
A,0.0,0.7795269647389356,True
A,0.0,0.29516945370866954,True
A,0.0,0.8890398313380038,True
A,0.0,0.0,False
A,0.0,0.01522955803758197,False
A,0.0,0.7853718727711776,True
A,0.0,0.21145217736472555,True
A,0.0,0.17482299073552032,False
A,0.0,0.43013249514729834,True
A,0.0,0.0,False
A,0.0,0.7691492443561903,True
A,0.0,0.7925693304646441,True
A,0.0,0.0,False
A,0.0,0.0,False
A,0.0,0.04314583425207241,False
A,0.0,0.8824500753501214,True
A,0.0,0.6393145435787696,True
A,0.0,0.0,False
A,0.0,0.0,False
A,0.0,0.41685311194987684,True
A,0.0,0.4363500066316931,True
A,0.0,0.0,False
A,0.0,0.0,False
A,0.0,0.0,False
A,0.0,0.7501929972587963,True
A,0.0,0.5676802776729036,True
A,0.0,0.0,False
A,0.0,0.0,False
A,0.0,0.327411213943968,True
A,0.0,0.0,False
A,0.0,0.0,False
A,0.0,0.1109087399855575,False
A,0.0,0.0,False
A,0.0,0.7528815187848357,True
A,0.0,0.7833322361802256,True
A,0.0,0.0,True
A,0.0,0.2557423539243464,False
A,0.0,0.3769629042982713,True
A,0.0,0.9949284890979376,True
A,0.0,0.6356847031717933,True
A,0.0,0.0,False
A,0.0,0.39090773444089044,True
A,0.0,0.0,False
A,0.0,0.0,True
A,0.0,0.6846872482136079,True
A,0.0,0.04857827592523145,False
A,0.0,0.6868462879054991,True
A,0.0,0.0,False
A,0.0,0.0,False
A,0.0,0.7950991198011389,True
A,0.0,0.0,False
A,0.0,0.40666103584688496,False
A,0.0,0.8642145844200276,True
A,0.0,0.0,False
A,0.0,0.0,False
A,0.0,0.22424577355843478,False
A,0.0,0.6046475948657102,True
A,0.0,0.5772017290560374,True
A,0.0,0.1837794333944771,True
A,0.0,0.5985019024161323,True
A,0.0,0.6839630216250651,True
A,0.0,0.34092114207560575,True
A,0.0,0.24334825403740024,True
A,0.0,0.09288558720134044,False
A,0.0,0.436359815370306,False
A,0.0,0.0,False
A,0.0,0.982136671659408,True
A,0.0,0.8059657575022292,True
A,0.0,0.0,False
A,0.0,0.5083131966771333,True
A,0.0,0.4708417803844258,True
A,0.0,0.0,False
A,0.0,0.6170596572784691,True
A,0.0,0.4393362063308124,False
A,0.0,0.0,False
A,0.0,0.0,False
A,0.0,0.72275820303881,True
A,0.0,0.47034211943354454,False
A,0.0,0.9861731188562664,True
A,0.0,0.7939155647734532,True
A,0.0,0.07605322376876633,False
A,0.0,0.09022278161048658,False
A,0.0,0.04065404234074044,False
A,0.0,0.37856283480141617,True
A,0.0,0.0,False
A,0.0,0.0,False
A,0.0,0.6165199957474929,True
A,0.0,0.0,False
A,0.0,0.8527525565923589,True
A,0.0,0.23234805582067686,False
A,0.0,0.0,False
A,0.0,0.16535472103174598,False
A,0.0,0.41218604175872164,True
A,0.0,0.0,False
A,0.0,0.96318282958431,True
A,0.0,0.0,True
A,0.0,0.1181656950991421,False
A,0.0,0.050794352088987416,False
A,0.0,0.0,False
A,0.0,0.0,False
A,0.0,0.8399040554514603,True
A,0.0,0.3416318807345602,True
A,0.0,0.0,False
A,0.0,0.757811530992536,True
A,0.0,0.7982461871284325,True
A,0.0,0.0,False
A,0.0,0.030967285152623147,False
A,0.0,0.02953421680847923,False
A,0.0,0.0,False
A,0.0,0.0,False
A,0.0,0.2219372354492798,False
A,0.0,0.5164719905507352,True
A,0.0,0.0,False
A,0.0,0.4863370322322924,True
A,0.0,0.0,False
A,0.0,0.0,False
A,0.0,0.0,False
A,0.0,0.5565001103523982,True
A,0.0,0.0,False
A,0.0,0.0,False
A,0.0,0.011107300811403431,False
A,0.0,0.0,False
A,0.0,0.2165324007917072,False
A,0.0,0.3128042983984676,False
A,0.0,0.3031517268034275,True
A,0.0,0.0607429767034694,False
A,0.0,0.2788813493677379,True
A,0.0,0.0,False
A,0.0,0.828310747801972,True
A,0.0,0.0,False
A,0.0,0.2672625119229517,True
A,0.0,0.6263373750441452,True
A,0.0,0.0,False
A,0.0,0.20800325049447643,False
A,0.0,0.9935575550120123,True
A,0.0,0.9278845294818294,True
A,0.0,0.0,False
A,0.0,0.40079086616779735,True
A,0.0,0.3990624537565033,True
A,0.0,0.4135328579638333,False
A,0.0,0.25227268014469884,False
A,0.0,0.0,False
A,0.0,0.0,False
A,0.0,0.7508147439976317,True
A,0.0,0.781151794115272,True
A,0.0,0.54837275043031,True
A,0.0,0.7591407226701534,True
A,0.0,0.0,False
A,0.0,0.0,True
A,0.0,0.0,False
A,0.0,0.5685658736505947,True
A,0.0,0.8527131298342643,True
A,0.0,0.7688756283047692,True
A,0.0,0.22351341553300508,False
A,0.0,0.0,False
A,0.0,0.37012623768893327,True
A,0.0,0.0,False
A,0.0,0.2367442736688774,True
A,0.0,0.8532449277473779,True
A,0.0,0.0,False
A,0.0,0.3595925058161942,False
A,0.0,0.36189902376688776,False
A,0.0,0.8817125714344277,True
A,0.0,0.0,False
A,0.0,0.12145156220572662,False
A,0.0,0.0,False
A,0.0,0.0,False
A,0.0,0.2731718500395026,True
A,0.0,0.0,False
A,0.0,0.6154215798691612,True
A,0.0,0.13772709359058966,True
A,0.0,0.0,False
A,0.0,0.37813132332581334,True
A,0.0,0.9747011790017719,True
A,0.0,0.46771912029650375,True
A,0.0,0.2434519310098887,False
A,0.0,0.44809251938504235,True
A,0.0,0.5222811401280507,True
A,0.0,0.43974595909152214,True
A,0.0,0.1942278185934201,True
A,0.0,0.0,False
A,0.0,0.9576001129864793,True
A,0.0,0.0,False
A,0.0,0.515503092802047,True
A,0.0,0.0,True
A,0.0,0.15707043183403568,False
A,0.0,0.6265095558309404,True
A,0.0,0.3623006400102272,True
A,0.0,0.0,False
A,0.0,0.0,False
A,0.0,0.9498353582156631,True
A,0.0,0.19950492639758488,False
A,0.0,0.0,False
A,0.0,0.8941457648764839,True
A,0.0,0.3248057520981753,True
A,0.0,0.560306468603468,True
A,0.0,0.803056485601128,True
A,0.0,0.16621043925196677,False
A,0.0,0.7693539324953906,True
A,0.0,0.32077564379866796,False
A,0.0,0.0,False
A,0.0,0.0,False
A,0.0,0.9302505149989484,True
A,0.0,0.22068561450452928,True
A,0.0,0.7717784553216298,True
A,0.0,0.5513668955296347,True
A,0.0,0.22745752863062185,True
A,0.0,0.0,False
A,0.0,0.0,False
A,0.0,0.0,False
A,0.0,0.0,False
A,0.0,0.7606093385481432,True
A,0.0,0.08313747355370305,False
A,0.0,0.45191888160870564,True
A,0.0,0.9314651387937418,True
A,0.0,0.0,False
A,0.0,0.0,False
A,0.0,0.0,False
A,0.0,0.3991641258026004,False
A,0.0,0.3060070282329602,True
A,0.0,0.271141225332187,True
A,0.0,0.4969456987196045,True
A,0.0,0.06884670019139472,False
A,0.0,0.040168321220969916,False
A,0.0,0.0,False
A,0.0,0.06714057639204118,True
A,0.0,0.9606442843790454,True
A,0.0,0.03623410087437162,False
A,0.0,0.09538495980189576,False
A,0.0,0.8353720946392282,True
A,0.0,0.0,False
A,0.0,0.8491674329273765,True
A,0.0,0.2546244512826594,True
A,0.0,0.6430381876033587,True
A,0.0,0.4809946665230592,True
A,0.0,0.0,False
A,0.0,0.0,False
A,0.0,0.2127778683382121,False
A,0.0,0.0,False
A,0.0,0.0,False
A,0.0,0.03491148812464806,False
A,0.0,0.0,False
A,0.0,0.0,False
A,0.0,0.3852731259822523,True
A,0.0,0.03318636890690063,False
A,0.0,0.6677439863767949,True
A,0.0,0.0,False
A,0.0,0.8474752297395308,True
A,0.0,0.0,False
A,0.0,0.37168686385097915,True
A,0.0,0.6624430012731346,True
A,0.0,0.0,False
A,0.0,0.0,False
A,0.0,0.0,False
A,0.0,0.7664458352484722,True
A,0.0,0.0,False
A,0.0,0.0635601094323931,False
A,0.0,0.8561929569339957,True
A,0.0,0.1511189360374331,False
A,0.0,0.0698608492133499,False
A,0.0,0.07779871622287238,False
A,0.0,0.057470820565511005,False
A,0.0,0.7838451238241726,True
A,0.0,0.9972960104346924,True
A,0.0,0.21227232996738055,False
A,0.0,0.0,False
A,0.0,0.3600189402992018,True
A,0.0,0.9084385515600013,True
A,0.0,0.43692627635148196,True
A,0.0,0.1312112650725441,False
A,0.0,0.7059585071555413,True
A,0.0,0.0,False
A,0.0,0.7436034955153666,True
A,0.0,0.8422229927711888,True
A,0.0,0.8843882614180864,True
A,0.0,0.7446386277905003,True
A,0.0,0.0,True
A,0.0,0.4542413925735429,True
A,0.0,0.5220142523020112,True
A,0.0,0.0,False
A,0.0,0.0,False
A,0.0,0.0,False
A,0.0,0.11628702429110749,True
A,0.0,0.24813874823600435,True
A,0.0,0.5401875389450189,True
A,0.0,0.738701536916902,True
A,0.0,0.5230287334823139,True
A,0.0,0.9402868389162482,True
A,0.0,0.5711236930604888,True
A,0.0,0.8782076532913922,True
A,0.0,0.4624088719955435,True
A,0.0,0.2946299387596214,True
A,0.0,0.6801816346580534,True
A,0.0,0.3283975966957101,True
A,0.0,0.0,False
A,0.0,0.5571953522738751,True
A,0.0,0.6250245768336146,True
A,0.0,0.17515764798200495,True
A,0.0,0.052694166910901674,False
A,0.0,0.09884327098746981,False
A,0.0,0.9078988279221801,True
A,0.0,0.8311831463834503,True
A,0.0,0.8774726140539281,True
A,0.0,0.3764722393255301,False
A,0.0,0.0,False
A,0.0,0.5724315573770133,True
A,0.0,0.0,False
A,0.0,0.7246329263954773,True
A,0.0,0.3888007840269686,True
A,0.0,0.0,False
A,0.0,0.0,False
A,0.0,0.9796402955905058,True
A,0.0,0.8906143851341594,True
A,0.0,0.0,False
A,0.0,0.0,False
A,0.0,0.2966413183488865,True
A,0.0,0.0,False
A,0.0,0.0,False
A,0.0,0.6354346204609029,True
A,0.0,0.06327751526561032,False
A,0.0,0.0,False
A,0.0,0.0,False
A,0.0,0.8341360818546757,True
A,0.0,0.0,False
A,0.0,0.46368884468239113,True
A,0.0,0.9861962331902299,True
A,0.0,0.0,False
A,0.0,0.5237864546038213,True
A,0.0,0.5221414110081801,True
A,0.0,0.5672691826950079,True
A,0.0,0.38372935444981515,False
A,0.0,0.2811684452131733,True
A,0.0,0.5290949272708423,True
A,0.0,0.05709122907476494,False
A,0.0,0.0,False
A,0.0,0.8093480912122899,True
A,0.0,0.8593973402216893,True
A,0.0,0.0,False
A,0.0,0.0,False
A,0.0,0.0,False
A,0.0,0.6429345176991529,True
A,0.0,0.0,False
A,0.0,0.0,False
A,0.0,0.2191448976166731,True
A,0.0,0.6286284419362176,True
A,0.0,0.12173156011630848,False
A,0.0,0.4227871285848287,True
A,0.0,0.97611457555343,True
A,0.0,0.0,False
A,0.0,0.7062285707228009,True
A,0.0,0.7944520418710401,True
A,0.0,0.9763534597652219,True
A,0.0,0.5373994199743598,True
A,0.0,0.0,False
A,0.0,0.6554581189194483,True
A,0.0,0.4899135731936518,True
A,0.0,0.5636049912846052,True
A,0.0,0.20260696599470962,True
A,0.0,0.13056273613766145,True
A,0.0,0.7566486188208974,True
A,0.0,0.7846575070164252,True
A,0.0,0.2919943370062458,True
A,0.0,0.542786379045893,True
A,0.0,0.0,False
A,0.0,0.15020720812469046,False
A,0.0,0.0,False
A,0.0,0.7748315507148418,True
A,0.0,0.0,False
A,0.0,0.63028504199585,True
A,0.0,0.9634599498587979,True
A,0.0,0.7445323447316395,True
A,0.0,0.18319108856813948,False
A,0.0,0.24291044160673425,True
A,0.0,0.881090977277478,True
A,0.0,0.350084976574359,False
A,0.0,0.3654057828522257,True
A,0.0,0.6994374350433495,True
A,0.0,0.5710962128276865,True
A,0.0,0.7743677200465746,True
A,0.0,0.4144182602774533,True
A,0.0,0.0,False
A,0.0,0.055040160262390336,False
A,0.0,0.6153889383016701,True
A,0.0,0.9839775187943846,True
A,0.0,0.2586727068816741,True
A,0.0,0.01931974966201111,False
A,0.0,0.8291090758359085,True
A,0.0,0.9020216806972198,True
A,0.0,0.3762142573946784,True
A,0.0,0.4875282378859911,True
A,0.0,0.10249130634113124,False
A,0.0,0.716651846855505,True
A,0.0,0.0,False
A,0.0,0.0,False
A,0.0,0.7379188220515808,True
A,0.0,0.0,False
A,0.0,0.12588959091779528,False
A,0.0,0.5514150875866445,True
A,0.0,0.0,False
A,0.0,0.6669995573283449,True
A,0.0,0.4014409820543685,False
A,0.0,0.27016927173559935,True
A,0.0,0.0,False
A,0.0,0.4130538233562502,True
A,0.0,0.0,False
A,0.0,0.0,False
A,0.0,0.7319348382222622,True
A,0.0,0.9857016033009545,True
A,0.0,0.19647540623878312,False
A,0.0,0.19637500161710908,False
A,0.0,0.34881814975135206,True
A,0.0,0.0,False
A,0.0,0.2922629518676114,True
A,0.0,0.12012766558762089,False
A,0.0,0.0,False
A,0.0,0.9601838280131952,True
A,0.0,0.0,False
A,0.0,0.0,False
A,0.0,0.49811475011145134,True
A,0.0,0.0,False
A,0.0,0.1996664170108109,False
A,0.0,0.0,False
A,0.0,0.15101401833628048,False
A,0.0,0.007737831166067077,True
A,0.0,0.2617630114773103,False
A,0.0,0.366004263138887,True
A,0.0,0.2845386917906385,True
A,0.0,0.8271426599315925,True
A,0.0,0.03501582654780033,False
A,0.0,0.02361311456030679,False
A,0.0,0.0,False
A,0.0,0.7348457977475449,True
A,0.0,0.0,False
A,0.0,0.04094056702485027,True
A,0.0,0.3670988444121459,True
A,0.0,0.0,False
A,0.0,0.5989842405748503,True
A,0.0,0.3795280211268389,True
A,0.0,0.3669053601022315,True
A,0.0,0.7329287816963693,True
A,0.0,0.37373508098734975,True
A,0.0,0.033368513443150505,True
A,0.0,0.7299166411738466,True
A,0.0,0.6203134426162425,True
A,0.0,0.29635586772300127,False
A,0.0,0.0,False
A,0.0,0.0,False
A,0.0,0.18821661970305237,False
A,0.0,0.20618366620135808,False
A,0.0,0.7127536333933016,True
A,0.0,0.7416024886633192,True
A,0.0,0.7880247061175553,True
A,0.0,0.9595320674410683,True
A,0.0,0.8597298960211317,True
A,0.0,0.31711959454269434,True
A,0.0,0.0,False
A,0.0,0.08766045839838266,True
A,0.0,0.5594331221452232,True
A,0.0,0.0,False
A,0.0,0.5295228738953976,True
A,0.0,0.0,False
A,0.0,0.0,False
A,0.0,0.5714532980564526,True
A,0.0,0.4124488861943696,True
A,0.0,0.9165962344234594,True
A,0.0,0.2740018632934177,True
A,0.0,0.0,False
A,0.0,0.0,False
A,0.0,0.5907537257003852,True
A,0.0,0.6622715539611231,True
A,0.0,0.7494139740245637,True
A,0.0,0.8242738925347316,True
A,0.0,0.05494082493486918,True
A,0.0,0.0,False
A,0.0,0.9651887909450777,True
A,0.0,0.0,False
A,0.0,0.0,False
A,0.0,0.18505000897948964,False
A,0.0,0.3261605867895414,True
A,0.0,0.3870822176571833,True
A,0.0,0.1804609934357403,True
A,0.0,0.21213571062373715,False
A,0.0,0.6738635238066151,True
A,0.0,0.09962962469234882,True
A,0.0,0.0,False
A,0.0,0.0,False
A,0.0,0.06986283268754712,False
A,0.0,0.0,False
A,0.0,0.10539697520100155,False
A,0.0,0.0,False
A,0.0,0.297069452857034,False
A,0.0,0.0,False
A,0.0,0.7841927982661011,True
A,0.0,0.17323440982813154,True
A,0.0,0.0,False
A,0.0,0.0,False
A,0.0,0.6452134642964544,True
A,0.0,0.09132053126396966,True
A,0.0,0.0,False
A,0.0,0.0,False
A,0.0,0.0,False
A,0.0,0.16759293226269967,True
A,0.0,0.04211020482994288,False
A,0.0,0.0,False
A,0.0,0.18482312994098704,True
A,0.0,0.8742313232185897,True
A,0.0,0.43381529152382126,True
A,0.0,0.8007953192436963,True
A,0.0,0.022059151356833673,False
A,0.0,0.0,False
A,0.0,0.6361679899432444,True
A,0.0,0.0,False
A,0.0,0.763734024910081,True
A,0.0,0.32410925166257676,True
A,0.0,0.06747027798701233,True
A,0.0,0.1259529882406485,False
A,0.0,0.5454632786087397,True
A,0.0,0.05127516813849908,False
A,0.0,0.23255070920537835,False
A,0.0,0.17379182753332412,False
A,0.0,0.3758472478875512,False
A,0.0,0.0,False
A,0.0,0.9177116229801188,True
A,0.0,0.457249624593267,True
A,0.0,0.0,False
A,0.0,0.5213559586546009,True
A,0.0,0.65695420151688,True
A,0.0,0.0,False
A,0.0,0.5415327799303805,True
A,0.0,0.7121119322918992,True
A,0.0,0.9531052644630688,True
A,0.0,0.8486587553830462,True
A,0.0,0.0,False
A,0.0,0.8857373568509661,True
A,0.0,0.5736913360465714,True
A,0.0,0.8533038140712704,True
A,0.0,0.5906034027810029,True
A,0.0,0.1420477058674684,True
A,0.0,0.5570502724431171,True
A,0.0,0.0,False
A,0.0,0.5969647914908439,True
A,0.0,0.8099452126179557,True
A,0.0,0.8704786228649428,True
A,0.0,0.580367043609974,True
A,0.0,0.22413863557468294,True
A,0.0,0.06559858356043657,False
A,0.0,0.2362296621402784,False
A,0.0,0.0,False
A,0.0,0.8888643749228888,True
A,0.0,0.7654485859360864,True
A,0.0,0.007312717682117387,False
A,0.0,0.28811224568502247,True
A,0.0,0.0,False
A,0.0,0.3448862380157586,True
A,0.0,0.26800981941263724,False
A,0.0,0.2561535327114225,True
A,0.0,0.9691699269495108,True
A,0.0,0.5388409901269166,True
A,0.0,0.5708160813005236,True
A,0.0,0.4053795454263748,False
A,0.0,0.6280051775132077,True
A,0.0,0.7424271080024819,True
A,0.0,0.5437090167721177,True
A,0.0,0.360652721975514,False
A,0.0,0.9516255418506456,True
A,0.0,0.2557582642937589,True
A,0.0,0.7003102428164323,True
A,0.0,0.0,False
A,0.0,0.3877187369986086,False
A,0.0,0.8732274355711492,True
A,0.0,0.0,False
A,0.0,0.9676249870315241,True
A,0.0,0.17642803061461665,True
A,0.0,0.0,False
A,0.0,0.014799937657220652,False
A,0.0,0.44143643162542123,True
A,0.0,0.0825359727493089,False
A,0.0,0.0,False
A,0.0,0.3159580791401623,True
A,0.0,0.4873815820587918,True
A,0.0,0.42472527726722875,True
A,0.0,0.10672702251827204,False
A,0.0,0.0,False
A,0.0,0.11570929329832147,False
A,0.0,0.36035698312998554,False
A,0.0,0.7481604485710527,True
A,0.0,0.0,False
A,0.0,0.04568777007032965,True
A,0.0,0.0,False
A,0.0,0.1413634595538258,False
A,0.0,0.0,False
A,0.0,0.0,False
A,0.0,0.9748854175905532,True
A,0.0,0.9415208062303886,True
A,0.0,0.5065783924556506,True
A,0.0,0.4698115493786469,True
A,0.0,0.8077450017907357,True
A,0.0,0.4242664119885947,True
A,0.0,0.8769365403994884,True
A,0.0,0.9971135134703464,True
A,0.0,0.7795269647389356,True
A,0.0,0.29516945370866954,True
A,0.0,0.8890398313380038,True
A,0.0,0.0,False
A,0.0,0.01522955803758197,False
A,0.0,0.7853718727711776,True
A,0.0,0.21145217736472555,False
A,0.0,0.17482299073552032,False
A,0.0,0.43013249514729834,True
A,0.0,0.0,False
A,0.0,0.7691492443561903,True
A,0.0,0.7925693304646441,True
A,0.0,0.0,False
A,0.0,0.0,False
A,0.0,0.04314583425207241,False
A,0.0,0.8824500753501214,True
A,0.0,0.6393145435787696,True
A,0.0,0.0,False
A,0.0,0.0,False
A,0.0,0.41685311194987684,True
A,0.0,0.4363500066316931,True
A,0.0,0.0,False
A,0.0,0.0,False
A,0.0,0.0,False
A,0.0,0.7501929972587963,True
A,0.0,0.5676802776729036,True
A,0.0,0.0,False
A,0.0,0.0,False
A,0.0,0.327411213943968,True
A,0.0,0.0,False
A,0.0,0.0,False
A,0.0,0.1109087399855575,False
A,0.0,0.0,False
A,0.0,0.7528815187848357,True
A,0.0,0.7833322361802256,True
A,0.0,0.0,False
A,0.0,0.2557423539243464,False
A,0.0,0.3769629042982713,True
A,0.0,0.9949284890979376,True
A,0.0,0.6356847031717933,True
A,0.0,0.0,False
A,0.0,0.39090773444089044,True
A,0.0,0.0,False
A,0.0,0.0,False
A,0.0,0.6846872482136079,True
A,0.0,0.04857827592523145,False
A,0.0,0.6868462879054991,True
A,0.0,0.0,False
A,0.0,0.0,False
A,0.0,0.7950991198011389,True
A,0.0,0.0,False
A,0.0,0.40666103584688496,True
A,0.0,0.8642145844200276,True
A,0.0,0.0,False
A,0.0,0.0,False
A,0.0,0.22424577355843478,False
A,0.0,0.6046475948657102,True
A,0.0,0.5772017290560374,True
A,0.0,0.1837794333944771,True
A,0.0,0.5985019024161323,True
A,0.0,0.6839630216250651,True
A,0.0,0.34092114207560575,True
A,0.0,0.24334825403740024,True
A,0.0,0.09288558720134044,False
A,0.0,0.436359815370306,False
A,0.0,0.0,False
A,0.0,0.982136671659408,True
A,0.0,0.8059657575022292,True
A,0.0,0.0,False
A,0.0,0.5083131966771333,True
A,0.0,0.4708417803844258,True
A,0.0,0.0,False
A,0.0,0.6170596572784691,True
A,0.0,0.4393362063308124,False
A,0.0,0.0,False
A,0.0,0.0,False
A,0.0,0.72275820303881,True
A,0.0,0.47034211943354454,True
A,0.0,0.9861731188562664,True
A,0.0,0.7939155647734532,True
A,0.0,0.07605322376876633,False
A,0.0,0.09022278161048658,False
A,0.0,0.04065404234074044,False
A,0.0,0.37856283480141617,True
A,0.0,0.0,False
A,0.0,0.0,False
A,0.0,0.6165199957474929,True
A,0.0,0.0,False
A,0.0,0.8527525565923589,True
A,0.0,0.23234805582067686,False
A,0.0,0.0,False
A,0.0,0.16535472103174598,False
A,0.0,0.41218604175872164,True
A,0.0,0.0,False
A,0.0,0.96318282958431,True
A,0.0,0.0,False
A,0.0,0.1181656950991421,False
A,0.0,0.050794352088987416,False
A,0.0,0.0,False
A,0.0,0.0,False
A,0.0,0.8399040554514603,True
A,0.0,0.3416318807345602,True
A,0.0,0.0,False
A,0.0,0.757811530992536,True
A,0.0,0.7982461871284325,True
A,0.0,0.0,False
A,0.0,0.030967285152623147,False
A,0.0,0.02953421680847923,False
A,0.0,0.0,False
A,0.0,0.0,False
A,0.0,0.2219372354492798,False
A,0.0,0.5164719905507352,True
A,0.0,0.0,True
A,0.0,0.4863370322322924,True
A,0.0,0.0,False
A,0.0,0.0,False
A,0.0,0.0,False
A,0.0,0.5565001103523982,True
A,0.0,0.0,False
A,0.0,0.0,False
A,0.0,0.011107300811403431,False
A,0.0,0.0,False
A,0.0,0.2165324007917072,False
A,0.0,0.3128042983984676,False
A,0.0,0.3031517268034275,True
A,0.0,0.0607429767034694,False
A,0.0,0.2788813493677379,True
A,0.0,0.0,False
A,0.0,0.828310747801972,True
A,0.0,0.0,False
A,0.0,0.2672625119229517,True
A,0.0,0.6263373750441452,True
A,0.0,0.0,False
A,0.0,0.20800325049447643,False
A,0.0,0.9935575550120123,True
A,0.0,0.9278845294818294,True
A,0.0,0.0,False
A,0.0,0.40079086616779735,True
A,0.0,0.3990624537565033,True
A,0.0,0.4135328579638333,True
A,0.0,0.25227268014469884,False
A,0.0,0.0,False
A,0.0,0.0,False
A,0.0,0.7508147439976317,True
A,0.0,0.781151794115272,True
A,0.0,0.54837275043031,True
A,0.0,0.7591407226701534,True
A,0.0,0.0,False
A,0.0,0.0,True
A,0.0,0.0,False
A,0.0,0.5685658736505947,True
A,0.0,0.8527131298342643,True
A,0.0,0.7688756283047692,True
A,0.0,0.22351341553300508,True
A,0.0,0.0,False
A,0.0,0.37012623768893327,True
A,0.0,0.0,False
A,0.0,0.2367442736688774,True
A,0.0,0.8532449277473779,True
A,0.0,0.0,False
A,0.0,0.3595925058161942,False
A,0.0,0.36189902376688776,False
A,0.0,0.8817125714344277,True
A,0.0,0.0,False
A,0.0,0.12145156220572662,True
A,0.0,0.0,False
A,0.0,0.0,False
A,0.0,0.2731718500395026,True
A,0.0,0.0,False
A,0.0,0.6154215798691612,True
A,0.0,0.13772709359058966,True
A,0.0,0.0,False
A,0.0,0.37813132332581334,True
A,0.0,0.9747011790017719,True
A,0.0,0.46771912029650375,True
A,0.0,0.2434519310098887,False
A,0.0,0.44809251938504235,True
A,0.0,0.5222811401280507,True
A,0.0,0.43974595909152214,True
A,0.0,0.1942278185934201,True
A,0.0,0.0,False
A,0.0,0.9576001129864793,True
A,0.0,0.0,False
A,0.0,0.515503092802047,True
A,0.0,0.0,True
A,0.0,0.15707043183403568,False
A,0.0,0.6265095558309404,True
A,0.0,0.3623006400102272,True
A,0.0,0.0,False
A,0.0,0.0,False
A,0.0,0.9498353582156631,True
A,0.0,0.19950492639758488,False
A,0.0,0.0,False
A,0.0,0.8941457648764839,True
A,0.0,0.3248057520981753,False
A,0.0,0.560306468603468,True
A,0.0,0.803056485601128,True
A,0.0,0.16621043925196677,False
A,0.0,0.7693539324953906,True
A,0.0,0.32077564379866796,False
A,0.0,0.0,False
A,0.0,0.0,False
A,0.0,0.9302505149989484,True
A,0.0,0.22068561450452928,True
A,0.0,0.7717784553216298,True
A,0.0,0.5513668955296347,True
A,0.0,0.22745752863062185,True
A,0.0,0.0,False
A,0.0,0.0,False
A,0.0,0.0,False
A,0.0,0.0,False
A,0.0,0.7606093385481432,True
A,0.0,0.08313747355370305,False
A,0.0,0.45191888160870564,True
A,0.0,0.9314651387937418,True
A,0.0,0.0,False
A,0.0,0.0,False
A,0.0,0.0,False
A,0.0,0.3991641258026004,False
A,0.0,0.3060070282329602,False
A,0.0,0.271141225332187,False
A,0.0,0.4969456987196045,True
A,0.0,0.06884670019139472,False
A,0.0,0.040168321220969916,False
A,0.0,0.0,False
A,0.0,0.06714057639204118,False
A,0.0,0.9606442843790454,True
A,0.0,0.03623410087437162,False
A,0.0,0.09538495980189576,False
A,0.0,0.8353720946392282,True
A,0.0,0.0,False
A,0.0,0.8491674329273765,True
A,0.0,0.2546244512826594,True
A,0.0,0.6430381876033587,True
A,0.0,0.4809946665230592,True
A,0.0,0.0,False
A,0.0,0.0,False
A,0.0,0.2127778683382121,False
A,0.0,0.0,False
A,0.0,0.0,False
A,0.0,0.03491148812464806,False
A,0.0,0.0,False
A,0.0,0.0,False
A,0.0,0.3852731259822523,True
A,0.0,0.03318636890690063,False
A,0.0,0.6677439863767949,True
A,0.0,0.0,False
A,0.0,0.8474752297395308,True
A,0.0,0.0,False
A,0.0,0.37168686385097915,True
A,0.0,0.6624430012731346,True
A,0.0,0.0,False
A,0.0,0.0,False
A,0.0,0.0,False
A,0.0,0.7664458352484722,True
A,0.0,0.0,False
A,0.0,0.0635601094323931,True
A,0.0,0.8561929569339957,True
A,0.0,0.1511189360374331,True
A,0.0,0.0698608492133499,True
A,0.0,0.07779871622287238,False
A,0.0,0.057470820565511005,False
A,0.0,0.7838451238241726,True
A,0.0,0.9972960104346924,True
A,0.0,0.21227232996738055,False
A,0.0,0.0,True
A,0.0,0.3600189402992018,True
A,0.0,0.9084385515600013,True
A,0.0,0.43692627635148196,True
A,0.0,0.1312112650725441,False
A,0.0,0.7059585071555413,True
A,0.0,0.0,False
A,0.0,0.7436034955153666,True
A,0.0,0.8422229927711888,True
A,0.0,0.8843882614180864,True
A,0.0,0.7446386277905003,True
A,0.0,0.0,False
A,0.0,0.4542413925735429,True
A,0.0,0.5220142523020112,True
A,0.0,0.0,False
A,0.0,0.0,True
A,0.0,0.0,False
A,0.0,0.11628702429110749,False
A,0.0,0.24813874823600435,False
A,0.0,0.5401875389450189,True
A,0.0,0.738701536916902,True
A,0.0,0.5230287334823139,True
A,0.0,0.9402868389162482,True
A,0.0,0.5711236930604888,True
A,0.0,0.8782076532913922,True
A,0.0,0.4624088719955435,True
A,0.0,0.2946299387596214,True
A,0.0,0.6801816346580534,True
A,0.0,0.3283975966957101,True
A,0.0,0.0,False
A,0.0,0.5571953522738751,True
A,0.0,0.6250245768336146,True
A,0.0,0.17515764798200495,False
A,0.0,0.052694166910901674,False
A,0.0,0.09884327098746981,False
A,0.0,0.9078988279221801,True
A,0.0,0.8311831463834503,True
A,0.0,0.8774726140539281,True
A,0.0,0.3764722393255301,False
A,0.0,0.0,False
A,0.0,0.5724315573770133,True
A,0.0,0.0,False
A,0.0,0.7246329263954773,True
A,0.0,0.3888007840269686,True
A,0.0,0.0,False
A,0.0,0.0,False
A,0.0,0.9796402955905058,True
A,0.0,0.8906143851341594,True
A,0.0,0.0,False
A,0.0,0.0,False
A,0.0,0.2966413183488865,True
A,0.0,0.0,False
A,0.0,0.0,False
A,0.0,0.6354346204609029,True
A,0.0,0.06327751526561032,False
A,0.0,0.0,False
A,0.0,0.0,False
A,0.0,0.8341360818546757,True
A,0.0,0.0,False
A,0.0,0.46368884468239113,True
A,0.0,0.9861962331902299,True
A,0.0,0.0,False
A,0.0,0.5237864546038213,True
A,0.0,0.5221414110081801,True
A,0.0,0.5672691826950079,True
A,0.0,0.38372935444981515,False
A,0.0,0.2811684452131733,True
A,0.0,0.5290949272708423,True
A,0.0,0.05709122907476494,False
A,0.0,0.0,False
A,0.0,0.8093480912122899,True
A,0.0,0.8593973402216893,True
A,0.0,0.0,False
A,0.0,0.0,False
A,0.0,0.0,False
A,0.0,0.6429345176991529,True
A,0.0,0.0,False
A,0.0,0.0,False
A,0.0,0.2191448976166731,True
A,0.0,0.6286284419362176,True
A,0.0,0.12173156011630848,False
A,0.0,0.4227871285848287,True
A,0.0,0.97611457555343,True
A,0.0,0.0,False
A,0.0,0.7062285707228009,True
A,0.0,0.7944520418710401,True
A,0.0,0.9763534597652219,True
A,0.0,0.5373994199743598,True
A,0.0,0.0,False
A,0.0,0.6554581189194483,True
A,0.0,0.4899135731936518,True
A,0.0,0.5636049912846052,True
A,0.0,0.20260696599470962,True
A,0.0,0.13056273613766145,True
A,0.0,0.7566486188208974,True
A,0.0,0.7846575070164252,True
A,0.0,0.2919943370062458,True
A,0.0,0.542786379045893,True
A,0.0,0.0,False
A,0.0,0.15020720812469046,False
A,0.0,0.0,False
A,0.0,0.7748315507148418,True
A,0.0,0.0,False
A,0.0,0.63028504199585,True
A,0.0,0.9634599498587979,True
A,0.0,0.7445323447316395,True
A,0.0,0.18319108856813948,False
A,0.0,0.24291044160673425,False
A,0.0,0.881090977277478,True
A,0.0,0.350084976574359,False
A,0.0,0.3654057828522257,True
A,0.0,0.6994374350433495,True
A,0.0,0.5710962128276865,True
A,0.0,0.7743677200465746,True
A,0.0,0.4144182602774533,True
A,0.0,0.0,False
A,0.0,0.055040160262390336,False
A,0.0,0.6153889383016701,True
A,0.0,0.9839775187943846,True
A,0.0,0.2586727068816741,True
A,0.0,0.01931974966201111,False
A,0.0,0.8291090758359085,True
A,0.0,0.9020216806972198,True
A,0.0,0.3762142573946784,True
A,0.0,0.4875282378859911,True
A,0.0,0.10249130634113124,False
A,0.0,0.716651846855505,True
A,0.0,0.0,False
A,0.0,0.0,False
A,0.0,0.7379188220515808,True
A,0.0,0.0,False
A,0.0,0.12588959091779528,False
A,0.0,0.5514150875866445,True
A,0.0,0.0,False
A,0.0,0.6669995573283449,True
A,0.0,0.4014409820543685,False
A,0.0,0.27016927173559935,True
A,0.0,0.0,False
A,0.0,0.4130538233562502,True
A,0.0,0.0,False
A,0.0,0.0,False
A,0.0,0.7319348382222622,True
A,0.0,0.9857016033009545,True
A,0.0,0.19647540623878312,False
A,0.0,0.19637500161710908,False
A,0.0,0.34881814975135206,True
A,0.0,0.0,False
A,0.0,0.2922629518676114,True
A,0.0,0.12012766558762089,False
A,0.0,0.0,True
A,0.0,0.9601838280131952,True
A,0.0,0.0,False
A,0.0,0.0,True
A,0.0,0.49811475011145134,True
A,0.0,0.0,False
A,0.0,0.1996664170108109,False
A,0.0,0.0,False
A,0.0,0.15101401833628048,False
A,0.0,0.007737831166067077,True
A,0.0,0.2617630114773103,False
A,0.0,0.366004263138887,True
A,0.0,0.2845386917906385,True
A,0.0,0.8271426599315925,True
A,0.0,0.03501582654780033,False
A,0.0,0.02361311456030679,False
A,0.0,0.0,False
A,0.0,0.7348457977475449,True
A,0.0,0.0,False
A,0.0,0.04094056702485027,False
A,0.0,0.3670988444121459,True
A,0.0,0.0,False
A,0.0,0.5989842405748503,True
A,0.0,0.3795280211268389,True
A,0.0,0.3669053601022315,True
A,0.0,0.7329287816963693,True
A,0.0,0.37373508098734975,True
A,0.0,0.033368513443150505,True
A,0.0,0.7299166411738466,True
A,0.0,0.6203134426162425,True
A,0.0,0.29635586772300127,False
A,0.0,0.0,False
A,0.0,0.0,False
A,0.0,0.18821661970305237,False
A,0.0,0.20618366620135808,False
A,0.0,0.7127536333933016,True
A,0.0,0.7416024886633192,True
A,0.0,0.7880247061175553,True
A,0.0,0.9595320674410683,True
A,0.0,0.8597298960211317,True
A,0.0,0.31711959454269434,True
A,0.0,0.0,False
A,0.0,0.08766045839838266,True
A,0.0,0.5594331221452232,True
A,0.0,0.0,False
A,0.0,0.5295228738953976,True
A,0.0,0.0,False
A,0.0,0.0,False
A,0.0,0.5714532980564526,True
A,0.0,0.4124488861943696,True
A,0.0,0.9165962344234594,True
A,0.0,0.2740018632934177,True
A,0.0,0.0,False
A,0.0,0.0,False
A,0.0,0.5907537257003852,True
A,0.0,0.6622715539611231,True
A,0.0,0.7494139740245637,True
A,0.0,0.8242738925347316,True
A,0.0,0.05494082493486918,False
A,0.0,0.0,False
A,0.0,0.9651887909450777,True
A,0.0,0.0,False
A,0.0,0.0,False
A,0.0,0.18505000897948964,False
A,0.0,0.3261605867895414,True
A,0.0,0.3870822176571833,True
A,0.0,0.1804609934357403,False
A,0.0,0.21213571062373715,False
A,0.0,0.6738635238066151,True
A,0.0,0.09962962469234882,True
A,0.0,0.0,False
A,0.0,0.0,False
A,0.0,0.06986283268754712,False
A,0.0,0.0,False
A,0.0,0.10539697520100155,False
A,0.0,0.0,False
A,0.0,0.297069452857034,False
A,0.0,0.0,False
A,0.0,0.7841927982661011,True
A,0.0,0.17323440982813154,False
A,0.0,0.0,False
A,0.0,0.0,False
A,0.0,0.6452134642964544,True
A,0.0,0.09132053126396966,True
A,0.0,0.0,False
A,0.0,0.0,False
A,0.0,0.0,False
A,0.0,0.16759293226269967,True
A,0.0,0.04211020482994288,False
A,0.0,0.0,False
A,0.0,0.18482312994098704,True
A,0.0,0.8742313232185897,True
A,0.0,0.43381529152382126,True
A,0.0,0.8007953192436963,True
A,0.0,0.022059151356833673,False
A,0.0,0.0,False
A,0.0,0.6361679899432444,True
A,0.0,0.0,False
A,0.0,0.763734024910081,True
A,0.0,0.32410925166257676,True
A,0.0,0.06747027798701233,False
A,0.0,0.1259529882406485,False
A,0.0,0.5454632786087397,True
A,0.0,0.05127516813849908,False
A,0.0,0.23255070920537835,True
A,0.0,0.17379182753332412,True
A,0.0,0.3758472478875512,True
A,0.0,0.0,True
A,0.0,0.9177116229801188,True
A,0.0,0.457249624593267,True
A,0.0,0.0,False
A,0.0,0.5213559586546009,True
A,0.0,0.65695420151688,True
A,0.0,0.0,False
A,0.0,0.5415327799303805,True
A,0.0,0.7121119322918992,True
A,0.0,0.9531052644630688,True
A,0.0,0.8486587553830462,True
A,0.0,0.0,False
A,0.0,0.8857373568509661,True
A,0.0,0.5736913360465714,True
A,0.0,0.8533038140712704,True
A,0.0,0.5906034027810029,True
A,0.0,0.1420477058674684,False
A,0.0,0.5570502724431171,True
A,0.0,0.0,False
A,0.0,0.5969647914908439,True
A,0.0,0.8099452126179557,True
A,0.0,0.8704786228649428,True
A,0.0,0.580367043609974,True
A,0.0,0.22413863557468294,True
A,0.0,0.06559858356043657,False
A,0.0,0.2362296621402784,False
A,0.0,0.0,False
A,0.0,0.8888643749228888,True
A,0.0,0.7654485859360864,True
A,0.0,0.007312717682117387,False
A,0.0,0.28811224568502247,True
A,0.0,0.0,False
A,0.0,0.3448862380157586,True
A,0.0,0.26800981941263724,False
A,0.0,0.2561535327114225,True
A,0.0,0.9691699269495108,True
A,0.0,0.5388409901269166,True
A,0.0,0.5708160813005236,True
A,0.0,0.4053795454263748,False
A,0.0,0.6280051775132077,True
A,0.0,0.7424271080024819,True
A,0.0,0.5437090167721177,True
A,0.0,0.360652721975514,True
A,0.0,0.9516255418506456,True
A,0.0,0.2557582642937589,True
A,0.0,0.7003102428164323,True
A,0.0,0.0,False
A,0.0,0.3877187369986086,False
A,0.0,0.8732274355711492,True
A,0.0,0.0,False
A,0.0,0.9676249870315241,True
A,0.0,0.17642803061461665,True
A,0.0,0.0,False
A,0.0,0.014799937657220652,False
A,0.0,0.44143643162542123,True
A,0.0,0.0825359727493089,False
A,0.0,0.0,False
A,0.0,0.3159580791401623,True
A,0.0,0.4873815820587918,True
A,0.0,0.42472527726722875,True
A,0.0,0.10672702251827204,False
A,0.0,0.0,False
A,0.0,0.11570929329832147,False
A,0.0,0.36035698312998554,False
A,0.0,0.7481604485710527,True
A,0.0,0.0,False
A,0.0,0.04568777007032965,True
A,0.0,0.0,False
A,0.0,0.1413634595538258,False
A,0.0,0.0,False
A,0.0,0.0,False
A,0.0,0.9748854175905532,True
A,0.0,0.9415208062303886,True
A,0.0,0.5065783924556506,True
A,0.0,0.4698115493786469,True
A,0.0,0.8077450017907357,True
A,0.0,0.4242664119885947,True
A,0.0,0.8769365403994884,True
A,0.0,0.9971135134703464,True
A,0.0,0.7795269647389356,True
A,0.0,0.29516945370866954,True
A,0.0,0.8890398313380038,True
A,0.0,0.0,False
A,0.0,0.01522955803758197,False
A,0.0,0.7853718727711776,True
A,0.0,0.21145217736472555,True
A,0.0,0.17482299073552032,False
A,0.0,0.43013249514729834,True
A,0.0,0.0,False
A,0.0,0.7691492443561903,True
A,0.0,0.7925693304646441,True
A,0.0,0.0,False
A,0.0,0.0,False
A,0.0,0.04314583425207241,False
A,0.0,0.8824500753501214,True
A,0.0,0.6393145435787696,True
A,0.0,0.0,False
A,0.0,0.0,False
A,0.0,0.41685311194987684,True
A,0.0,0.4363500066316931,True
A,0.0,0.0,False
A,0.0,0.0,False
A,0.0,0.0,False
A,0.0,0.7501929972587963,True
A,0.0,0.5676802776729036,True
A,0.0,0.0,False
A,0.0,0.0,False
A,0.0,0.327411213943968,True
A,0.0,0.0,False
A,0.0,0.0,False
A,0.0,0.1109087399855575,False
A,0.0,0.0,False
A,0.0,0.7528815187848357,True
A,0.0,0.7833322361802256,True
A,0.0,0.0,False
A,0.0,0.2557423539243464,False
A,0.0,0.3769629042982713,True
A,0.0,0.9949284890979376,True
A,0.0,0.6356847031717933,True
A,0.0,0.0,False
A,0.0,0.39090773444089044,True
A,0.0,0.0,False
A,0.0,0.0,False
A,0.0,0.6846872482136079,True
A,0.0,0.04857827592523145,False
A,0.0,0.6868462879054991,True
A,0.0,0.0,False
A,0.0,0.0,False
A,0.0,0.7950991198011389,True
A,0.0,0.0,False
A,0.0,0.40666103584688496,True
A,0.0,0.8642145844200276,True
A,0.0,0.0,False
A,0.0,0.0,False
A,0.0,0.22424577355843478,False
A,0.0,0.6046475948657102,True
A,0.0,0.5772017290560374,True
A,0.0,0.1837794333944771,True
A,0.0,0.5985019024161323,True
A,0.0,0.6839630216250651,True
A,0.0,0.34092114207560575,True
A,0.0,0.24334825403740024,True
A,0.0,0.09288558720134044,False
A,0.0,0.436359815370306,True
A,0.0,0.0,False
A,0.0,0.982136671659408,True
A,0.0,0.8059657575022292,True
A,0.0,0.0,False
A,0.0,0.5083131966771333,True
A,0.0,0.4708417803844258,True
A,0.0,0.0,False
A,0.0,0.6170596572784691,True
A,0.0,0.4393362063308124,False
A,0.0,0.0,False
A,0.0,0.0,False
A,0.0,0.72275820303881,True
A,0.0,0.47034211943354454,True
A,0.0,0.9861731188562664,True
A,0.0,0.7939155647734532,True
A,0.0,0.07605322376876633,False
A,0.0,0.09022278161048658,False
A,0.0,0.04065404234074044,False
A,0.0,0.37856283480141617,True
A,0.0,0.0,False
A,0.0,0.0,False
A,0.0,0.6165199957474929,True
A,0.0,0.0,False
A,0.0,0.8527525565923589,True
A,0.0,0.23234805582067686,False
A,0.0,0.0,False
A,0.0,0.16535472103174598,False
A,0.0,0.41218604175872164,False
A,0.0,0.0,False
A,0.0,0.96318282958431,True
A,0.0,0.0,False
A,0.0,0.1181656950991421,True
A,0.0,0.050794352088987416,False
A,0.0,0.0,False
A,0.0,0.0,False
A,0.0,0.8399040554514603,True
A,0.0,0.3416318807345602,True
A,0.0,0.0,False
A,0.0,0.757811530992536,True
A,0.0,0.7982461871284325,True
A,0.0,0.0,False
A,0.0,0.030967285152623147,False
A,0.0,0.02953421680847923,False
A,0.0,0.0,False
A,0.0,0.0,False
A,0.0,0.2219372354492798,False
A,0.0,0.5164719905507352,True
A,0.0,0.0,True
A,0.0,0.4863370322322924,True
A,0.0,0.0,False
A,0.0,0.0,False
A,0.0,0.0,False
A,0.0,0.5565001103523982,True
A,0.0,0.0,False
A,0.0,0.0,False
A,0.0,0.011107300811403431,False
A,0.0,0.0,False
A,0.0,0.2165324007917072,False
A,0.0,0.3128042983984676,False
A,0.0,0.3031517268034275,True
A,0.0,0.0607429767034694,True
A,0.0,0.2788813493677379,True
A,0.0,0.0,False
A,0.0,0.828310747801972,True
A,0.0,0.0,False
A,0.0,0.2672625119229517,True
A,0.0,0.6263373750441452,True
A,0.0,0.0,False
A,0.0,0.20800325049447643,False
A,0.0,0.9935575550120123,True
A,0.0,0.9278845294818294,True
A,0.0,0.0,False
A,0.0,0.40079086616779735,True
A,0.0,0.3990624537565033,True
A,0.0,0.4135328579638333,True
A,0.0,0.25227268014469884,False
A,0.0,0.0,False
A,0.0,0.0,False
A,0.0,0.7508147439976317,True
A,0.0,0.781151794115272,True
A,0.0,0.54837275043031,True
A,0.0,0.7591407226701534,True
A,0.0,0.0,False
A,0.0,0.0,True
A,0.0,0.0,False
A,0.0,0.5685658736505947,True
A,0.0,0.8527131298342643,True
A,0.0,0.7688756283047692,True
A,0.0,0.22351341553300508,False
A,0.0,0.0,False
A,0.0,0.37012623768893327,True
A,0.0,0.0,False
A,0.0,0.2367442736688774,True
A,0.0,0.8532449277473779,True
A,0.0,0.0,False
A,0.0,0.3595925058161942,False
A,0.0,0.36189902376688776,True
A,0.0,0.8817125714344277,True
A,0.0,0.0,False
A,0.0,0.12145156220572662,True
A,0.0,0.0,False
A,0.0,0.0,False
A,0.0,0.2731718500395026,True
A,0.0,0.0,False
A,0.0,0.6154215798691612,True
A,0.0,0.13772709359058966,True
A,0.0,0.0,False
A,0.0,0.37813132332581334,True
A,0.0,0.9747011790017719,True
A,0.0,0.46771912029650375,True
A,0.0,0.2434519310098887,False
A,0.0,0.44809251938504235,True
A,0.0,0.5222811401280507,True
A,0.0,0.43974595909152214,True
A,0.0,0.1942278185934201,True
A,0.0,0.0,False
A,0.0,0.9576001129864793,True
A,0.0,0.0,False
A,0.0,0.515503092802047,True
A,0.0,0.0,False
A,0.0,0.15707043183403568,False
A,0.0,0.6265095558309404,True
A,0.0,0.3623006400102272,True
A,0.0,0.0,False
A,0.0,0.0,False
A,0.0,0.9498353582156631,True
A,0.0,0.19950492639758488,False
A,0.0,0.0,False
A,0.0,0.8941457648764839,True
A,0.0,0.3248057520981753,False
A,0.0,0.560306468603468,True
A,0.0,0.803056485601128,True
A,0.0,0.16621043925196677,True
A,0.0,0.7693539324953906,True
A,0.0,0.32077564379866796,False
A,0.0,0.0,False
A,0.0,0.0,False
A,0.0,0.9302505149989484,True
A,0.0,0.22068561450452928,True
A,0.0,0.7717784553216298,True
A,0.0,0.5513668955296347,True
A,0.0,0.22745752863062185,True
A,0.0,0.0,False
A,0.0,0.0,False
A,0.0,0.0,False
A,0.0,0.0,False
A,0.0,0.7606093385481432,True
A,0.0,0.08313747355370305,False
A,0.0,0.45191888160870564,True
A,0.0,0.9314651387937418,True
A,0.0,0.0,False
A,0.0,0.0,False
A,0.0,0.0,False
A,0.0,0.3991641258026004,False
A,0.0,0.3060070282329602,True
A,0.0,0.271141225332187,False
A,0.0,0.4969456987196045,True
A,0.0,0.06884670019139472,False
A,0.0,0.040168321220969916,False
A,0.0,0.0,False
A,0.0,0.06714057639204118,False
A,0.0,0.9606442843790454,True
A,0.0,0.03623410087437162,False
A,0.0,0.09538495980189576,False
A,0.0,0.8353720946392282,True
A,0.0,0.0,False
A,0.0,0.8491674329273765,True
A,0.0,0.2546244512826594,True
A,0.0,0.6430381876033587,True
A,0.0,0.4809946665230592,True
A,0.0,0.0,False
A,0.0,0.0,False
A,0.0,0.2127778683382121,False
A,0.0,0.0,False
A,0.0,0.0,False
A,0.0,0.03491148812464806,False
A,0.0,0.0,False
A,0.0,0.0,False
A,0.0,0.3852731259822523,True
A,0.0,0.03318636890690063,False
A,0.0,0.6677439863767949,True
A,0.0,0.0,False
A,0.0,0.8474752297395308,True
A,0.0,0.0,False
A,0.0,0.37168686385097915,True
A,0.0,0.6624430012731346,True
A,0.0,0.0,False
A,0.0,0.0,False
A,0.0,0.0,False
A,0.0,0.7664458352484722,True
A,0.0,0.0,False
A,0.0,0.0635601094323931,False
A,0.0,0.8561929569339957,True
A,0.0,0.1511189360374331,False
A,0.0,0.0698608492133499,False
A,0.0,0.07779871622287238,False
A,0.0,0.057470820565511005,False
A,0.0,0.7838451238241726,True
A,0.0,0.9972960104346924,True
A,0.0,0.21227232996738055,False
A,0.0,0.0,False
A,0.0,0.3600189402992018,True
A,0.0,0.9084385515600013,True
A,0.0,0.43692627635148196,True
A,0.0,0.1312112650725441,False
A,0.0,0.7059585071555413,True
A,0.0,0.0,False
A,0.0,0.7436034955153666,True
A,0.0,0.8422229927711888,True
A,0.0,0.8843882614180864,True
A,0.0,0.7446386277905003,True
A,0.0,0.0,False
A,0.0,0.4542413925735429,True
A,0.0,0.5220142523020112,True
A,0.0,0.0,False
A,0.0,0.0,False
A,0.0,0.0,False
A,0.0,0.11628702429110749,False
A,0.0,0.24813874823600435,False
A,0.0,0.5401875389450189,True
A,0.0,0.738701536916902,True
A,0.0,0.5230287334823139,True
A,0.0,0.9402868389162482,True
A,0.0,0.5711236930604888,True
A,0.0,0.8782076532913922,True
A,0.0,0.4624088719955435,True
A,0.0,0.2946299387596214,True
A,0.0,0.6801816346580534,True
A,0.0,0.3283975966957101,True
A,0.0,0.0,False
A,0.0,0.5571953522738751,True
A,0.0,0.6250245768336146,True
A,0.0,0.17515764798200495,False
A,0.0,0.052694166910901674,False
A,0.0,0.09884327098746981,False
A,0.0,0.9078988279221801,True
A,0.0,0.8311831463834503,True
A,0.0,0.8774726140539281,True
A,0.0,0.3764722393255301,False
A,0.0,0.0,False
A,0.0,0.5724315573770133,True
A,0.0,0.0,False
A,0.0,0.7246329263954773,True
A,0.0,0.3888007840269686,True
A,0.0,0.0,False
A,0.0,0.0,False
A,0.0,0.9796402955905058,True
A,0.0,0.8906143851341594,True
A,0.0,0.0,False
A,0.0,0.0,False
A,0.0,0.2966413183488865,True
A,0.0,0.0,False
A,0.0,0.0,False
A,0.0,0.6354346204609029,True
A,0.0,0.06327751526561032,False
A,0.0,0.0,False
A,0.0,0.0,False
A,0.0,0.8341360818546757,True
A,0.0,0.0,False
A,0.0,0.46368884468239113,True
A,0.0,0.9861962331902299,True
A,0.0,0.0,False
A,0.0,0.5237864546038213,True
A,0.0,0.5221414110081801,True
A,0.0,0.5672691826950079,True
A,0.0,0.38372935444981515,True
A,0.0,0.2811684452131733,True
A,0.0,0.5290949272708423,True
A,0.0,0.05709122907476494,False
A,0.0,0.0,False
A,0.0,0.8093480912122899,True
A,0.0,0.8593973402216893,True
A,0.0,0.0,False
A,0.0,0.0,False
A,0.0,0.0,False
A,0.0,0.6429345176991529,True
A,0.0,0.0,False
A,0.0,0.0,False
A,0.0,0.2191448976166731,True
A,0.0,0.6286284419362176,True
A,0.0,0.12173156011630848,False
A,0.0,0.4227871285848287,True
A,0.0,0.97611457555343,True
A,0.0,0.0,False
A,0.0,0.7062285707228009,True
A,0.0,0.7944520418710401,True
A,0.0,0.9763534597652219,True
A,0.0,0.5373994199743598,True
A,0.0,0.0,False
A,0.0,0.6554581189194483,True
A,0.0,0.4899135731936518,True
A,0.0,0.5636049912846052,True
A,0.0,0.20260696599470962,True
A,0.0,0.13056273613766145,True
A,0.0,0.7566486188208974,True
A,0.0,0.7846575070164252,True
A,0.0,0.2919943370062458,True
A,0.0,0.542786379045893,True
A,0.0,0.0,False
A,0.0,0.15020720812469046,False
A,0.0,0.0,False
A,0.0,0.7748315507148418,True
A,0.0,0.0,False
A,0.0,0.63028504199585,True
A,0.0,0.9634599498587979,True
A,0.0,0.7445323447316395,True
A,0.0,0.18319108856813948,False
A,0.0,0.24291044160673425,True
A,0.0,0.881090977277478,True
A,0.0,0.350084976574359,False
A,0.0,0.3654057828522257,True
A,0.0,0.6994374350433495,True
A,0.0,0.5710962128276865,True
A,0.0,0.7743677200465746,True
A,0.0,0.4144182602774533,True
A,0.0,0.0,False
A,0.0,0.055040160262390336,False
A,0.0,0.6153889383016701,True
A,0.0,0.9839775187943846,True
A,0.0,0.2586727068816741,True
A,0.0,0.01931974966201111,False
A,0.0,0.8291090758359085,True
A,0.0,0.9020216806972198,True
A,0.0,0.3762142573946784,True
A,0.0,0.4875282378859911,True
A,0.0,0.10249130634113124,False
A,0.0,0.716651846855505,True
A,0.0,0.0,False
A,0.0,0.0,False
A,0.0,0.7379188220515808,True
A,0.0,0.0,False
A,0.0,0.12588959091779528,True
A,0.0,0.5514150875866445,True
A,0.0,0.0,False
A,0.0,0.6669995573283449,True
A,0.0,0.4014409820543685,False
A,0.0,0.27016927173559935,True
A,0.0,0.0,False
A,0.0,0.4130538233562502,True
A,0.0,0.0,False
A,0.0,0.0,False
A,0.0,0.7319348382222622,True
A,0.0,0.9857016033009545,True
A,0.0,0.19647540623878312,False
A,0.0,0.19637500161710908,False
A,0.0,0.34881814975135206,True
A,0.0,0.0,False
A,0.0,0.2922629518676114,True
A,0.0,0.12012766558762089,False
A,0.0,0.0,True
A,0.0,0.9601838280131952,True
A,0.0,0.0,False
A,0.0,0.0,False
A,0.0,0.49811475011145134,True
A,0.0,0.0,False
A,0.0,0.1996664170108109,False
A,0.0,0.0,False
A,0.0,0.15101401833628048,False
A,0.0,0.007737831166067077,True
A,0.0,0.2617630114773103,False
A,0.0,0.366004263138887,False
A,0.0,0.2845386917906385,True
A,0.0,0.8271426599315925,True
A,0.0,0.03501582654780033,False
A,0.0,0.02361311456030679,False
A,0.0,0.0,False
A,0.0,0.7348457977475449,True
A,0.0,0.0,False
A,0.0,0.04094056702485027,False
A,0.0,0.3670988444121459,True
A,0.0,0.0,False
A,0.0,0.5989842405748503,True
A,0.0,0.3795280211268389,True
A,0.0,0.3669053601022315,True
A,0.0,0.7329287816963693,True
A,0.0,0.37373508098734975,True
A,0.0,0.033368513443150505,True
A,0.0,0.7299166411738466,True
A,0.0,0.6203134426162425,True
A,0.0,0.29635586772300127,True
A,0.0,0.0,False
A,0.0,0.0,False
A,0.0,0.18821661970305237,False
A,0.0,0.20618366620135808,False
A,0.0,0.7127536333933016,True
A,0.0,0.7416024886633192,True
A,0.0,0.7880247061175553,True
A,0.0,0.9595320674410683,True
A,0.0,0.8597298960211317,True
A,0.0,0.31711959454269434,True
A,0.0,0.0,False
A,0.0,0.08766045839838266,False
A,0.0,0.5594331221452232,True
A,0.0,0.0,False
A,0.0,0.5295228738953976,True
A,0.0,0.0,False
A,0.0,0.0,False
A,0.0,0.5714532980564526,True
A,0.0,0.4124488861943696,True
A,0.0,0.9165962344234594,True
A,0.0,0.2740018632934177,True
A,0.0,0.0,False
A,0.0,0.0,False
A,0.0,0.5907537257003852,True
A,0.0,0.6622715539611231,True
A,0.0,0.7494139740245637,True
A,0.0,0.8242738925347316,True
A,0.0,0.05494082493486918,False
A,0.0,0.0,False
A,0.0,0.9651887909450777,True
A,0.0,0.0,False
A,0.0,0.0,False
A,0.0,0.18505000897948964,False
A,0.0,0.3261605867895414,False
A,0.0,0.3870822176571833,True
A,0.0,0.1804609934357403,False
A,0.0,0.21213571062373715,False
A,0.0,0.6738635238066151,True
A,0.0,0.09962962469234882,True
A,0.0,0.0,False
A,0.0,0.0,False
A,0.0,0.06986283268754712,False
A,0.0,0.0,False
A,0.0,0.10539697520100155,False
A,0.0,0.0,False
A,0.0,0.297069452857034,False
A,0.0,0.0,False
A,0.0,0.7841927982661011,True
A,0.0,0.17323440982813154,False
A,0.0,0.0,False
A,0.0,0.0,False
A,0.0,0.6452134642964544,True
A,0.0,0.09132053126396966,True
A,0.0,0.0,False
A,0.0,0.0,False
A,0.0,0.0,False
A,0.0,0.16759293226269967,True
A,0.0,0.04211020482994288,False
A,0.0,0.0,False
A,0.0,0.18482312994098704,True
A,0.0,0.8742313232185897,True
A,0.0,0.43381529152382126,True
A,0.0,0.8007953192436963,True
A,0.0,0.022059151356833673,False
A,0.0,0.0,True
A,0.0,0.6361679899432444,True
A,0.0,0.0,False
A,0.0,0.763734024910081,True
A,0.0,0.32410925166257676,True
A,0.0,0.06747027798701233,False
A,0.0,0.1259529882406485,False
A,0.0,0.5454632786087397,True
A,0.0,0.05127516813849908,False
A,0.0,0.23255070920537835,True
A,0.0,0.17379182753332412,True
A,0.0,0.3758472478875512,True
A,0.0,0.0,False
A,0.0,0.9177116229801188,True
A,0.0,0.457249624593267,True
A,0.0,0.0,False
A,0.0,0.5213559586546009,True
A,0.0,0.65695420151688,True
A,0.0,0.0,False
A,0.0,0.5415327799303805,True
A,0.0,0.7121119322918992,True
A,0.0,0.9531052644630688,True
A,0.0,0.8486587553830462,True
A,0.0,0.0,False
A,0.0,0.8857373568509661,True
A,0.0,0.5736913360465714,True
A,0.0,0.8533038140712704,True
A,0.0,0.5906034027810029,True
A,0.0,0.1420477058674684,False
A,0.0,0.5570502724431171,True
A,0.0,0.0,False
A,0.0,0.5969647914908439,True
A,0.0,0.8099452126179557,True
A,0.0,0.8704786228649428,True
A,0.0,0.580367043609974,True
A,0.0,0.22413863557468294,True
A,0.0,0.06559858356043657,False
A,0.0,0.2362296621402784,False
A,0.0,0.0,False
A,0.0,0.8888643749228888,True
A,0.0,0.7654485859360864,True
A,0.0,0.007312717682117387,False
A,0.0,0.28811224568502247,True
A,0.0,0.0,False
A,0.0,0.3448862380157586,False
A,0.0,0.26800981941263724,False
A,0.0,0.2561535327114225,False
A,0.0,0.9691699269495108,True
A,0.0,0.5388409901269166,True
A,0.0,0.5708160813005236,True
A,0.0,0.4053795454263748,True
A,0.0,0.6280051775132077,True
A,0.0,0.7424271080024819,True
A,0.0,0.5437090167721177,True
A,0.0,0.360652721975514,False
A,0.0,0.9516255418506456,True
A,0.0,0.2557582642937589,True
A,0.0,0.7003102428164323,True
A,0.0,0.0,False
A,0.0,0.3877187369986086,False
A,0.0,0.8732274355711492,True
A,0.0,0.0,False
A,0.0,0.9676249870315241,True
A,0.0,0.17642803061461665,True
A,0.0,0.0,False
A,0.0,0.014799937657220652,False
A,0.0,0.44143643162542123,True
A,0.0,0.0825359727493089,False
A,0.0,0.0,False
A,0.0,0.3159580791401623,True
A,0.0,0.4873815820587918,True
A,0.0,0.42472527726722875,True
A,0.0,0.10672702251827204,False
A,0.0,0.0,False
A,0.0,0.11570929329832147,False
A,0.0,0.36035698312998554,True
A,0.0,0.7481604485710527,True
A,0.0,0.0,False
A,0.0,0.04568777007032965,True
A,0.0,0.0,False
A,0.0,0.1413634595538258,False
A,0.0,0.0,False
A,0.0,0.0,False
A,0.0,0.9748854175905532,True
A,0.0,0.9415208062303886,True
A,0.0,0.5065783924556506,True
A,0.0,0.4698115493786469,True
A,0.0,0.8077450017907357,True
A,0.0,0.4242664119885947,True
A,0.0,0.8769365403994884,True
A,0.0,0.9971135134703464,True
A,0.0,0.7795269647389356,True
A,0.0,0.29516945370866954,True
A,0.0,0.8890398313380038,True
A,0.0,0.0,False
A,0.0,0.01522955803758197,False
A,0.0,0.7853718727711776,True
A,0.0,0.21145217736472555,True
A,0.0,0.17482299073552032,False
A,0.0,0.43013249514729834,True
A,0.0,0.0,False
A,0.0,0.7691492443561903,True
A,0.0,0.7925693304646441,True
A,0.0,0.0,False
A,0.0,0.0,False
A,0.0,0.04314583425207241,False
A,0.0,0.8824500753501214,True
A,0.0,0.6393145435787696,True
A,0.0,0.0,False
A,0.0,0.0,False
A,0.0,0.41685311194987684,True
A,0.0,0.4363500066316931,True
A,0.0,0.0,False
A,0.0,0.0,False
A,0.0,0.0,False
A,0.0,0.7501929972587963,True
A,0.0,0.5676802776729036,True
A,0.0,0.0,False
A,0.0,0.0,False
A,0.0,0.327411213943968,True
A,0.0,0.0,False
A,0.0,0.0,False
A,0.0,0.1109087399855575,False
A,0.0,0.0,False
A,0.0,0.7528815187848357,True
A,0.0,0.7833322361802256,True
A,0.0,0.0,False
A,0.0,0.2557423539243464,False
A,0.0,0.3769629042982713,True
A,0.0,0.9949284890979376,True
A,0.0,0.6356847031717933,True
A,0.0,0.0,False
A,0.0,0.39090773444089044,True
A,0.0,0.0,False
A,0.0,0.0,False
A,0.0,0.6846872482136079,True
A,0.0,0.04857827592523145,False
A,0.0,0.6868462879054991,True
A,0.0,0.0,False
A,0.0,0.0,False
A,0.0,0.7950991198011389,True
A,0.0,0.0,False
A,0.0,0.40666103584688496,True
A,0.0,0.8642145844200276,True
A,0.0,0.0,False
A,0.0,0.0,False
A,0.0,0.22424577355843478,False
A,0.0,0.6046475948657102,True
A,0.0,0.5772017290560374,True
A,0.0,0.1837794333944771,True
A,0.0,0.5985019024161323,True
A,0.0,0.6839630216250651,True
A,0.0,0.34092114207560575,False
A,0.0,0.24334825403740024,True
A,0.0,0.09288558720134044,False
A,0.0,0.436359815370306,False
A,0.0,0.0,False
A,0.0,0.982136671659408,True
A,0.0,0.8059657575022292,True
A,0.0,0.0,False
A,0.0,0.5083131966771333,True
A,0.0,0.4708417803844258,True
A,0.0,0.0,False
A,0.0,0.6170596572784691,True
A,0.0,0.4393362063308124,False
A,0.0,0.0,False
A,0.0,0.0,False
A,0.0,0.72275820303881,True
A,0.0,0.47034211943354454,True
A,0.0,0.9861731188562664,True
A,0.0,0.7939155647734532,True
A,0.0,0.07605322376876633,False
A,0.0,0.09022278161048658,False
A,0.0,0.04065404234074044,False
A,0.0,0.37856283480141617,True
A,0.0,0.0,False
A,0.0,0.0,False
A,0.0,0.6165199957474929,True
A,0.0,0.0,False
A,0.0,0.8527525565923589,True
A,0.0,0.23234805582067686,False
A,0.0,0.0,False
A,0.0,0.16535472103174598,True
A,0.0,0.41218604175872164,True
A,0.0,0.0,False
A,0.0,0.96318282958431,True
A,0.0,0.0,True
A,0.0,0.1181656950991421,True
A,0.0,0.050794352088987416,False
A,0.0,0.0,False
A,0.0,0.0,False
A,0.0,0.8399040554514603,True
A,0.0,0.3416318807345602,True
A,0.0,0.0,False
A,0.0,0.757811530992536,True
A,0.0,0.7982461871284325,True
A,0.0,0.0,False
A,0.0,0.030967285152623147,False
A,0.0,0.02953421680847923,False
A,0.0,0.0,False
A,0.0,0.0,False
A,0.0,0.2219372354492798,False
A,0.0,0.5164719905507352,True
A,0.0,0.0,True
A,0.0,0.4863370322322924,True
A,0.0,0.0,False
A,0.0,0.0,False
A,0.0,0.0,False
A,0.0,0.5565001103523982,True
A,0.0,0.0,False
A,0.0,0.0,False
A,0.0,0.011107300811403431,False
A,0.0,0.0,False
A,0.0,0.2165324007917072,False
A,0.0,0.3128042983984676,False
A,0.0,0.3031517268034275,True
A,0.0,0.0607429767034694,False
A,0.0,0.2788813493677379,True
A,0.0,0.0,False
A,0.0,0.828310747801972,True
A,0.0,0.0,False
A,0.0,0.2672625119229517,True
A,0.0,0.6263373750441452,True
A,0.0,0.0,False
A,0.0,0.20800325049447643,False
A,0.0,0.9935575550120123,True
A,0.0,0.9278845294818294,True
A,0.0,0.0,False
A,0.0,0.40079086616779735,True
A,0.0,0.3990624537565033,True
A,0.0,0.4135328579638333,True
A,0.0,0.25227268014469884,False
A,0.0,0.0,False
A,0.0,0.0,False
A,0.0,0.7508147439976317,True
A,0.0,0.781151794115272,True
A,0.0,0.54837275043031,True
A,0.0,0.7591407226701534,True
A,0.0,0.0,False
A,0.0,0.0,True
A,0.0,0.0,False
A,0.0,0.5685658736505947,True
A,0.0,0.8527131298342643,True
A,0.0,0.7688756283047692,True
A,0.0,0.22351341553300508,False
A,0.0,0.0,False
A,0.0,0.37012623768893327,True
A,0.0,0.0,False
A,0.0,0.2367442736688774,True
A,0.0,0.8532449277473779,True
A,0.0,0.0,False
A,0.0,0.3595925058161942,False
A,0.0,0.36189902376688776,True
A,0.0,0.8817125714344277,True
A,0.0,0.0,False
A,0.0,0.12145156220572662,True
A,0.0,0.0,False
A,0.0,0.0,False
A,0.0,0.2731718500395026,True
A,0.0,0.0,False
A,0.0,0.6154215798691612,True
A,0.0,0.13772709359058966,True
A,0.0,0.0,False
A,0.0,0.37813132332581334,True
A,0.0,0.9747011790017719,True
A,0.0,0.46771912029650375,True
A,0.0,0.2434519310098887,False
A,0.0,0.44809251938504235,True
A,0.0,0.5222811401280507,True
A,0.0,0.43974595909152214,True
A,0.0,0.1942278185934201,True
A,0.0,0.0,False
A,0.0,0.9576001129864793,True
A,0.0,0.0,False
A,0.0,0.515503092802047,True
A,0.0,0.0,False
A,0.0,0.15707043183403568,False
A,0.0,0.6265095558309404,True
A,0.0,0.3623006400102272,True
A,0.0,0.0,False
A,0.0,0.0,False
A,0.0,0.9498353582156631,True
A,0.0,0.19950492639758488,False
A,0.0,0.0,False
A,0.0,0.8941457648764839,True
A,0.0,0.3248057520981753,False
A,0.0,0.560306468603468,True
A,0.0,0.803056485601128,True
A,0.0,0.16621043925196677,False
A,0.0,0.7693539324953906,True
A,0.0,0.32077564379866796,False
A,0.0,0.0,False
A,0.0,0.0,False
A,0.0,0.9302505149989484,True
A,0.0,0.22068561450452928,True
A,0.0,0.7717784553216298,True
A,0.0,0.5513668955296347,True
A,0.0,0.22745752863062185,True
A,0.0,0.0,False
A,0.0,0.0,False
A,0.0,0.0,False
A,0.0,0.0,False
A,0.0,0.7606093385481432,True
A,0.0,0.08313747355370305,False
A,0.0,0.45191888160870564,True
A,0.0,0.9314651387937418,True
A,0.0,0.0,False
A,0.0,0.0,False
A,0.0,0.0,False
A,0.0,0.3991641258026004,False
A,0.0,0.3060070282329602,True
A,0.0,0.271141225332187,False
A,0.0,0.4969456987196045,True
A,0.0,0.06884670019139472,False
A,0.0,0.040168321220969916,False
A,0.0,0.0,False
A,0.0,0.06714057639204118,False
A,0.0,0.9606442843790454,True
A,0.0,0.03623410087437162,False
A,0.0,0.09538495980189576,False
A,0.0,0.8353720946392282,True
A,0.0,0.0,False
A,0.0,0.8491674329273765,True
A,0.0,0.2546244512826594,True
A,0.0,0.6430381876033587,True
A,0.0,0.4809946665230592,True
A,0.0,0.0,False
A,0.0,0.0,False
A,0.0,0.2127778683382121,False
A,0.0,0.0,False
A,0.0,0.0,False
A,0.0,0.03491148812464806,False
A,0.0,0.0,True
A,0.0,0.0,False
A,0.0,0.3852731259822523,True
A,0.0,0.03318636890690063,False
A,0.0,0.6677439863767949,True
A,0.0,0.0,False
A,0.0,0.8474752297395308,True
A,0.0,0.0,False
A,0.0,0.37168686385097915,True
A,0.0,0.6624430012731346,True
A,0.0,0.0,False
A,0.0,0.0,False
A,0.0,0.0,False
A,0.0,0.7664458352484722,True
A,0.0,0.0,False
A,0.0,0.0635601094323931,False
A,0.0,0.8561929569339957,True
A,0.0,0.1511189360374331,False
A,0.0,0.0698608492133499,True
A,0.0,0.07779871622287238,False
A,0.0,0.057470820565511005,False
A,0.0,0.7838451238241726,True
A,0.0,0.9972960104346924,True
A,0.0,0.21227232996738055,False
A,0.0,0.0,False
A,0.0,0.3600189402992018,True
A,0.0,0.9084385515600013,True
A,0.0,0.43692627635148196,True
A,0.0,0.1312112650725441,False
A,0.0,0.7059585071555413,True
A,0.0,0.0,False
A,0.0,0.7436034955153666,True
A,0.0,0.8422229927711888,True
A,0.0,0.8843882614180864,True
A,0.0,0.7446386277905003,True
A,0.0,0.0,False
A,0.0,0.4542413925735429,True
A,0.0,0.5220142523020112,True
A,0.0,0.0,False
A,0.0,0.0,False
A,0.0,0.0,False
A,0.0,0.11628702429110749,False
A,0.0,0.24813874823600435,False
A,0.0,0.5401875389450189,True
A,0.0,0.738701536916902,True
A,0.0,0.5230287334823139,True
A,0.0,0.9402868389162482,True
A,0.0,0.5711236930604888,True
A,0.0,0.8782076532913922,True
A,0.0,0.4624088719955435,True
A,0.0,0.2946299387596214,True
A,0.0,0.6801816346580534,True
A,0.0,0.3283975966957101,True
A,0.0,0.0,False
A,0.0,0.5571953522738751,True
A,0.0,0.6250245768336146,True
A,0.0,0.17515764798200495,False
A,0.0,0.052694166910901674,False
A,0.0,0.09884327098746981,False
A,0.0,0.9078988279221801,True
A,0.0,0.8311831463834503,True
A,0.0,0.8774726140539281,True
A,0.0,0.3764722393255301,False
A,0.0,0.0,False
A,0.0,0.5724315573770133,True
A,0.0,0.0,False
A,0.0,0.7246329263954773,True
A,0.0,0.3888007840269686,True
A,0.0,0.0,False
A,0.0,0.0,False
A,0.0,0.9796402955905058,True
A,0.0,0.8906143851341594,True
A,0.0,0.0,False
A,0.0,0.0,False
A,0.0,0.2966413183488865,True
A,0.0,0.0,False
A,0.0,0.0,False
A,0.0,0.6354346204609029,True
A,0.0,0.06327751526561032,False
A,0.0,0.0,False
A,0.0,0.0,False
A,0.0,0.8341360818546757,True
A,0.0,0.0,False
A,0.0,0.46368884468239113,True
A,0.0,0.9861962331902299,True
A,0.0,0.0,False
A,0.0,0.5237864546038213,True
A,0.0,0.5221414110081801,True
A,0.0,0.5672691826950079,True
A,0.0,0.38372935444981515,True
A,0.0,0.2811684452131733,True
A,0.0,0.5290949272708423,True
A,0.0,0.05709122907476494,False
A,0.0,0.0,False
A,0.0,0.8093480912122899,True
A,0.0,0.8593973402216893,True
A,0.0,0.0,False
A,0.0,0.0,False
A,0.0,0.0,False
A,0.0,0.6429345176991529,True
A,0.0,0.0,False
A,0.0,0.0,False
A,0.0,0.2191448976166731,False
A,0.0,0.6286284419362176,True
A,0.0,0.12173156011630848,False
A,0.0,0.4227871285848287,True
A,0.0,0.97611457555343,True
A,0.0,0.0,False
A,0.0,0.7062285707228009,True
A,0.0,0.7944520418710401,True
A,0.0,0.9763534597652219,True
A,0.0,0.5373994199743598,True
A,0.0,0.0,False
A,0.0,0.6554581189194483,True
A,0.0,0.4899135731936518,True
A,0.0,0.5636049912846052,True
A,0.0,0.20260696599470962,False
A,0.0,0.13056273613766145,False
A,0.0,0.7566486188208974,True
A,0.0,0.7846575070164252,True
A,0.0,0.2919943370062458,True
A,0.0,0.542786379045893,True
A,0.0,0.0,False
A,0.0,0.15020720812469046,False
A,0.0,0.0,False
A,0.0,0.7748315507148418,True
A,0.0,0.11493887033227601,False
A,0.0,0.7306102940072385,True
A,0.0,0.12839472046366995,False
A,0.0,0.38411607161484873,True
A,0.0,0.19167522462230413,True
A,0.0,0.0,False
A,0.0,0.40386248282878545,True
A,0.0,0.7542961761452902,True
A,0.0,0.7803939329910485,True
A,0.0,0.17778850911702526,False
A,0.0,0.2853441150613515,True
A,0.0,0.17203808418861577,False
A,0.0,0.9748855387199995,True
A,0.0,0.13366286631508362,True
A,0.0,0.3356908353746999,False
A,0.0,0.7810162139834885,True
A,0.0,0.6297628476313114,True
A,0.0,0.3427849046133079,False
A,0.0,0.15205578507458084,True
A,0.0,0.0,False
A,0.0,0.9379077690925428,True
A,0.0,0.0,False
A,0.0,0.0,False
A,0.0,0.0,False
A,0.0,0.41998339298292053,True
A,0.0,0.01963746789074794,False
A,0.0,0.2769695473260956,True
A,0.0,0.0,False
A,0.0,0.08360423846943987,False
A,0.0,0.6139713275546035,True
A,0.0,0.6826603796596109,True
A,0.0,0.0,False
A,0.0,0.4192042386722491,False
A,0.0,0.09529068564956478,False
A,0.0,0.0,False
A,0.0,0.6223280692944975,True
A,0.0,0.8945252503959462,True
A,0.0,0.6116136801324411,True
A,0.0,0.0,False
A,0.0,0.42628188672090717,False
A,0.0,0.17156702095739795,False
A,0.0,0.28905486500840705,True
A,0.0,0.0,False
A,0.0,0.0,False
A,0.0,0.0,False
A,0.0,0.0,False
A,0.0,0.24903676270442066,True
A,0.0,0.0,False
A,0.0,0.0,False
A,0.0,0.5326867803336707,True
A,0.0,0.3279491629488833,True
A,0.0,0.5939001136306608,True
A,0.0,0.0,False
A,0.0,0.0,False
A,0.0,0.9053092957070245,True
A,0.0,0.0,False
A,0.0,0.0,False
A,0.0,0.2686660516258256,True
A,0.0,0.0,False
A,0.0,0.0,False
A,0.0,0.22705736230028772,False
A,0.0,0.9169191236201311,True
A,0.0,0.0,False
A,0.0,0.0,False
A,0.0,0.0,False
A,0.0,0.0,False
A,0.0,0.0,False
A,0.0,0.8169105724821386,True
A,0.0,0.0,False
A,0.0,0.45687736847338034,False
A,0.0,0.7325371074939713,True
A,0.0,0.4829638499430491,True
A,0.0,0.0,False
A,0.0,0.22150342578885607,True
A,0.0,0.36363117776051035,True
A,0.0,0.0930301516344253,False
A,0.0,0.13370128098093592,False
A,0.0,0.0,False
A,0.0,0.7175230776573913,True
A,0.0,0.33530691724926787,True
A,0.0,0.4346202629984718,True
A,0.0,0.0,False
A,0.0,0.7182608385181236,True
A,0.0,0.0,False
A,0.0,0.2670691476672856,True
A,0.0,0.22453434082286927,False
A,0.0,0.8157877251422352,True
A,0.0,0.5719700950559148,True
A,0.0,0.14035457020446762,False
A,0.0,0.0,False
A,0.0,0.056358755361945456,False
A,0.0,0.0,False
A,0.0,0.4515894701829545,True
A,0.0,0.1847588107262791,False
A,0.0,0.0,False
A,0.0,0.03530065723971443,True
A,0.0,0.3018210905049712,False
A,0.0,0.3923132522228061,True
A,0.0,0.7827051950741931,True
A,0.0,0.43043691918031557,True
A,0.0,0.6051742910164166,True
A,0.0,0.04716564592961536,False
A,0.0,0.0,False
A,0.0,0.0,True
A,0.0,0.0,False
A,0.0,0.658858317326422,True
A,0.0,0.28214925998126994,False
A,0.0,0.21188939498815118,True
A,0.0,0.7988826500767313,True
A,0.0,0.0,True
A,0.0,0.06266772945850452,True
A,0.0,0.0,False
A,0.0,0.0,True
A,0.0,0.4285236976428518,True
A,0.0,0.07588785896817107,False
A,0.0,0.15855914033325125,True
A,0.0,0.04127836593277456,False
A,0.0,0.32092139729359115,True
A,0.0,0.3220494822022347,True
A,0.0,0.13189836142909805,False
A,0.0,0.0,False
A,0.0,0.9384485896168142,True
A,0.0,0.4223457343123652,True
A,0.0,0.7782499627645725,True
A,0.0,0.6177952957172328,True
A,0.0,0.0,False
A,0.0,0.21919727772724762,False
A,0.0,0.26227431059308626,False
A,0.0,0.18284354864170038,False
A,0.0,0.8181680186758383,True
A,0.0,0.0,False
A,0.0,0.06149764967789895,False
A,0.0,0.6808034354373977,True
A,0.0,0.0,False
A,0.0,0.0,False
A,0.0,0.04640777699062726,False
A,0.0,0.48275578436692423,True
A,0.0,0.4749636841408009,True
A,0.0,0.0,False
A,0.0,0.0,True
A,0.0,0.8406942905251803,True
A,0.0,0.0,False
A,0.0,0.14385879103564825,False
A,0.0,0.0,False
A,0.0,0.12468876362688952,False
A,0.0,0.7341371927345111,True
A,0.0,0.0,False
A,0.0,0.34273550430499156,True
A,0.0,0.26703984538101044,False
A,0.0,0.13990022015936865,True
A,0.0,0.0,False
A,0.0,0.009625381575521064,False
A,0.0,0.4063300943895456,True
A,0.0,0.0,False
A,0.0,0.0010733276376317935,False
A,0.0,0.798844779629849,True
A,0.0,0.9341670618885638,True
A,0.0,0.2885221327587131,False
A,0.0,0.7333753962033989,True
A,0.0,0.0,False
A,0.0,0.12552670871164084,False
A,0.0,0.0,True
A,0.0,0.568707450148154,True
A,0.0,0.0,False
A,0.0,0.3106025871958643,False
A,0.0,0.5039450984574853,True
A,0.0,0.917501217405666,True
A,0.0,0.7497438717613842,True
A,0.0,0.7819902019834715,True
A,0.0,0.0,False
A,0.0,0.03918296937620214,False
A,0.0,0.0,False
A,0.0,0.9249268463711718,True
A,0.0,0.6687578816301655,True
A,0.0,0.38728886006364205,True
A,0.0,0.3889640824118227,True
A,0.0,0.0,False
A,0.0,0.22111276183254935,True
A,0.0,0.5331030977159423,True
A,0.0,0.1774566361533232,False
A,0.0,0.010558228107175549,False
A,0.0,0.18988627514478462,False
A,0.0,0.7302999318044129,True
A,0.0,0.0,False
A,0.0,0.5128412314722228,True
A,0.0,0.0,False
A,0.0,0.0,False
A,0.0,0.06482604550897642,False
A,0.0,0.0,False
A,0.0,0.1595350609808156,False
A,0.0,0.0951163724994949,False
A,0.0,0.5728385954959655,True
A,0.0,0.7659464692343527,True
A,0.0,0.0,False
A,0.0,0.9191871274971403,True
A,0.0,0.3946342831650832,False
A,0.0,0.4409359674902974,True
A,0.0,0.7408006025089195,True
A,0.0,0.8668524370342197,True
A,0.0,0.0,False
A,0.0,0.6068890028441002,True
A,0.0,0.9466235228811973,True
A,0.0,0.9083962314484937,True
A,0.0,0.40517796397064965,True
A,0.0,0.03195521876314955,False
A,0.0,0.5017993243645819,True
A,0.0,0.9570376310191379,True
A,0.0,0.0,False
A,0.0,0.0,False
A,0.0,0.8515980488935062,True
A,0.0,0.6272037492235819,True
A,0.0,0.8628739275914711,True
A,0.0,0.0,False
A,0.0,0.4929365647134576,True
A,0.0,0.0,False
A,0.0,0.2306105333450832,True
A,0.0,0.0,False
A,0.0,0.0,False
A,0.0,0.0,False
A,0.0,0.5631787721736792,True
A,0.0,0.5000861310446286,True
A,0.0,0.0446013887281409,False
A,0.0,0.7417095143033269,True
A,0.0,0.6827844455960408,False
A,0.0,0.0,False
A,0.0,0.35871213808038993,True
A,0.0,0.43834994061813615,True
A,0.0,0.28607076460408964,True
A,0.0,0.7184560347336976,True
A,0.0,0.12749928537471833,False
A,0.0,0.0,False
A,0.0,0.25354922932703083,False
A,0.0,0.09174616486224829,False
A,0.0,0.467486712738981,True
A,0.0,0.41490680176674655,True
A,0.0,0.9740079448781233,True
A,0.0,0.0,False
A,0.0,0.47421339833166665,False
A,0.0,0.09586495049174515,False
A,0.0,0.0,False
A,0.0,0.0,False
A,0.0,0.5775758775602139,True
A,0.0,0.0,False
A,0.0,0.044126414279065496,False
A,0.0,0.07344409152001685,False
A,0.0,0.9006735337696747,True
A,0.0,0.2600275615548715,False
A,0.0,0.746650900518364,True
A,0.0,0.0,False
A,0.0,0.6527269358895562,True
A,0.0,0.050410882292375,True
A,0.0,0.4595671707888416,True
A,0.0,0.5159329711787357,True
A,0.0,0.5766903276061206,True
A,0.0,0.6821565205099176,True
A,0.0,0.442881221854983,True
A,0.0,0.9097453300368077,True
A,0.0,0.7065393442208157,True
A,0.0,0.0,True
A,0.0,0.2531425893164918,False
A,0.0,0.0,False
A,0.0,0.7498162572919845,True
A,0.0,0.0,False
A,0.0,0.36727932184155077,True
A,0.0,0.2139461504665755,False
A,0.0,0.5223247097182899,True
A,0.0,0.857948078164705,True
A,0.0,0.21800406061254296,True
A,0.0,0.0,False
A,0.0,0.2277560366229342,False
A,0.0,0.0,False
A,0.0,0.6146121105514513,True
A,0.0,0.7964736636083873,True
A,0.0,0.0,False
A,0.0,0.6315747623261156,True
A,0.0,0.0,False
A,0.0,0.0,True
A,0.0,0.681306309116194,True
A,0.0,0.0,False
A,0.0,0.0,False
A,0.0,0.4432335712798767,True
A,0.0,0.6993256799961293,True
A,0.0,0.46111907300601773,True
A,0.0,0.33070319170339235,True
A,0.0,0.2096938339193748,True
A,0.0,0.0,False
A,0.0,0.7777691500707403,True
A,0.0,0.0,True
A,0.0,0.0,False
A,0.0,0.0,True
A,0.0,0.6738154668869615,True
A,0.0,0.523544250351994,True
A,0.0,0.0,False
A,0.0,0.5883446183697051,True
A,0.0,0.0,False
A,0.0,0.0,False
A,0.0,0.0,False
A,0.0,0.5621277864972969,True
A,0.0,0.0,True
A,0.0,0.37205727485293205,True
A,0.0,0.0,False
A,0.0,0.0,False
A,0.0,0.6458339773339054,True
A,0.0,0.34124940609098053,True
A,0.0,0.7676871573380918,True
A,0.0,0.6179341841823089,True
A,0.0,0.31707259154211487,True
A,0.0,0.3503952609111709,True
A,0.0,0.6377386461058355,True
A,0.0,0.9312310586334631,True
A,0.0,0.0,False
A,0.0,0.9740693660959236,True
A,0.0,0.7662764694198073,True
A,0.0,0.5604493209375129,True
A,0.0,0.2844462255548893,True
A,0.0,0.08312682846712494,False
A,0.0,0.7550051486438079,True
A,0.0,0.0,False
A,0.0,0.8309731317389822,True
A,0.0,0.14802867369852235,True
A,0.0,0.6530835250435231,True
A,0.0,0.9974738426660312,True
A,0.0,0.0,False
A,0.0,0.2270350007595885,True
A,0.0,0.7550298209659912,True
A,0.0,0.9708225007331867,True
A,0.0,0.2900407259555696,True
A,0.0,0.8771804204044148,True
A,0.0,0.6225639362208338,True
A,0.0,0.42968505522835876,True
A,0.0,0.5594625373183378,True
A,0.0,0.05948776999619798,False
A,0.0,0.2585095429604142,False
A,0.0,0.14435453755381233,True
A,0.0,0.6622328668791394,True
A,0.0,0.3413431585949054,True
A,0.0,0.7416365974829284,True
A,0.0,0.0,False
A,0.0,0.0,False
A,0.0,0.5104694121147274,True
A,0.0,0.049851178230480575,False
A,0.0,0.0,False
A,0.0,0.5058461277094469,True
A,0.0,0.09377458550057594,False
A,0.0,0.532100622619079,True
A,0.0,0.0,False
A,0.0,0.27263124898401747,True
A,0.0,0.0,False
A,0.0,0.9634437988224106,True
A,0.0,0.7394569851686627,True
A,0.0,0.8467526728679097,True
A,0.0,0.0,False
A,0.0,0.29918677460192544,False
A,0.0,0.5044834781612697,True
A,0.0,0.2294045670352438,True
A,0.0,0.119604115986233,False
A,0.0,0.28188092749951865,True
A,0.0,0.31315932261368407,True
A,0.0,0.0,False
A,0.0,0.23428960515070807,False
A,0.0,0.0,True
A,0.0,0.5000910221984305,True
A,0.0,0.8769024387561225,True
A,0.0,0.29556893798141204,True
A,0.0,0.3259141172737191,False
A,0.0,0.9856256162381659,True
A,0.0,0.7588567114867564,True
A,0.0,0.0,False
A,0.0,0.30807509273771094,True
A,0.0,0.0,False
A,0.0,0.9303647267424071,True
A,0.0,0.9289336201850861,True
A,0.0,0.39600210672541236,True
A,0.0,0.0,False
A,0.0,0.035415985998081156,False
A,0.0,0.0,True
A,0.0,0.6312635810451294,True
A,0.0,0.0,False
A,0.0,0.4402550476575171,False
A,0.0,0.0,False
A,0.0,0.7315674167328904,True
A,0.0,0.16012140695776966,False
A,0.0,0.9520562420112799,True
A,0.0,0.3130264618394669,True
A,0.0,0.0,False
A,0.0,0.041355647505784465,False
A,0.0,0.0,False
A,0.0,0.0,False
A,0.0,0.18245003680906535,True
A,0.0,0.8376051090171325,True
A,0.0,0.5414486190951452,True
A,0.0,0.547497871737159,True
A,0.0,0.6773290295311751,True
A,0.0,0.745467864443571,True
A,0.0,0.8354669628138728,True
A,0.0,0.3550458489051077,True
A,0.0,0.7195415917407041,True
A,0.0,0.7408054707784141,True
A,0.0,0.9853057806201284,True
A,0.0,0.3505415550180423,True
A,0.0,0.3751802687667892,True
A,0.0,0.6211110483844781,True
A,0.0,0.9396641693006903,True
A,0.0,0.0,False
A,0.0,0.0,True
A,0.0,0.3626612054747995,True
A,0.0,0.1782372454915363,False
A,0.0,0.0,False
A,0.0,0.20862174015676116,True
A,0.0,0.0,False
A,0.0,0.0,False
A,0.0,0.2163191756912226,True
A,0.0,0.9931586228067151,True
A,0.0,0.9986956049981965,True
A,0.0,0.029385206669883646,False
A,0.0,0.0,False
A,0.0,0.0,False
A,0.0,0.7508286985574926,True
A,0.0,0.9722242025346466,True
A,0.0,0.0,False
A,0.0,0.6489187917260366,True
A,0.0,0.7441521565207941,True
A,0.0,0.0,False
A,0.0,0.36941326086551185,False
A,0.0,0.0,True
A,0.0,0.0,False
A,0.0,0.6018818056077537,True
A,0.0,0.12361640841728871,True
A,0.0,0.7763918977634249,True
A,0.0,0.862694426871353,True
A,0.0,0.08777735842257695,False
A,0.0,0.3866043967442757,True
A,0.0,0.1857018365635995,False
A,0.0,0.7243742982113472,True
A,0.0,0.0,False
A,0.0,0.004731172519195304,False
A,0.0,0.6893667692215466,True
A,0.0,0.0,True
A,0.0,0.6654426987005394,True
A,0.0,0.47678850963492647,True
A,0.0,0.47999261333916843,True
A,0.0,0.9863833761618085,True
A,0.0,0.5180923272758632,True
A,0.0,0.22959740011166452,False
A,0.0,0.0,False
A,0.0,0.19934272247697205,False
A,0.0,0.7537148420969634,True
A,0.0,0.33093181573571373,True
A,0.0,0.0,False
A,0.0,0.45884629179943714,True
A,0.0,0.9582133441028555,True
A,0.0,0.48571126237102435,True
A,0.0,0.39523020657110985,True
A,0.0,0.9533801425605842,True
A,0.0,0.0,False
A,0.0,0.8597672338736594,True
A,0.0,0.0,False
A,0.0,0.2324001433829932,True
A,0.0,0.28749929821378495,False
A,0.0,0.9001619615680726,True
A,0.0,0.06093325435044017,False
A,0.0,0.2890337773968219,True
A,0.0,0.0,False
A,0.0,0.9431723413679843,True
A,0.0,0.10341859302158829,False
A,0.0,0.5896531846049217,True
A,0.0,0.30072055110818585,True
A,0.0,0.0,True
A,0.0,0.0,False
A,0.0,0.4299536184519944,True
A,0.0,0.8601621777634588,True
A,0.0,0.5039083936833434,True
A,0.0,0.2931935839295078,True
A,0.0,0.727114334386582,True
A,0.0,0.8031745908051526,True
A,0.0,0.0,False
A,0.0,0.0,False
A,0.0,0.0,False
A,0.0,0.23193504560600608,False
A,0.0,0.30574826735546234,False
A,0.0,0.0,False
A,0.0,0.0,False
A,0.0,0.0,False
A,0.0,0.5206053742726188,True
A,0.0,0.0,False
A,0.0,0.0,False
A,0.0,0.660925192629207,True
A,0.0,0.0,False
A,0.0,0.0,False
A,0.0,0.18215652750014655,False
A,0.0,0.0,False
A,0.0,0.8997506513863033,True
A,0.0,0.140544082079184,False
A,0.0,0.0,True
A,0.0,0.7979280220454027,True
A,0.0,0.5563985777582092,True
A,0.0,0.4047994294986934,True
A,0.0,0.8059318955684144,True
A,0.0,0.02359194910751572,False
A,0.0,0.8165829987317125,True
A,0.0,0.37787397955647173,True
A,0.0,0.0,False
A,0.0,0.8546337197145463,True
A,0.0,0.9556914946567198,True
A,0.0,0.7841922967821687,True
A,0.0,0.33169696842844665,True
A,0.0,0.20465918169526065,False
A,0.0,0.0,True
A,0.0,0.17234165200187979,False
A,0.0,0.297710477684868,False
A,0.0,0.0,False
A,0.0,0.47077181694158343,True
A,0.0,0.12081047303883408,False
A,0.0,0.0,False
A,0.0,0.2949727244007181,True
A,0.0,0.6077150483794787,True
A,0.0,0.5733865634274609,True
A,0.0,0.2315024928995677,False
A,0.0,0.19765888549260469,True
A,0.0,0.29467877379280627,True
A,0.0,0.6624495822510515,True
A,0.0,0.5324140272781213,True
A,0.0,0.28390610241108516,False
A,0.0,0.42672683120906574,True
A,0.0,0.9149063813927585,True
A,0.0,0.0717452865683692,False
A,0.0,0.3504110684712002,False
A,0.0,0.7337979277462428,True
A,0.0,0.15504058027179457,False
A,0.0,0.0,False
A,0.0,0.0,True
A,0.0,0.4954109219271482,True
A,0.0,0.3833765580659897,False
A,0.0,0.37331250701716134,True
A,0.0,0.3913409618506588,True
A,0.0,0.9259067779820048,True
A,0.0,0.02090559836862249,False
A,0.0,0.3284768237951533,False
A,0.0,0.0,False
A,0.0,0.7929453724330436,True
A,0.0,0.018749192793631297,False
A,0.0,0.09280401337810895,False
A,0.0,0.003774978715910704,False
A,0.0,0.0,False
A,0.0,0.885319800370304,True
A,0.0,0.18778731087662937,True
A,0.0,0.0,False
A,0.0,0.9865774316098462,True
A,0.0,0.4710922995941813,True
A,0.0,0.03142594817188504,False
A,0.0,0.0,False
A,0.0,0.0,True
A,0.0,0.6110486697019206,True
A,0.0,0.4212508104984094,True
A,0.0,0.5934074032861317,True
A,0.0,0.2384420367963942,True
A,0.0,0.0,False
A,0.0,0.0,False
A,0.0,0.0,False
A,0.0,0.07466707833597264,False
A,0.0,0.2711765583394976,False
A,0.0,0.32303066375699885,True
A,0.0,0.1954687425786369,False
A,0.0,0.0,False
A,0.0,0.0,False
A,0.0,0.872547351929287,True
A,0.0,0.10997259313065832,False
A,0.0,0.8770774442954973,True
A,0.0,0.0,False
A,0.0,0.3750845839617487,True
A,0.0,0.8951904479098864,True
A,0.0,0.6533687455276637,True
A,0.0,0.2826802589623031,False
A,0.0,0.0,True
A,0.0,0.5782178962477553,True
A,0.0,0.3183156797101826,False
A,0.0,0.0,False
A,0.0,0.0,False
A,0.0,0.6024049463837172,True
A,0.0,0.0,True
A,0.0,0.0,False
A,0.0,0.4455016388121926,True
A,0.0,0.4194766761381655,True
A,0.0,0.1335094844871998,True
A,0.0,0.0,False
A,0.0,0.3168211089322609,True
A,0.0,0.0,False
A,0.0,0.0,False
A,0.0,0.65601860965797,True
A,0.0,0.0,False
A,0.0,0.4731934305579767,True
A,0.0,0.0,False
A,0.0,0.0,False
A,0.0,0.9240070828713349,True
A,0.0,0.21390107263316538,True
A,0.0,0.6240839238335688,True
A,0.0,0.10250986683316765,False
A,0.0,0.0,False
A,0.0,0.4887006124113715,True
A,0.0,0.5505367232529238,True
A,0.0,0.11493887033227601,False
A,0.0,0.7306102940072385,True
A,0.0,0.12839472046366995,False
A,0.0,0.38411607161484873,True
A,0.0,0.19167522462230413,True
A,0.0,0.0,False
A,0.0,0.40386248282878545,True
A,0.0,0.7542961761452902,True
A,0.0,0.7803939329910485,True
A,0.0,0.17778850911702526,False
A,0.0,0.2853441150613515,True
A,0.0,0.17203808418861577,False
A,0.0,0.9748855387199995,True
A,0.0,0.13366286631508362,True
A,0.0,0.3356908353746999,False
A,0.0,0.7810162139834885,True
A,0.0,0.6297628476313114,True
A,0.0,0.3427849046133079,False
A,0.0,0.15205578507458084,True
A,0.0,0.0,True
A,0.0,0.9379077690925428,True
A,0.0,0.0,False
A,0.0,0.0,False
A,0.0,0.0,False
A,0.0,0.41998339298292053,True
A,0.0,0.01963746789074794,False
A,0.0,0.2769695473260956,True
A,0.0,0.0,False
A,0.0,0.08360423846943987,False
A,0.0,0.6139713275546035,True
A,0.0,0.6826603796596109,True
A,0.0,0.0,False
A,0.0,0.4192042386722491,True
A,0.0,0.09529068564956478,False
A,0.0,0.0,False
A,0.0,0.6223280692944975,True
A,0.0,0.8945252503959462,True
A,0.0,0.6116136801324411,True
A,0.0,0.0,False
A,0.0,0.42628188672090717,False
A,0.0,0.17156702095739795,False
A,0.0,0.28905486500840705,True
A,0.0,0.0,False
A,0.0,0.0,False
A,0.0,0.0,False
A,0.0,0.0,False
A,0.0,0.24903676270442066,True
A,0.0,0.0,False
A,0.0,0.0,False
A,0.0,0.5326867803336707,True
A,0.0,0.3279491629488833,True
A,0.0,0.5939001136306608,True
A,0.0,0.0,False
A,0.0,0.0,False
A,0.0,0.9053092957070245,True
A,0.0,0.0,False
A,0.0,0.0,False
A,0.0,0.2686660516258256,True
A,0.0,0.0,False
A,0.0,0.0,False
A,0.0,0.22705736230028772,False
A,0.0,0.9169191236201311,True
A,0.0,0.0,False
A,0.0,0.0,False
A,0.0,0.0,True
A,0.0,0.0,False
A,0.0,0.0,False
A,0.0,0.8169105724821386,True
A,0.0,0.0,False
A,0.0,0.45687736847338034,True
A,0.0,0.7325371074939713,True
A,0.0,0.4829638499430491,True
A,0.0,0.0,False
A,0.0,0.22150342578885607,True
A,0.0,0.36363117776051035,True
A,0.0,0.0930301516344253,False
A,0.0,0.13370128098093592,False
A,0.0,0.0,True
A,0.0,0.7175230776573913,True
A,0.0,0.33530691724926787,True
A,0.0,0.4346202629984718,True
A,0.0,0.0,False
A,0.0,0.7182608385181236,True
A,0.0,0.0,False
A,0.0,0.2670691476672856,True
A,0.0,0.22453434082286927,False
A,0.0,0.8157877251422352,True
A,0.0,0.5719700950559148,True
A,0.0,0.14035457020446762,False
A,0.0,0.0,False
A,0.0,0.056358755361945456,False
A,0.0,0.0,False
A,0.0,0.4515894701829545,True
A,0.0,0.1847588107262791,True
A,0.0,0.0,False
A,0.0,0.03530065723971443,False
A,0.0,0.3018210905049712,False
A,0.0,0.3923132522228061,True
A,0.0,0.7827051950741931,True
A,0.0,0.43043691918031557,False
A,0.0,0.6051742910164166,True
A,0.0,0.04716564592961536,False
A,0.0,0.0,False
A,0.0,0.0,False
A,0.0,0.0,False
A,0.0,0.658858317326422,True
A,0.0,0.28214925998126994,False
A,0.0,0.21188939498815118,False
A,0.0,0.7988826500767313,True
A,0.0,0.0,True
A,0.0,0.06266772945850452,True
A,0.0,0.0,False
A,0.0,0.0,True
A,0.0,0.4285236976428518,False
A,0.0,0.07588785896817107,False
A,0.0,0.15855914033325125,True
A,0.0,0.04127836593277456,False
A,0.0,0.32092139729359115,True
A,0.0,0.3220494822022347,True
A,0.0,0.13189836142909805,False
A,0.0,0.0,False
A,0.0,0.9384485896168142,True
A,0.0,0.4223457343123652,True
A,0.0,0.7782499627645725,True
A,0.0,0.6177952957172328,True
A,0.0,0.0,False
A,0.0,0.21919727772724762,False
A,0.0,0.26227431059308626,False
A,0.0,0.18284354864170038,False
A,0.0,0.8181680186758383,True
A,0.0,0.0,False
A,0.0,0.06149764967789895,False
A,0.0,0.6808034354373977,True
A,0.0,0.0,False
A,0.0,0.0,False
A,0.0,0.04640777699062726,False
A,0.0,0.48275578436692423,True
A,0.0,0.4749636841408009,True
A,0.0,0.0,False
A,0.0,0.0,True
A,0.0,0.8406942905251803,True
A,0.0,0.0,False
A,0.0,0.14385879103564825,False
A,0.0,0.0,False
A,0.0,0.12468876362688952,False
A,0.0,0.7341371927345111,True
A,0.0,0.0,False
A,0.0,0.34273550430499156,True
A,0.0,0.26703984538101044,False
A,0.0,0.13990022015936865,True
A,0.0,0.0,False
A,0.0,0.009625381575521064,False
A,0.0,0.4063300943895456,True
A,0.0,0.0,False
A,0.0,0.0010733276376317935,False
A,0.0,0.798844779629849,True
A,0.0,0.9341670618885638,True
A,0.0,0.2885221327587131,True
A,0.0,0.7333753962033989,True
A,0.0,0.0,False
A,0.0,0.12552670871164084,False
A,0.0,0.0,True
A,0.0,0.568707450148154,True
A,0.0,0.0,False
A,0.0,0.3106025871958643,False
A,0.0,0.5039450984574853,True
A,0.0,0.917501217405666,True
A,0.0,0.7497438717613842,True
A,0.0,0.7819902019834715,True
A,0.0,0.0,False
A,0.0,0.03918296937620214,False
A,0.0,0.0,False
A,0.0,0.9249268463711718,True
A,0.0,0.6687578816301655,True
A,0.0,0.38728886006364205,True
A,0.0,0.3889640824118227,True
A,0.0,0.0,False
A,0.0,0.22111276183254935,True
A,0.0,0.5331030977159423,True
A,0.0,0.1774566361533232,False
A,0.0,0.010558228107175549,False
A,0.0,0.18988627514478462,False
A,0.0,0.7302999318044129,True
A,0.0,0.0,False
A,0.0,0.5128412314722228,True
A,0.0,0.0,False
A,0.0,0.0,False
A,0.0,0.06482604550897642,False
A,0.0,0.0,False
A,0.0,0.1595350609808156,False
A,0.0,0.0951163724994949,True
A,0.0,0.5728385954959655,True
A,0.0,0.7659464692343527,True
A,0.0,0.0,False
A,0.0,0.9191871274971403,True
A,0.0,0.3946342831650832,False
A,0.0,0.4409359674902974,True
A,0.0,0.7408006025089195,True
A,0.0,0.8668524370342197,True
A,0.0,0.0,False
A,0.0,0.6068890028441002,True
A,0.0,0.9466235228811973,True
A,0.0,0.9083962314484937,True
A,0.0,0.40517796397064965,True
A,0.0,0.03195521876314955,False
A,0.0,0.5017993243645819,True
A,0.0,0.9570376310191379,True
A,0.0,0.0,False
A,0.0,0.0,False
A,0.0,0.8515980488935062,True
A,0.0,0.6272037492235819,True
A,0.0,0.8628739275914711,True
A,0.0,0.0,False
A,0.0,0.4929365647134576,True
A,0.0,0.0,False
A,0.0,0.2306105333450832,True
A,0.0,0.0,False
A,0.0,0.0,False
A,0.0,0.0,False
A,0.0,0.5631787721736792,True
A,0.0,0.5000861310446286,True
A,0.0,0.0446013887281409,False
A,0.0,0.7417095143033269,True
A,0.0,0.6827844455960408,False
A,0.0,0.0,False
A,0.0,0.35871213808038993,True
A,0.0,0.43834994061813615,True
A,0.0,0.28607076460408964,True
A,0.0,0.7184560347336976,True
A,0.0,0.12749928537471833,False
A,0.0,0.0,False
A,0.0,0.25354922932703083,False
A,0.0,0.09174616486224829,False
A,0.0,0.467486712738981,True
A,0.0,0.41490680176674655,True
A,0.0,0.9740079448781233,True
A,0.0,0.0,False
A,0.0,0.47421339833166665,True
A,0.0,0.09586495049174515,False
A,0.0,0.0,False
A,0.0,0.0,False
A,0.0,0.5775758775602139,True
A,0.0,0.0,False
A,0.0,0.044126414279065496,False
A,0.0,0.07344409152001685,False
A,0.0,0.9006735337696747,True
A,0.0,0.2600275615548715,False
A,0.0,0.746650900518364,True
A,0.0,0.0,False
A,0.0,0.6527269358895562,True
A,0.0,0.050410882292375,True
A,0.0,0.4595671707888416,True
A,0.0,0.5159329711787357,True
A,0.0,0.5766903276061206,True
A,0.0,0.6821565205099176,True
A,0.0,0.442881221854983,True
A,0.0,0.9097453300368077,True
A,0.0,0.7065393442208157,True
A,0.0,0.0,False
A,0.0,0.2531425893164918,True
A,0.0,0.0,False
A,0.0,0.7498162572919845,True
A,0.0,0.0,False
A,0.0,0.36727932184155077,False
A,0.0,0.2139461504665755,False
A,0.0,0.5223247097182899,True
A,0.0,0.857948078164705,True
A,0.0,0.21800406061254296,False
A,0.0,0.0,False
A,0.0,0.2277560366229342,False
A,0.0,0.0,False
A,0.0,0.6146121105514513,True
A,0.0,0.7964736636083873,True
A,0.0,0.0,False
A,0.0,0.6315747623261156,True
A,0.0,0.0,False
A,0.0,0.0,True
A,0.0,0.681306309116194,True
A,0.0,0.0,False
A,0.0,0.0,False
A,0.0,0.4432335712798767,True
A,0.0,0.6993256799961293,True
A,0.0,0.46111907300601773,True
A,0.0,0.33070319170339235,True
A,0.0,0.2096938339193748,True
A,0.0,0.0,False
A,0.0,0.7777691500707403,True
A,0.0,0.0,False
A,0.0,0.0,False
A,0.0,0.0,True
A,0.0,0.6738154668869615,True
A,0.0,0.523544250351994,True
A,0.0,0.0,False
A,0.0,0.5883446183697051,True
A,0.0,0.0,False
A,0.0,0.0,False
A,0.0,0.0,False
A,0.0,0.5621277864972969,True
A,0.0,0.0,False
A,0.0,0.37205727485293205,True
A,0.0,0.0,False
A,0.0,0.0,False
A,0.0,0.6458339773339054,True
A,0.0,0.34124940609098053,False
A,0.0,0.7676871573380918,True
A,0.0,0.6179341841823089,True
A,0.0,0.31707259154211487,True
A,0.0,0.3503952609111709,True
A,0.0,0.6377386461058355,True
A,0.0,0.9312310586334631,True
A,0.0,0.0,False
A,0.0,0.9740693660959236,True
A,0.0,0.7662764694198073,True
A,0.0,0.5604493209375129,True
A,0.0,0.2844462255548893,False
A,0.0,0.08312682846712494,False
A,0.0,0.7550051486438079,True
A,0.0,0.0,False
A,0.0,0.8309731317389822,True
A,0.0,0.14802867369852235,True
A,0.0,0.6530835250435231,True
A,0.0,0.9974738426660312,True
A,0.0,0.0,False
A,0.0,0.2270350007595885,True
A,0.0,0.7550298209659912,True
A,0.0,0.9708225007331867,True
A,0.0,0.2900407259555696,True
A,0.0,0.8771804204044148,True
A,0.0,0.6225639362208338,True
A,0.0,0.42968505522835876,True
A,0.0,0.5594625373183378,True
A,0.0,0.05948776999619798,False
A,0.0,0.2585095429604142,False
A,0.0,0.14435453755381233,True
A,0.0,0.6622328668791394,True
A,0.0,0.3413431585949054,True
A,0.0,0.7416365974829284,True
A,0.0,0.0,False
A,0.0,0.0,False
A,0.0,0.5104694121147274,True
A,0.0,0.049851178230480575,False
A,0.0,0.0,False
A,0.0,0.5058461277094469,True
A,0.0,0.09377458550057594,False
A,0.0,0.532100622619079,True
A,0.0,0.0,False
A,0.0,0.27263124898401747,False
A,0.0,0.0,False
A,0.0,0.9634437988224106,True
A,0.0,0.7394569851686627,True
A,0.0,0.8467526728679097,True
A,0.0,0.0,False
A,0.0,0.29918677460192544,False
A,0.0,0.5044834781612697,True
A,0.0,0.2294045670352438,True
A,0.0,0.119604115986233,False
A,0.0,0.28188092749951865,True
A,0.0,0.31315932261368407,False
A,0.0,0.0,False
A,0.0,0.23428960515070807,False
A,0.0,0.0,True
A,0.0,0.5000910221984305,True
A,0.0,0.8769024387561225,True
A,0.0,0.29556893798141204,True
A,0.0,0.3259141172737191,False
A,0.0,0.9856256162381659,True
A,0.0,0.7588567114867564,True
A,0.0,0.0,False
A,0.0,0.30807509273771094,True
A,0.0,0.0,False
A,0.0,0.9303647267424071,True
A,0.0,0.9289336201850861,True
A,0.0,0.39600210672541236,True
A,0.0,0.0,False
A,0.0,0.035415985998081156,False
A,0.0,0.0,True
A,0.0,0.6312635810451294,True
A,0.0,0.0,False
A,0.0,0.4402550476575171,False
A,0.0,0.0,False
A,0.0,0.7315674167328904,True
A,0.0,0.16012140695776966,False
A,0.0,0.9520562420112799,True
A,0.0,0.3130264618394669,True
A,0.0,0.0,False
A,0.0,0.041355647505784465,False
A,0.0,0.0,False
A,0.0,0.0,False
A,0.0,0.18245003680906535,True
A,0.0,0.8376051090171325,True
A,0.0,0.5414486190951452,True
A,0.0,0.547497871737159,True
A,0.0,0.6773290295311751,True
A,0.0,0.745467864443571,True
A,0.0,0.8354669628138728,True
A,0.0,0.3550458489051077,True
A,0.0,0.7195415917407041,True
A,0.0,0.7408054707784141,True
A,0.0,0.9853057806201284,True
A,0.0,0.3505415550180423,True
A,0.0,0.3751802687667892,True
A,0.0,0.6211110483844781,True
A,0.0,0.9396641693006903,True
A,0.0,0.0,False
A,0.0,0.0,True
A,0.0,0.3626612054747995,True
A,0.0,0.1782372454915363,False
A,0.0,0.0,False
A,0.0,0.20862174015676116,True
A,0.0,0.0,False
A,0.0,0.0,False
A,0.0,0.2163191756912226,True
A,0.0,0.9931586228067151,True
A,0.0,0.9986956049981965,True
A,0.0,0.029385206669883646,False
A,0.0,0.0,False
A,0.0,0.0,False
A,0.0,0.7508286985574926,True
A,0.0,0.9722242025346466,True
A,0.0,0.0,False
A,0.0,0.6489187917260366,True
A,0.0,0.7441521565207941,True
A,0.0,0.0,False
A,0.0,0.36941326086551185,False
A,0.0,0.0,True
A,0.0,0.0,False
A,0.0,0.6018818056077537,True
A,0.0,0.12361640841728871,True
A,0.0,0.7763918977634249,True
A,0.0,0.862694426871353,True
A,0.0,0.08777735842257695,False
A,0.0,0.3866043967442757,True
A,0.0,0.1857018365635995,False
A,0.0,0.7243742982113472,True
A,0.0,0.0,False
A,0.0,0.004731172519195304,False
A,0.0,0.6893667692215466,True
A,0.0,0.0,True
A,0.0,0.6654426987005394,True
A,0.0,0.47678850963492647,True
A,0.0,0.47999261333916843,True
A,0.0,0.9863833761618085,True
A,0.0,0.5180923272758632,True
A,0.0,0.22959740011166452,False
A,0.0,0.0,False
A,0.0,0.19934272247697205,False
A,0.0,0.7537148420969634,True
A,0.0,0.33093181573571373,True
A,0.0,0.0,False
A,0.0,0.45884629179943714,True
A,0.0,0.9582133441028555,True
A,0.0,0.48571126237102435,True
A,0.0,0.39523020657110985,True
A,0.0,0.9533801425605842,True
A,0.0,0.0,False
A,0.0,0.8597672338736594,True
A,0.0,0.0,False
A,0.0,0.2324001433829932,True
A,0.0,0.28749929821378495,False
A,0.0,0.9001619615680726,True
A,0.0,0.06093325435044017,False
A,0.0,0.2890337773968219,False
A,0.0,0.0,False
A,0.0,0.9431723413679843,True
A,0.0,0.10341859302158829,False
A,0.0,0.5896531846049217,True
A,0.0,0.30072055110818585,True
A,0.0,0.0,True
A,0.0,0.0,True
A,0.0,0.4299536184519944,True
A,0.0,0.8601621777634588,True
A,0.0,0.5039083936833434,True
A,0.0,0.2931935839295078,True
A,0.0,0.727114334386582,True
A,0.0,0.8031745908051526,True
A,0.0,0.0,False
A,0.0,0.0,False
A,0.0,0.0,False
A,0.0,0.23193504560600608,False
A,0.0,0.30574826735546234,False
A,0.0,0.0,False
A,0.0,0.0,False
A,0.0,0.0,False
A,0.0,0.5206053742726188,True
A,0.0,0.0,False
A,0.0,0.0,False
A,0.0,0.660925192629207,True
A,0.0,0.0,False
A,0.0,0.0,False
A,0.0,0.18215652750014655,False
A,0.0,0.0,False
A,0.0,0.8997506513863033,True
A,0.0,0.140544082079184,False
A,0.0,0.0,True
A,0.0,0.7979280220454027,True
A,0.0,0.5563985777582092,True
A,0.0,0.4047994294986934,True
A,0.0,0.8059318955684144,True
A,0.0,0.02359194910751572,False
A,0.0,0.8165829987317125,True
A,0.0,0.37787397955647173,True
A,0.0,0.0,False
A,0.0,0.8546337197145463,True
A,0.0,0.9556914946567198,True
A,0.0,0.7841922967821687,True
A,0.0,0.33169696842844665,True
A,0.0,0.20465918169526065,True
A,0.0,0.0,True
A,0.0,0.17234165200187979,False
A,0.0,0.297710477684868,False
A,0.0,0.0,False
A,0.0,0.47077181694158343,True
A,0.0,0.12081047303883408,False
A,0.0,0.0,False
A,0.0,0.2949727244007181,True
A,0.0,0.6077150483794787,True
A,0.0,0.5733865634274609,True
A,0.0,0.2315024928995677,False
A,0.0,0.19765888549260469,True
A,0.0,0.29467877379280627,True
A,0.0,0.6624495822510515,True
A,0.0,0.5324140272781213,True
A,0.0,0.28390610241108516,True
A,0.0,0.42672683120906574,True
A,0.0,0.9149063813927585,True
A,0.0,0.0717452865683692,False
A,0.0,0.3504110684712002,False
A,0.0,0.7337979277462428,True
A,0.0,0.15504058027179457,False
A,0.0,0.0,False
A,0.0,0.0,True
A,0.0,0.4954109219271482,True
A,0.0,0.3833765580659897,True
A,0.0,0.37331250701716134,False
A,0.0,0.3913409618506588,True
A,0.0,0.9259067779820048,True
A,0.0,0.02090559836862249,False
A,0.0,0.3284768237951533,True
A,0.0,0.0,False
A,0.0,0.7929453724330436,True
A,0.0,0.018749192793631297,False
A,0.0,0.09280401337810895,False
A,0.0,0.003774978715910704,False
A,0.0,0.0,False
A,0.0,0.885319800370304,True
A,0.0,0.18778731087662937,True
A,0.0,0.0,False
A,0.0,0.9865774316098462,True
A,0.0,0.4710922995941813,True
A,0.0,0.03142594817188504,False
A,0.0,0.0,False
A,0.0,0.0,True
A,0.0,0.6110486697019206,True
A,0.0,0.4212508104984094,True
A,0.0,0.5934074032861317,True
A,0.0,0.2384420367963942,False
A,0.0,0.0,False
A,0.0,0.0,False
A,0.0,0.0,False
A,0.0,0.07466707833597264,False
A,0.0,0.2711765583394976,False
A,0.0,0.32303066375699885,True
A,0.0,0.1954687425786369,False
A,0.0,0.0,False
A,0.0,0.0,False
A,0.0,0.872547351929287,True
A,0.0,0.10997259313065832,False
A,0.0,0.8770774442954973,True
A,0.0,0.0,False
A,0.0,0.3750845839617487,True
A,0.0,0.8951904479098864,True
A,0.0,0.6533687455276637,True
A,0.0,0.2826802589623031,False
A,0.0,0.0,True
A,0.0,0.5782178962477553,True
A,0.0,0.3183156797101826,False
A,0.0,0.0,False
A,0.0,0.0,False
A,0.0,0.6024049463837172,True
A,0.0,0.0,False
A,0.0,0.0,False
A,0.0,0.4455016388121926,True
A,0.0,0.4194766761381655,True
A,0.0,0.1335094844871998,True
A,0.0,0.0,False
A,0.0,0.3168211089322609,True
A,0.0,0.0,False
A,0.0,0.0,False
A,0.0,0.65601860965797,True
A,0.0,0.0,False
A,0.0,0.4731934305579767,True
A,0.0,0.0,False
A,0.0,0.0,False
A,0.0,0.9240070828713349,True
A,0.0,0.21390107263316538,True
A,0.0,0.6240839238335688,True
A,0.0,0.10250986683316765,False
A,0.0,0.0,False
A,0.0,0.4887006124113715,True
A,0.0,0.5505367232529238,True
A,0.0,0.11493887033227601,False
A,0.0,0.7306102940072385,True
A,0.0,0.12839472046366995,False
A,0.0,0.38411607161484873,True
A,0.0,0.19167522462230413,False
A,0.0,0.0,False
A,0.0,0.40386248282878545,True
A,0.0,0.7542961761452902,True
A,0.0,0.7803939329910485,True
A,0.0,0.17778850911702526,False
A,0.0,0.2853441150613515,True
A,0.0,0.17203808418861577,False
A,0.0,0.9748855387199995,True
A,0.0,0.13366286631508362,False
A,0.0,0.3356908353746999,False
A,0.0,0.7810162139834885,True
A,0.0,0.6297628476313114,True
A,0.0,0.3427849046133079,False
A,0.0,0.15205578507458084,True
A,0.0,0.0,False
A,0.0,0.9379077690925428,True
A,0.0,0.0,False
A,0.0,0.0,False
A,0.0,0.0,False
A,0.0,0.41998339298292053,False
A,0.0,0.01963746789074794,False
A,0.0,0.2769695473260956,True
A,0.0,0.0,False
A,0.0,0.08360423846943987,False
A,0.0,0.6139713275546035,True
A,0.0,0.6826603796596109,True
A,0.0,0.0,False
A,0.0,0.4192042386722491,True
A,0.0,0.09529068564956478,False
A,0.0,0.0,False
A,0.0,0.6223280692944975,True
A,0.0,0.8945252503959462,True
A,0.0,0.6116136801324411,True
A,0.0,0.0,False
A,0.0,0.42628188672090717,False
A,0.0,0.17156702095739795,False
A,0.0,0.28905486500840705,True
A,0.0,0.0,False
A,0.0,0.0,False
A,0.0,0.0,False
A,0.0,0.0,False
A,0.0,0.24903676270442066,True
A,0.0,0.0,False
A,0.0,0.0,False
A,0.0,0.5326867803336707,True
A,0.0,0.3279491629488833,True
A,0.0,0.5939001136306608,True
A,0.0,0.0,False
A,0.0,0.0,False
A,0.0,0.9053092957070245,True
A,0.0,0.0,False
A,0.0,0.0,False
A,0.0,0.2686660516258256,True
A,0.0,0.0,False
A,0.0,0.0,False
A,0.0,0.22705736230028772,False
A,0.0,0.9169191236201311,True
A,0.0,0.0,False
A,0.0,0.0,False
A,0.0,0.0,True
A,0.0,0.0,False
A,0.0,0.0,False
A,0.0,0.8169105724821386,True
A,0.0,0.0,False
A,0.0,0.45687736847338034,True
A,0.0,0.7325371074939713,True
A,0.0,0.4829638499430491,True
A,0.0,0.0,False
A,0.0,0.22150342578885607,True
A,0.0,0.36363117776051035,True
A,0.0,0.0930301516344253,False
A,0.0,0.13370128098093592,False
A,0.0,0.0,True
A,0.0,0.7175230776573913,True
A,0.0,0.33530691724926787,True
A,0.0,0.4346202629984718,True
A,0.0,0.0,True
A,0.0,0.7182608385181236,True
A,0.0,0.0,False
A,0.0,0.2670691476672856,True
A,0.0,0.22453434082286927,True
A,0.0,0.8157877251422352,True
A,0.0,0.5719700950559148,True
A,0.0,0.14035457020446762,False
A,0.0,0.0,False
A,0.0,0.056358755361945456,False
A,0.0,0.0,False
A,0.0,0.4515894701829545,True
A,0.0,0.1847588107262791,False
A,0.0,0.0,False
A,0.0,0.03530065723971443,True
A,0.0,0.3018210905049712,False
A,0.0,0.3923132522228061,True
A,0.0,0.7827051950741931,True
A,0.0,0.43043691918031557,True
A,0.0,0.6051742910164166,True
A,0.0,0.04716564592961536,False
A,0.0,0.0,False
A,0.0,0.0,False
A,0.0,0.0,False
A,0.0,0.658858317326422,True
A,0.0,0.28214925998126994,False
A,0.0,0.21188939498815118,True
A,0.0,0.7988826500767313,True
A,0.0,0.0,False
A,0.0,0.06266772945850452,True
A,0.0,0.0,False
A,0.0,0.0,True
A,0.0,0.4285236976428518,False
A,0.0,0.07588785896817107,False
A,0.0,0.15855914033325125,True
A,0.0,0.04127836593277456,False
A,0.0,0.32092139729359115,True
A,0.0,0.3220494822022347,True
A,0.0,0.13189836142909805,False
A,0.0,0.0,False
A,0.0,0.9384485896168142,True
A,0.0,0.4223457343123652,True
A,0.0,0.7782499627645725,True
A,0.0,0.6177952957172328,True
A,0.0,0.0,False
A,0.0,0.21919727772724762,False
A,0.0,0.26227431059308626,False
A,0.0,0.18284354864170038,False
A,0.0,0.8181680186758383,True
A,0.0,0.0,False
A,0.0,0.06149764967789895,False
A,0.0,0.6808034354373977,True
A,0.0,0.0,False
A,0.0,0.0,False
A,0.0,0.04640777699062726,False
A,0.0,0.48275578436692423,True
A,0.0,0.4749636841408009,True
A,0.0,0.0,False
A,0.0,0.0,False
A,0.0,0.8406942905251803,True
A,0.0,0.0,False
A,0.0,0.14385879103564825,False
A,0.0,0.0,False
A,0.0,0.12468876362688952,False
A,0.0,0.7341371927345111,True
A,0.0,0.0,False
A,0.0,0.34273550430499156,True
A,0.0,0.26703984538101044,False
A,0.0,0.13990022015936865,True
A,0.0,0.0,False
A,0.0,0.009625381575521064,False
A,0.0,0.4063300943895456,True
A,0.0,0.0,False
A,0.0,0.0010733276376317935,False
A,0.0,0.798844779629849,True
A,0.0,0.9341670618885638,True
A,0.0,0.2885221327587131,True
A,0.0,0.7333753962033989,True
A,0.0,0.0,False
A,0.0,0.12552670871164084,False
A,0.0,0.0,True
A,0.0,0.568707450148154,True
A,0.0,0.0,False
A,0.0,0.3106025871958643,False
A,0.0,0.5039450984574853,True
A,0.0,0.917501217405666,True
A,0.0,0.7497438717613842,True
A,0.0,0.7819902019834715,True
A,0.0,0.0,False
A,0.0,0.03918296937620214,False
A,0.0,0.0,False
A,0.0,0.9249268463711718,True
A,0.0,0.6687578816301655,True
A,0.0,0.38728886006364205,True
A,0.0,0.3889640824118227,True
A,0.0,0.0,False
A,0.0,0.22111276183254935,True
A,0.0,0.5331030977159423,True
A,0.0,0.1774566361533232,False
A,0.0,0.010558228107175549,False
A,0.0,0.18988627514478462,False
A,0.0,0.7302999318044129,True
A,0.0,0.0,False
A,0.0,0.5128412314722228,True
A,0.0,0.0,False
A,0.0,0.0,False
A,0.0,0.06482604550897642,False
A,0.0,0.0,False
A,0.0,0.1595350609808156,False
A,0.0,0.0951163724994949,True
A,0.0,0.5728385954959655,True
A,0.0,0.7659464692343527,True
A,0.0,0.0,False
A,0.0,0.9191871274971403,True
A,0.0,0.3946342831650832,False
A,0.0,0.4409359674902974,True
A,0.0,0.7408006025089195,True
A,0.0,0.8668524370342197,True
A,0.0,0.0,False
A,0.0,0.6068890028441002,True
A,0.0,0.9466235228811973,True
A,0.0,0.9083962314484937,True
A,0.0,0.40517796397064965,True
A,0.0,0.03195521876314955,False
A,0.0,0.5017993243645819,True
A,0.0,0.9570376310191379,True
A,0.0,0.0,False
A,0.0,0.0,False
A,0.0,0.8515980488935062,True
A,0.0,0.6272037492235819,True
A,0.0,0.8628739275914711,True
A,0.0,0.0,False
A,0.0,0.4929365647134576,True
A,0.0,0.0,False
A,0.0,0.2306105333450832,True
A,0.0,0.0,False
A,0.0,0.0,False
A,0.0,0.0,False
A,0.0,0.5631787721736792,True
A,0.0,0.5000861310446286,True
A,0.0,0.0446013887281409,False
A,0.0,0.7417095143033269,True
A,0.0,0.6827844455960408,False
A,0.0,0.0,False
A,0.0,0.35871213808038993,True
A,0.0,0.43834994061813615,True
A,0.0,0.28607076460408964,True
A,0.0,0.7184560347336976,True
A,0.0,0.12749928537471833,True
A,0.0,0.0,False
A,0.0,0.25354922932703083,True
A,0.0,0.09174616486224829,False
A,0.0,0.467486712738981,True
A,0.0,0.41490680176674655,True
A,0.0,0.9740079448781233,True
A,0.0,0.0,False
A,0.0,0.47421339833166665,True
A,0.0,0.09586495049174515,False
A,0.0,0.0,False
A,0.0,0.0,False
A,0.0,0.5775758775602139,True
A,0.0,0.0,False
A,0.0,0.044126414279065496,False
A,0.0,0.07344409152001685,False
A,0.0,0.9006735337696747,True
A,0.0,0.2600275615548715,False
A,0.0,0.746650900518364,True
A,0.0,0.0,False
A,0.0,0.6527269358895562,True
A,0.0,0.050410882292375,True
A,0.0,0.4595671707888416,True
A,0.0,0.5159329711787357,True
A,0.0,0.5766903276061206,True
A,0.0,0.6821565205099176,True
A,0.0,0.442881221854983,True
A,0.0,0.9097453300368077,True
A,0.0,0.7065393442208157,True
A,0.0,0.0,False
A,0.0,0.2531425893164918,False
A,0.0,0.0,False
A,0.0,0.7498162572919845,True
A,0.0,0.0,False
A,0.0,0.36727932184155077,False
A,0.0,0.2139461504665755,False
A,0.0,0.5223247097182899,True
A,0.0,0.857948078164705,True
A,0.0,0.21800406061254296,True
A,0.0,0.0,False
A,0.0,0.2277560366229342,False
A,0.0,0.0,False
A,0.0,0.6146121105514513,True
A,0.0,0.7964736636083873,True
A,0.0,0.0,False
A,0.0,0.6315747623261156,True
A,0.0,0.0,False
A,0.0,0.0,False
A,0.0,0.681306309116194,True
A,0.0,0.0,False
A,0.0,0.0,False
A,0.0,0.4432335712798767,True
A,0.0,0.6993256799961293,True
A,0.0,0.46111907300601773,True
A,0.0,0.33070319170339235,True
A,0.0,0.2096938339193748,True
A,0.0,0.0,False
A,0.0,0.7777691500707403,True
A,0.0,0.0,False
A,0.0,0.0,False
A,0.0,0.0,True
A,0.0,0.6738154668869615,True
A,0.0,0.523544250351994,True
A,0.0,0.0,False
A,0.0,0.5883446183697051,True
A,0.0,0.0,False
A,0.0,0.0,False
A,0.0,0.0,False
A,0.0,0.5621277864972969,True
A,0.0,0.0,False
A,0.0,0.37205727485293205,True
A,0.0,0.0,False
A,0.0,0.0,False
A,0.0,0.6458339773339054,True
A,0.0,0.34124940609098053,True
A,0.0,0.7676871573380918,True
A,0.0,0.6179341841823089,True
A,0.0,0.31707259154211487,True
A,0.0,0.3503952609111709,True
A,0.0,0.6377386461058355,True
A,0.0,0.9312310586334631,True
A,0.0,0.0,False
A,0.0,0.9740693660959236,True
A,0.0,0.7662764694198073,True
A,0.0,0.5604493209375129,True
A,0.0,0.2844462255548893,True
A,0.0,0.08312682846712494,False
A,0.0,0.7550051486438079,True
A,0.0,0.0,False
A,0.0,0.8309731317389822,True
A,0.0,0.14802867369852235,True
A,0.0,0.6530835250435231,True
A,0.0,0.9974738426660312,True
A,0.0,0.0,False
A,0.0,0.2270350007595885,True
A,0.0,0.7550298209659912,True
A,0.0,0.9708225007331867,True
A,0.0,0.2900407259555696,False
A,0.0,0.8771804204044148,True
A,0.0,0.6225639362208338,True
A,0.0,0.42968505522835876,True
A,0.0,0.5594625373183378,True
A,0.0,0.05948776999619798,False
A,0.0,0.2585095429604142,False
A,0.0,0.14435453755381233,True
A,0.0,0.6622328668791394,True
A,0.0,0.3413431585949054,True
A,0.0,0.7416365974829284,True
A,0.0,0.0,False
A,0.0,0.0,False
A,0.0,0.5104694121147274,True
A,0.0,0.049851178230480575,False
A,0.0,0.0,False
A,0.0,0.5058461277094469,True
A,0.0,0.09377458550057594,False
A,0.0,0.532100622619079,True
A,0.0,0.0,False
A,0.0,0.27263124898401747,True
A,0.0,0.0,False
A,0.0,0.9634437988224106,True
A,0.0,0.7394569851686627,True
A,0.0,0.8467526728679097,True
A,0.0,0.0,False
A,0.0,0.29918677460192544,False
A,0.0,0.5044834781612697,True
A,0.0,0.2294045670352438,True
A,0.0,0.119604115986233,False
A,0.0,0.28188092749951865,True
A,0.0,0.31315932261368407,True
A,0.0,0.0,False
A,0.0,0.23428960515070807,False
A,0.0,0.0,False
A,0.0,0.5000910221984305,True
A,0.0,0.8769024387561225,True
A,0.0,0.29556893798141204,True
A,0.0,0.3259141172737191,False
A,0.0,0.9856256162381659,True
A,0.0,0.7588567114867564,True
A,0.0,0.0,False
A,0.0,0.30807509273771094,True
A,0.0,0.0,False
A,0.0,0.9303647267424071,True
A,0.0,0.9289336201850861,True
A,0.0,0.39600210672541236,True
A,0.0,0.0,False
A,0.0,0.035415985998081156,False
A,0.0,0.0,True
A,0.0,0.6312635810451294,True
A,0.0,0.0,False
A,0.0,0.4402550476575171,False
A,0.0,0.0,True
A,0.0,0.7315674167328904,True
A,0.0,0.16012140695776966,False
A,0.0,0.9520562420112799,True
A,0.0,0.3130264618394669,True
A,0.0,0.0,False
A,0.0,0.041355647505784465,False
A,0.0,0.0,False
A,0.0,0.0,False
A,0.0,0.18245003680906535,True
A,0.0,0.8376051090171325,True
A,0.0,0.5414486190951452,True
A,0.0,0.547497871737159,True
A,0.0,0.6773290295311751,True
A,0.0,0.745467864443571,True
A,0.0,0.8354669628138728,True
A,0.0,0.3550458489051077,True
A,0.0,0.7195415917407041,True
A,0.0,0.7408054707784141,True
A,0.0,0.9853057806201284,True
A,0.0,0.3505415550180423,True
A,0.0,0.3751802687667892,True
A,0.0,0.6211110483844781,True
A,0.0,0.9396641693006903,True
A,0.0,0.0,False
A,0.0,0.0,True
A,0.0,0.3626612054747995,True
A,0.0,0.1782372454915363,False
A,0.0,0.0,False
A,0.0,0.20862174015676116,True
A,0.0,0.0,False
A,0.0,0.0,False
A,0.0,0.2163191756912226,True
A,0.0,0.9931586228067151,True
A,0.0,0.9986956049981965,True
A,0.0,0.029385206669883646,False
A,0.0,0.0,False
A,0.0,0.0,False
A,0.0,0.7508286985574926,True
A,0.0,0.9722242025346466,True
A,0.0,0.0,False
A,0.0,0.6489187917260366,True
A,0.0,0.7441521565207941,True
A,0.0,0.0,False
A,0.0,0.36941326086551185,False
A,0.0,0.0,True
A,0.0,0.0,False
A,0.0,0.6018818056077537,True
A,0.0,0.12361640841728871,False
A,0.0,0.7763918977634249,True
A,0.0,0.862694426871353,True
A,0.0,0.08777735842257695,False
A,0.0,0.3866043967442757,True
A,0.0,0.1857018365635995,True
A,0.0,0.7243742982113472,True
A,0.0,0.0,False
A,0.0,0.004731172519195304,False
A,0.0,0.6893667692215466,True
A,0.0,0.0,True
A,0.0,0.6654426987005394,True
A,0.0,0.47678850963492647,True
A,0.0,0.47999261333916843,True
A,0.0,0.9863833761618085,True
A,0.0,0.5180923272758632,True
A,0.0,0.22959740011166452,False
A,0.0,0.0,False
A,0.0,0.19934272247697205,False
A,0.0,0.7537148420969634,True
A,0.0,0.33093181573571373,True
A,0.0,0.0,False
A,0.0,0.45884629179943714,True
A,0.0,0.9582133441028555,True
A,0.0,0.48571126237102435,True
A,0.0,0.39523020657110985,True
A,0.0,0.9533801425605842,True
A,0.0,0.0,False
A,0.0,0.8597672338736594,True
A,0.0,0.0,False
A,0.0,0.2324001433829932,True
A,0.0,0.28749929821378495,False
A,0.0,0.9001619615680726,True
A,0.0,0.06093325435044017,False
A,0.0,0.2890337773968219,True
A,0.0,0.0,False
A,0.0,0.9431723413679843,True
A,0.0,0.10341859302158829,False
A,0.0,0.5896531846049217,True
A,0.0,0.30072055110818585,False
A,0.0,0.0,False
A,0.0,0.0,True
A,0.0,0.4299536184519944,True
A,0.0,0.8601621777634588,True
A,0.0,0.5039083936833434,True
A,0.0,0.2931935839295078,False
A,0.0,0.727114334386582,True
A,0.0,0.8031745908051526,True
A,0.0,0.0,False
A,0.0,0.0,False
A,0.0,0.0,False
A,0.0,0.23193504560600608,False
A,0.0,0.30574826735546234,False
A,0.0,0.0,False
A,0.0,0.0,False
A,0.0,0.0,False
A,0.0,0.5206053742726188,True
A,0.0,0.0,False
A,0.0,0.0,False
A,0.0,0.660925192629207,True
A,0.0,0.0,False
A,0.0,0.0,False
A,0.0,0.18215652750014655,False
A,0.0,0.0,False
A,0.0,0.8997506513863033,True
A,0.0,0.140544082079184,False
A,0.0,0.0,True
A,0.0,0.7979280220454027,True
A,0.0,0.5563985777582092,True
A,0.0,0.4047994294986934,False
A,0.0,0.8059318955684144,True
A,0.0,0.02359194910751572,False
A,0.0,0.8165829987317125,True
A,0.0,0.37787397955647173,True
A,0.0,0.0,False
A,0.0,0.8546337197145463,True
A,0.0,0.9556914946567198,True
A,0.0,0.7841922967821687,True
A,0.0,0.33169696842844665,True
A,0.0,0.20465918169526065,True
A,0.0,0.0,True
A,0.0,0.17234165200187979,False
A,0.0,0.297710477684868,True
A,0.0,0.0,False
A,0.0,0.47077181694158343,True
A,0.0,0.12081047303883408,False
A,0.0,0.0,False
A,0.0,0.2949727244007181,True
A,0.0,0.6077150483794787,True
A,0.0,0.5733865634274609,True
A,0.0,0.2315024928995677,False
A,0.0,0.19765888549260469,False
A,0.0,0.29467877379280627,True
A,0.0,0.6624495822510515,True
A,0.0,0.5324140272781213,True
A,0.0,0.28390610241108516,True
A,0.0,0.42672683120906574,True
A,0.0,0.9149063813927585,True
A,0.0,0.0717452865683692,False
A,0.0,0.3504110684712002,False
A,0.0,0.7337979277462428,True
A,0.0,0.15504058027179457,False
A,0.0,0.0,False
A,0.0,0.0,False
A,0.0,0.4954109219271482,True
A,0.0,0.3833765580659897,True
A,0.0,0.37331250701716134,True
A,0.0,0.3913409618506588,True
A,0.0,0.9259067779820048,True
A,0.0,0.02090559836862249,False
A,0.0,0.3284768237951533,True
A,0.0,0.0,False
A,0.0,0.7929453724330436,True
A,0.0,0.018749192793631297,False
A,0.0,0.09280401337810895,False
A,0.0,0.003774978715910704,False
A,0.0,0.0,False
A,0.0,0.885319800370304,True
A,0.0,0.18778731087662937,True
A,0.0,0.0,False
A,0.0,0.9865774316098462,True
A,0.0,0.4710922995941813,True
A,0.0,0.03142594817188504,False
A,0.0,0.0,False
A,0.0,0.0,True
A,0.0,0.6110486697019206,True
A,0.0,0.4212508104984094,True
A,0.0,0.5934074032861317,True
A,0.0,0.2384420367963942,True
A,0.0,0.0,False
A,0.0,0.0,False
A,0.0,0.0,False
A,0.0,0.07466707833597264,False
A,0.0,0.2711765583394976,False
A,0.0,0.32303066375699885,True
A,0.0,0.1954687425786369,False
A,0.0,0.0,False
A,0.0,0.0,False
A,0.0,0.872547351929287,True
A,0.0,0.10997259313065832,False
A,0.0,0.8770774442954973,True
A,0.0,0.0,False
A,0.0,0.3750845839617487,True
A,0.0,0.8951904479098864,True
A,0.0,0.6533687455276637,True
A,0.0,0.2826802589623031,False
A,0.0,0.0,False
A,0.0,0.5782178962477553,True
A,0.0,0.3183156797101826,False
A,0.0,0.0,False
A,0.0,0.0,False
A,0.0,0.6024049463837172,True
A,0.0,0.0,False
A,0.0,0.0,False
A,0.0,0.4455016388121926,True
A,0.0,0.4194766761381655,True
A,0.0,0.1335094844871998,True
A,0.0,0.0,False
A,0.0,0.3168211089322609,True
A,0.0,0.0,False
A,0.0,0.0,False
A,0.0,0.65601860965797,True
A,0.0,0.0,False
A,0.0,0.4731934305579767,True
A,0.0,0.0,False
A,0.0,0.0,False
A,0.0,0.9240070828713349,True
A,0.0,0.21390107263316538,True
A,0.0,0.6240839238335688,True
A,0.0,0.10250986683316765,False
A,0.0,0.0,False
A,0.0,0.4887006124113715,True
A,0.0,0.5505367232529238,True
A,0.0,0.11493887033227601,False
A,0.0,0.7306102940072385,True
A,0.0,0.12839472046366995,False
A,0.0,0.38411607161484873,True
A,0.0,0.19167522462230413,True
A,0.0,0.0,False
A,0.0,0.40386248282878545,True
A,0.0,0.7542961761452902,True
A,0.0,0.7803939329910485,True
A,0.0,0.17778850911702526,False
A,0.0,0.2853441150613515,True
A,0.0,0.17203808418861577,False
A,0.0,0.9748855387199995,True
A,0.0,0.13366286631508362,False
A,0.0,0.3356908353746999,False
A,0.0,0.7810162139834885,True
A,0.0,0.6297628476313114,True
A,0.0,0.3427849046133079,False
A,0.0,0.15205578507458084,True
A,0.0,0.0,False
A,0.0,0.9379077690925428,True
A,0.0,0.0,False
A,0.0,0.0,False
A,0.0,0.0,False
A,0.0,0.41998339298292053,False
A,0.0,0.01963746789074794,False
A,0.0,0.2769695473260956,True
A,0.0,0.0,False
A,0.0,0.08360423846943987,False
A,0.0,0.6139713275546035,True
A,0.0,0.6826603796596109,True
A,0.0,0.0,False
A,0.0,0.4192042386722491,True
A,0.0,0.09529068564956478,False
A,0.0,0.0,False
A,0.0,0.6223280692944975,True
A,0.0,0.8945252503959462,True
A,0.0,0.6116136801324411,True
A,0.0,0.0,False
A,0.0,0.42628188672090717,False
A,0.0,0.17156702095739795,True
A,0.0,0.28905486500840705,True
A,0.0,0.0,False
A,0.0,0.0,False
A,0.0,0.0,False
A,0.0,0.0,False
A,0.0,0.24903676270442066,True
A,0.0,0.0,False
A,0.0,0.0,False
A,0.0,0.5326867803336707,True
A,0.0,0.3279491629488833,True
A,0.0,0.5939001136306608,True
A,0.0,0.0,False
A,0.0,0.0,False
A,0.0,0.9053092957070245,True
A,0.0,0.0,False
A,0.0,0.0,False
A,0.0,0.2686660516258256,True
A,0.0,0.0,False
A,0.0,0.0,True
A,0.0,0.22705736230028772,False
A,0.0,0.9169191236201311,True
A,0.0,0.0,False
A,0.0,0.0,False
A,0.0,0.0,True
A,0.0,0.0,False
A,0.0,0.0,False
A,0.0,0.8169105724821386,True
A,0.0,0.0,False
A,0.0,0.45687736847338034,True
A,0.0,0.7325371074939713,True
A,0.0,0.4829638499430491,True
A,0.0,0.0,False
A,0.0,0.22150342578885607,True
A,0.0,0.36363117776051035,True
A,0.0,0.0930301516344253,False
A,0.0,0.13370128098093592,False
A,0.0,0.0,False
A,0.0,0.7175230776573913,True
A,0.0,0.33530691724926787,True
A,0.0,0.4346202629984718,True
A,0.0,0.0,True
A,0.0,0.7182608385181236,True
A,0.0,0.0,False
A,0.0,0.2670691476672856,True
A,0.0,0.22453434082286927,True
A,0.0,0.8157877251422352,True
A,0.0,0.5719700950559148,True
A,0.0,0.14035457020446762,False
A,0.0,0.0,False
A,0.0,0.056358755361945456,False
A,0.0,0.0,False
A,0.0,0.4515894701829545,True
A,0.0,0.1847588107262791,False
A,0.0,0.0,False
A,0.0,0.03530065723971443,False
A,0.0,0.3018210905049712,True
A,0.0,0.3923132522228061,True
A,0.0,0.7827051950741931,True
A,0.0,0.43043691918031557,True
A,0.0,0.6051742910164166,True
A,0.0,0.04716564592961536,False
A,0.0,0.0,False
A,0.0,0.0,False
A,0.0,0.0,False
A,0.0,0.658858317326422,True
A,0.0,0.28214925998126994,False
A,0.0,0.21188939498815118,False
A,0.0,0.7988826500767313,True
A,0.0,0.0,False
A,0.0,0.06266772945850452,False
A,0.0,0.0,False
A,0.0,0.0,True
A,0.0,0.4285236976428518,False
A,0.0,0.07588785896817107,False
A,0.0,0.15855914033325125,True
A,0.0,0.04127836593277456,False
A,0.0,0.32092139729359115,True
A,0.0,0.3220494822022347,True
A,0.0,0.13189836142909805,False
A,0.0,0.0,False
A,0.0,0.9384485896168142,True
A,0.0,0.4223457343123652,True
A,0.0,0.7782499627645725,True
A,0.0,0.6177952957172328,True
A,0.0,0.0,False
A,0.0,0.21919727772724762,True
A,0.0,0.26227431059308626,False
A,0.0,0.18284354864170038,False
A,0.0,0.8181680186758383,True
A,0.0,0.0,False
A,0.0,0.06149764967789895,True
A,0.0,0.6808034354373977,True
A,0.0,0.0,False
A,0.0,0.0,False
A,0.0,0.04640777699062726,False
A,0.0,0.48275578436692423,True
A,0.0,0.4749636841408009,True
A,0.0,0.0,False
A,0.0,0.0,False
A,0.0,0.8406942905251803,True
A,0.0,0.0,False
A,0.0,0.14385879103564825,False
A,0.0,0.0,False
A,0.0,0.12468876362688952,False
A,0.0,0.7341371927345111,True
A,0.0,0.0,False
A,0.0,0.34273550430499156,True
A,0.0,0.26703984538101044,False
A,0.0,0.13990022015936865,True
A,0.0,0.0,False
A,0.0,0.009625381575521064,False
A,0.0,0.4063300943895456,True
A,0.0,0.0,False
A,0.0,0.0010733276376317935,False
A,0.0,0.798844779629849,True
A,0.0,0.9341670618885638,True
A,0.0,0.2885221327587131,True
A,0.0,0.7333753962033989,True
A,0.0,0.0,False
A,0.0,0.12552670871164084,False
A,0.0,0.0,False
A,0.0,0.568707450148154,True
A,0.0,0.0,False
A,0.0,0.3106025871958643,False
A,0.0,0.5039450984574853,True
A,0.0,0.917501217405666,True
A,0.0,0.7497438717613842,True
A,0.0,0.7819902019834715,True
A,0.0,0.0,False
A,0.0,0.03918296937620214,False
A,0.0,0.0,False
A,0.0,0.9249268463711718,True
A,0.0,0.6687578816301655,True
A,0.0,0.38728886006364205,False
A,0.0,0.3889640824118227,True
A,0.0,0.0,False
A,0.0,0.22111276183254935,True
A,0.0,0.5331030977159423,True
A,0.0,0.1774566361533232,False
A,0.0,0.010558228107175549,False
A,0.0,0.18988627514478462,False
A,0.0,0.7302999318044129,True
A,0.0,0.0,False
A,0.0,0.5128412314722228,True
A,0.0,0.0,False
A,0.0,0.0,False
A,0.0,0.06482604550897642,False
A,0.0,0.0,False
A,0.0,0.1595350609808156,False
A,0.0,0.0951163724994949,False
A,0.0,0.5728385954959655,True
A,0.0,0.7659464692343527,True
A,0.0,0.0,False
A,0.0,0.9191871274971403,True
A,0.0,0.3946342831650832,False
A,0.0,0.4409359674902974,True
A,0.0,0.7408006025089195,True
A,0.0,0.8668524370342197,True
A,0.0,0.0,False
A,0.0,0.6068890028441002,True
A,0.0,0.9466235228811973,True
A,0.0,0.9083962314484937,True
A,0.0,0.40517796397064965,True
A,0.0,0.03195521876314955,False
A,0.0,0.5017993243645819,True
A,0.0,0.9570376310191379,True
A,0.0,0.0,False
A,0.0,0.0,False
A,0.0,0.8515980488935062,True
A,0.0,0.6272037492235819,True
A,0.0,0.8628739275914711,True
A,0.0,0.0,False
A,0.0,0.4929365647134576,True
A,0.0,0.0,False
A,0.0,0.2306105333450832,True
A,0.0,0.0,False
A,0.0,0.0,False
A,0.0,0.0,False
A,0.0,0.5631787721736792,True
A,0.0,0.5000861310446286,True
A,0.0,0.0446013887281409,False
A,0.0,0.7417095143033269,True
A,0.0,0.6827844455960408,True
A,0.0,0.0,False
A,0.0,0.35871213808038993,True
A,0.0,0.43834994061813615,True
A,0.0,0.28607076460408964,True
A,0.0,0.7184560347336976,True
A,0.0,0.12749928537471833,True
A,0.0,0.0,False
A,0.0,0.25354922932703083,True
A,0.0,0.09174616486224829,False
A,0.0,0.467486712738981,True
A,0.0,0.41490680176674655,True
A,0.0,0.9740079448781233,True
A,0.0,0.0,False
A,0.0,0.47421339833166665,True
A,0.0,0.09586495049174515,False
A,0.0,0.0,False
A,0.0,0.0,False
A,0.0,0.5775758775602139,True
A,0.0,0.0,False
A,0.0,0.044126414279065496,False
A,0.0,0.07344409152001685,False
A,0.0,0.9006735337696747,True
A,0.0,0.2600275615548715,False
A,0.0,0.746650900518364,True
A,0.0,0.0,False
A,0.0,0.6527269358895562,True
A,0.0,0.050410882292375,True
A,0.0,0.4595671707888416,True
A,0.0,0.5159329711787357,True
A,0.0,0.5766903276061206,True
A,0.0,0.6821565205099176,True
A,0.0,0.442881221854983,True
A,0.0,0.9097453300368077,True
A,0.0,0.7065393442208157,True
A,0.0,0.0,False
A,0.0,0.2531425893164918,False
A,0.0,0.0,False
A,0.0,0.7498162572919845,True
A,0.0,0.0,False
A,0.0,0.36727932184155077,True
A,0.0,0.2139461504665755,False
A,0.0,0.5223247097182899,True
A,0.0,0.857948078164705,True
A,0.0,0.21800406061254296,True
A,0.0,0.0,False
A,0.0,0.2277560366229342,False
A,0.0,0.0,False
A,0.0,0.6146121105514513,True
A,0.0,0.7964736636083873,True
A,0.0,0.0,False
A,0.0,0.6315747623261156,True
A,0.0,0.0,False
A,0.0,0.0,False
A,0.0,0.681306309116194,True
A,0.0,0.0,False
A,0.0,0.0,False
A,0.0,0.4432335712798767,True
A,0.0,0.6993256799961293,True
A,0.0,0.46111907300601773,True
A,0.0,0.33070319170339235,True
A,0.0,0.2096938339193748,True
A,0.0,0.0,False
A,0.0,0.7777691500707403,True
A,0.0,0.0,False
A,0.0,0.0,False
A,0.0,0.0,True
A,0.0,0.6738154668869615,True
A,0.0,0.523544250351994,True
A,0.0,0.0,False
A,0.0,0.5883446183697051,True
A,0.0,0.0,False
A,0.0,0.0,False
A,0.0,0.0,False
A,0.0,0.5621277864972969,True
A,0.0,0.0,False
A,0.0,0.37205727485293205,True
A,0.0,0.0,False
A,0.0,0.0,False
A,0.0,0.6458339773339054,True
A,0.0,0.34124940609098053,True
A,0.0,0.7676871573380918,True
A,0.0,0.6179341841823089,True
A,0.0,0.31707259154211487,False
A,0.0,0.3503952609111709,True
A,0.0,0.6377386461058355,True
A,0.0,0.9312310586334631,True
A,0.0,0.0,False
A,0.0,0.9740693660959236,True
A,0.0,0.7662764694198073,True
A,0.0,0.5604493209375129,True
A,0.0,0.2844462255548893,True
A,0.0,0.08312682846712494,False
A,0.0,0.7550051486438079,True
A,0.0,0.0,False
A,0.0,0.8309731317389822,True
A,0.0,0.14802867369852235,True
A,0.0,0.6530835250435231,True
A,0.0,0.9974738426660312,True
A,0.0,0.0,False
A,0.0,0.2270350007595885,True
A,0.0,0.7550298209659912,True
A,0.0,0.9708225007331867,True
A,0.0,0.2900407259555696,False
A,0.0,0.8771804204044148,True
A,0.0,0.6225639362208338,True
A,0.0,0.42968505522835876,True
A,0.0,0.5594625373183378,True
A,0.0,0.05948776999619798,False
A,0.0,0.2585095429604142,False
A,0.0,0.14435453755381233,True
A,0.0,0.6622328668791394,True
A,0.0,0.3413431585949054,True
A,0.0,0.7416365974829284,True
A,0.0,0.0,False
A,0.0,0.0,False
A,0.0,0.5104694121147274,True
A,0.0,0.049851178230480575,False
A,0.0,0.0,False
A,0.0,0.5058461277094469,True
A,0.0,0.09377458550057594,False
A,0.0,0.532100622619079,True
A,0.0,0.0,False
A,0.0,0.27263124898401747,True
A,0.0,0.0,False
A,0.0,0.9634437988224106,True
A,0.0,0.7394569851686627,True
A,0.0,0.8467526728679097,True
A,0.0,0.0,False
A,0.0,0.29918677460192544,False
A,0.0,0.5044834781612697,True
A,0.0,0.2294045670352438,True
A,0.0,0.119604115986233,False
A,0.0,0.28188092749951865,True
A,0.0,0.31315932261368407,True
A,0.0,0.0,False
A,0.0,0.23428960515070807,False
A,0.0,0.0,False
A,0.0,0.5000910221984305,True
A,0.0,0.8769024387561225,True
A,0.0,0.29556893798141204,True
A,0.0,0.3259141172737191,False
A,0.0,0.9856256162381659,True
A,0.0,0.7588567114867564,True
A,0.0,0.0,False
A,0.0,0.30807509273771094,True
A,0.0,0.0,False
A,0.0,0.9303647267424071,True
A,0.0,0.9289336201850861,True
A,0.0,0.39600210672541236,True
A,0.0,0.0,False
A,0.0,0.035415985998081156,False
A,0.0,0.0,True
A,0.0,0.6312635810451294,True
A,0.0,0.0,False
A,0.0,0.4402550476575171,False
A,0.0,0.0,True
A,0.0,0.7315674167328904,True
A,0.0,0.16012140695776966,False
A,0.0,0.9520562420112799,True
A,0.0,0.3130264618394669,True
A,0.0,0.0,False
A,0.0,0.041355647505784465,False
A,0.0,0.0,False
A,0.0,0.0,False
A,0.0,0.18245003680906535,True
A,0.0,0.8376051090171325,True
A,0.0,0.5414486190951452,True
A,0.0,0.547497871737159,True
A,0.0,0.6773290295311751,True
A,0.0,0.745467864443571,True
A,0.0,0.8354669628138728,True
A,0.0,0.3550458489051077,True
A,0.0,0.7195415917407041,True
A,0.0,0.7408054707784141,True
A,0.0,0.9853057806201284,True
A,0.0,0.3505415550180423,True
A,0.0,0.3751802687667892,True
A,0.0,0.6211110483844781,True
A,0.0,0.9396641693006903,True
A,0.0,0.0,False
A,0.0,0.0,True
A,0.0,0.3626612054747995,True
A,0.0,0.1782372454915363,False
A,0.0,0.0,False
A,0.0,0.20862174015676116,True
A,0.0,0.0,False
A,0.0,0.0,False
A,0.0,0.2163191756912226,True
A,0.0,0.9931586228067151,True
A,0.0,0.9986956049981965,True
A,0.0,0.029385206669883646,False
A,0.0,0.0,False
A,0.0,0.0,False
A,0.0,0.7508286985574926,True
A,0.0,0.9722242025346466,True
A,0.0,0.0,False
A,0.0,0.6489187917260366,True
A,0.0,0.7441521565207941,True
A,0.0,0.0,False
A,0.0,0.36941326086551185,False
A,0.0,0.0,True
A,0.0,0.0,False
A,0.0,0.6018818056077537,True
A,0.0,0.12361640841728871,True
A,0.0,0.7763918977634249,True
A,0.0,0.862694426871353,True
A,0.0,0.08777735842257695,False
A,0.0,0.3866043967442757,True
A,0.0,0.1857018365635995,False
A,0.0,0.7243742982113472,True
A,0.0,0.0,False
A,0.0,0.004731172519195304,False
A,0.0,0.6893667692215466,True
A,0.0,0.0,True
A,0.0,0.6654426987005394,True
A,0.0,0.47678850963492647,True
A,0.0,0.47999261333916843,True
A,0.0,0.9863833761618085,True
A,0.0,0.5180923272758632,True
A,0.0,0.22959740011166452,False
A,0.0,0.0,False
A,0.0,0.19934272247697205,False
A,0.0,0.7537148420969634,True
A,0.0,0.33093181573571373,True
A,0.0,0.0,False
A,0.0,0.45884629179943714,True
A,0.0,0.9582133441028555,True
A,0.0,0.48571126237102435,True
A,0.0,0.39523020657110985,True
A,0.0,0.9533801425605842,True
A,0.0,0.0,False
A,0.0,0.8597672338736594,True
A,0.0,0.0,False
A,0.0,0.2324001433829932,True
A,0.0,0.28749929821378495,False
A,0.0,0.9001619615680726,True
A,0.0,0.06093325435044017,False
A,0.0,0.2890337773968219,True
A,0.0,0.0,False
A,0.0,0.9431723413679843,True
A,0.0,0.10341859302158829,False
A,0.0,0.5896531846049217,True
A,0.0,0.30072055110818585,False
A,0.0,0.0,True
A,0.0,0.0,False
A,0.0,0.4299536184519944,True
A,0.0,0.8601621777634588,True
A,0.0,0.5039083936833434,True
A,0.0,0.2931935839295078,False
A,0.0,0.727114334386582,True
A,0.0,0.8031745908051526,True
A,0.0,0.0,False
A,0.0,0.0,False
A,0.0,0.0,False
A,0.0,0.23193504560600608,False
A,0.0,0.30574826735546234,False
A,0.0,0.0,False
A,0.0,0.0,False
A,0.0,0.0,False
A,0.0,0.5206053742726188,True
A,0.0,0.0,False
A,0.0,0.0,False
A,0.0,0.660925192629207,True
A,0.0,0.0,False
A,0.0,0.0,False
A,0.0,0.18215652750014655,True
A,0.0,0.0,False
A,0.0,0.8997506513863033,True
A,0.0,0.140544082079184,False
A,0.0,0.0,True
A,0.0,0.7979280220454027,True
A,0.0,0.5563985777582092,True
A,0.0,0.4047994294986934,False
A,0.0,0.8059318955684144,True
A,0.0,0.02359194910751572,False
A,0.0,0.8165829987317125,True
A,0.0,0.37787397955647173,True
A,0.0,0.0,False
A,0.0,0.8546337197145463,True
A,0.0,0.9556914946567198,True
A,0.0,0.7841922967821687,True
A,0.0,0.33169696842844665,True
A,0.0,0.20465918169526065,True
A,0.0,0.0,False
A,0.0,0.17234165200187979,False
A,0.0,0.297710477684868,True
A,0.0,0.0,False
A,0.0,0.47077181694158343,True
A,0.0,0.12081047303883408,False
A,0.0,0.0,False
A,0.0,0.2949727244007181,False
A,0.0,0.6077150483794787,True
A,0.0,0.5733865634274609,True
A,0.0,0.2315024928995677,False
A,0.0,0.19765888549260469,True
A,0.0,0.29467877379280627,True
A,0.0,0.6624495822510515,True
A,0.0,0.5324140272781213,True
A,0.0,0.28390610241108516,True
A,0.0,0.42672683120906574,True
A,0.0,0.9149063813927585,True
A,0.0,0.0717452865683692,False
A,0.0,0.3504110684712002,False
A,0.0,0.7337979277462428,True
A,0.0,0.15504058027179457,False
A,0.0,0.0,False
A,0.0,0.0,False
A,0.0,0.4954109219271482,True
A,0.0,0.3833765580659897,True
A,0.0,0.37331250701716134,True
A,0.0,0.3913409618506588,True
A,0.0,0.9259067779820048,True
A,0.0,0.02090559836862249,False
A,0.0,0.3284768237951533,True
A,0.0,0.0,False
A,0.0,0.7929453724330436,True
A,0.0,0.018749192793631297,False
A,0.0,0.09280401337810895,False
A,0.0,0.003774978715910704,False
A,0.0,0.0,False
A,0.0,0.885319800370304,True
A,0.0,0.18778731087662937,True
A,0.0,0.0,False
A,0.0,0.9865774316098462,True
A,0.0,0.4710922995941813,True
A,0.0,0.03142594817188504,False
A,0.0,0.0,False
A,0.0,0.0,True
A,0.0,0.6110486697019206,True
A,0.0,0.4212508104984094,True
A,0.0,0.5934074032861317,True
A,0.0,0.2384420367963942,True
A,0.0,0.0,False
A,0.0,0.0,False
A,0.0,0.0,False
A,0.0,0.07466707833597264,False
A,0.0,0.2711765583394976,False
A,0.0,0.32303066375699885,True
A,0.0,0.1954687425786369,False
A,0.0,0.0,False
A,0.0,0.0,False
A,0.0,0.872547351929287,True
A,0.0,0.10997259313065832,False
A,0.0,0.8770774442954973,True
A,0.0,0.0,False
A,0.0,0.3750845839617487,True
A,0.0,0.8951904479098864,True
A,0.0,0.6533687455276637,True
A,0.0,0.2826802589623031,False
A,0.0,0.0,True
A,0.0,0.5782178962477553,True
A,0.0,0.3183156797101826,True
A,0.0,0.0,False
A,0.0,0.0,False
A,0.0,0.6024049463837172,True
A,0.0,0.0,False
A,0.0,0.0,False
A,0.0,0.4455016388121926,True
A,0.0,0.4194766761381655,True
A,0.0,0.1335094844871998,True
A,0.0,0.0,False
A,0.0,0.3168211089322609,True
A,0.0,0.0,False
A,0.0,0.0,False
A,0.0,0.65601860965797,True
A,0.0,0.0,False
A,0.0,0.4731934305579767,True
A,0.0,0.0,False
A,0.0,0.0,False
A,0.0,0.9240070828713349,True
A,0.0,0.21390107263316538,True
A,0.0,0.6240839238335688,True
A,0.0,0.10250986683316765,False
A,0.0,0.0,False
A,0.0,0.4887006124113715,True
A,0.0,0.5505367232529238,True
A,0.0,0.11493887033227601,False
A,0.0,0.7306102940072385,True
A,0.0,0.12839472046366995,False
A,0.0,0.38411607161484873,True
A,0.0,0.19167522462230413,True
A,0.0,0.0,False
A,0.0,0.40386248282878545,True
A,0.0,0.7542961761452902,True
A,0.0,0.7803939329910485,True
A,0.0,0.17778850911702526,False
A,0.0,0.2853441150613515,True
A,0.0,0.17203808418861577,False
A,0.0,0.9748855387199995,True
A,0.0,0.13366286631508362,False
A,0.0,0.3356908353746999,False
A,0.0,0.7810162139834885,True
A,0.0,0.6297628476313114,True
A,0.0,0.3427849046133079,False
A,0.0,0.15205578507458084,True
A,0.0,0.0,False
A,0.0,0.9379077690925428,True
A,0.0,0.0,False
A,0.0,0.0,True
A,0.0,0.0,False
A,0.0,0.41998339298292053,False
A,0.0,0.01963746789074794,False
A,0.0,0.2769695473260956,True
A,0.0,0.0,False
A,0.0,0.08360423846943987,False
A,0.0,0.6139713275546035,True
A,0.0,0.6826603796596109,True
A,0.0,0.0,False
A,0.0,0.4192042386722491,True
A,0.0,0.09529068564956478,False
A,0.0,0.0,False
A,0.0,0.6223280692944975,True
A,0.0,0.8945252503959462,True
A,0.0,0.6116136801324411,True
A,0.0,0.0,False
A,0.0,0.42628188672090717,True
A,0.0,0.17156702095739795,True
A,0.0,0.28905486500840705,True
A,0.0,0.0,False
A,0.0,0.0,False
A,0.0,0.0,False
A,0.0,0.0,False
A,0.0,0.24903676270442066,True
A,0.0,0.0,False
A,0.0,0.0,False
A,0.0,0.5326867803336707,True
A,0.0,0.3279491629488833,True
A,0.0,0.5939001136306608,True
A,0.0,0.0,False
A,0.0,0.0,False
A,0.0,0.9053092957070245,True
A,0.0,0.0,False
A,0.0,0.0,False
A,0.0,0.2686660516258256,True
A,0.0,0.0,False
A,0.0,0.0,True
A,0.0,0.22705736230028772,False
A,0.0,0.9169191236201311,True
A,0.0,0.0,False
A,0.0,0.0,False
A,0.0,0.0,True
A,0.0,0.0,False
A,0.0,0.0,False
A,0.0,0.8169105724821386,True
A,0.0,0.0,False
A,0.0,0.45687736847338034,True
A,0.0,0.7325371074939713,True
A,0.0,0.4829638499430491,True
A,0.0,0.0,False
A,0.0,0.22150342578885607,False
A,0.0,0.36363117776051035,True
A,0.0,0.0930301516344253,False
A,0.0,0.13370128098093592,False
A,0.0,0.0,False
A,0.0,0.7175230776573913,True
A,0.0,0.33530691724926787,True
A,0.0,0.4346202629984718,True
A,0.0,0.0,True
A,0.0,0.7182608385181236,True
A,0.0,0.0,False
A,0.0,0.2670691476672856,True
A,0.0,0.22453434082286927,True
A,0.0,0.8157877251422352,True
A,0.0,0.5719700950559148,True
A,0.0,0.14035457020446762,False
A,0.0,0.0,False
A,0.0,0.056358755361945456,False
A,0.0,0.0,False
A,0.0,0.4515894701829545,True
A,0.0,0.1847588107262791,False
A,0.0,0.0,False
A,0.0,0.03530065723971443,False
A,0.0,0.3018210905049712,True
A,0.0,0.3923132522228061,True
A,0.0,0.7827051950741931,True
A,0.0,0.43043691918031557,True
A,0.0,0.6051742910164166,True
A,0.0,0.04716564592961536,False
A,0.0,0.0,False
A,0.0,0.0,True
A,0.0,0.0,False
A,0.0,0.658858317326422,True
A,0.0,0.28214925998126994,False
A,0.0,0.21188939498815118,False
A,0.0,0.7988826500767313,True
A,0.0,0.0,False
A,0.0,0.06266772945850452,False
A,0.0,0.0,False
A,0.0,0.0,True
A,0.0,0.4285236976428518,False
A,0.0,0.07588785896817107,False
A,0.0,0.15855914033325125,True
A,0.0,0.04127836593277456,False
A,0.0,0.32092139729359115,True
A,0.0,0.3220494822022347,True
A,0.0,0.13189836142909805,False
A,0.0,0.0,False
A,0.0,0.9384485896168142,True
A,0.0,0.4223457343123652,True
A,0.0,0.7782499627645725,True
A,0.0,0.6177952957172328,True
A,0.0,0.0,False
A,0.0,0.21919727772724762,True
A,0.0,0.26227431059308626,False
A,0.0,0.18284354864170038,False
A,0.0,0.8181680186758383,True
A,0.0,0.0,False
A,0.0,0.06149764967789895,False
A,0.0,0.6808034354373977,True
A,0.0,0.0,False
A,0.0,0.0,False
A,0.0,0.04640777699062726,False
A,0.0,0.48275578436692423,True
A,0.0,0.4749636841408009,True
A,0.0,0.0,False
A,0.0,0.0,False
A,0.0,0.8406942905251803,True
A,0.0,0.0,False
A,0.0,0.14385879103564825,False
A,0.0,0.0,False
A,0.0,0.12468876362688952,False
A,0.0,0.7341371927345111,True
A,0.0,0.0,False
A,0.0,0.34273550430499156,True
A,0.0,0.26703984538101044,True
A,0.0,0.13990022015936865,True
A,0.0,0.0,False
A,0.0,0.009625381575521064,False
A,0.0,0.4063300943895456,True
A,0.0,0.0,False
A,0.0,0.0010733276376317935,False
A,0.0,0.798844779629849,True
A,0.0,0.9341670618885638,True
A,0.0,0.2885221327587131,True
A,0.0,0.7333753962033989,True
A,0.0,0.0,False
A,0.0,0.12552670871164084,False
A,0.0,0.0,False
A,0.0,0.568707450148154,True
A,0.0,0.0,False
A,0.0,0.3106025871958643,False
A,0.0,0.5039450984574853,True
A,0.0,0.917501217405666,True
A,0.0,0.7497438717613842,True
A,0.0,0.7819902019834715,True
A,0.0,0.0,False
A,0.0,0.03918296937620214,False
A,0.0,0.0,True
A,0.0,0.9249268463711718,True
A,0.0,0.6687578816301655,True
A,0.0,0.38728886006364205,False
A,0.0,0.3889640824118227,True
A,0.0,0.0,False
A,0.0,0.22111276183254935,True
A,0.0,0.5331030977159423,True
A,0.0,0.1774566361533232,False
A,0.0,0.010558228107175549,False
A,0.0,0.18988627514478462,False
A,0.0,0.7302999318044129,True
A,0.0,0.0,False
A,0.0,0.5128412314722228,True
A,0.0,0.0,False
A,0.0,0.0,False
A,0.0,0.06482604550897642,False
A,0.0,0.0,False
A,0.0,0.1595350609808156,False
A,0.0,0.0951163724994949,False
A,0.0,0.5728385954959655,True
A,0.0,0.7659464692343527,True
A,0.0,0.0,False
A,0.0,0.9191871274971403,True
A,0.0,0.3946342831650832,False
A,0.0,0.4409359674902974,True
A,0.0,0.7408006025089195,True
A,0.0,0.8668524370342197,True
A,0.0,0.0,False
A,0.0,0.6068890028441002,True
A,0.0,0.9466235228811973,True
A,0.0,0.9083962314484937,True
A,0.0,0.40517796397064965,True
A,0.0,0.03195521876314955,False
A,0.0,0.5017993243645819,True
A,0.0,0.9570376310191379,True
A,0.0,0.0,False
A,0.0,0.0,False
A,0.0,0.8515980488935062,True
A,0.0,0.6272037492235819,True
A,0.0,0.8628739275914711,True
A,0.0,0.0,False
A,0.0,0.4929365647134576,True
A,0.0,0.0,False
A,0.0,0.2306105333450832,True
A,0.0,0.0,False
A,0.0,0.0,False
A,0.0,0.0,False
A,0.0,0.5631787721736792,True
A,0.0,0.5000861310446286,True
A,0.0,0.0446013887281409,False
A,0.0,0.7417095143033269,True
A,0.0,0.6827844455960408,True
A,0.0,0.0,False
A,0.0,0.35871213808038993,True
A,0.0,0.43834994061813615,True
A,0.0,0.28607076460408964,True
A,0.0,0.7184560347336976,True
A,0.0,0.12749928537471833,True
A,0.0,0.0,False
A,0.0,0.25354922932703083,True
A,0.0,0.09174616486224829,False
A,0.0,0.467486712738981,True
A,0.0,0.41490680176674655,True
A,0.0,0.9740079448781233,True
A,0.0,0.0,False
A,0.0,0.47421339833166665,True
A,0.0,0.09586495049174515,False
A,0.0,0.0,False
A,0.0,0.0,False
A,0.0,0.5775758775602139,True
A,0.0,0.0,False
A,0.0,0.044126414279065496,False
A,0.0,0.07344409152001685,False
A,0.0,0.9006735337696747,True
A,0.0,0.2600275615548715,False
A,0.0,0.746650900518364,True
A,0.0,0.0,False
A,0.0,0.6527269358895562,True
A,0.0,0.050410882292375,True
A,0.0,0.4595671707888416,True
A,0.0,0.5159329711787357,True
A,0.0,0.5766903276061206,True
A,0.0,0.6821565205099176,True
A,0.0,0.442881221854983,True
A,0.0,0.9097453300368077,True
A,0.0,0.7065393442208157,True
A,0.0,0.0,False
A,0.0,0.2531425893164918,False
A,0.0,0.0,False
A,0.0,0.7498162572919845,True
A,0.0,0.0,False
A,0.0,0.36727932184155077,True
A,0.0,0.2139461504665755,False
A,0.0,0.5223247097182899,True
A,0.0,0.857948078164705,True
A,0.0,0.21800406061254296,True
A,0.0,0.0,False
A,0.0,0.2277560366229342,False
A,0.0,0.0,False
A,0.0,0.6146121105514513,True
A,0.0,0.7964736636083873,True
A,0.0,0.0,False
A,0.0,0.6315747623261156,True
A,0.0,0.0,False
A,0.0,0.0,False
A,0.0,0.681306309116194,True
A,0.0,0.0,False
A,0.0,0.0,False
A,0.0,0.4432335712798767,True
A,0.0,0.6993256799961293,True
A,0.0,0.46111907300601773,True
A,0.0,0.33070319170339235,True
A,0.0,0.2096938339193748,True
A,0.0,0.0,False
A,0.0,0.7777691500707403,True
A,0.0,0.0,False
A,0.0,0.0,False
A,0.0,0.0,True
A,0.0,0.6738154668869615,True
A,0.0,0.523544250351994,True
A,0.0,0.0,False
A,0.0,0.5883446183697051,True
A,0.0,0.0,False
A,0.0,0.0,True
A,0.0,0.0,False
A,0.0,0.5621277864972969,True
A,0.0,0.0,False
A,0.0,0.37205727485293205,True
A,0.0,0.0,False
A,0.0,0.0,False
A,0.0,0.6458339773339054,True
A,0.0,0.34124940609098053,False
A,0.0,0.7676871573380918,True
A,0.0,0.6179341841823089,True
A,0.0,0.31707259154211487,False
A,0.0,0.3503952609111709,True
A,0.0,0.6377386461058355,True
A,0.0,0.9312310586334631,True
A,0.0,0.0,False
A,0.0,0.9740693660959236,True
A,0.0,0.7662764694198073,True
A,0.0,0.5604493209375129,True
A,0.0,0.2844462255548893,True
A,0.0,0.08312682846712494,False
A,0.0,0.7550051486438079,True
A,0.0,0.0,False
A,0.0,0.8309731317389822,True
A,0.0,0.14802867369852235,True
A,0.0,0.6530835250435231,True
A,0.0,0.9974738426660312,True
A,0.0,0.0,False
A,0.0,0.2270350007595885,False
A,0.0,0.7550298209659912,True
A,0.0,0.9708225007331867,True
A,0.0,0.2900407259555696,False
A,0.0,0.8771804204044148,True
A,0.0,0.6225639362208338,False
A,0.0,0.42968505522835876,True
A,0.0,0.5594625373183378,True
A,0.0,0.05948776999619798,False
A,0.0,0.2585095429604142,False
A,0.0,0.14435453755381233,False
A,0.0,0.6622328668791394,True
A,0.0,0.3413431585949054,True
A,0.0,0.7416365974829284,True
A,0.0,0.0,False
A,0.0,0.0,False
A,0.0,0.5104694121147274,True
A,0.0,0.049851178230480575,False
A,0.0,0.0,False
A,0.0,0.5058461277094469,True
A,0.0,0.09377458550057594,False
A,0.0,0.532100622619079,True
A,0.0,0.0,False
A,0.0,0.27263124898401747,False
A,0.0,0.0,False
A,0.0,0.9634437988224106,True
A,0.0,0.7394569851686627,True
A,0.0,0.8467526728679097,True
A,0.0,0.0,False
A,0.0,0.29918677460192544,False
A,0.0,0.5044834781612697,True
A,0.0,0.2294045670352438,True
A,0.0,0.119604115986233,False
A,0.0,0.28188092749951865,True
A,0.0,0.31315932261368407,True
A,0.0,0.0,False
A,0.0,0.23428960515070807,False
A,0.0,0.0,True
A,0.0,0.5000910221984305,True
A,0.0,0.8769024387561225,True
A,0.0,0.29556893798141204,True
A,0.0,0.3259141172737191,False
A,0.0,0.9856256162381659,True
A,0.0,0.7588567114867564,True
A,0.0,0.0,False
A,0.0,0.30807509273771094,True
A,0.0,0.0,False
A,0.0,0.9303647267424071,True
A,0.0,0.9289336201850861,True
A,0.0,0.39600210672541236,True
A,0.0,0.0,False
A,0.0,0.035415985998081156,False
A,0.0,0.0,False
A,0.0,0.6312635810451294,True
A,0.0,0.0,False
A,0.0,0.4402550476575171,True
A,0.0,0.0,True
A,0.0,0.7315674167328904,True
A,0.0,0.16012140695776966,False
A,0.0,0.9520562420112799,True
A,0.0,0.3130264618394669,True
A,0.0,0.0,False
A,0.0,0.041355647505784465,False
A,0.0,0.0,False
A,0.0,0.0,False
A,0.0,0.18245003680906535,True
A,0.0,0.8376051090171325,True
A,0.0,0.5414486190951452,True
A,0.0,0.547497871737159,True
A,0.0,0.6773290295311751,True
A,0.0,0.745467864443571,True
A,0.0,0.8354669628138728,True
A,0.0,0.3550458489051077,True
A,0.0,0.7195415917407041,True
A,0.0,0.7408054707784141,True
A,0.0,0.9853057806201284,True
A,0.0,0.3505415550180423,True
A,0.0,0.3751802687667892,True
A,0.0,0.6211110483844781,True
A,0.0,0.9396641693006903,True
A,0.0,0.0,False
A,0.0,0.0,True
A,0.0,0.3626612054747995,True
A,0.0,0.1782372454915363,False
A,0.0,0.0,False
A,0.0,0.20862174015676116,True
A,0.0,0.0,False
A,0.0,0.0,False
A,0.0,0.2163191756912226,True
A,0.0,0.9931586228067151,True
A,0.0,0.9986956049981965,True
A,0.0,0.029385206669883646,False
A,0.0,0.0,False
A,0.0,0.0,True
A,0.0,0.7508286985574926,True
A,0.0,0.9722242025346466,True
A,0.0,0.0,False
A,0.0,0.6489187917260366,True
A,0.0,0.7441521565207941,True
A,0.0,0.0,False
A,0.0,0.36941326086551185,False
A,0.0,0.0,False
A,0.0,0.0,False
A,0.0,0.6018818056077537,True
A,0.0,0.12361640841728871,True
A,0.0,0.7763918977634249,True
A,0.0,0.862694426871353,True
A,0.0,0.08777735842257695,False
A,0.0,0.3866043967442757,True
A,0.0,0.1857018365635995,False
A,0.0,0.7243742982113472,True
A,0.0,0.0,False
A,0.0,0.004731172519195304,False
A,0.0,0.6893667692215466,True
A,0.0,0.0,False
A,0.0,0.6654426987005394,True
A,0.0,0.47678850963492647,True
A,0.0,0.47999261333916843,True
A,0.0,0.9863833761618085,True
A,0.0,0.5180923272758632,True
A,0.0,0.22959740011166452,False
A,0.0,0.0,False
A,0.0,0.19934272247697205,False
A,0.0,0.7537148420969634,True
A,0.0,0.33093181573571373,True
A,0.0,0.0,False
A,0.0,0.45884629179943714,True
A,0.0,0.9582133441028555,True
A,0.0,0.48571126237102435,True
A,0.0,0.39523020657110985,True
A,0.0,0.9533801425605842,True
A,0.0,0.0,False
A,0.0,0.8597672338736594,True
A,0.0,0.0,False
A,0.0,0.2324001433829932,True
A,0.0,0.28749929821378495,False
A,0.0,0.9001619615680726,True
A,0.0,0.06093325435044017,False
A,0.0,0.2890337773968219,False
A,0.0,0.0,False
A,0.0,0.9431723413679843,True
A,0.0,0.10341859302158829,False
A,0.0,0.5896531846049217,False
A,0.0,0.30072055110818585,False
A,0.0,0.0,True
A,0.0,0.0,False
A,0.0,0.4299536184519944,True
A,0.0,0.8601621777634588,True
A,0.0,0.5039083936833434,True
A,0.0,0.2931935839295078,True
A,0.0,0.727114334386582,True
A,0.0,0.8031745908051526,True
A,0.0,0.0,False
A,0.0,0.0,False
A,0.0,0.0,False
A,0.0,0.23193504560600608,False
A,0.0,0.30574826735546234,False
A,0.0,0.0,False
A,0.0,0.0,False
A,0.0,0.0,False
A,0.0,0.5206053742726188,True
A,0.0,0.0,False
A,0.0,0.0,False
A,0.0,0.660925192629207,True
A,0.0,0.0,False
A,0.0,0.0,False
A,0.0,0.18215652750014655,True
A,0.0,0.0,False
A,0.0,0.8997506513863033,True
A,0.0,0.140544082079184,False
A,0.0,0.0,True
A,0.0,0.7979280220454027,True
A,0.0,0.5563985777582092,True
A,0.0,0.4047994294986934,False
A,0.0,0.8059318955684144,True
A,0.0,0.02359194910751572,False
A,0.0,0.8165829987317125,True
A,0.0,0.37787397955647173,False
A,0.0,0.0,False
A,0.0,0.8546337197145463,True
A,0.0,0.9556914946567198,True
A,0.0,0.7841922967821687,True
A,0.0,0.33169696842844665,True
A,0.0,0.20465918169526065,True
A,0.0,0.0,False
A,0.0,0.17234165200187979,False
A,0.0,0.297710477684868,True
A,0.0,0.0,False
A,0.0,0.47077181694158343,True
A,0.0,0.12081047303883408,False
A,0.0,0.0,False
A,0.0,0.2949727244007181,False
A,0.0,0.6077150483794787,True
A,0.0,0.5733865634274609,True
A,0.0,0.2315024928995677,True
A,0.0,0.19765888549260469,True
A,0.0,0.29467877379280627,True
A,0.0,0.6624495822510515,True
A,0.0,0.5324140272781213,True
A,0.0,0.28390610241108516,True
A,0.0,0.42672683120906574,True
A,0.0,0.9149063813927585,True
A,0.0,0.0717452865683692,False
A,0.0,0.3504110684712002,False
A,0.0,0.7337979277462428,True
A,0.0,0.15504058027179457,False
A,0.0,0.0,False
A,0.0,0.0,False
A,0.0,0.4954109219271482,True
A,0.0,0.3833765580659897,True
A,0.0,0.37331250701716134,True
A,0.0,0.3913409618506588,True
A,0.0,0.9259067779820048,True
A,0.0,0.02090559836862249,False
A,0.0,0.3284768237951533,True
A,0.0,0.0,False
A,0.0,0.7929453724330436,True
A,0.0,0.018749192793631297,False
A,0.0,0.09280401337810895,False
A,0.0,0.003774978715910704,False
A,0.0,0.0,False
A,0.0,0.885319800370304,True
A,0.0,0.18778731087662937,True
A,0.0,0.0,False
A,0.0,0.9865774316098462,True
A,0.0,0.4710922995941813,True
A,0.0,0.03142594817188504,False
A,0.0,0.0,False
A,0.0,0.0,True
A,0.0,0.6110486697019206,True
A,0.0,0.4212508104984094,True
A,0.0,0.5934074032861317,True
A,0.0,0.2384420367963942,True
A,0.0,0.0,False
A,0.0,0.0,False
A,0.0,0.0,False
A,0.0,0.07466707833597264,False
A,0.0,0.2711765583394976,False
A,0.0,0.32303066375699885,False
A,0.0,0.1954687425786369,False
A,0.0,0.0,False
A,0.0,0.0,False
A,0.0,0.872547351929287,True
A,0.0,0.10997259313065832,False
A,0.0,0.8770774442954973,True
A,0.0,0.0,False
A,0.0,0.3750845839617487,True
A,0.0,0.8951904479098864,True
A,0.0,0.6533687455276637,True
A,0.0,0.2826802589623031,False
A,0.0,0.0,True
A,0.0,0.5782178962477553,True
A,0.0,0.3183156797101826,True
A,0.0,0.0,False
A,0.0,0.0,False
A,0.0,0.6024049463837172,True
A,0.0,0.0,False
A,0.0,0.0,False
A,0.0,0.4455016388121926,True
A,0.0,0.4194766761381655,True
A,0.0,0.1335094844871998,True
A,0.0,0.0,False
A,0.0,0.3168211089322609,True
A,0.0,0.0,False
A,0.0,0.0,False
A,0.0,0.65601860965797,True
A,0.0,0.0,False
A,0.0,0.4731934305579767,True
A,0.0,0.0,False
A,0.0,0.0,False
A,0.0,0.9240070828713349,True
A,0.0,0.21390107263316538,True
A,0.0,0.6240839238335688,True
A,0.0,0.10250986683316765,False
A,0.0,0.0,False
A,0.0,0.4887006124113715,True
A,0.0,0.5505367232529238,True
A,0.0,0.11493887033227601,False
A,0.0,0.7306102940072385,True
A,0.0,0.12839472046366995,False
A,0.0,0.38411607161484873,True
A,0.0,0.19167522462230413,True
A,0.0,0.0,False
A,0.0,0.40386248282878545,True
A,0.0,0.7542961761452902,True
A,0.0,0.7803939329910485,True
A,0.0,0.17778850911702526,False
A,0.0,0.2853441150613515,True
A,0.0,0.17203808418861577,False
A,0.0,0.9748855387199995,True
A,0.0,0.13366286631508362,False
A,0.0,0.3356908353746999,False
A,0.0,0.7810162139834885,True
A,0.0,0.6297628476313114,True
A,0.0,0.3427849046133079,False
A,0.0,0.15205578507458084,True
A,0.0,0.0,False
A,0.0,0.9379077690925428,True
A,0.0,0.0,False
A,0.0,0.0,True
A,0.0,0.0,False
A,0.0,0.41998339298292053,False
A,0.0,0.01963746789074794,False
A,0.0,0.2769695473260956,True
A,0.0,0.0,False
A,0.0,0.08360423846943987,False
A,0.0,0.6139713275546035,True
A,0.0,0.6826603796596109,True
A,0.0,0.0,False
A,0.0,0.4192042386722491,True
A,0.0,0.09529068564956478,True
A,0.0,0.0,False
A,0.0,0.6223280692944975,True
A,0.0,0.8945252503959462,True
A,0.0,0.6116136801324411,True
A,0.0,0.0,False
A,0.0,0.42628188672090717,True
A,0.0,0.17156702095739795,True
A,0.0,0.28905486500840705,True
A,0.0,0.0,False
A,0.0,0.0,False
A,0.0,0.0,False
A,0.0,0.0,False
A,0.0,0.24903676270442066,True
A,0.0,0.0,False
A,0.0,0.0,False
A,0.0,0.5326867803336707,True
A,0.0,0.3279491629488833,True
A,0.0,0.5939001136306608,True
A,0.0,0.0,False
A,0.0,0.0,False
A,0.0,0.9053092957070245,True
A,0.0,0.0,False
A,0.0,0.0,False
A,0.0,0.2686660516258256,True
A,0.0,0.0,False
A,0.0,0.0,True
A,0.0,0.22705736230028772,False
A,0.0,0.9169191236201311,True
A,0.0,0.0,False
A,0.0,0.0,False
A,0.0,0.0,True
A,0.0,0.0,False
A,0.0,0.0,False
A,0.0,0.8169105724821386,True
A,0.0,0.0,False
A,0.0,0.45687736847338034,True
A,0.0,0.7325371074939713,True
A,0.0,0.4829638499430491,True
A,0.0,0.0,False
A,0.0,0.22150342578885607,False
A,0.0,0.36363117776051035,True
A,0.0,0.0930301516344253,False
A,0.0,0.13370128098093592,False
A,0.0,0.0,False
A,0.0,0.7175230776573913,True
A,0.0,0.33530691724926787,True
A,0.0,0.4346202629984718,True
A,0.0,0.0,True
A,0.0,0.7182608385181236,True
A,0.0,0.0,False
A,0.0,0.2670691476672856,False
A,0.0,0.22453434082286927,True
A,0.0,0.8157877251422352,True
A,0.0,0.5719700950559148,True
A,0.0,0.14035457020446762,False
A,0.0,0.0,False
A,0.0,0.056358755361945456,False
A,0.0,0.0,False
A,0.0,0.4515894701829545,True
A,0.0,0.1847588107262791,False
A,0.0,0.0,False
A,0.0,0.03530065723971443,False
A,0.0,0.3018210905049712,True
A,0.0,0.3923132522228061,True
A,0.0,0.7827051950741931,True
A,0.0,0.43043691918031557,True
A,0.0,0.6051742910164166,True
A,0.0,0.04716564592961536,False
A,0.0,0.0,False
A,0.0,0.0,True
A,0.0,0.0,False
A,0.0,0.658858317326422,True
A,0.0,0.28214925998126994,False
A,0.0,0.21188939498815118,False
A,0.0,0.7988826500767313,True
A,0.0,0.0,False
A,0.0,0.06266772945850452,False
A,0.0,0.0,False
A,0.0,0.0,True
A,0.0,0.4285236976428518,True
A,0.0,0.07588785896817107,False
A,0.0,0.15855914033325125,False
A,0.0,0.04127836593277456,False
A,0.0,0.32092139729359115,True
A,0.0,0.3220494822022347,True
A,0.0,0.13189836142909805,False
A,0.0,0.0,False
A,0.0,0.9384485896168142,True
A,0.0,0.4223457343123652,True
A,0.0,0.7782499627645725,True
A,0.0,0.6177952957172328,True
A,0.0,0.0,False
A,0.0,0.21919727772724762,True
A,0.0,0.26227431059308626,True
A,0.0,0.18284354864170038,False
A,0.0,0.8181680186758383,True
A,0.0,0.0,False
A,0.0,0.06149764967789895,False
A,0.0,0.6808034354373977,True
A,0.0,0.0,False
A,0.0,0.0,False
A,0.0,0.04640777699062726,False
A,0.0,0.48275578436692423,True
A,0.0,0.4749636841408009,True
A,0.0,0.0,False
A,0.0,0.0,False
A,0.0,0.8406942905251803,True
A,0.0,0.0,False
A,0.0,0.14385879103564825,False
A,0.0,0.0,False
A,0.0,0.12468876362688952,False
A,0.0,0.7341371927345111,True
A,0.0,0.0,False
A,0.0,0.34273550430499156,True
A,0.0,0.26703984538101044,False
A,0.0,0.13990022015936865,True
A,0.0,0.0,False
A,0.0,0.009625381575521064,False
A,0.0,0.4063300943895456,True
A,0.0,0.0,False
A,0.0,0.0010733276376317935,False
A,0.0,0.798844779629849,True
A,0.0,0.9341670618885638,True
A,0.0,0.2885221327587131,True
A,0.0,0.7333753962033989,True
A,0.0,0.0,False
A,0.0,0.12552670871164084,True
A,0.0,0.0,False
A,0.0,0.568707450148154,True
A,0.0,0.0,False
A,0.0,0.3106025871958643,False
A,0.0,0.5039450984574853,True
A,0.0,0.917501217405666,True
A,0.0,0.7497438717613842,True
A,0.0,0.7819902019834715,True
A,0.0,0.0,True
A,0.0,0.03918296937620214,False
A,0.0,0.0,True
A,0.0,0.9249268463711718,True
A,0.0,0.6687578816301655,True
A,0.0,0.38728886006364205,False
A,0.0,0.3889640824118227,True
A,0.0,0.0,False
A,0.0,0.22111276183254935,True
A,0.0,0.5331030977159423,True
A,0.0,0.1774566361533232,False
A,0.0,0.010558228107175549,False
A,0.0,0.18988627514478462,False
A,0.0,0.7302999318044129,True
A,0.0,0.0,False
A,0.0,0.5128412314722228,True
A,0.0,0.0,False
A,0.0,0.0,False
A,0.0,0.06482604550897642,False
A,0.0,0.0,False
A,0.0,0.1595350609808156,False
A,0.0,0.0951163724994949,False
A,0.0,0.5728385954959655,True
A,0.0,0.7659464692343527,True
A,0.0,0.0,False
A,0.0,0.9191871274971403,True
A,0.0,0.3946342831650832,True
A,0.0,0.4409359674902974,True
A,0.0,0.7408006025089195,True
A,0.0,0.8668524370342197,True
A,0.0,0.0,False
A,0.0,0.6068890028441002,True
A,0.0,0.9466235228811973,True
A,0.0,0.9083962314484937,True
A,0.0,0.40517796397064965,True
A,0.0,0.03195521876314955,False
A,0.0,0.5017993243645819,True
A,0.0,0.9570376310191379,True
A,0.0,0.0,False
A,0.0,0.0,False
A,0.0,0.8515980488935062,True
A,0.0,0.6272037492235819,True
A,0.0,0.8628739275914711,True
A,0.0,0.0,False
A,0.0,0.4929365647134576,True
A,0.0,0.0,False
A,0.0,0.2306105333450832,True
A,0.0,0.0,False
A,0.0,0.0,False
A,0.0,0.0,False
A,0.0,0.5631787721736792,True
A,0.0,0.5000861310446286,True
A,0.0,0.0446013887281409,False
A,0.0,0.7417095143033269,True
A,0.0,0.6827844455960408,True
A,0.0,0.0,False
A,0.0,0.35871213808038993,True
A,0.0,0.43834994061813615,True
A,0.0,0.28607076460408964,True
A,0.0,0.7184560347336976,True
A,0.0,0.12749928537471833,True
A,0.0,0.0,False
A,0.0,0.25354922932703083,True
A,0.0,0.09174616486224829,False
A,0.0,0.467486712738981,True
A,0.0,0.41490680176674655,True
A,0.0,0.9740079448781233,True
A,0.0,0.0,False
A,0.0,0.47421339833166665,True
A,0.0,0.09586495049174515,False
A,0.0,0.0,False
A,0.0,0.0,False
A,0.0,0.5775758775602139,True
A,0.0,0.0,False
A,0.0,0.044126414279065496,False
A,0.0,0.07344409152001685,False
A,0.0,0.9006735337696747,True
A,0.0,0.2600275615548715,False
A,0.0,0.746650900518364,True
A,0.0,0.0,False
A,0.0,0.6527269358895562,True
A,0.0,0.050410882292375,True
A,0.0,0.4595671707888416,True
A,0.0,0.5159329711787357,True
A,0.0,0.5766903276061206,True
A,0.0,0.6821565205099176,True
A,0.0,0.442881221854983,True
A,0.0,0.9097453300368077,True
A,0.0,0.7065393442208157,True
A,0.0,0.0,False
A,0.0,0.2531425893164918,False
A,0.0,0.0,False
A,0.0,0.7498162572919845,True
A,0.0,0.0,False
A,0.0,0.36727932184155077,False
A,0.0,0.2139461504665755,False
A,0.0,0.5223247097182899,True
A,0.0,0.857948078164705,True
A,0.0,0.21800406061254296,True
A,0.0,0.0,False
A,0.0,0.2277560366229342,True
A,0.0,0.0,False
A,0.0,0.6146121105514513,True
A,0.0,0.7964736636083873,True
A,0.0,0.0,True
A,0.0,0.6315747623261156,True
A,0.0,0.0,False
A,0.0,0.0,False
A,0.0,0.681306309116194,True
A,0.0,0.0,False
A,0.0,0.0,False
A,0.0,0.4432335712798767,True
A,0.0,0.6993256799961293,True
A,0.0,0.46111907300601773,True
A,0.0,0.33070319170339235,True
A,0.0,0.2096938339193748,True
A,0.0,0.0,False
A,0.0,0.7777691500707403,True
A,0.0,0.0,False
A,0.0,0.0,False
A,0.0,0.0,True
A,0.0,0.6738154668869615,True
A,0.0,0.523544250351994,True
A,0.0,0.0,False
A,0.0,0.5883446183697051,True
A,0.0,0.0,False
A,0.0,0.0,False
A,0.0,0.0,False
A,0.0,0.5621277864972969,True
A,0.0,0.0,False
A,0.0,0.37205727485293205,True
A,0.0,0.0,False
A,0.0,0.0,False
A,0.0,0.6458339773339054,True
A,0.0,0.34124940609098053,True
A,0.0,0.7676871573380918,True
A,0.0,0.6179341841823089,True
A,0.0,0.31707259154211487,False
A,0.0,0.3503952609111709,False
A,0.0,0.6377386461058355,True
A,0.0,0.9312310586334631,True
A,0.0,0.0,False
A,0.0,0.9740693660959236,True
A,0.0,0.7662764694198073,True
A,0.0,0.5604493209375129,True
A,0.0,0.2844462255548893,True
A,0.0,0.08312682846712494,False
A,0.0,0.7550051486438079,True
A,0.0,0.0,False
A,0.0,0.8309731317389822,True
A,0.0,0.14802867369852235,False
A,0.0,0.6530835250435231,True
A,0.0,0.9974738426660312,True
A,0.0,0.0,False
A,0.0,0.2270350007595885,False
A,0.0,0.7550298209659912,True
A,0.0,0.9708225007331867,True
A,0.0,0.2900407259555696,False
A,0.0,0.8771804204044148,True
A,0.0,0.6225639362208338,True
A,0.0,0.42968505522835876,True
A,0.0,0.5594625373183378,True
A,0.0,0.05948776999619798,False
A,0.0,0.2585095429604142,False
A,0.0,0.14435453755381233,False
A,0.0,0.6622328668791394,True
A,0.0,0.3413431585949054,True
A,0.0,0.7416365974829284,True
A,0.0,0.0,False
A,0.0,0.0,False
A,0.0,0.5104694121147274,True
A,0.0,0.049851178230480575,False
A,0.0,0.0,False
A,0.0,0.5058461277094469,True
A,0.0,0.09377458550057594,False
A,0.0,0.532100622619079,True
A,0.0,0.0,False
A,0.0,0.27263124898401747,False
A,0.0,0.0,False
A,0.0,0.9634437988224106,True
A,0.0,0.7394569851686627,True
A,0.0,0.8467526728679097,True
A,0.0,0.0,False
A,0.0,0.29918677460192544,False
A,0.0,0.5044834781612697,True
A,0.0,0.2294045670352438,True
A,0.0,0.119604115986233,False
A,0.0,0.28188092749951865,True
A,0.0,0.31315932261368407,True
A,0.0,0.0,False
A,0.0,0.23428960515070807,False
A,0.0,0.0,True
A,0.0,0.5000910221984305,True
A,0.0,0.8769024387561225,True
A,0.0,0.29556893798141204,True
A,0.0,0.3259141172737191,False
A,0.0,0.9856256162381659,True
A,0.0,0.7588567114867564,True
A,0.0,0.0,False
A,0.0,0.30807509273771094,True
A,0.0,0.0,False
A,0.0,0.9303647267424071,True
A,0.0,0.9289336201850861,True
A,0.0,0.39600210672541236,True
A,0.0,0.0,False
A,0.0,0.035415985998081156,False
A,0.0,0.0,False
A,0.0,0.6312635810451294,True
A,0.0,0.0,False
A,0.0,0.4402550476575171,True
A,0.0,0.0,False
A,0.0,0.7315674167328904,True
A,0.0,0.16012140695776966,False
A,0.0,0.9520562420112799,True
A,0.0,0.3130264618394669,True
A,0.0,0.0,False
A,0.0,0.041355647505784465,False
A,0.0,0.0,False
A,0.0,0.0,False
A,0.0,0.18245003680906535,True
A,0.0,0.8376051090171325,True
A,0.0,0.5414486190951452,True
A,0.0,0.547497871737159,True
A,0.0,0.6773290295311751,True
A,0.0,0.745467864443571,True
A,0.0,0.8354669628138728,True
A,0.0,0.3550458489051077,True
A,0.0,0.7195415917407041,True
A,0.0,0.7408054707784141,True
A,0.0,0.9853057806201284,True
A,0.0,0.3505415550180423,True
A,0.0,0.3751802687667892,True
A,0.0,0.6211110483844781,True
A,0.0,0.9396641693006903,True
A,0.0,0.0,False
A,0.0,0.0,True
A,0.0,0.3626612054747995,True
A,0.0,0.1782372454915363,False
A,0.0,0.0,False
A,0.0,0.20862174015676116,True
A,0.0,0.0,False
A,0.0,0.0,False
A,0.0,0.2163191756912226,True
A,0.0,0.9931586228067151,True
A,0.0,0.9986956049981965,True
A,0.0,0.029385206669883646,False
A,0.0,0.0,False
A,0.0,0.0,False
A,0.0,0.7508286985574926,True
A,0.0,0.9722242025346466,True
A,0.0,0.0,False
A,0.0,0.6489187917260366,True
A,0.0,0.7441521565207941,True
A,0.0,0.0,False
A,0.0,0.36941326086551185,False
A,0.0,0.0,False
A,0.0,0.0,False
A,0.0,0.6018818056077537,True
A,0.0,0.12361640841728871,True
A,0.0,0.7763918977634249,True
A,0.0,0.862694426871353,True
A,0.0,0.08777735842257695,False
A,0.0,0.3866043967442757,True
A,0.0,0.1857018365635995,False
A,0.0,0.7243742982113472,True
A,0.0,0.0,False
A,0.0,0.004731172519195304,False
A,0.0,0.6893667692215466,True
A,0.0,0.0,False
A,0.0,0.6654426987005394,True
A,0.0,0.47678850963492647,True
A,0.0,0.47999261333916843,True
A,0.0,0.9863833761618085,True
A,0.0,0.5180923272758632,True
A,0.0,0.22959740011166452,False
A,0.0,0.0,False
A,0.0,0.19934272247697205,False
A,0.0,0.7537148420969634,True
A,0.0,0.33093181573571373,False
A,0.0,0.0,False
A,0.0,0.45884629179943714,True
A,0.0,0.9582133441028555,True
A,0.0,0.48571126237102435,True
A,0.0,0.39523020657110985,True
A,0.0,0.9533801425605842,True
A,0.0,0.0,False
A,0.0,0.8597672338736594,True
A,0.0,0.0,False
A,0.0,0.2324001433829932,True
A,0.0,0.28749929821378495,False
A,0.0,0.9001619615680726,True
A,0.0,0.06093325435044017,False
A,0.0,0.2890337773968219,False
A,0.0,0.0,False
A,0.0,0.9431723413679843,True
A,0.0,0.10341859302158829,False
A,0.0,0.5896531846049217,True
A,0.0,0.30072055110818585,False
A,0.0,0.0,False
A,0.0,0.0,False
A,0.0,0.4299536184519944,True
A,0.0,0.8601621777634588,True
A,0.0,0.5039083936833434,True
A,0.0,0.2931935839295078,True
A,0.0,0.727114334386582,True
A,0.0,0.8031745908051526,True
A,0.0,0.0,False
A,0.0,0.0,False
A,0.0,0.0,False
A,0.0,0.23193504560600608,False
A,0.0,0.30574826735546234,False
A,0.0,0.0,False
A,0.0,0.0,False
A,0.0,0.0,False
A,0.0,0.5206053742726188,True
A,0.0,0.0,False
A,0.0,0.0,False
A,0.0,0.660925192629207,True
A,0.0,0.0,False
A,0.0,0.0,False
A,0.0,0.18215652750014655,True
A,0.0,0.0,False
A,0.0,0.8997506513863033,True
A,0.0,0.140544082079184,False
A,0.0,0.0,True
A,0.0,0.7979280220454027,True
A,0.0,0.5563985777582092,True
A,0.0,0.4047994294986934,False
A,0.0,0.8059318955684144,True
A,0.0,0.02359194910751572,False
A,0.0,0.8165829987317125,True
A,0.0,0.37787397955647173,False
A,0.0,0.0,False
A,0.0,0.8546337197145463,True
A,0.0,0.9556914946567198,True
A,0.0,0.7841922967821687,True
A,0.0,0.33169696842844665,True
A,0.0,0.20465918169526065,False
A,0.0,0.0,False
A,0.0,0.17234165200187979,False
A,0.0,0.297710477684868,True
A,0.0,0.0,False
A,0.0,0.47077181694158343,True
A,0.0,0.12081047303883408,False
A,0.0,0.0,False
A,0.0,0.2949727244007181,False
A,0.0,0.6077150483794787,True
A,0.0,0.5733865634274609,True
A,0.0,0.2315024928995677,False
A,0.0,0.19765888549260469,True
A,0.0,0.29467877379280627,True
A,0.0,0.6624495822510515,True
A,0.0,0.5324140272781213,True
A,0.0,0.28390610241108516,True
A,0.0,0.42672683120906574,True
A,0.0,0.9149063813927585,True
A,0.0,0.0717452865683692,False
A,0.0,0.3504110684712002,False
A,0.0,0.7337979277462428,True
A,0.0,0.15504058027179457,False
A,0.0,0.0,False
A,0.0,0.0,False
A,0.0,0.4954109219271482,True
A,0.0,0.3833765580659897,True
A,0.0,0.37331250701716134,True
A,0.0,0.3913409618506588,True
A,0.0,0.9259067779820048,True
A,0.0,0.02090559836862249,False
A,0.0,0.3284768237951533,False
A,0.0,0.0,False
A,0.0,0.7929453724330436,True
A,0.0,0.018749192793631297,False
A,0.0,0.09280401337810895,False
A,0.0,0.003774978715910704,False
A,0.0,0.0,False
A,0.0,0.885319800370304,True
A,0.0,0.18778731087662937,True
A,0.0,0.0,False
A,0.0,0.9865774316098462,True
A,0.0,0.4710922995941813,True
A,0.0,0.03142594817188504,False
A,0.0,0.0,False
A,0.0,0.0,True
A,0.0,0.6110486697019206,True
A,0.0,0.4212508104984094,True
A,0.0,0.5934074032861317,True
A,0.0,0.2384420367963942,True
A,0.0,0.0,False
A,0.0,0.0,False
A,0.0,0.0,False
A,0.0,0.07466707833597264,True
A,0.0,0.2711765583394976,False
A,0.0,0.32303066375699885,True
A,0.0,0.1954687425786369,False
A,0.0,0.0,False
A,0.0,0.0,False
A,0.0,0.872547351929287,True
A,0.0,0.10997259313065832,False
A,0.0,0.8770774442954973,True
A,0.0,0.0,False
A,0.0,0.3750845839617487,True
A,0.0,0.8951904479098864,True
A,0.0,0.6533687455276637,True
A,0.0,0.2826802589623031,True
A,0.0,0.0,True
A,0.0,0.5782178962477553,True
A,0.0,0.3183156797101826,True
A,0.0,0.0,False
A,0.0,0.0,False
A,0.0,0.6024049463837172,True
A,0.0,0.0,False
A,0.0,0.0,False
A,0.0,0.4455016388121926,True
A,0.0,0.4194766761381655,True
A,0.0,0.1335094844871998,True
A,0.0,0.0,False
A,0.0,0.3168211089322609,True
A,0.0,0.0,False
A,0.0,0.0,False
A,0.0,0.65601860965797,True
A,0.0,0.0,False
A,0.0,0.4731934305579767,True
A,0.0,0.0,False
A,0.0,0.0,False
A,0.0,0.9240070828713349,True
A,0.0,0.21390107263316538,False
A,0.0,0.6240839238335688,True
A,0.0,0.10250986683316765,False
A,0.0,0.0,False
A,0.0,0.4887006124113715,True
A,0.0,0.5505367232529238,True
A,0.0,0.0,False
A,0.0,0.0,False
A,0.0,0.0,False
A,0.0,0.9263560491343615,True
A,0.0,0.11454339810438141,False
A,0.0,0.5532529274805673,True
A,0.0,0.827062477485149,True
A,0.0,0.0,False
A,0.0,0.9014322463451474,True
A,0.0,0.6281572808226982,True
A,0.0,0.45583620114176193,True
A,0.0,0.0,True
A,0.0,0.48765882831003526,True
A,0.0,0.5613413822982981,True
A,0.0,0.0,False
A,0.0,0.16369551742151367,False
A,0.0,0.7055956484935998,True
A,0.0,0.6385262553984445,True
A,0.0,0.6121189530095303,True
A,0.0,0.9706337263987872,True
A,0.0,0.2945560967661568,True
A,0.0,0.45331378658106236,True
A,0.0,0.8717507459730808,True
A,0.0,0.4950476116228827,True
A,0.0,0.12140601422463282,True
A,0.0,0.21393269136309245,False
A,0.0,0.7869015768259463,True
A,0.0,0.20747633472349358,True
A,0.0,0.36332072699008944,True
A,0.0,0.9371922494274986,True
A,0.0,0.0,False
A,0.0,0.0,False
A,0.0,0.301538607536442,True
A,0.0,0.262969493359417,True
A,0.0,0.060289021790534414,False
A,0.0,0.0,False
A,0.0,0.4273702975330612,True
A,0.0,0.0,False
A,0.0,0.0,False
A,0.0,0.0,False
A,0.0,0.0,False
A,0.0,0.25806078495976825,True
A,0.0,0.7059523049144512,True
A,0.0,0.0,False
A,0.0,0.8653071693206045,True
A,0.0,0.0,False
A,0.0,0.05559083302205525,False
A,0.0,0.031060841442103415,False
A,0.0,0.0,False
A,0.0,0.7591254754629473,True
A,0.0,0.16402604773164964,False
A,0.0,0.0,False
A,0.0,0.305256658725538,False
A,0.0,0.7071449711968109,True
A,0.0,0.2278686509268869,False
A,0.0,0.0,False
A,0.0,0.1770504649382285,False
A,0.0,0.6961242903894133,True
A,0.0,0.12230515164338907,False
A,0.0,0.0,False
A,0.0,0.0,False
A,0.0,0.7649595910095911,True
A,0.0,0.0,False
A,0.0,0.40191384185293655,True
A,0.0,0.0,False
A,0.0,0.3572741749617897,True
A,0.0,0.3148480066496845,True
A,0.0,0.43770195378453725,True
A,0.0,0.310132259695017,True
A,0.0,0.7932661572554944,True
A,0.0,0.0,False
A,0.0,0.7499705754993833,True
A,0.0,0.0,False
A,0.0,0.006939206593125302,False
A,0.0,0.0,False
A,0.0,0.0,False
A,0.0,0.0,False
A,0.0,0.32145024008611256,True
A,0.0,0.3885903908525512,True
A,0.0,0.9517428957082145,True
A,0.0,0.4798945866683848,True
A,0.0,0.0,False
A,0.0,0.0,False
A,0.0,0.09896185273142777,False
A,0.0,0.1174243690789133,False
A,0.0,0.0,False
A,0.0,0.5855505840613886,True
A,0.0,0.21247452088144947,False
A,0.0,0.0,False
A,0.0,0.0,False
A,0.0,0.555603602632435,True
A,0.0,0.0,False
A,0.0,0.0,False
A,0.0,0.5134353498703974,True
A,0.0,0.138796980517213,True
A,0.0,0.2491142222085404,True
A,0.0,0.7248655915741157,True
A,0.0,0.20366718806446427,True
A,0.0,0.8012700105634867,True
A,0.0,0.6847358536231171,True
A,0.0,0.4561557722678421,True
A,0.0,0.19537850814708058,False
A,0.0,0.0,False
A,0.0,0.5507481694138245,True
A,0.0,0.7060834142147727,True
A,0.0,0.013000122784668333,False
A,0.0,0.41134585387331224,True
A,0.0,0.3122528020138451,True
A,0.0,0.5686504444676492,True
A,0.0,0.46737317056218175,True
A,0.0,0.06945956803249642,False
A,0.0,0.4499840538290535,True
A,0.0,0.676436938791707,True
A,0.0,0.0373243635208117,False
A,0.0,0.0,False
A,0.0,0.7881348725682298,True
A,0.0,0.31869670891880997,True
A,0.0,0.6275615711701487,True
A,0.0,0.24121482696494434,True
A,0.0,0.4484912268801774,True
A,0.0,0.0,False
A,0.0,0.37035620645121703,False
A,0.0,0.0,False
A,0.0,0.20376078054566715,True
A,0.0,0.44457899498821585,True
A,0.0,0.0,False
A,0.0,0.27425489210375253,False
A,0.0,0.6508430200243296,True
A,0.0,0.5461760858266266,True
A,0.0,0.4090296447207512,True
A,0.0,0.8428846157028771,True
A,0.0,0.04826101928902926,False
A,0.0,0.0,False
A,0.0,0.12325680219701995,True
A,0.0,0.7645421301613783,True
A,0.0,0.15467942171575078,False
A,0.0,0.3171064554699189,True
A,0.0,0.0,False
A,0.0,0.8861611807062398,True
A,0.0,0.0,False
A,0.0,0.7912440273012868,True
A,0.0,0.5052344297451095,True
A,0.0,0.0,False
A,0.0,0.7430590632619632,True
A,0.0,0.41415434219302316,True
A,0.0,0.0,False
A,0.0,0.0,False
A,0.0,0.0,False
A,0.0,0.6276042211752481,True
A,0.0,0.04957131679948845,False
A,0.0,0.5830662200711716,True
A,0.0,0.5828210594948634,True
A,0.0,0.0,False
A,0.0,0.02572022972396759,False
A,0.0,0.6850929315504127,True
A,0.0,0.603757209130699,True
A,0.0,0.0,True
A,0.0,0.0,False
A,0.0,0.804261239322842,True
A,0.0,0.9818030681890921,True
A,0.0,0.6762067496623225,True
A,0.0,0.0,False
A,0.0,0.0,False
A,0.0,0.7424563821730873,True
A,0.0,0.7155960656322685,True
A,0.0,0.8314443848051167,True
A,0.0,0.9000610192552091,True
A,0.0,0.0,False
A,0.0,0.25967013245301285,True
A,0.0,0.9812412656217819,True
A,0.0,0.0,False
A,0.0,0.07463593833135662,False
A,0.0,0.964089910960272,True
A,0.0,0.0,False
A,0.0,0.23474444350348322,False
A,0.0,0.0,False
A,0.0,0.0,False
A,0.0,0.0,False
A,0.0,0.0,False
A,0.0,0.0,False
A,0.0,0.8585334257266934,True
A,0.0,0.0,False
A,0.0,0.9799184720499009,True
A,0.0,0.7514345123328452,True
A,0.0,0.0,False
A,0.0,0.05586876146372466,False
A,0.0,0.7319451162872835,True
A,0.0,0.7152610942515091,True
A,0.0,0.897938292042778,True
A,0.0,0.3683528389879117,True
A,0.0,0.18758091649790132,False
A,0.0,0.0,False
A,0.0,0.32849827256765585,False
A,0.0,0.0818690302635997,False
A,0.0,0.20101703979935726,True
A,0.0,0.0,False
A,0.0,0.0,False
A,0.0,0.8320730517321041,True
A,0.0,0.24810181477682447,True
A,0.0,0.6728482019390162,True
A,0.0,0.0,False
A,0.0,0.10770501033902491,False
A,0.0,0.41213544792131807,True
A,0.0,0.07645189868442459,True
A,0.0,0.0,False
A,0.0,0.0,False
A,0.0,0.3480977684315322,True
A,0.0,0.7268660380658495,True
A,0.0,0.7789014524407255,True
A,0.0,0.07642532953755277,False
A,0.0,0.0,False
A,0.0,0.27598489934571435,True
A,0.0,0.0,False
A,0.0,0.8520441085076337,True
A,0.0,0.6102280063480299,True
A,0.0,0.0,False
A,0.0,0.0,True
A,0.0,0.7255179866803316,True
A,0.0,0.0,False
A,0.0,0.17822421372516783,True
A,0.0,0.24602785511296932,True
A,0.0,0.0,False
A,0.0,0.4274614135632385,True
A,0.0,0.5540391033356119,True
A,0.0,0.8681150173952162,True
A,0.0,0.2642830849539256,True
A,0.0,0.0,False
A,0.0,0.7225197215462225,True
A,0.0,0.0,False
A,0.0,0.38015693298464326,True
A,0.0,0.8040795242081408,True
A,0.0,0.9957484229468784,True
A,0.0,0.11139708990832742,False
A,0.0,0.16278219852261067,True
A,0.0,0.7771644182518039,True
A,0.0,0.7609987798046017,True
A,0.0,0.15536462493007086,True
A,0.0,0.0,True
A,0.0,0.9973435859153419,True
A,0.0,0.25443731786826995,False
A,0.0,0.9688526509193268,True
A,0.0,0.8392313973930118,True
A,0.0,0.2219086676460451,True
A,0.0,0.9964301563223453,True
A,0.0,0.45250475198173,False
A,0.0,0.0,False
A,0.0,0.0,False
A,0.0,0.3471492099158192,True
A,0.0,0.0,False
A,0.0,0.8582316316966014,True
A,0.0,0.0,False
A,0.0,0.0,False
A,0.0,0.0,False
A,0.0,0.0,False
A,0.0,0.5139220127668317,True
A,0.0,0.28549048010380185,True
A,0.0,0.7073159185610157,True
A,0.0,0.5005410975663954,True
A,0.0,0.0,False
A,0.0,0.8008502188190147,True
A,0.0,0.2226044093023486,True
A,0.0,0.90088609529608,True
A,0.0,0.0,False
A,0.0,0.5948162142731946,True
A,0.0,0.6063163987947313,True
A,0.0,0.0,True
A,0.0,0.0,False
A,0.0,0.0,False
A,0.0,0.0,False
A,0.0,0.44865523047163614,False
A,0.0,0.5023066231150812,True
A,0.0,0.0,False
A,0.0,0.6362177327123305,True
A,0.0,0.08609922454747554,False
A,0.0,0.08736768840047271,False
A,0.0,0.2500692595035412,False
A,0.0,0.4409251901439877,True
A,0.0,0.3629567289800907,True
A,0.0,0.0,False
A,0.0,0.0,False
A,0.0,0.0,False
A,0.0,0.20167752088252988,False
A,0.0,0.0,False
A,0.0,0.9665300929898768,True
A,0.0,0.0,False
A,0.0,0.05935155272507986,False
A,0.0,0.7835529348210509,True
A,0.0,0.19681985638608956,False
A,0.0,0.1880640676790929,True
A,0.0,0.5531539381198372,True
A,0.0,0.3624230180891507,True
A,0.0,0.00762300444174846,False
A,0.0,0.9841409019213685,True
A,0.0,0.5242909704446421,True
A,0.0,0.2686625628728133,False
A,0.0,0.0,False
A,0.0,0.36973249744543335,True
A,0.0,0.43843804720570834,True
A,0.0,0.3342827493937933,True
A,0.0,0.8619085840877602,True
A,0.0,0.9887035743298374,True
A,0.0,0.0,False
A,0.0,0.011810937538545896,False
A,0.0,0.4325187642145506,True
A,0.0,0.5501858701255441,True
A,0.0,0.7488853480738747,True
A,0.0,0.28565409337011716,True
A,0.0,0.0,False
A,0.0,0.26977680683359573,False
A,0.0,0.06937920267494058,False
A,0.0,0.20748779196456169,False
A,0.0,0.4447232320171678,True
A,0.0,0.0,True
A,0.0,0.38280078674450546,False
A,0.0,0.5634449749637429,True
A,0.0,0.9524103779099066,True
A,0.0,0.0,False
A,0.0,0.9372693393323087,True
A,0.0,0.1567378232925517,True
A,0.0,0.12700689355674488,True
A,0.0,0.0,False
A,0.0,0.0,False
A,0.0,0.2946499500583496,True
A,0.0,0.011510361548129788,True
A,0.0,0.8525877323172997,True
A,0.0,0.5579306041650449,True
A,0.0,0.36292116045664724,False
A,0.0,0.0,False
A,0.0,0.0,False
A,0.0,0.38241560896214677,True
A,0.0,0.2764182997774717,True
A,0.0,0.0,False
A,0.0,0.0,False
A,0.0,0.7147597492624527,True
A,0.0,0.6969688007779362,True
A,0.0,0.8211909894666052,True
A,0.0,0.06431562798167823,False
A,0.0,0.21028480966787966,False
A,0.0,0.5837702209487226,True
A,0.0,0.3763107823287062,True
A,0.0,0.12326106918282098,False
A,0.0,0.09911284275976184,False
A,0.0,0.7956958237142544,True
A,0.0,0.581449730728946,True
A,0.0,0.1373271906137924,False
A,0.0,0.8217722761324998,True
A,0.0,0.0,False
A,0.0,0.6756278934559066,True
A,0.0,0.959432102880103,True
A,0.0,0.8425475994322855,True
A,0.0,0.6582900161938725,True
A,0.0,0.1942705625208001,False
A,0.0,0.6343919363132164,True
A,0.0,0.7332401027086369,True
A,0.0,0.4215181241335967,True
A,0.0,0.0,False
A,0.0,0.46689696574250716,True
A,0.0,0.27256347817303217,True
A,0.0,0.19609754614536568,False
A,0.0,0.15002282308367743,True
A,0.0,0.0,False
A,0.0,0.0,False
A,0.0,0.11792826689374847,True
A,0.0,0.791099573491864,True
A,0.0,0.5246753860162612,True
A,0.0,0.9345028609605294,True
A,0.0,0.280048935480547,False
A,0.0,0.810122159147387,True
A,0.0,0.9365754092511127,True
A,0.0,0.0,False
A,0.0,0.0,False
A,0.0,0.2333737709888214,False
A,0.0,0.0,False
A,0.0,0.4278291202571046,True
A,0.0,0.4883262553657456,True
A,0.0,0.0359941205941412,False
A,0.0,0.0,False
A,0.0,0.8120646617106271,True
A,0.0,0.0,False
A,0.0,0.20625547739339645,True
A,0.0,0.0,True
A,0.0,0.4338197407084232,True
A,0.0,0.0,False
A,0.0,0.4487467002184172,True
A,0.0,0.7675177742561428,True
A,0.0,0.03770487978461934,False
A,0.0,0.2191597957139032,False
A,0.0,0.8414883938551014,True
A,0.0,0.4552763807448099,True
A,0.0,0.00838414874690907,False
A,0.0,0.0,False
A,0.0,0.6339653575290123,True
A,0.0,0.6509636725631379,True
A,0.0,0.0,False
A,0.0,0.31801246694446794,False
A,0.0,0.7707334772170538,True
A,0.0,0.4787171565931435,True
A,0.0,0.6944238249088176,True
A,0.0,0.8792236122866935,True
A,0.0,0.24598371611800163,True
A,0.0,0.7447132790570105,True
A,0.0,0.9049652243307177,True
A,0.0,0.7285975545099468,True
A,0.0,0.31446101457122533,True
A,0.0,0.6848598265123508,True
A,0.0,0.20294283177870287,True
A,0.0,0.0,False
A,0.0,0.0,False
A,0.0,0.8395318357386765,True
A,0.0,0.40078391888267817,False
A,0.0,0.11355520694615451,True
A,0.0,0.1432874701547393,False
A,0.0,0.2311728212219174,False
A,0.0,0.6907577419352176,True
A,0.0,0.5853346044929589,True
A,0.0,0.0,False
A,0.0,0.0,False
A,0.0,0.5457651677641477,True
A,0.0,0.0,False
A,0.0,0.3224154168021752,False
A,0.0,0.7997099607268672,True
A,0.0,0.0,False
A,0.0,0.35711876669564024,True
A,0.0,0.3776573128504511,False
A,0.0,0.0,False
A,0.0,0.3138547470094488,True
A,0.0,0.0,False
A,0.0,0.0,False
A,0.0,0.0,False
A,0.0,0.3136090729803551,True
A,0.0,0.12539126673266188,True
A,0.0,0.0,True
A,0.0,0.3097908910768076,True
A,0.0,0.8112863527597015,True
A,0.0,0.0,False
A,0.0,0.24528080768868443,False
A,0.0,0.5119491039291807,True
A,0.0,0.0,False
A,0.0,0.0,False
A,0.0,0.9744502871734098,True
A,0.0,0.2680217294789181,True
A,0.0,0.955973501364569,True
A,0.0,0.0,False
A,0.0,0.2576159987610236,True
A,0.0,0.3901547277900209,False
A,0.0,0.0,False
A,0.0,0.0,False
A,0.0,0.5157929578357239,True
A,0.0,0.9668764610283634,True
A,0.0,0.35410926278149113,True
A,0.0,0.0,False
A,0.0,0.0,False
A,0.0,0.7360794112476038,True
A,0.0,0.9933142649431626,True
A,0.0,0.07268386970473728,False
A,0.0,0.0,False
A,0.0,0.14067513221845407,False
A,0.0,0.7168081336537521,True
A,0.0,0.48902300336266,True
A,0.0,0.0,False
A,0.0,0.38701270083008066,True
A,0.0,0.4056455459762648,True
A,0.0,0.4617961446427904,True
A,0.0,0.0,False
A,0.0,0.6364332257944036,True
A,0.0,0.865918622941685,True
A,0.0,0.1998075105131938,False
A,0.0,0.0,True
A,0.0,0.9408518944129698,True
A,0.0,0.6814861930475965,True
A,0.0,0.3704878667689495,True
A,0.0,0.5446525595638183,True
A,0.0,0.06894996636177675,False
A,0.0,0.09345092131137045,False
A,0.0,0.0,False
A,0.0,0.6286795807211564,True
A,0.0,0.45723723937484584,True
A,0.0,0.0,False
A,0.0,0.9461618183128627,True
A,0.0,0.6313356419487004,True
A,0.0,0.8520383764864795,True
A,0.0,0.9965257633616902,True
A,0.0,0.0,False
A,0.0,0.3335879684985058,True
A,0.0,0.0,False
A,0.0,0.37517906668890655,True
A,0.0,0.9633012382709367,True
A,0.0,0.0,False
A,0.0,0.003413277211780974,False
A,0.0,0.0,False
A,0.0,0.0,False
A,0.0,0.1295607217450102,False
A,0.0,0.9927239223199704,True
A,0.0,0.5910541169187958,True
A,0.0,0.7572236667866272,True
A,0.0,0.054774193055771137,False
A,0.0,0.2302251577776222,True
A,0.0,0.0,False
A,0.0,0.25459329471302583,True
A,0.0,0.8869524896880873,True
A,0.0,0.0,False
A,0.0,0.28844485031395717,True
A,0.0,0.08155894995746316,True
A,0.0,0.11220622967062355,False
A,0.0,0.0,False
A,0.0,0.8203753729874997,True
A,0.0,0.06695028496250521,False
A,0.0,0.46145543323538585,True
A,0.0,0.05917943010821869,False
A,0.0,0.8964825041349594,True
A,0.0,0.0,False
A,0.0,0.8098831199691437,True
A,0.0,0.2210184171634555,True
A,0.0,0.516695908804166,True
A,0.0,0.0,False
A,0.0,0.05043785179384097,True
A,0.0,0.0,False
A,0.0,0.0,False
A,0.0,0.13364893037706338,False
A,0.0,0.7406438414542799,True
A,0.0,0.0,False
A,0.0,0.4358166382816212,True
A,0.0,0.7899075033081957,True
A,0.0,0.3186431057576129,True
A,0.0,0.4555670500870306,True
A,0.0,0.0,False
A,0.0,0.26696262001164217,False
A,0.0,0.5163645586258937,True
A,0.0,0.0,False
A,0.0,0.0,False
A,0.0,0.5441229503075308,True
A,0.0,0.5469392808833565,True
A,0.0,0.0,True
A,0.0,0.861582054219355,True
A,0.0,0.3079369233360789,True
A,0.0,0.12544851417586234,False
A,0.0,0.2861244870068016,True
A,0.0,0.9616679831434697,True
A,0.0,0.5469496254511826,True
A,0.0,0.0,False
A,0.0,0.0,False
A,0.0,0.7749599339230755,True
A,0.0,0.0,False
A,0.0,0.8721287725969142,True
A,0.0,0.0,False
A,0.0,0.08257226613414625,False
A,0.0,0.25952626736318873,False
A,0.0,0.02949195032841856,False
A,0.0,0.36033878281742937,True
A,0.0,0.7922971749495932,True
A,0.0,0.9699363672820864,True
A,0.0,0.9449085067210424,True
A,0.0,0.0,False
A,0.0,0.0,False
A,0.0,0.0,True
A,0.0,0.0,True
A,0.0,0.27737080396013913,True
A,0.0,0.5545661847951572,True
A,0.0,0.21479910644763067,True
A,0.0,0.12181705848383872,True
A,0.0,0.02340178889835598,False
A,0.0,0.8347316890297023,True
A,0.0,0.09503021594176442,False
A,0.0,0.0,False
A,0.0,0.0,False
A,0.0,0.1813346342763399,False
A,0.0,0.6422262872419019,True
A,0.0,0.0,False
A,0.0,0.5828085397326772,True
A,0.0,0.3777641312353238,True
A,0.0,0.9129166163657457,True
A,0.0,0.0,True
A,0.0,0.0,False
A,0.0,0.4229790084574664,True
A,0.0,0.6761681979748487,True
A,0.0,0.0,False
A,0.0,0.26587800282022656,False
A,0.0,0.7643019542084325,True
A,0.0,0.35963058972603423,True
A,0.0,0.6657878086909376,True
A,0.0,0.9926265102485067,True
A,0.0,0.4134024695633255,True
A,0.0,0.8666376275605151,True
A,0.0,0.654003784247838,True
A,0.0,0.7419630041839036,True
A,0.0,0.38524969675764564,True
A,0.0,0.3610393746109989,True
A,0.0,0.6391288828540721,True
A,0.0,0.8047338172281586,True
A,0.0,0.0,False
A,0.0,0.7067169409428031,True
A,0.0,0.0,False
A,0.0,0.8367795398632696,True
A,0.0,0.0,False
A,0.0,0.0,False
A,0.0,0.5571717048007943,True
A,0.0,0.0,False
A,0.0,0.011626909308868338,False
A,0.0,0.821693095101261,True
A,0.0,0.20621450317514867,False
A,0.0,0.0,False
A,0.0,0.0,False
A,0.0,0.0,False
A,0.0,0.9263560491343615,True
A,0.0,0.11454339810438141,False
A,0.0,0.5532529274805673,True
A,0.0,0.827062477485149,True
A,0.0,0.0,False
A,0.0,0.9014322463451474,True
A,0.0,0.6281572808226982,True
A,0.0,0.45583620114176193,True
A,0.0,0.0,True
A,0.0,0.48765882831003526,True
A,0.0,0.5613413822982981,True
A,0.0,0.0,False
A,0.0,0.16369551742151367,False
A,0.0,0.7055956484935998,True
A,0.0,0.6385262553984445,True
A,0.0,0.6121189530095303,True
A,0.0,0.9706337263987872,True
A,0.0,0.2945560967661568,True
A,0.0,0.45331378658106236,True
A,0.0,0.8717507459730808,True
A,0.0,0.4950476116228827,True
A,0.0,0.12140601422463282,True
A,0.0,0.21393269136309245,False
A,0.0,0.7869015768259463,True
A,0.0,0.20747633472349358,True
A,0.0,0.36332072699008944,True
A,0.0,0.9371922494274986,True
A,0.0,0.0,False
A,0.0,0.0,False
A,0.0,0.301538607536442,True
A,0.0,0.262969493359417,True
A,0.0,0.060289021790534414,False
A,0.0,0.0,False
A,0.0,0.4273702975330612,True
A,0.0,0.0,False
A,0.0,0.0,False
A,0.0,0.0,False
A,0.0,0.0,False
A,0.0,0.25806078495976825,True
A,0.0,0.7059523049144512,True
A,0.0,0.0,False
A,0.0,0.8653071693206045,True
A,0.0,0.0,False
A,0.0,0.05559083302205525,False
A,0.0,0.031060841442103415,False
A,0.0,0.0,False
A,0.0,0.7591254754629473,True
A,0.0,0.16402604773164964,False
A,0.0,0.0,False
A,0.0,0.305256658725538,True
A,0.0,0.7071449711968109,True
A,0.0,0.2278686509268869,False
A,0.0,0.0,False
A,0.0,0.1770504649382285,False
A,0.0,0.6961242903894133,True
A,0.0,0.12230515164338907,False
A,0.0,0.0,False
A,0.0,0.0,False
A,0.0,0.7649595910095911,True
A,0.0,0.0,False
A,0.0,0.40191384185293655,True
A,0.0,0.0,False
A,0.0,0.3572741749617897,True
A,0.0,0.3148480066496845,True
A,0.0,0.43770195378453725,True
A,0.0,0.310132259695017,True
A,0.0,0.7932661572554944,True
A,0.0,0.0,False
A,0.0,0.7499705754993833,True
A,0.0,0.0,False
A,0.0,0.006939206593125302,False
A,0.0,0.0,False
A,0.0,0.0,False
A,0.0,0.0,False
A,0.0,0.32145024008611256,True
A,0.0,0.3885903908525512,True
A,0.0,0.9517428957082145,True
A,0.0,0.4798945866683848,True
A,0.0,0.0,False
A,0.0,0.0,False
A,0.0,0.09896185273142777,False
A,0.0,0.1174243690789133,False
A,0.0,0.0,False
A,0.0,0.5855505840613886,True
A,0.0,0.21247452088144947,False
A,0.0,0.0,False
A,0.0,0.0,False
A,0.0,0.555603602632435,True
A,0.0,0.0,False
A,0.0,0.0,False
A,0.0,0.5134353498703974,True
A,0.0,0.138796980517213,True
A,0.0,0.2491142222085404,True
A,0.0,0.7248655915741157,True
A,0.0,0.20366718806446427,True
A,0.0,0.8012700105634867,True
A,0.0,0.6847358536231171,True
A,0.0,0.4561557722678421,True
A,0.0,0.19537850814708058,False
A,0.0,0.0,False
A,0.0,0.5507481694138245,True
A,0.0,0.7060834142147727,True
A,0.0,0.013000122784668333,False
A,0.0,0.41134585387331224,True
A,0.0,0.3122528020138451,True
A,0.0,0.5686504444676492,True
A,0.0,0.46737317056218175,True
A,0.0,0.06945956803249642,False
A,0.0,0.4499840538290535,True
A,0.0,0.676436938791707,True
A,0.0,0.0373243635208117,False
A,0.0,0.0,False
A,0.0,0.7881348725682298,True
A,0.0,0.31869670891880997,True
A,0.0,0.6275615711701487,True
A,0.0,0.24121482696494434,True
A,0.0,0.4484912268801774,True
A,0.0,0.0,False
A,0.0,0.37035620645121703,False
A,0.0,0.0,False
A,0.0,0.20376078054566715,True
A,0.0,0.44457899498821585,True
A,0.0,0.0,False
A,0.0,0.27425489210375253,False
A,0.0,0.6508430200243296,True
A,0.0,0.5461760858266266,True
A,0.0,0.4090296447207512,True
A,0.0,0.8428846157028771,True
A,0.0,0.04826101928902926,False
A,0.0,0.0,False
A,0.0,0.12325680219701995,False
A,0.0,0.7645421301613783,True
A,0.0,0.15467942171575078,False
A,0.0,0.3171064554699189,True
A,0.0,0.0,False
A,0.0,0.8861611807062398,True
A,0.0,0.0,False
A,0.0,0.7912440273012868,True
A,0.0,0.5052344297451095,True
A,0.0,0.0,False
A,0.0,0.7430590632619632,True
A,0.0,0.41415434219302316,True
A,0.0,0.0,False
A,0.0,0.0,False
A,0.0,0.0,False
A,0.0,0.6276042211752481,True
A,0.0,0.04957131679948845,False
A,0.0,0.5830662200711716,True
A,0.0,0.5828210594948634,True
A,0.0,0.0,False
A,0.0,0.02572022972396759,False
A,0.0,0.6850929315504127,True
A,0.0,0.603757209130699,True
A,0.0,0.0,False
A,0.0,0.0,False
A,0.0,0.804261239322842,True
A,0.0,0.9818030681890921,True
A,0.0,0.6762067496623225,True
A,0.0,0.0,False
A,0.0,0.0,False
A,0.0,0.7424563821730873,True
A,0.0,0.7155960656322685,True
A,0.0,0.8314443848051167,True
A,0.0,0.9000610192552091,True
A,0.0,0.0,False
A,0.0,0.25967013245301285,True
A,0.0,0.9812412656217819,True
A,0.0,0.0,False
A,0.0,0.07463593833135662,False
A,0.0,0.964089910960272,True
A,0.0,0.0,False
A,0.0,0.23474444350348322,False
A,0.0,0.0,False
A,0.0,0.0,False
A,0.0,0.0,False
A,0.0,0.0,False
A,0.0,0.0,False
A,0.0,0.8585334257266934,True
A,0.0,0.0,False
A,0.0,0.9799184720499009,True
A,0.0,0.7514345123328452,True
A,0.0,0.0,False
A,0.0,0.05586876146372466,True
A,0.0,0.7319451162872835,True
A,0.0,0.7152610942515091,True
A,0.0,0.897938292042778,True
A,0.0,0.3683528389879117,True
A,0.0,0.18758091649790132,False
A,0.0,0.0,False
A,0.0,0.32849827256765585,False
A,0.0,0.0818690302635997,False
A,0.0,0.20101703979935726,True
A,0.0,0.0,False
A,0.0,0.0,False
A,0.0,0.8320730517321041,True
A,0.0,0.24810181477682447,True
A,0.0,0.6728482019390162,True
A,0.0,0.0,False
A,0.0,0.10770501033902491,False
A,0.0,0.41213544792131807,True
A,0.0,0.07645189868442459,False
A,0.0,0.0,False
A,0.0,0.0,False
A,0.0,0.3480977684315322,True
A,0.0,0.7268660380658495,True
A,0.0,0.7789014524407255,True
A,0.0,0.07642532953755277,False
A,0.0,0.0,False
A,0.0,0.27598489934571435,True
A,0.0,0.0,False
A,0.0,0.8520441085076337,True
A,0.0,0.6102280063480299,True
A,0.0,0.0,False
A,0.0,0.0,True
A,0.0,0.7255179866803316,True
A,0.0,0.0,False
A,0.0,0.17822421372516783,True
A,0.0,0.24602785511296932,True
A,0.0,0.0,False
A,0.0,0.4274614135632385,True
A,0.0,0.5540391033356119,True
A,0.0,0.8681150173952162,True
A,0.0,0.2642830849539256,True
A,0.0,0.0,False
A,0.0,0.7225197215462225,True
A,0.0,0.0,False
A,0.0,0.38015693298464326,True
A,0.0,0.8040795242081408,True
A,0.0,0.9957484229468784,True
A,0.0,0.11139708990832742,True
A,0.0,0.16278219852261067,True
A,0.0,0.7771644182518039,True
A,0.0,0.7609987798046017,True
A,0.0,0.15536462493007086,True
A,0.0,0.0,True
A,0.0,0.9973435859153419,True
A,0.0,0.25443731786826995,False
A,0.0,0.9688526509193268,True
A,0.0,0.8392313973930118,True
A,0.0,0.2219086676460451,True
A,0.0,0.9964301563223453,True
A,0.0,0.45250475198173,False
A,0.0,0.0,False
A,0.0,0.0,False
A,0.0,0.3471492099158192,True
A,0.0,0.0,True
A,0.0,0.8582316316966014,True
A,0.0,0.0,False
A,0.0,0.0,False
A,0.0,0.0,False
A,0.0,0.0,False
A,0.0,0.5139220127668317,True
A,0.0,0.28549048010380185,True
A,0.0,0.7073159185610157,True
A,0.0,0.5005410975663954,True
A,0.0,0.0,False
A,0.0,0.8008502188190147,True
A,0.0,0.2226044093023486,False
A,0.0,0.90088609529608,True
A,0.0,0.0,False
A,0.0,0.5948162142731946,True
A,0.0,0.6063163987947313,True
A,0.0,0.0,True
A,0.0,0.0,False
A,0.0,0.0,False
A,0.0,0.0,False
A,0.0,0.44865523047163614,False
A,0.0,0.5023066231150812,True
A,0.0,0.0,False
A,0.0,0.6362177327123305,True
A,0.0,0.08609922454747554,False
A,0.0,0.08736768840047271,False
A,0.0,0.2500692595035412,True
A,0.0,0.4409251901439877,True
A,0.0,0.3629567289800907,False
A,0.0,0.0,False
A,0.0,0.0,False
A,0.0,0.0,False
A,0.0,0.20167752088252988,False
A,0.0,0.0,False
A,0.0,0.9665300929898768,True
A,0.0,0.0,False
A,0.0,0.05935155272507986,False
A,0.0,0.7835529348210509,True
A,0.0,0.19681985638608956,False
A,0.0,0.1880640676790929,True
A,0.0,0.5531539381198372,True
A,0.0,0.3624230180891507,True
A,0.0,0.00762300444174846,False
A,0.0,0.9841409019213685,True
A,0.0,0.5242909704446421,True
A,0.0,0.2686625628728133,False
A,0.0,0.0,False
A,0.0,0.36973249744543335,True
A,0.0,0.43843804720570834,True
A,0.0,0.3342827493937933,True
A,0.0,0.8619085840877602,True
A,0.0,0.9887035743298374,True
A,0.0,0.0,False
A,0.0,0.011810937538545896,False
A,0.0,0.4325187642145506,False
A,0.0,0.5501858701255441,False
A,0.0,0.7488853480738747,True
A,0.0,0.28565409337011716,True
A,0.0,0.0,False
A,0.0,0.26977680683359573,False
A,0.0,0.06937920267494058,False
A,0.0,0.20748779196456169,False
A,0.0,0.4447232320171678,True
A,0.0,0.0,True
A,0.0,0.38280078674450546,True
A,0.0,0.5634449749637429,True
A,0.0,0.9524103779099066,True
A,0.0,0.0,False
A,0.0,0.9372693393323087,True
A,0.0,0.1567378232925517,False
A,0.0,0.12700689355674488,True
A,0.0,0.0,False
A,0.0,0.0,False
A,0.0,0.2946499500583496,True
A,0.0,0.011510361548129788,True
A,0.0,0.8525877323172997,True
A,0.0,0.5579306041650449,True
A,0.0,0.36292116045664724,False
A,0.0,0.0,False
A,0.0,0.0,False
A,0.0,0.38241560896214677,True
A,0.0,0.2764182997774717,False
A,0.0,0.0,False
A,0.0,0.0,False
A,0.0,0.7147597492624527,True
A,0.0,0.6969688007779362,True
A,0.0,0.8211909894666052,True
A,0.0,0.06431562798167823,False
A,0.0,0.21028480966787966,False
A,0.0,0.5837702209487226,True
A,0.0,0.3763107823287062,True
A,0.0,0.12326106918282098,False
A,0.0,0.09911284275976184,False
A,0.0,0.7956958237142544,True
A,0.0,0.581449730728946,True
A,0.0,0.1373271906137924,False
A,0.0,0.8217722761324998,True
A,0.0,0.0,False
A,0.0,0.6756278934559066,True
A,0.0,0.959432102880103,True
A,0.0,0.8425475994322855,True
A,0.0,0.6582900161938725,True
A,0.0,0.1942705625208001,False
A,0.0,0.6343919363132164,True
A,0.0,0.7332401027086369,True
A,0.0,0.4215181241335967,True
A,0.0,0.0,False
A,0.0,0.46689696574250716,True
A,0.0,0.27256347817303217,True
A,0.0,0.19609754614536568,False
A,0.0,0.15002282308367743,True
A,0.0,0.0,False
A,0.0,0.0,False
A,0.0,0.11792826689374847,True
A,0.0,0.791099573491864,True
A,0.0,0.5246753860162612,True
A,0.0,0.9345028609605294,True
A,0.0,0.280048935480547,False
A,0.0,0.810122159147387,True
A,0.0,0.9365754092511127,True
A,0.0,0.0,False
A,0.0,0.0,False
A,0.0,0.2333737709888214,False
A,0.0,0.0,False
A,0.0,0.4278291202571046,True
A,0.0,0.4883262553657456,True
A,0.0,0.0359941205941412,False
A,0.0,0.0,False
A,0.0,0.8120646617106271,True
A,0.0,0.0,False
A,0.0,0.20625547739339645,False
A,0.0,0.0,True
A,0.0,0.4338197407084232,True
A,0.0,0.0,False
A,0.0,0.4487467002184172,True
A,0.0,0.7675177742561428,True
A,0.0,0.03770487978461934,False
A,0.0,0.2191597957139032,False
A,0.0,0.8414883938551014,True
A,0.0,0.4552763807448099,True
A,0.0,0.00838414874690907,False
A,0.0,0.0,False
A,0.0,0.6339653575290123,True
A,0.0,0.6509636725631379,True
A,0.0,0.0,False
A,0.0,0.31801246694446794,False
A,0.0,0.7707334772170538,True
A,0.0,0.4787171565931435,True
A,0.0,0.6944238249088176,True
A,0.0,0.8792236122866935,True
A,0.0,0.24598371611800163,True
A,0.0,0.7447132790570105,True
A,0.0,0.9049652243307177,True
A,0.0,0.7285975545099468,True
A,0.0,0.31446101457122533,True
A,0.0,0.6848598265123508,True
A,0.0,0.20294283177870287,True
A,0.0,0.0,False
A,0.0,0.0,False
A,0.0,0.8395318357386765,True
A,0.0,0.40078391888267817,False
A,0.0,0.11355520694615451,True
A,0.0,0.1432874701547393,False
A,0.0,0.2311728212219174,True
A,0.0,0.6907577419352176,True
A,0.0,0.5853346044929589,True
A,0.0,0.0,False
A,0.0,0.0,False
A,0.0,0.5457651677641477,True
A,0.0,0.0,False
A,0.0,0.3224154168021752,True
A,0.0,0.7997099607268672,True
A,0.0,0.0,False
A,0.0,0.35711876669564024,True
A,0.0,0.3776573128504511,True
A,0.0,0.0,False
A,0.0,0.3138547470094488,True
A,0.0,0.0,False
A,0.0,0.0,False
A,0.0,0.0,False
A,0.0,0.3136090729803551,True
A,0.0,0.12539126673266188,True
A,0.0,0.0,True
A,0.0,0.3097908910768076,False
A,0.0,0.8112863527597015,True
A,0.0,0.0,False
A,0.0,0.24528080768868443,False
A,0.0,0.5119491039291807,True
A,0.0,0.0,False
A,0.0,0.0,False
A,0.0,0.9744502871734098,True
A,0.0,0.2680217294789181,True
A,0.0,0.955973501364569,True
A,0.0,0.0,False
A,0.0,0.2576159987610236,True
A,0.0,0.3901547277900209,False
A,0.0,0.0,True
A,0.0,0.0,False
A,0.0,0.5157929578357239,True
A,0.0,0.9668764610283634,True
A,0.0,0.35410926278149113,True
A,0.0,0.0,False
A,0.0,0.0,False
A,0.0,0.7360794112476038,True
A,0.0,0.9933142649431626,True
A,0.0,0.07268386970473728,False
A,0.0,0.0,False
A,0.0,0.14067513221845407,False
A,0.0,0.7168081336537521,True
A,0.0,0.48902300336266,True
A,0.0,0.0,False
A,0.0,0.38701270083008066,True
A,0.0,0.4056455459762648,True
A,0.0,0.4617961446427904,True
A,0.0,0.0,False
A,0.0,0.6364332257944036,True
A,0.0,0.865918622941685,True
A,0.0,0.1998075105131938,False
A,0.0,0.0,False
A,0.0,0.9408518944129698,True
A,0.0,0.6814861930475965,True
A,0.0,0.3704878667689495,True
A,0.0,0.5446525595638183,True
A,0.0,0.06894996636177675,False
A,0.0,0.09345092131137045,False
A,0.0,0.0,False
A,0.0,0.6286795807211564,True
A,0.0,0.45723723937484584,True
A,0.0,0.0,False
A,0.0,0.9461618183128627,True
A,0.0,0.6313356419487004,True
A,0.0,0.8520383764864795,True
A,0.0,0.9965257633616902,True
A,0.0,0.0,False
A,0.0,0.3335879684985058,True
A,0.0,0.0,False
A,0.0,0.37517906668890655,True
A,0.0,0.9633012382709367,True
A,0.0,0.0,False
A,0.0,0.003413277211780974,False
A,0.0,0.0,False
A,0.0,0.0,False
A,0.0,0.1295607217450102,False
A,0.0,0.9927239223199704,True
A,0.0,0.5910541169187958,True
A,0.0,0.7572236667866272,True
A,0.0,0.054774193055771137,False
A,0.0,0.2302251577776222,True
A,0.0,0.0,False
A,0.0,0.25459329471302583,True
A,0.0,0.8869524896880873,True
A,0.0,0.0,False
A,0.0,0.28844485031395717,True
A,0.0,0.08155894995746316,True
A,0.0,0.11220622967062355,False
A,0.0,0.0,False
A,0.0,0.8203753729874997,True
A,0.0,0.06695028496250521,False
A,0.0,0.46145543323538585,True
A,0.0,0.05917943010821869,False
A,0.0,0.8964825041349594,True
A,0.0,0.0,False
A,0.0,0.8098831199691437,True
A,0.0,0.2210184171634555,True
A,0.0,0.516695908804166,True
A,0.0,0.0,False
A,0.0,0.05043785179384097,True
A,0.0,0.0,False
A,0.0,0.0,False
A,0.0,0.13364893037706338,False
A,0.0,0.7406438414542799,True
A,0.0,0.0,False
A,0.0,0.4358166382816212,True
A,0.0,0.7899075033081957,True
A,0.0,0.3186431057576129,False
A,0.0,0.4555670500870306,True
A,0.0,0.0,False
A,0.0,0.26696262001164217,False
A,0.0,0.5163645586258937,True
A,0.0,0.0,False
A,0.0,0.0,False
A,0.0,0.5441229503075308,True
A,0.0,0.5469392808833565,True
A,0.0,0.0,True
A,0.0,0.861582054219355,True
A,0.0,0.3079369233360789,False
A,0.0,0.12544851417586234,False
A,0.0,0.2861244870068016,True
A,0.0,0.9616679831434697,True
A,0.0,0.5469496254511826,True
A,0.0,0.0,False
A,0.0,0.0,False
A,0.0,0.7749599339230755,True
A,0.0,0.0,False
A,0.0,0.8721287725969142,True
A,0.0,0.0,False
A,0.0,0.08257226613414625,False
A,0.0,0.25952626736318873,False
A,0.0,0.02949195032841856,False
A,0.0,0.36033878281742937,True
A,0.0,0.7922971749495932,True
A,0.0,0.9699363672820864,True
A,0.0,0.9449085067210424,True
A,0.0,0.0,False
A,0.0,0.0,True
A,0.0,0.0,False
A,0.0,0.0,True
A,0.0,0.27737080396013913,False
A,0.0,0.5545661847951572,True
A,0.0,0.21479910644763067,True
A,0.0,0.12181705848383872,True
A,0.0,0.02340178889835598,False
A,0.0,0.8347316890297023,True
A,0.0,0.09503021594176442,False
A,0.0,0.0,False
A,0.0,0.0,False
A,0.0,0.1813346342763399,False
A,0.0,0.6422262872419019,True
A,0.0,0.0,False
A,0.0,0.5828085397326772,True
A,0.0,0.3777641312353238,True
A,0.0,0.9129166163657457,True
A,0.0,0.0,True
A,0.0,0.0,False
A,0.0,0.4229790084574664,True
A,0.0,0.6761681979748487,True
A,0.0,0.0,False
A,0.0,0.26587800282022656,True
A,0.0,0.7643019542084325,True
A,0.0,0.35963058972603423,True
A,0.0,0.6657878086909376,True
A,0.0,0.9926265102485067,True
A,0.0,0.4134024695633255,True
A,0.0,0.8666376275605151,True
A,0.0,0.654003784247838,True
A,0.0,0.7419630041839036,True
A,0.0,0.38524969675764564,True
A,0.0,0.3610393746109989,True
A,0.0,0.6391288828540721,True
A,0.0,0.8047338172281586,True
A,0.0,0.0,False
A,0.0,0.7067169409428031,True
A,0.0,0.0,False
A,0.0,0.8367795398632696,True
A,0.0,0.0,False
A,0.0,0.0,False
A,0.0,0.5571717048007943,True
A,0.0,0.0,False
A,0.0,0.011626909308868338,False
A,0.0,0.821693095101261,True
A,0.0,0.20621450317514867,False
A,0.0,0.0,False
A,0.0,0.0,False
A,0.0,0.0,False
A,0.0,0.9263560491343615,True
A,0.0,0.11454339810438141,True
A,0.0,0.5532529274805673,True
A,0.0,0.827062477485149,True
A,0.0,0.0,False
A,0.0,0.9014322463451474,True
A,0.0,0.6281572808226982,True
A,0.0,0.45583620114176193,True
A,0.0,0.0,False
A,0.0,0.48765882831003526,True
A,0.0,0.5613413822982981,True
A,0.0,0.0,False
A,0.0,0.16369551742151367,False
A,0.0,0.7055956484935998,True
A,0.0,0.6385262553984445,True
A,0.0,0.6121189530095303,True
A,0.0,0.9706337263987872,True
A,0.0,0.2945560967661568,False
A,0.0,0.45331378658106236,True
A,0.0,0.8717507459730808,True
A,0.0,0.4950476116228827,True
A,0.0,0.12140601422463282,True
A,0.0,0.21393269136309245,True
A,0.0,0.7869015768259463,True
A,0.0,0.20747633472349358,True
A,0.0,0.36332072699008944,True
A,0.0,0.9371922494274986,True
A,0.0,0.0,False
A,0.0,0.0,False
A,0.0,0.301538607536442,True
A,0.0,0.262969493359417,True
A,0.0,0.060289021790534414,False
A,0.0,0.0,False
A,0.0,0.4273702975330612,True
A,0.0,0.0,False
A,0.0,0.0,False
A,0.0,0.0,False
A,0.0,0.0,False
A,0.0,0.25806078495976825,True
A,0.0,0.7059523049144512,True
A,0.0,0.0,False
A,0.0,0.8653071693206045,True
A,0.0,0.0,False
A,0.0,0.05559083302205525,False
A,0.0,0.031060841442103415,False
A,0.0,0.0,False
A,0.0,0.7591254754629473,True
A,0.0,0.16402604773164964,False
A,0.0,0.0,False
A,0.0,0.305256658725538,True
A,0.0,0.7071449711968109,True
A,0.0,0.2278686509268869,False
A,0.0,0.0,False
A,0.0,0.1770504649382285,False
A,0.0,0.6961242903894133,True
A,0.0,0.12230515164338907,False
A,0.0,0.0,False
A,0.0,0.0,False
A,0.0,0.7649595910095911,True
A,0.0,0.0,False
A,0.0,0.40191384185293655,True
A,0.0,0.0,False
A,0.0,0.3572741749617897,True
A,0.0,0.3148480066496845,True
A,0.0,0.43770195378453725,True
A,0.0,0.310132259695017,True
A,0.0,0.7932661572554944,True
A,0.0,0.0,False
A,0.0,0.7499705754993833,True
A,0.0,0.0,False
A,0.0,0.006939206593125302,False
A,0.0,0.0,False
A,0.0,0.0,False
A,0.0,0.0,False
A,0.0,0.32145024008611256,False
A,0.0,0.3885903908525512,True
A,0.0,0.9517428957082145,True
A,0.0,0.4798945866683848,True
A,0.0,0.0,False
A,0.0,0.0,False
A,0.0,0.09896185273142777,False
A,0.0,0.1174243690789133,False
A,0.0,0.0,False
A,0.0,0.5855505840613886,True
A,0.0,0.21247452088144947,False
A,0.0,0.0,False
A,0.0,0.0,False
A,0.0,0.555603602632435,True
A,0.0,0.0,False
A,0.0,0.0,False
A,0.0,0.5134353498703974,True
A,0.0,0.138796980517213,False
A,0.0,0.2491142222085404,True
A,0.0,0.7248655915741157,True
A,0.0,0.20366718806446427,True
A,0.0,0.8012700105634867,True
A,0.0,0.6847358536231171,True
A,0.0,0.4561557722678421,True
A,0.0,0.19537850814708058,False
A,0.0,0.0,False
A,0.0,0.5507481694138245,True
A,0.0,0.7060834142147727,True
A,0.0,0.013000122784668333,False
A,0.0,0.41134585387331224,True
A,0.0,0.3122528020138451,True
A,0.0,0.5686504444676492,True
A,0.0,0.46737317056218175,True
A,0.0,0.06945956803249642,False
A,0.0,0.4499840538290535,True
A,0.0,0.676436938791707,True
A,0.0,0.0373243635208117,False
A,0.0,0.0,False
A,0.0,0.7881348725682298,True
A,0.0,0.31869670891880997,True
A,0.0,0.6275615711701487,True
A,0.0,0.24121482696494434,True
A,0.0,0.4484912268801774,True
A,0.0,0.0,False
A,0.0,0.37035620645121703,False
A,0.0,0.0,False
A,0.0,0.20376078054566715,False
A,0.0,0.44457899498821585,True
A,0.0,0.0,False
A,0.0,0.27425489210375253,False
A,0.0,0.6508430200243296,True
A,0.0,0.5461760858266266,True
A,0.0,0.4090296447207512,True
A,0.0,0.8428846157028771,True
A,0.0,0.04826101928902926,False
A,0.0,0.0,False
A,0.0,0.12325680219701995,False
A,0.0,0.7645421301613783,True
A,0.0,0.15467942171575078,False
A,0.0,0.3171064554699189,True
A,0.0,0.0,False
A,0.0,0.8861611807062398,True
A,0.0,0.0,False
A,0.0,0.7912440273012868,True
A,0.0,0.5052344297451095,True
A,0.0,0.0,False
A,0.0,0.7430590632619632,True
A,0.0,0.41415434219302316,True
A,0.0,0.0,False
A,0.0,0.0,False
A,0.0,0.0,False
A,0.0,0.6276042211752481,True
A,0.0,0.04957131679948845,False
A,0.0,0.5830662200711716,True
A,0.0,0.5828210594948634,True
A,0.0,0.0,False
A,0.0,0.02572022972396759,False
A,0.0,0.6850929315504127,True
A,0.0,0.603757209130699,True
A,0.0,0.0,False
A,0.0,0.0,False
A,0.0,0.804261239322842,True
A,0.0,0.9818030681890921,True
A,0.0,0.6762067496623225,True
A,0.0,0.0,False
A,0.0,0.0,False
A,0.0,0.7424563821730873,True
A,0.0,0.7155960656322685,True
A,0.0,0.8314443848051167,True
A,0.0,0.9000610192552091,True
A,0.0,0.0,False
A,0.0,0.25967013245301285,True
A,0.0,0.9812412656217819,True
A,0.0,0.0,False
A,0.0,0.07463593833135662,False
A,0.0,0.964089910960272,True
A,0.0,0.0,False
A,0.0,0.23474444350348322,False
A,0.0,0.0,False
A,0.0,0.0,False
A,0.0,0.0,False
A,0.0,0.0,True
A,0.0,0.0,False
A,0.0,0.8585334257266934,True
A,0.0,0.0,False
A,0.0,0.9799184720499009,True
A,0.0,0.7514345123328452,True
A,0.0,0.0,False
A,0.0,0.05586876146372466,True
A,0.0,0.7319451162872835,True
A,0.0,0.7152610942515091,True
A,0.0,0.897938292042778,True
A,0.0,0.3683528389879117,True
A,0.0,0.18758091649790132,False
A,0.0,0.0,False
A,0.0,0.32849827256765585,False
A,0.0,0.0818690302635997,False
A,0.0,0.20101703979935726,True
A,0.0,0.0,False
A,0.0,0.0,False
A,0.0,0.8320730517321041,True
A,0.0,0.24810181477682447,True
A,0.0,0.6728482019390162,True
A,0.0,0.0,False
A,0.0,0.10770501033902491,False
A,0.0,0.41213544792131807,True
A,0.0,0.07645189868442459,True
A,0.0,0.0,False
A,0.0,0.0,False
A,0.0,0.3480977684315322,True
A,0.0,0.7268660380658495,True
A,0.0,0.7789014524407255,True
A,0.0,0.07642532953755277,False
A,0.0,0.0,False
A,0.0,0.27598489934571435,True
A,0.0,0.0,False
A,0.0,0.8520441085076337,True
A,0.0,0.6102280063480299,True
A,0.0,0.0,False
A,0.0,0.0,True
A,0.0,0.7255179866803316,True
A,0.0,0.0,False
A,0.0,0.17822421372516783,True
A,0.0,0.24602785511296932,True
A,0.0,0.0,False
A,0.0,0.4274614135632385,True
A,0.0,0.5540391033356119,True
A,0.0,0.8681150173952162,True
A,0.0,0.2642830849539256,True
A,0.0,0.0,False
A,0.0,0.7225197215462225,True
A,0.0,0.0,False
A,0.0,0.38015693298464326,True
A,0.0,0.8040795242081408,True
A,0.0,0.9957484229468784,True
A,0.0,0.11139708990832742,False
A,0.0,0.16278219852261067,True
A,0.0,0.7771644182518039,True
A,0.0,0.7609987798046017,True
A,0.0,0.15536462493007086,True
A,0.0,0.0,False
A,0.0,0.9973435859153419,True
A,0.0,0.25443731786826995,False
A,0.0,0.9688526509193268,True
A,0.0,0.8392313973930118,True
A,0.0,0.2219086676460451,True
A,0.0,0.9964301563223453,True
A,0.0,0.45250475198173,True
A,0.0,0.0,False
A,0.0,0.0,False
A,0.0,0.3471492099158192,True
A,0.0,0.0,True
A,0.0,0.8582316316966014,True
A,0.0,0.0,False
A,0.0,0.0,False
A,0.0,0.0,False
A,0.0,0.0,False
A,0.0,0.5139220127668317,False
A,0.0,0.28549048010380185,True
A,0.0,0.7073159185610157,True
A,0.0,0.5005410975663954,True
A,0.0,0.0,False
A,0.0,0.8008502188190147,True
A,0.0,0.2226044093023486,False
A,0.0,0.90088609529608,True
A,0.0,0.0,False
A,0.0,0.5948162142731946,True
A,0.0,0.6063163987947313,True
A,0.0,0.0,True
A,0.0,0.0,False
A,0.0,0.0,False
A,0.0,0.0,False
A,0.0,0.44865523047163614,False
A,0.0,0.5023066231150812,True
A,0.0,0.0,False
A,0.0,0.6362177327123305,True
A,0.0,0.08609922454747554,False
A,0.0,0.08736768840047271,False
A,0.0,0.2500692595035412,True
A,0.0,0.4409251901439877,True
A,0.0,0.3629567289800907,False
A,0.0,0.0,False
A,0.0,0.0,False
A,0.0,0.0,False
A,0.0,0.20167752088252988,False
A,0.0,0.0,False
A,0.0,0.9665300929898768,True
A,0.0,0.0,False
A,0.0,0.05935155272507986,False
A,0.0,0.7835529348210509,True
A,0.0,0.19681985638608956,False
A,0.0,0.1880640676790929,True
A,0.0,0.5531539381198372,True
A,0.0,0.3624230180891507,True
A,0.0,0.00762300444174846,False
A,0.0,0.9841409019213685,True
A,0.0,0.5242909704446421,True
A,0.0,0.2686625628728133,False
A,0.0,0.0,False
A,0.0,0.36973249744543335,True
A,0.0,0.43843804720570834,True
A,0.0,0.3342827493937933,True
A,0.0,0.8619085840877602,True
A,0.0,0.9887035743298374,True
A,0.0,0.0,False
A,0.0,0.011810937538545896,False
A,0.0,0.4325187642145506,False
A,0.0,0.5501858701255441,True
A,0.0,0.7488853480738747,True
A,0.0,0.28565409337011716,True
A,0.0,0.0,False
A,0.0,0.26977680683359573,False
A,0.0,0.06937920267494058,False
A,0.0,0.20748779196456169,False
A,0.0,0.4447232320171678,True
A,0.0,0.0,True
A,0.0,0.38280078674450546,True
A,0.0,0.5634449749637429,True
A,0.0,0.9524103779099066,True
A,0.0,0.0,False
A,0.0,0.9372693393323087,True
A,0.0,0.1567378232925517,True
A,0.0,0.12700689355674488,True
A,0.0,0.0,False
A,0.0,0.0,False
A,0.0,0.2946499500583496,True
A,0.0,0.011510361548129788,False
A,0.0,0.8525877323172997,True
A,0.0,0.5579306041650449,True
A,0.0,0.36292116045664724,False
A,0.0,0.0,False
A,0.0,0.0,False
A,0.0,0.38241560896214677,True
A,0.0,0.2764182997774717,False
A,0.0,0.0,False
A,0.0,0.0,False
A,0.0,0.7147597492624527,True
A,0.0,0.6969688007779362,True
A,0.0,0.8211909894666052,True
A,0.0,0.06431562798167823,False
A,0.0,0.21028480966787966,False
A,0.0,0.5837702209487226,True
A,0.0,0.3763107823287062,True
A,0.0,0.12326106918282098,False
A,0.0,0.09911284275976184,False
A,0.0,0.7956958237142544,True
A,0.0,0.581449730728946,True
A,0.0,0.1373271906137924,False
A,0.0,0.8217722761324998,True
A,0.0,0.0,False
A,0.0,0.6756278934559066,True
A,0.0,0.959432102880103,True
A,0.0,0.8425475994322855,True
A,0.0,0.6582900161938725,True
A,0.0,0.1942705625208001,False
A,0.0,0.6343919363132164,True
A,0.0,0.7332401027086369,True
A,0.0,0.4215181241335967,True
A,0.0,0.0,False
A,0.0,0.46689696574250716,True
A,0.0,0.27256347817303217,True
A,0.0,0.19609754614536568,False
A,0.0,0.15002282308367743,True
A,0.0,0.0,False
A,0.0,0.0,False
A,0.0,0.11792826689374847,True
A,0.0,0.791099573491864,True
A,0.0,0.5246753860162612,True
A,0.0,0.9345028609605294,True
A,0.0,0.280048935480547,True
A,0.0,0.810122159147387,True
A,0.0,0.9365754092511127,True
A,0.0,0.0,False
A,0.0,0.0,False
A,0.0,0.2333737709888214,True
A,0.0,0.0,False
A,0.0,0.4278291202571046,True
A,0.0,0.4883262553657456,True
A,0.0,0.0359941205941412,False
A,0.0,0.0,False
A,0.0,0.8120646617106271,True
A,0.0,0.0,True
A,0.0,0.20625547739339645,True
A,0.0,0.0,False
A,0.0,0.4338197407084232,True
A,0.0,0.0,False
A,0.0,0.4487467002184172,True
A,0.0,0.7675177742561428,True
A,0.0,0.03770487978461934,False
A,0.0,0.2191597957139032,False
A,0.0,0.8414883938551014,True
A,0.0,0.4552763807448099,True
A,0.0,0.00838414874690907,False
A,0.0,0.0,False
A,0.0,0.6339653575290123,True
A,0.0,0.6509636725631379,True
A,0.0,0.0,False
A,0.0,0.31801246694446794,False
A,0.0,0.7707334772170538,True
A,0.0,0.4787171565931435,True
A,0.0,0.6944238249088176,True
A,0.0,0.8792236122866935,True
A,0.0,0.24598371611800163,True
A,0.0,0.7447132790570105,True
A,0.0,0.9049652243307177,True
A,0.0,0.7285975545099468,True
A,0.0,0.31446101457122533,True
A,0.0,0.6848598265123508,True
A,0.0,0.20294283177870287,True
A,0.0,0.0,False
A,0.0,0.0,False
A,0.0,0.8395318357386765,True
A,0.0,0.40078391888267817,False
A,0.0,0.11355520694615451,True
A,0.0,0.1432874701547393,False
A,0.0,0.2311728212219174,True
A,0.0,0.6907577419352176,True
A,0.0,0.5853346044929589,True
A,0.0,0.0,False
A,0.0,0.0,False
A,0.0,0.5457651677641477,True
A,0.0,0.0,False
A,0.0,0.3224154168021752,True
A,0.0,0.7997099607268672,True
A,0.0,0.0,False
A,0.0,0.35711876669564024,True
A,0.0,0.3776573128504511,True
A,0.0,0.0,False
A,0.0,0.3138547470094488,True
A,0.0,0.0,False
A,0.0,0.0,False
A,0.0,0.0,False
A,0.0,0.3136090729803551,True
A,0.0,0.12539126673266188,True
A,0.0,0.0,False
A,0.0,0.3097908910768076,True
A,0.0,0.8112863527597015,True
A,0.0,0.0,False
A,0.0,0.24528080768868443,True
A,0.0,0.5119491039291807,True
A,0.0,0.0,False
A,0.0,0.0,False
A,0.0,0.9744502871734098,True
A,0.0,0.2680217294789181,False
A,0.0,0.955973501364569,True
A,0.0,0.0,False
A,0.0,0.2576159987610236,True
A,0.0,0.3901547277900209,False
A,0.0,0.0,False
A,0.0,0.0,False
A,0.0,0.5157929578357239,True
A,0.0,0.9668764610283634,True
A,0.0,0.35410926278149113,True
A,0.0,0.0,False
A,0.0,0.0,False
A,0.0,0.7360794112476038,True
A,0.0,0.9933142649431626,True
A,0.0,0.07268386970473728,False
A,0.0,0.0,False
A,0.0,0.14067513221845407,False
A,0.0,0.7168081336537521,True
A,0.0,0.48902300336266,True
A,0.0,0.0,False
A,0.0,0.38701270083008066,True
A,0.0,0.4056455459762648,True
A,0.0,0.4617961446427904,True
A,0.0,0.0,False
A,0.0,0.6364332257944036,True
A,0.0,0.865918622941685,True
A,0.0,0.1998075105131938,False
A,0.0,0.0,False
A,0.0,0.9408518944129698,True
A,0.0,0.6814861930475965,True
A,0.0,0.3704878667689495,True
A,0.0,0.5446525595638183,True
A,0.0,0.06894996636177675,False
A,0.0,0.09345092131137045,False
A,0.0,0.0,False
A,0.0,0.6286795807211564,True
A,0.0,0.45723723937484584,True
A,0.0,0.0,False
A,0.0,0.9461618183128627,True
A,0.0,0.6313356419487004,True
A,0.0,0.8520383764864795,True
A,0.0,0.9965257633616902,True
A,0.0,0.0,False
A,0.0,0.3335879684985058,True
A,0.0,0.0,False
A,0.0,0.37517906668890655,True
A,0.0,0.9633012382709367,True
A,0.0,0.0,False
A,0.0,0.003413277211780974,False
A,0.0,0.0,False
A,0.0,0.0,False
A,0.0,0.1295607217450102,False
A,0.0,0.9927239223199704,True
A,0.0,0.5910541169187958,True
A,0.0,0.7572236667866272,True
A,0.0,0.054774193055771137,False
A,0.0,0.2302251577776222,True
A,0.0,0.0,False
A,0.0,0.25459329471302583,True
A,0.0,0.8869524896880873,True
A,0.0,0.0,False
A,0.0,0.28844485031395717,True
A,0.0,0.08155894995746316,True
A,0.0,0.11220622967062355,False
A,0.0,0.0,False
A,0.0,0.8203753729874997,True
A,0.0,0.06695028496250521,False
A,0.0,0.46145543323538585,True
A,0.0,0.05917943010821869,False
A,0.0,0.8964825041349594,True
A,0.0,0.0,False
A,0.0,0.8098831199691437,True
A,0.0,0.2210184171634555,True
A,0.0,0.516695908804166,True
A,0.0,0.0,False
A,0.0,0.05043785179384097,True
A,0.0,0.0,False
A,0.0,0.0,False
A,0.0,0.13364893037706338,False
A,0.0,0.7406438414542799,True
A,0.0,0.0,False
A,0.0,0.4358166382816212,True
A,0.0,0.7899075033081957,True
A,0.0,0.3186431057576129,True
A,0.0,0.4555670500870306,True
A,0.0,0.0,False
A,0.0,0.26696262001164217,False
A,0.0,0.5163645586258937,True
A,0.0,0.0,False
A,0.0,0.0,False
A,0.0,0.5441229503075308,True
A,0.0,0.5469392808833565,True
A,0.0,0.0,True
A,0.0,0.861582054219355,True
A,0.0,0.3079369233360789,True
A,0.0,0.12544851417586234,False
A,0.0,0.2861244870068016,True
A,0.0,0.9616679831434697,True
A,0.0,0.5469496254511826,True
A,0.0,0.0,False
A,0.0,0.0,False
A,0.0,0.7749599339230755,True
A,0.0,0.0,False
A,0.0,0.8721287725969142,True
A,0.0,0.0,False
A,0.0,0.08257226613414625,True
A,0.0,0.25952626736318873,True
A,0.0,0.02949195032841856,False
A,0.0,0.36033878281742937,True
A,0.0,0.7922971749495932,True
A,0.0,0.9699363672820864,True
A,0.0,0.9449085067210424,True
A,0.0,0.0,False
A,0.0,0.0,True
A,0.0,0.0,False
A,0.0,0.0,True
A,0.0,0.27737080396013913,False
A,0.0,0.5545661847951572,True
A,0.0,0.21479910644763067,True
A,0.0,0.12181705848383872,True
A,0.0,0.02340178889835598,False
A,0.0,0.8347316890297023,True
A,0.0,0.09503021594176442,False
A,0.0,0.0,False
A,0.0,0.0,False
A,0.0,0.1813346342763399,True
A,0.0,0.6422262872419019,True
A,0.0,0.0,False
A,0.0,0.5828085397326772,True
A,0.0,0.3777641312353238,True
A,0.0,0.9129166163657457,True
A,0.0,0.0,False
A,0.0,0.0,False
A,0.0,0.4229790084574664,True
A,0.0,0.6761681979748487,True
A,0.0,0.0,False
A,0.0,0.26587800282022656,True
A,0.0,0.7643019542084325,True
A,0.0,0.35963058972603423,True
A,0.0,0.6657878086909376,True
A,0.0,0.9926265102485067,True
A,0.0,0.4134024695633255,True
A,0.0,0.8666376275605151,True
A,0.0,0.654003784247838,True
A,0.0,0.7419630041839036,True
A,0.0,0.38524969675764564,True
A,0.0,0.3610393746109989,True
A,0.0,0.6391288828540721,True
A,0.0,0.8047338172281586,True
A,0.0,0.0,False
A,0.0,0.7067169409428031,True
A,0.0,0.0,False
A,0.0,0.8367795398632696,True
A,0.0,0.0,False
A,0.0,0.0,False
A,0.0,0.5571717048007943,True
A,0.0,0.0,False
A,0.0,0.011626909308868338,False
A,0.0,0.821693095101261,True
A,0.0,0.20621450317514867,False
A,0.0,0.0,False
A,0.0,0.0,False
A,0.0,0.0,False
A,0.0,0.9263560491343615,True
A,0.0,0.11454339810438141,True
A,0.0,0.5532529274805673,True
A,0.0,0.827062477485149,True
A,0.0,0.0,False
A,0.0,0.9014322463451474,True
A,0.0,0.6281572808226982,True
A,0.0,0.45583620114176193,True
A,0.0,0.0,False
A,0.0,0.48765882831003526,True
A,0.0,0.5613413822982981,True
A,0.0,0.0,False
A,0.0,0.16369551742151367,False
A,0.0,0.7055956484935998,True
A,0.0,0.6385262553984445,True
A,0.0,0.6121189530095303,True
A,0.0,0.9706337263987872,True
A,0.0,0.2945560967661568,True
A,0.0,0.45331378658106236,True
A,0.0,0.8717507459730808,True
A,0.0,0.4950476116228827,True
A,0.0,0.12140601422463282,True
A,0.0,0.21393269136309245,True
A,0.0,0.7869015768259463,True
A,0.0,0.20747633472349358,True
A,0.0,0.36332072699008944,True
A,0.0,0.9371922494274986,True
A,0.0,0.0,False
A,0.0,0.0,False
A,0.0,0.301538607536442,True
A,0.0,0.262969493359417,True
A,0.0,0.060289021790534414,False
A,0.0,0.0,False
A,0.0,0.4273702975330612,True
A,0.0,0.0,False
A,0.0,0.0,False
A,0.0,0.0,False
A,0.0,0.0,False
A,0.0,0.25806078495976825,True
A,0.0,0.7059523049144512,True
A,0.0,0.0,False
A,0.0,0.8653071693206045,True
A,0.0,0.0,False
A,0.0,0.05559083302205525,False
A,0.0,0.031060841442103415,False
A,0.0,0.0,False
A,0.0,0.7591254754629473,True
A,0.0,0.16402604773164964,False
A,0.0,0.0,False
A,0.0,0.305256658725538,True
A,0.0,0.7071449711968109,True
A,0.0,0.2278686509268869,False
A,0.0,0.0,False
A,0.0,0.1770504649382285,False
A,0.0,0.6961242903894133,True
A,0.0,0.12230515164338907,False
A,0.0,0.0,False
A,0.0,0.0,False
A,0.0,0.7649595910095911,True
A,0.0,0.0,False
A,0.0,0.40191384185293655,True
A,0.0,0.0,False
A,0.0,0.3572741749617897,False
A,0.0,0.3148480066496845,True
A,0.0,0.43770195378453725,True
A,0.0,0.310132259695017,True
A,0.0,0.7932661572554944,True
A,0.0,0.0,False
A,0.0,0.7499705754993833,True
A,0.0,0.0,False
A,0.0,0.006939206593125302,False
A,0.0,0.0,False
A,0.0,0.0,False
A,0.0,0.0,False
A,0.0,0.32145024008611256,False
A,0.0,0.3885903908525512,True
A,0.0,0.9517428957082145,True
A,0.0,0.4798945866683848,True
A,0.0,0.0,False
A,0.0,0.0,False
A,0.0,0.09896185273142777,False
A,0.0,0.1174243690789133,False
A,0.0,0.0,False
A,0.0,0.5855505840613886,True
A,0.0,0.21247452088144947,True
A,0.0,0.0,False
A,0.0,0.0,False
A,0.0,0.555603602632435,True
A,0.0,0.0,True
A,0.0,0.0,False
A,0.0,0.5134353498703974,True
A,0.0,0.138796980517213,False
A,0.0,0.2491142222085404,True
A,0.0,0.7248655915741157,True
A,0.0,0.20366718806446427,True
A,0.0,0.8012700105634867,True
A,0.0,0.6847358536231171,True
A,0.0,0.4561557722678421,True
A,0.0,0.19537850814708058,False
A,0.0,0.0,False
A,0.0,0.5507481694138245,True
A,0.0,0.7060834142147727,True
A,0.0,0.013000122784668333,False
A,0.0,0.41134585387331224,True
A,0.0,0.3122528020138451,True
A,0.0,0.5686504444676492,True
A,0.0,0.46737317056218175,True
A,0.0,0.06945956803249642,False
A,0.0,0.4499840538290535,True
A,0.0,0.676436938791707,True
A,0.0,0.0373243635208117,False
A,0.0,0.0,False
A,0.0,0.7881348725682298,True
A,0.0,0.31869670891880997,True
A,0.0,0.6275615711701487,True
A,0.0,0.24121482696494434,True
A,0.0,0.4484912268801774,True
A,0.0,0.0,False
A,0.0,0.37035620645121703,False
A,0.0,0.0,False
A,0.0,0.20376078054566715,False
A,0.0,0.44457899498821585,True
A,0.0,0.0,False
A,0.0,0.27425489210375253,False
A,0.0,0.6508430200243296,True
A,0.0,0.5461760858266266,True
A,0.0,0.4090296447207512,True
A,0.0,0.8428846157028771,True
A,0.0,0.04826101928902926,False
A,0.0,0.0,False
A,0.0,0.12325680219701995,False
A,0.0,0.7645421301613783,True
A,0.0,0.15467942171575078,False
A,0.0,0.3171064554699189,True
A,0.0,0.0,False
A,0.0,0.8861611807062398,True
A,0.0,0.0,False
A,0.0,0.7912440273012868,True
A,0.0,0.5052344297451095,True
A,0.0,0.0,False
A,0.0,0.7430590632619632,True
A,0.0,0.41415434219302316,True
A,0.0,0.0,False
A,0.0,0.0,False
A,0.0,0.0,False
A,0.0,0.6276042211752481,True
A,0.0,0.04957131679948845,False
A,0.0,0.5830662200711716,True
A,0.0,0.5828210594948634,True
A,0.0,0.0,False
A,0.0,0.02572022972396759,False
A,0.0,0.6850929315504127,True
A,0.0,0.603757209130699,True
A,0.0,0.0,False
A,0.0,0.0,True
A,0.0,0.804261239322842,True
A,0.0,0.9818030681890921,True
A,0.0,0.6762067496623225,True
A,0.0,0.0,False
A,0.0,0.0,False
A,0.0,0.7424563821730873,True
A,0.0,0.7155960656322685,True
A,0.0,0.8314443848051167,True
A,0.0,0.9000610192552091,True
A,0.0,0.0,False
A,0.0,0.25967013245301285,True
A,0.0,0.9812412656217819,True
A,0.0,0.0,False
A,0.0,0.07463593833135662,False
A,0.0,0.964089910960272,True
A,0.0,0.0,False
A,0.0,0.23474444350348322,False
A,0.0,0.0,False
A,0.0,0.0,False
A,0.0,0.0,False
A,0.0,0.0,True
A,0.0,0.0,False
A,0.0,0.8585334257266934,True
A,0.0,0.0,False
A,0.0,0.9799184720499009,True
A,0.0,0.7514345123328452,True
A,0.0,0.0,False
A,0.0,0.05586876146372466,True
A,0.0,0.7319451162872835,True
A,0.0,0.7152610942515091,True
A,0.0,0.897938292042778,True
A,0.0,0.3683528389879117,True
A,0.0,0.18758091649790132,False
A,0.0,0.0,False
A,0.0,0.32849827256765585,False
A,0.0,0.0818690302635997,False
A,0.0,0.20101703979935726,True
A,0.0,0.0,False
A,0.0,0.0,False
A,0.0,0.8320730517321041,True
A,0.0,0.24810181477682447,True
A,0.0,0.6728482019390162,True
A,0.0,0.0,False
A,0.0,0.10770501033902491,False
A,0.0,0.41213544792131807,True
A,0.0,0.07645189868442459,False
A,0.0,0.0,False
A,0.0,0.0,False
A,0.0,0.3480977684315322,True
A,0.0,0.7268660380658495,True
A,0.0,0.7789014524407255,True
A,0.0,0.07642532953755277,False
A,0.0,0.0,False
A,0.0,0.27598489934571435,True
A,0.0,0.0,False
A,0.0,0.8520441085076337,True
A,0.0,0.6102280063480299,True
A,0.0,0.0,False
A,0.0,0.0,True
A,0.0,0.7255179866803316,True
A,0.0,0.0,False
A,0.0,0.17822421372516783,False
A,0.0,0.24602785511296932,True
A,0.0,0.0,False
A,0.0,0.4274614135632385,True
A,0.0,0.5540391033356119,True
A,0.0,0.8681150173952162,True
A,0.0,0.2642830849539256,True
A,0.0,0.0,False
A,0.0,0.7225197215462225,True
A,0.0,0.0,False
A,0.0,0.38015693298464326,True
A,0.0,0.8040795242081408,True
A,0.0,0.9957484229468784,True
A,0.0,0.11139708990832742,True
A,0.0,0.16278219852261067,True
A,0.0,0.7771644182518039,True
A,0.0,0.7609987798046017,True
A,0.0,0.15536462493007086,True
A,0.0,0.0,False
A,0.0,0.9973435859153419,True
A,0.0,0.25443731786826995,False
A,0.0,0.9688526509193268,True
A,0.0,0.8392313973930118,True
A,0.0,0.2219086676460451,True
A,0.0,0.9964301563223453,True
A,0.0,0.45250475198173,False
A,0.0,0.0,False
A,0.0,0.0,False
A,0.0,0.3471492099158192,True
A,0.0,0.0,True
A,0.0,0.8582316316966014,True
A,0.0,0.0,False
A,0.0,0.0,False
A,0.0,0.0,False
A,0.0,0.0,False
A,0.0,0.5139220127668317,False
A,0.0,0.28549048010380185,False
A,0.0,0.7073159185610157,True
A,0.0,0.5005410975663954,True
A,0.0,0.0,False
A,0.0,0.8008502188190147,True
A,0.0,0.2226044093023486,False
A,0.0,0.90088609529608,True
A,0.0,0.0,False
A,0.0,0.5948162142731946,True
A,0.0,0.6063163987947313,True
A,0.0,0.0,False
A,0.0,0.0,False
A,0.0,0.0,False
A,0.0,0.0,False
A,0.0,0.44865523047163614,True
A,0.0,0.5023066231150812,True
A,0.0,0.0,False
A,0.0,0.6362177327123305,True
A,0.0,0.08609922454747554,False
A,0.0,0.08736768840047271,True
A,0.0,0.2500692595035412,True
A,0.0,0.4409251901439877,True
A,0.0,0.3629567289800907,False
A,0.0,0.0,False
A,0.0,0.0,False
A,0.0,0.0,False
A,0.0,0.20167752088252988,False
A,0.0,0.0,False
A,0.0,0.9665300929898768,True
A,0.0,0.0,False
A,0.0,0.05935155272507986,False
A,0.0,0.7835529348210509,True
A,0.0,0.19681985638608956,False
A,0.0,0.1880640676790929,False
A,0.0,0.5531539381198372,True
A,0.0,0.3624230180891507,True
A,0.0,0.00762300444174846,False
A,0.0,0.9841409019213685,True
A,0.0,0.5242909704446421,True
A,0.0,0.2686625628728133,False
A,0.0,0.0,False
A,0.0,0.36973249744543335,True
A,0.0,0.43843804720570834,True
A,0.0,0.3342827493937933,True
A,0.0,0.8619085840877602,True
A,0.0,0.9887035743298374,True
A,0.0,0.0,False
A,0.0,0.011810937538545896,False
A,0.0,0.4325187642145506,False
A,0.0,0.5501858701255441,True
A,0.0,0.7488853480738747,True
A,0.0,0.28565409337011716,False
A,0.0,0.0,False
A,0.0,0.26977680683359573,True
A,0.0,0.06937920267494058,False
A,0.0,0.20748779196456169,False
A,0.0,0.4447232320171678,True
A,0.0,0.0,True
A,0.0,0.38280078674450546,True
A,0.0,0.5634449749637429,True
A,0.0,0.9524103779099066,True
A,0.0,0.0,False
A,0.0,0.9372693393323087,True
A,0.0,0.1567378232925517,True
A,0.0,0.12700689355674488,True
A,0.0,0.0,False
A,0.0,0.0,False
A,0.0,0.2946499500583496,True
A,0.0,0.011510361548129788,False
A,0.0,0.8525877323172997,True
A,0.0,0.5579306041650449,True
A,0.0,0.36292116045664724,True
A,0.0,0.0,False
A,0.0,0.0,False
A,0.0,0.38241560896214677,True
A,0.0,0.2764182997774717,False
A,0.0,0.0,False
A,0.0,0.0,False
A,0.0,0.7147597492624527,True
A,0.0,0.6969688007779362,True
A,0.0,0.8211909894666052,True
A,0.0,0.06431562798167823,False
A,0.0,0.21028480966787966,False
A,0.0,0.5837702209487226,True
A,0.0,0.3763107823287062,True
A,0.0,0.12326106918282098,False
A,0.0,0.09911284275976184,False
A,0.0,0.7956958237142544,True
A,0.0,0.581449730728946,True
A,0.0,0.1373271906137924,False
A,0.0,0.8217722761324998,True
A,0.0,0.0,False
A,0.0,0.6756278934559066,True
A,0.0,0.959432102880103,True
A,0.0,0.8425475994322855,True
A,0.0,0.6582900161938725,True
A,0.0,0.1942705625208001,False
A,0.0,0.6343919363132164,True
A,0.0,0.7332401027086369,True
A,0.0,0.4215181241335967,True
A,0.0,0.0,False
A,0.0,0.46689696574250716,True
A,0.0,0.27256347817303217,True
A,0.0,0.19609754614536568,False
A,0.0,0.15002282308367743,True
A,0.0,0.0,False
A,0.0,0.0,False
A,0.0,0.11792826689374847,True
A,0.0,0.791099573491864,True
A,0.0,0.5246753860162612,True
A,0.0,0.9345028609605294,True
A,0.0,0.280048935480547,True
A,0.0,0.810122159147387,True
A,0.0,0.9365754092511127,True
A,0.0,0.0,False
A,0.0,0.0,False
A,0.0,0.2333737709888214,True
A,0.0,0.0,False
A,0.0,0.4278291202571046,True
A,0.0,0.4883262553657456,True
A,0.0,0.0359941205941412,False
A,0.0,0.0,False
A,0.0,0.8120646617106271,True
A,0.0,0.0,True
A,0.0,0.20625547739339645,True
A,0.0,0.0,False
A,0.0,0.4338197407084232,True
A,0.0,0.0,False
A,0.0,0.4487467002184172,True
A,0.0,0.7675177742561428,True
A,0.0,0.03770487978461934,False
A,0.0,0.2191597957139032,False
A,0.0,0.8414883938551014,True
A,0.0,0.4552763807448099,True
A,0.0,0.00838414874690907,False
A,0.0,0.0,False
A,0.0,0.6339653575290123,True
A,0.0,0.6509636725631379,True
A,0.0,0.0,False
A,0.0,0.31801246694446794,False
A,0.0,0.7707334772170538,True
A,0.0,0.4787171565931435,True
A,0.0,0.6944238249088176,True
A,0.0,0.8792236122866935,True
A,0.0,0.24598371611800163,True
A,0.0,0.7447132790570105,True
A,0.0,0.9049652243307177,True
A,0.0,0.7285975545099468,True
A,0.0,0.31446101457122533,True
A,0.0,0.6848598265123508,True
A,0.0,0.20294283177870287,True
A,0.0,0.0,False
A,0.0,0.0,False
A,0.0,0.8395318357386765,True
A,0.0,0.40078391888267817,False
A,0.0,0.11355520694615451,True
A,0.0,0.1432874701547393,False
A,0.0,0.2311728212219174,True
A,0.0,0.6907577419352176,True
A,0.0,0.5853346044929589,True
A,0.0,0.0,False
A,0.0,0.0,False
A,0.0,0.5457651677641477,True
A,0.0,0.0,False
A,0.0,0.3224154168021752,True
A,0.0,0.7997099607268672,True
A,0.0,0.0,False
A,0.0,0.35711876669564024,True
A,0.0,0.3776573128504511,True
A,0.0,0.0,True
A,0.0,0.3138547470094488,True
A,0.0,0.0,False
A,0.0,0.0,False
A,0.0,0.0,False
A,0.0,0.3136090729803551,True
A,0.0,0.12539126673266188,True
A,0.0,0.0,False
A,0.0,0.3097908910768076,True
A,0.0,0.8112863527597015,True
A,0.0,0.0,False
A,0.0,0.24528080768868443,True
A,0.0,0.5119491039291807,True
A,0.0,0.0,False
A,0.0,0.0,False
A,0.0,0.9744502871734098,True
A,0.0,0.2680217294789181,False
A,0.0,0.955973501364569,True
A,0.0,0.0,False
A,0.0,0.2576159987610236,True
A,0.0,0.3901547277900209,False
A,0.0,0.0,False
A,0.0,0.0,False
A,0.0,0.5157929578357239,True
A,0.0,0.9668764610283634,True
A,0.0,0.35410926278149113,True
A,0.0,0.0,False
A,0.0,0.0,False
A,0.0,0.7360794112476038,True
A,0.0,0.9933142649431626,True
A,0.0,0.07268386970473728,False
A,0.0,0.0,False
A,0.0,0.14067513221845407,False
A,0.0,0.7168081336537521,True
A,0.0,0.48902300336266,True
A,0.0,0.0,False
A,0.0,0.38701270083008066,True
A,0.0,0.4056455459762648,True
A,0.0,0.4617961446427904,True
A,0.0,0.0,False
A,0.0,0.6364332257944036,True
A,0.0,0.865918622941685,True
A,0.0,0.1998075105131938,False
A,0.0,0.0,False
A,0.0,0.9408518944129698,True
A,0.0,0.6814861930475965,True
A,0.0,0.3704878667689495,True
A,0.0,0.5446525595638183,True
A,0.0,0.06894996636177675,False
A,0.0,0.09345092131137045,False
A,0.0,0.0,False
A,0.0,0.6286795807211564,True
A,0.0,0.45723723937484584,True
A,0.0,0.0,False
A,0.0,0.9461618183128627,True
A,0.0,0.6313356419487004,True
A,0.0,0.8520383764864795,True
A,0.0,0.9965257633616902,True
A,0.0,0.0,False
A,0.0,0.3335879684985058,True
A,0.0,0.0,False
A,0.0,0.37517906668890655,True
A,0.0,0.9633012382709367,True
A,0.0,0.0,False
A,0.0,0.003413277211780974,False
A,0.0,0.0,False
A,0.0,0.0,False
A,0.0,0.1295607217450102,False
A,0.0,0.9927239223199704,True
A,0.0,0.5910541169187958,True
A,0.0,0.7572236667866272,True
A,0.0,0.054774193055771137,False
A,0.0,0.2302251577776222,True
A,0.0,0.0,False
A,0.0,0.25459329471302583,True
A,0.0,0.8869524896880873,True
A,0.0,0.0,False
A,0.0,0.28844485031395717,True
A,0.0,0.08155894995746316,True
A,0.0,0.11220622967062355,False
A,0.0,0.0,False
A,0.0,0.8203753729874997,True
A,0.0,0.06695028496250521,False
A,0.0,0.46145543323538585,True
A,0.0,0.05917943010821869,False
A,0.0,0.8964825041349594,True
A,0.0,0.0,False
A,0.0,0.8098831199691437,True
A,0.0,0.2210184171634555,True
A,0.0,0.516695908804166,True
A,0.0,0.0,False
A,0.0,0.05043785179384097,False
A,0.0,0.0,False
A,0.0,0.0,False
A,0.0,0.13364893037706338,False
A,0.0,0.7406438414542799,True
A,0.0,0.0,False
A,0.0,0.4358166382816212,True
A,0.0,0.7899075033081957,True
A,0.0,0.3186431057576129,False
A,0.0,0.4555670500870306,True
A,0.0,0.0,False
A,0.0,0.26696262001164217,False
A,0.0,0.5163645586258937,True
A,0.0,0.0,False
A,0.0,0.0,False
A,0.0,0.5441229503075308,True
A,0.0,0.5469392808833565,True
A,0.0,0.0,True
A,0.0,0.861582054219355,True
A,0.0,0.3079369233360789,False
A,0.0,0.12544851417586234,False
A,0.0,0.2861244870068016,True
A,0.0,0.9616679831434697,True
A,0.0,0.5469496254511826,True
A,0.0,0.0,False
A,0.0,0.0,False
A,0.0,0.7749599339230755,True
A,0.0,0.0,False
A,0.0,0.8721287725969142,True
A,0.0,0.0,False
A,0.0,0.08257226613414625,False
A,0.0,0.25952626736318873,True
A,0.0,0.02949195032841856,False
A,0.0,0.36033878281742937,True
A,0.0,0.7922971749495932,True
A,0.0,0.9699363672820864,True
A,0.0,0.9449085067210424,True
A,0.0,0.0,True
A,0.0,0.0,True
A,0.0,0.0,False
A,0.0,0.0,True
A,0.0,0.27737080396013913,True
A,0.0,0.5545661847951572,True
A,0.0,0.21479910644763067,False
A,0.0,0.12181705848383872,True
A,0.0,0.02340178889835598,False
A,0.0,0.8347316890297023,True
A,0.0,0.09503021594176442,False
A,0.0,0.0,False
A,0.0,0.0,False
A,0.0,0.1813346342763399,True
A,0.0,0.6422262872419019,True
A,0.0,0.0,False
A,0.0,0.5828085397326772,True
A,0.0,0.3777641312353238,True
A,0.0,0.9129166163657457,True
A,0.0,0.0,True
A,0.0,0.0,False
A,0.0,0.4229790084574664,True
A,0.0,0.6761681979748487,True
A,0.0,0.0,False
A,0.0,0.26587800282022656,True
A,0.0,0.7643019542084325,True
A,0.0,0.35963058972603423,True
A,0.0,0.6657878086909376,True
A,0.0,0.9926265102485067,True
A,0.0,0.4134024695633255,False
A,0.0,0.8666376275605151,True
A,0.0,0.654003784247838,True
A,0.0,0.7419630041839036,True
A,0.0,0.38524969675764564,True
A,0.0,0.3610393746109989,True
A,0.0,0.6391288828540721,True
A,0.0,0.8047338172281586,True
A,0.0,0.0,False
A,0.0,0.7067169409428031,True
A,0.0,0.0,False
A,0.0,0.8367795398632696,True
A,0.0,0.0,False
A,0.0,0.0,False
A,0.0,0.5571717048007943,True
A,0.0,0.0,False
A,0.0,0.011626909308868338,False
A,0.0,0.821693095101261,True
A,0.0,0.20621450317514867,True
A,0.0,0.0,False
A,0.0,0.0,False
A,0.0,0.0,False
A,0.0,0.9263560491343615,True
A,0.0,0.11454339810438141,False
A,0.0,0.5532529274805673,True
A,0.0,0.827062477485149,True
A,0.0,0.0,False
A,0.0,0.9014322463451474,True
A,0.0,0.6281572808226982,True
A,0.0,0.45583620114176193,True
A,0.0,0.0,False
A,0.0,0.48765882831003526,True
A,0.0,0.5613413822982981,True
A,0.0,0.0,False
A,0.0,0.16369551742151367,False
A,0.0,0.7055956484935998,True
A,0.0,0.6385262553984445,True
A,0.0,0.6121189530095303,True
A,0.0,0.9706337263987872,True
A,0.0,0.2945560967661568,True
A,0.0,0.45331378658106236,True
A,0.0,0.8717507459730808,True
A,0.0,0.4950476116228827,True
A,0.0,0.12140601422463282,True
A,0.0,0.21393269136309245,True
A,0.0,0.7869015768259463,True
A,0.0,0.20747633472349358,True
A,0.0,0.36332072699008944,True
A,0.0,0.9371922494274986,True
A,0.0,0.0,False
A,0.0,0.0,False
A,0.0,0.301538607536442,True
A,0.0,0.262969493359417,True
A,0.0,0.060289021790534414,False
A,0.0,0.0,False
A,0.0,0.4273702975330612,True
A,0.0,0.0,False
A,0.0,0.0,False
A,0.0,0.0,False
A,0.0,0.0,False
A,0.0,0.25806078495976825,True
A,0.0,0.7059523049144512,True
A,0.0,0.0,False
A,0.0,0.8653071693206045,True
A,0.0,0.0,False
A,0.0,0.05559083302205525,False
A,0.0,0.031060841442103415,False
A,0.0,0.0,False
A,0.0,0.7591254754629473,True
A,0.0,0.16402604773164964,False
A,0.0,0.0,False
A,0.0,0.305256658725538,True
A,0.0,0.7071449711968109,True
A,0.0,0.2278686509268869,False
A,0.0,0.0,False
A,0.0,0.1770504649382285,False
A,0.0,0.6961242903894133,True
A,0.0,0.12230515164338907,False
A,0.0,0.0,False
A,0.0,0.0,False
A,0.0,0.7649595910095911,True
A,0.0,0.0,False
A,0.0,0.40191384185293655,True
A,0.0,0.0,False
A,0.0,0.3572741749617897,False
A,0.0,0.3148480066496845,True
A,0.0,0.43770195378453725,True
A,0.0,0.310132259695017,False
A,0.0,0.7932661572554944,True
A,0.0,0.0,False
A,0.0,0.7499705754993833,True
A,0.0,0.0,False
A,0.0,0.006939206593125302,False
A,0.0,0.0,True
A,0.0,0.0,False
A,0.0,0.0,True
A,0.0,0.32145024008611256,True
A,0.0,0.3885903908525512,True
A,0.0,0.9517428957082145,True
A,0.0,0.4798945866683848,True
A,0.0,0.0,False
A,0.0,0.0,False
A,0.0,0.09896185273142777,False
A,0.0,0.1174243690789133,False
A,0.0,0.0,False
A,0.0,0.5855505840613886,True
A,0.0,0.21247452088144947,True
A,0.0,0.0,False
A,0.0,0.0,False
A,0.0,0.555603602632435,True
A,0.0,0.0,True
A,0.0,0.0,False
A,0.0,0.5134353498703974,True
A,0.0,0.138796980517213,False
A,0.0,0.2491142222085404,True
A,0.0,0.7248655915741157,True
A,0.0,0.20366718806446427,True
A,0.0,0.8012700105634867,True
A,0.0,0.6847358536231171,True
A,0.0,0.4561557722678421,True
A,0.0,0.19537850814708058,False
A,0.0,0.0,False
A,0.0,0.5507481694138245,True
A,0.0,0.7060834142147727,True
A,0.0,0.013000122784668333,False
A,0.0,0.41134585387331224,True
A,0.0,0.3122528020138451,True
A,0.0,0.5686504444676492,True
A,0.0,0.46737317056218175,True
A,0.0,0.06945956803249642,False
A,0.0,0.4499840538290535,True
A,0.0,0.676436938791707,True
A,0.0,0.0373243635208117,False
A,0.0,0.0,False
A,0.0,0.7881348725682298,True
A,0.0,0.31869670891880997,True
A,0.0,0.6275615711701487,True
A,0.0,0.24121482696494434,True
A,0.0,0.4484912268801774,True
A,0.0,0.0,False
A,0.0,0.37035620645121703,False
A,0.0,0.0,False
A,0.0,0.20376078054566715,False
A,0.0,0.44457899498821585,True
A,0.0,0.0,False
A,0.0,0.27425489210375253,False
A,0.0,0.6508430200243296,True
A,0.0,0.5461760858266266,True
A,0.0,0.4090296447207512,True
A,0.0,0.8428846157028771,True
A,0.0,0.04826101928902926,False
A,0.0,0.0,False
A,0.0,0.12325680219701995,False
A,0.0,0.7645421301613783,True
A,0.0,0.15467942171575078,False
A,0.0,0.3171064554699189,True
A,0.0,0.0,False
A,0.0,0.8861611807062398,True
A,0.0,0.0,False
A,0.0,0.7912440273012868,True
A,0.0,0.5052344297451095,True
A,0.0,0.0,False
A,0.0,0.7430590632619632,True
A,0.0,0.41415434219302316,True
A,0.0,0.0,False
A,0.0,0.0,False
A,0.0,0.0,False
A,0.0,0.6276042211752481,True
A,0.0,0.04957131679948845,False
A,0.0,0.5830662200711716,True
A,0.0,0.5828210594948634,True
A,0.0,0.0,False
A,0.0,0.02572022972396759,False
A,0.0,0.6850929315504127,True
A,0.0,0.603757209130699,True
A,0.0,0.0,False
A,0.0,0.0,True
A,0.0,0.804261239322842,True
A,0.0,0.9818030681890921,True
A,0.0,0.6762067496623225,True
A,0.0,0.0,False
A,0.0,0.0,False
A,0.0,0.7424563821730873,True
A,0.0,0.7155960656322685,True
A,0.0,0.8314443848051167,True
A,0.0,0.9000610192552091,True
A,0.0,0.0,False
A,0.0,0.25967013245301285,True
A,0.0,0.9812412656217819,True
A,0.0,0.0,False
A,0.0,0.07463593833135662,False
A,0.0,0.964089910960272,True
A,0.0,0.0,False
A,0.0,0.23474444350348322,True
A,0.0,0.0,False
A,0.0,0.0,False
A,0.0,0.0,False
A,0.0,0.0,True
A,0.0,0.0,False
A,0.0,0.8585334257266934,True
A,0.0,0.0,False
A,0.0,0.9799184720499009,True
A,0.0,0.7514345123328452,True
A,0.0,0.0,False
A,0.0,0.05586876146372466,True
A,0.0,0.7319451162872835,True
A,0.0,0.7152610942515091,True
A,0.0,0.897938292042778,True
A,0.0,0.3683528389879117,True
A,0.0,0.18758091649790132,False
A,0.0,0.0,False
A,0.0,0.32849827256765585,True
A,0.0,0.0818690302635997,False
A,0.0,0.20101703979935726,True
A,0.0,0.0,False
A,0.0,0.0,False
A,0.0,0.8320730517321041,True
A,0.0,0.24810181477682447,True
A,0.0,0.6728482019390162,True
A,0.0,0.0,False
A,0.0,0.10770501033902491,False
A,0.0,0.41213544792131807,True
A,0.0,0.07645189868442459,False
A,0.0,0.0,False
A,0.0,0.0,False
A,0.0,0.3480977684315322,True
A,0.0,0.7268660380658495,True
A,0.0,0.7789014524407255,True
A,0.0,0.07642532953755277,False
A,0.0,0.0,False
A,0.0,0.27598489934571435,True
A,0.0,0.0,False
A,0.0,0.8520441085076337,True
A,0.0,0.6102280063480299,True
A,0.0,0.0,False
A,0.0,0.0,True
A,0.0,0.7255179866803316,True
A,0.0,0.0,False
A,0.0,0.17822421372516783,False
A,0.0,0.24602785511296932,True
A,0.0,0.0,False
A,0.0,0.4274614135632385,True
A,0.0,0.5540391033356119,True
A,0.0,0.8681150173952162,True
A,0.0,0.2642830849539256,True
A,0.0,0.0,False
A,0.0,0.7225197215462225,True
A,0.0,0.0,False
A,0.0,0.38015693298464326,True
A,0.0,0.8040795242081408,True
A,0.0,0.9957484229468784,True
A,0.0,0.11139708990832742,True
A,0.0,0.16278219852261067,True
A,0.0,0.7771644182518039,True
A,0.0,0.7609987798046017,True
A,0.0,0.15536462493007086,True
A,0.0,0.0,False
A,0.0,0.9973435859153419,True
A,0.0,0.25443731786826995,False
A,0.0,0.9688526509193268,True
A,0.0,0.8392313973930118,True
A,0.0,0.2219086676460451,True
A,0.0,0.9964301563223453,True
A,0.0,0.45250475198173,True
A,0.0,0.0,False
A,0.0,0.0,False
A,0.0,0.3471492099158192,True
A,0.0,0.0,True
A,0.0,0.8582316316966014,True
A,0.0,0.0,False
A,0.0,0.0,False
A,0.0,0.0,False
A,0.0,0.0,False
A,0.0,0.5139220127668317,False
A,0.0,0.28549048010380185,False
A,0.0,0.7073159185610157,True
A,0.0,0.5005410975663954,True
A,0.0,0.0,False
A,0.0,0.8008502188190147,True
A,0.0,0.2226044093023486,False
A,0.0,0.90088609529608,True
A,0.0,0.0,False
A,0.0,0.5948162142731946,True
A,0.0,0.6063163987947313,True
A,0.0,0.0,True
A,0.0,0.0,False
A,0.0,0.0,False
A,0.0,0.0,False
A,0.0,0.44865523047163614,True
A,0.0,0.5023066231150812,True
A,0.0,0.0,False
A,0.0,0.6362177327123305,True
A,0.0,0.08609922454747554,True
A,0.0,0.08736768840047271,True
A,0.0,0.2500692595035412,False
A,0.0,0.4409251901439877,True
A,0.0,0.3629567289800907,True
A,0.0,0.0,False
A,0.0,0.0,False
A,0.0,0.0,False
A,0.0,0.20167752088252988,False
A,0.0,0.0,False
A,0.0,0.9665300929898768,True
A,0.0,0.0,False
A,0.0,0.05935155272507986,False
A,0.0,0.7835529348210509,True
A,0.0,0.19681985638608956,False
A,0.0,0.1880640676790929,False
A,0.0,0.5531539381198372,True
A,0.0,0.3624230180891507,True
A,0.0,0.00762300444174846,False
A,0.0,0.9841409019213685,True
A,0.0,0.5242909704446421,True
A,0.0,0.2686625628728133,False
A,0.0,0.0,False
A,0.0,0.36973249744543335,True
A,0.0,0.43843804720570834,True
A,0.0,0.3342827493937933,True
A,0.0,0.8619085840877602,True
A,0.0,0.9887035743298374,True
A,0.0,0.0,False
A,0.0,0.011810937538545896,False
A,0.0,0.4325187642145506,False
A,0.0,0.5501858701255441,True
A,0.0,0.7488853480738747,True
A,0.0,0.28565409337011716,False
A,0.0,0.0,False
A,0.0,0.26977680683359573,True
A,0.0,0.06937920267494058,False
A,0.0,0.20748779196456169,False
A,0.0,0.4447232320171678,True
A,0.0,0.0,True
A,0.0,0.38280078674450546,True
A,0.0,0.5634449749637429,True
A,0.0,0.9524103779099066,True
A,0.0,0.0,False
A,0.0,0.9372693393323087,True
A,0.0,0.1567378232925517,True
A,0.0,0.12700689355674488,True
A,0.0,0.0,False
A,0.0,0.0,False
A,0.0,0.2946499500583496,True
A,0.0,0.011510361548129788,False
A,0.0,0.8525877323172997,True
A,0.0,0.5579306041650449,True
A,0.0,0.36292116045664724,True
A,0.0,0.0,False
A,0.0,0.0,False
A,0.0,0.38241560896214677,True
A,0.0,0.2764182997774717,False
A,0.0,0.0,False
A,0.0,0.0,False
A,0.0,0.7147597492624527,True
A,0.0,0.6969688007779362,True
A,0.0,0.8211909894666052,True
A,0.0,0.06431562798167823,False
A,0.0,0.21028480966787966,False
A,0.0,0.5837702209487226,True
A,0.0,0.3763107823287062,True
A,0.0,0.12326106918282098,False
A,0.0,0.09911284275976184,False
A,0.0,0.7956958237142544,True
A,0.0,0.581449730728946,True
A,0.0,0.1373271906137924,False
A,0.0,0.8217722761324998,True
A,0.0,0.0,False
A,0.0,0.6756278934559066,True
A,0.0,0.959432102880103,True
A,0.0,0.8425475994322855,True
A,0.0,0.6582900161938725,True
A,0.0,0.1942705625208001,False
A,0.0,0.6343919363132164,True
A,0.0,0.7332401027086369,True
A,0.0,0.4215181241335967,True
A,0.0,0.0,False
A,0.0,0.46689696574250716,True
A,0.0,0.27256347817303217,True
A,0.0,0.19609754614536568,True
A,0.0,0.15002282308367743,True
A,0.0,0.0,False
A,0.0,0.0,False
A,0.0,0.11792826689374847,True
A,0.0,0.791099573491864,True
A,0.0,0.5246753860162612,True
A,0.0,0.9345028609605294,True
A,0.0,0.280048935480547,True
A,0.0,0.810122159147387,True
A,0.0,0.9365754092511127,True
A,0.0,0.0,False
A,0.0,0.0,False
A,0.0,0.2333737709888214,True
A,0.0,0.0,False
A,0.0,0.4278291202571046,True
A,0.0,0.4883262553657456,True
A,0.0,0.0359941205941412,False
A,0.0,0.0,False
A,0.0,0.8120646617106271,True
A,0.0,0.0,False
A,0.0,0.20625547739339645,True
A,0.0,0.0,False
A,0.0,0.4338197407084232,True
A,0.0,0.0,False
A,0.0,0.4487467002184172,True
A,0.0,0.7675177742561428,True
A,0.0,0.03770487978461934,False
A,0.0,0.2191597957139032,False
A,0.0,0.8414883938551014,True
A,0.0,0.4552763807448099,True
A,0.0,0.00838414874690907,False
A,0.0,0.0,False
A,0.0,0.6339653575290123,True
A,0.0,0.6509636725631379,True
A,0.0,0.0,False
A,0.0,0.31801246694446794,False
A,0.0,0.7707334772170538,True
A,0.0,0.4787171565931435,True
A,0.0,0.6944238249088176,True
A,0.0,0.8792236122866935,True
A,0.0,0.24598371611800163,True
A,0.0,0.7447132790570105,True
A,0.0,0.9049652243307177,True
A,0.0,0.7285975545099468,True
A,0.0,0.31446101457122533,True
A,0.0,0.6848598265123508,True
A,0.0,0.20294283177870287,True
A,0.0,0.0,False
A,0.0,0.0,False
A,0.0,0.8395318357386765,True
A,0.0,0.40078391888267817,False
A,0.0,0.11355520694615451,True
A,0.0,0.1432874701547393,False
A,0.0,0.2311728212219174,True
A,0.0,0.6907577419352176,True
A,0.0,0.5853346044929589,True
A,0.0,0.0,False
A,0.0,0.0,False
A,0.0,0.5457651677641477,True
A,0.0,0.0,False
A,0.0,0.3224154168021752,True
A,0.0,0.7997099607268672,True
A,0.0,0.0,False
A,0.0,0.35711876669564024,True
A,0.0,0.3776573128504511,True
A,0.0,0.0,False
A,0.0,0.3138547470094488,True
A,0.0,0.0,False
A,0.0,0.0,False
A,0.0,0.0,False
A,0.0,0.3136090729803551,False
A,0.0,0.12539126673266188,True
A,0.0,0.0,False
A,0.0,0.3097908910768076,True
A,0.0,0.8112863527597015,True
A,0.0,0.0,False
A,0.0,0.24528080768868443,True
A,0.0,0.5119491039291807,True
A,0.0,0.0,False
A,0.0,0.0,False
A,0.0,0.9744502871734098,True
A,0.0,0.2680217294789181,False
A,0.0,0.955973501364569,True
A,0.0,0.0,False
A,0.0,0.2576159987610236,True
A,0.0,0.3901547277900209,False
A,0.0,0.0,False
A,0.0,0.0,False
A,0.0,0.5157929578357239,True
A,0.0,0.9668764610283634,True
A,0.0,0.35410926278149113,True
A,0.0,0.0,False
A,0.0,0.0,False
A,0.0,0.7360794112476038,True
A,0.0,0.9933142649431626,True
A,0.0,0.07268386970473728,False
A,0.0,0.0,False
A,0.0,0.14067513221845407,False
A,0.0,0.7168081336537521,True
A,0.0,0.48902300336266,True
A,0.0,0.0,False
A,0.0,0.38701270083008066,True
A,0.0,0.4056455459762648,True
A,0.0,0.4617961446427904,True
A,0.0,0.0,False
A,0.0,0.6364332257944036,True
A,0.0,0.865918622941685,True
A,0.0,0.1998075105131938,False
A,0.0,0.0,True
A,0.0,0.9408518944129698,True
A,0.0,0.6814861930475965,True
A,0.0,0.3704878667689495,True
A,0.0,0.5446525595638183,True
A,0.0,0.06894996636177675,False
A,0.0,0.09345092131137045,False
A,0.0,0.0,False
A,0.0,0.6286795807211564,True
A,0.0,0.45723723937484584,True
A,0.0,0.0,False
A,0.0,0.9461618183128627,True
A,0.0,0.6313356419487004,True
A,0.0,0.8520383764864795,True
A,0.0,0.9965257633616902,True
A,0.0,0.0,False
A,0.0,0.3335879684985058,True
A,0.0,0.0,False
A,0.0,0.37517906668890655,True
A,0.0,0.9633012382709367,True
A,0.0,0.0,False
A,0.0,0.003413277211780974,False
A,0.0,0.0,False
A,0.0,0.0,False
A,0.0,0.1295607217450102,False
A,0.0,0.9927239223199704,True
A,0.0,0.5910541169187958,True
A,0.0,0.7572236667866272,True
A,0.0,0.054774193055771137,False
A,0.0,0.2302251577776222,True
A,0.0,0.0,False
A,0.0,0.25459329471302583,True
A,0.0,0.8869524896880873,True
A,0.0,0.0,False
A,0.0,0.28844485031395717,True
A,0.0,0.08155894995746316,True
A,0.0,0.11220622967062355,False
A,0.0,0.0,False
A,0.0,0.8203753729874997,True
A,0.0,0.06695028496250521,False
A,0.0,0.46145543323538585,True
A,0.0,0.05917943010821869,False
A,0.0,0.8964825041349594,True
A,0.0,0.0,False
A,0.0,0.8098831199691437,True
A,0.0,0.2210184171634555,True
A,0.0,0.516695908804166,True
A,0.0,0.0,True
A,0.0,0.05043785179384097,True
A,0.0,0.0,False
A,0.0,0.0,False
A,0.0,0.13364893037706338,False
A,0.0,0.7406438414542799,True
A,0.0,0.0,False
A,0.0,0.4358166382816212,True
A,0.0,0.7899075033081957,True
A,0.0,0.3186431057576129,True
A,0.0,0.4555670500870306,True
A,0.0,0.0,False
A,0.0,0.26696262001164217,False
A,0.0,0.5163645586258937,True
A,0.0,0.0,False
A,0.0,0.0,False
A,0.0,0.5441229503075308,True
A,0.0,0.5469392808833565,True
A,0.0,0.0,True
A,0.0,0.861582054219355,True
A,0.0,0.3079369233360789,False
A,0.0,0.12544851417586234,False
A,0.0,0.2861244870068016,True
A,0.0,0.9616679831434697,True
A,0.0,0.5469496254511826,True
A,0.0,0.0,False
A,0.0,0.0,False
A,0.0,0.7749599339230755,True
A,0.0,0.0,False
A,0.0,0.8721287725969142,True
A,0.0,0.0,False
A,0.0,0.08257226613414625,False
A,0.0,0.25952626736318873,False
A,0.0,0.02949195032841856,False
A,0.0,0.36033878281742937,True
A,0.0,0.7922971749495932,True
A,0.0,0.9699363672820864,True
A,0.0,0.9449085067210424,True
A,0.0,0.0,False
A,0.0,0.0,False
A,0.0,0.0,False
A,0.0,0.0,True
A,0.0,0.27737080396013913,True
A,0.0,0.5545661847951572,True
A,0.0,0.21479910644763067,False
A,0.0,0.12181705848383872,True
A,0.0,0.02340178889835598,False
A,0.0,0.8347316890297023,True
A,0.0,0.09503021594176442,False
A,0.0,0.0,False
A,0.0,0.0,False
A,0.0,0.1813346342763399,True
A,0.0,0.6422262872419019,True
A,0.0,0.0,False
A,0.0,0.5828085397326772,True
A,0.0,0.3777641312353238,True
A,0.0,0.9129166163657457,True
A,0.0,0.0,True
A,0.0,0.0,False
A,0.0,0.4229790084574664,True
A,0.0,0.6761681979748487,True
A,0.0,0.0,False
A,0.0,0.26587800282022656,True
A,0.0,0.7643019542084325,True
A,0.0,0.35963058972603423,True
A,0.0,0.6657878086909376,True
A,0.0,0.9926265102485067,True
A,0.0,0.4134024695633255,False
A,0.0,0.8666376275605151,True
A,0.0,0.654003784247838,True
A,0.0,0.7419630041839036,True
A,0.0,0.38524969675764564,True
A,0.0,0.3610393746109989,True
A,0.0,0.6391288828540721,True
A,0.0,0.8047338172281586,True
A,0.0,0.0,False
A,0.0,0.7067169409428031,True
A,0.0,0.0,False
A,0.0,0.8367795398632696,True
A,0.0,0.0,False
A,0.0,0.0,False
A,0.0,0.5571717048007943,True
A,0.0,0.0,False
A,0.0,0.011626909308868338,False
A,0.0,0.821693095101261,True
A,0.0,0.20621450317514867,True
A,0.0,0.0,False
A,0.0,0.0,False
A,0.0,0.0,False
A,0.0,0.9263560491343615,True
A,0.0,0.11454339810438141,True
A,0.0,0.5532529274805673,True
A,0.0,0.827062477485149,True
A,0.0,0.0,False
A,0.0,0.9014322463451474,True
A,0.0,0.6281572808226982,True
A,0.0,0.45583620114176193,True
A,0.0,0.0,False
A,0.0,0.48765882831003526,True
A,0.0,0.5613413822982981,True
A,0.0,0.0,False
A,0.0,0.16369551742151367,False
A,0.0,0.7055956484935998,True
A,0.0,0.6385262553984445,True
A,0.0,0.6121189530095303,True
A,0.0,0.9706337263987872,True
A,0.0,0.2945560967661568,True
A,0.0,0.45331378658106236,True
A,0.0,0.8717507459730808,True
A,0.0,0.4950476116228827,True
A,0.0,0.12140601422463282,True
A,0.0,0.21393269136309245,True
A,0.0,0.7869015768259463,True
A,0.0,0.20747633472349358,True
A,0.0,0.36332072699008944,True
A,0.0,0.9371922494274986,True
A,0.0,0.0,False
A,0.0,0.0,False
A,0.0,0.301538607536442,True
A,0.0,0.262969493359417,False
A,0.0,0.060289021790534414,False
A,0.0,0.0,False
A,0.0,0.4273702975330612,True
A,0.0,0.0,False
A,0.0,0.0,False
A,0.0,0.0,False
A,0.0,0.0,False
A,0.0,0.25806078495976825,True
A,0.0,0.7059523049144512,True
A,0.0,0.0,False
A,0.0,0.8653071693206045,True
A,0.0,0.0,False
A,0.0,0.05559083302205525,False
A,0.0,0.031060841442103415,False
A,0.0,0.0,False
A,0.0,0.7591254754629473,True
A,0.0,0.16402604773164964,False
A,0.0,0.0,False
A,0.0,0.305256658725538,False
A,0.0,0.7071449711968109,True
A,0.0,0.2278686509268869,False
A,0.0,0.0,False
A,0.0,0.1770504649382285,True
A,0.0,0.6961242903894133,True
A,0.0,0.12230515164338907,False
A,0.0,0.0,False
A,0.0,0.0,False
A,0.0,0.7649595910095911,True
A,0.0,0.0,False
A,0.0,0.40191384185293655,True
A,0.0,0.0,False
A,0.0,0.3572741749617897,False
A,0.0,0.3148480066496845,False
A,0.0,0.43770195378453725,True
A,0.0,0.310132259695017,False
A,0.0,0.7932661572554944,True
A,0.0,0.0,False
A,0.0,0.7499705754993833,True
A,0.0,0.0,False
A,0.0,0.006939206593125302,False
A,0.0,0.0,True
A,0.0,0.0,False
A,0.0,0.0,True
A,0.0,0.32145024008611256,True
A,0.0,0.3885903908525512,True
A,0.0,0.9517428957082145,True
A,0.0,0.4798945866683848,False
A,0.0,0.0,False
A,0.0,0.0,False
A,0.0,0.09896185273142777,False
A,0.0,0.1174243690789133,False
A,0.0,0.0,False
A,0.0,0.5855505840613886,True
A,0.0,0.21247452088144947,True
A,0.0,0.0,False
A,0.0,0.0,False
A,0.0,0.555603602632435,True
A,0.0,0.0,True
A,0.0,0.0,False
A,0.0,0.5134353498703974,True
A,0.0,0.138796980517213,True
A,0.0,0.2491142222085404,True
A,0.0,0.7248655915741157,True
A,0.0,0.20366718806446427,True
A,0.0,0.8012700105634867,True
A,0.0,0.6847358536231171,True
A,0.0,0.4561557722678421,True
A,0.0,0.19537850814708058,False
A,0.0,0.0,False
A,0.0,0.5507481694138245,True
A,0.0,0.7060834142147727,True
A,0.0,0.013000122784668333,False
A,0.0,0.41134585387331224,True
A,0.0,0.3122528020138451,True
A,0.0,0.5686504444676492,True
A,0.0,0.46737317056218175,True
A,0.0,0.06945956803249642,False
A,0.0,0.4499840538290535,True
A,0.0,0.676436938791707,True
A,0.0,0.0373243635208117,False
A,0.0,0.0,False
A,0.0,0.7881348725682298,True
A,0.0,0.31869670891880997,True
A,0.0,0.6275615711701487,True
A,0.0,0.24121482696494434,True
A,0.0,0.4484912268801774,True
A,0.0,0.0,False
A,0.0,0.37035620645121703,False
A,0.0,0.0,False
A,0.0,0.20376078054566715,False
A,0.0,0.44457899498821585,True
A,0.0,0.0,False
A,0.0,0.27425489210375253,False
A,0.0,0.6508430200243296,True
A,0.0,0.5461760858266266,True
A,0.0,0.4090296447207512,True
A,0.0,0.8428846157028771,True
A,0.0,0.04826101928902926,False
A,0.0,0.0,False
A,0.0,0.12325680219701995,False
A,0.0,0.7645421301613783,True
A,0.0,0.15467942171575078,False
A,0.0,0.3171064554699189,False
A,0.0,0.0,False
A,0.0,0.8861611807062398,True
A,0.0,0.0,False
A,0.0,0.7912440273012868,True
A,0.0,0.5052344297451095,True
A,0.0,0.0,False
A,0.0,0.7430590632619632,True
A,0.0,0.41415434219302316,True
A,0.0,0.0,False
A,0.0,0.0,False
A,0.0,0.0,False
A,0.0,0.6276042211752481,True
A,0.0,0.04957131679948845,False
A,0.0,0.5830662200711716,True
A,0.0,0.5828210594948634,True
A,0.0,0.0,False
A,0.0,0.02572022972396759,False
A,0.0,0.6850929315504127,True
A,0.0,0.603757209130699,True
A,0.0,0.0,True
A,0.0,0.0,False
A,0.0,0.804261239322842,True
A,0.0,0.9818030681890921,True
A,0.0,0.6762067496623225,True
A,0.0,0.0,False
A,0.0,0.0,False
A,0.0,0.7424563821730873,True
A,0.0,0.7155960656322685,True
A,0.0,0.8314443848051167,True
A,0.0,0.9000610192552091,True
A,0.0,0.0,False
A,0.0,0.25967013245301285,True
A,0.0,0.9812412656217819,True
A,0.0,0.0,False
A,0.0,0.07463593833135662,False
A,0.0,0.964089910960272,True
A,0.0,0.0,False
A,0.0,0.23474444350348322,True
A,0.0,0.0,False
A,0.0,0.0,False
A,0.0,0.0,False
A,0.0,0.0,True
A,0.0,0.0,False
A,0.0,0.8585334257266934,True
A,0.0,0.0,False
A,0.0,0.9799184720499009,True
A,0.0,0.7514345123328452,True
A,0.0,0.0,False
A,0.0,0.05586876146372466,True
A,0.0,0.7319451162872835,True
A,0.0,0.7152610942515091,True
A,0.0,0.897938292042778,True
A,0.0,0.3683528389879117,True
A,0.0,0.18758091649790132,False
A,0.0,0.0,False
A,0.0,0.32849827256765585,True
A,0.0,0.0818690302635997,False
A,0.0,0.20101703979935726,True
A,0.0,0.0,False
A,0.0,0.0,False
A,0.0,0.8320730517321041,True
A,0.0,0.24810181477682447,True
A,0.0,0.6728482019390162,True
A,0.0,0.0,False
A,0.0,0.10770501033902491,False
A,0.0,0.41213544792131807,True
A,0.0,0.07645189868442459,False
A,0.0,0.0,False
A,0.0,0.0,False
A,0.0,0.3480977684315322,True
A,0.0,0.7268660380658495,True
A,0.0,0.7789014524407255,True
A,0.0,0.07642532953755277,False
A,0.0,0.0,False
A,0.0,0.27598489934571435,True
A,0.0,0.0,False
A,0.0,0.8520441085076337,True
A,0.0,0.6102280063480299,True
A,0.0,0.0,False
A,0.0,0.0,False
A,0.0,0.7255179866803316,True
A,0.0,0.0,False
A,0.0,0.17822421372516783,False
A,0.0,0.24602785511296932,False
A,0.0,0.0,False
A,0.0,0.4274614135632385,True
A,0.0,0.5540391033356119,True
A,0.0,0.8681150173952162,True
A,0.0,0.2642830849539256,True
A,0.0,0.0,False
A,0.0,0.7225197215462225,True
A,0.0,0.0,False
A,0.0,0.38015693298464326,True
A,0.0,0.8040795242081408,True
A,0.0,0.9957484229468784,True
A,0.0,0.11139708990832742,True
A,0.0,0.16278219852261067,True
A,0.0,0.7771644182518039,True
A,0.0,0.7609987798046017,True
A,0.0,0.15536462493007086,True
A,0.0,0.0,False
A,0.0,0.9973435859153419,True
A,0.0,0.25443731786826995,False
A,0.0,0.9688526509193268,True
A,0.0,0.8392313973930118,True
A,0.0,0.2219086676460451,False
A,0.0,0.9964301563223453,True
A,0.0,0.45250475198173,True
A,0.0,0.0,False
A,0.0,0.0,False
A,0.0,0.3471492099158192,True
A,0.0,0.0,True
A,0.0,0.8582316316966014,True
A,0.0,0.0,False
A,0.0,0.0,False
A,0.0,0.0,False
A,0.0,0.0,False
A,0.0,0.5139220127668317,False
A,0.0,0.28549048010380185,False
A,0.0,0.7073159185610157,True
A,0.0,0.5005410975663954,True
A,0.0,0.0,False
A,0.0,0.8008502188190147,True
A,0.0,0.2226044093023486,False
A,0.0,0.90088609529608,True
A,0.0,0.0,False
A,0.0,0.5948162142731946,True
A,0.0,0.6063163987947313,True
A,0.0,0.0,True
A,0.0,0.0,False
A,0.0,0.0,False
A,0.0,0.0,False
A,0.0,0.44865523047163614,True
A,0.0,0.5023066231150812,True
A,0.0,0.0,False
A,0.0,0.6362177327123305,True
A,0.0,0.08609922454747554,True
A,0.0,0.08736768840047271,True
A,0.0,0.2500692595035412,False
A,0.0,0.4409251901439877,True
A,0.0,0.3629567289800907,True
A,0.0,0.0,False
A,0.0,0.0,False
A,0.0,0.0,False
A,0.0,0.20167752088252988,False
A,0.0,0.0,False
A,0.0,0.9665300929898768,True
A,0.0,0.0,False
A,0.0,0.05935155272507986,False
A,0.0,0.7835529348210509,True
A,0.0,0.19681985638608956,False
A,0.0,0.1880640676790929,False
A,0.0,0.5531539381198372,True
A,0.0,0.3624230180891507,True
A,0.0,0.00762300444174846,False
A,0.0,0.9841409019213685,True
A,0.0,0.5242909704446421,True
A,0.0,0.2686625628728133,False
A,0.0,0.0,False
A,0.0,0.36973249744543335,True
A,0.0,0.43843804720570834,True
A,0.0,0.3342827493937933,True
A,0.0,0.8619085840877602,True
A,0.0,0.9887035743298374,True
A,0.0,0.0,False
A,0.0,0.011810937538545896,False
A,0.0,0.4325187642145506,True
A,0.0,0.5501858701255441,True
A,0.0,0.7488853480738747,True
A,0.0,0.28565409337011716,False
A,0.0,0.0,False
A,0.0,0.26977680683359573,True
A,0.0,0.06937920267494058,False
A,0.0,0.20748779196456169,True
A,0.0,0.4447232320171678,True
A,0.0,0.0,True
A,0.0,0.38280078674450546,True
A,0.0,0.5634449749637429,True
A,0.0,0.9524103779099066,True
A,0.0,0.0,False
A,0.0,0.9372693393323087,True
A,0.0,0.1567378232925517,True
A,0.0,0.12700689355674488,False
A,0.0,0.0,False
A,0.0,0.0,False
A,0.0,0.2946499500583496,True
A,0.0,0.011510361548129788,False
A,0.0,0.8525877323172997,True
A,0.0,0.5579306041650449,True
A,0.0,0.36292116045664724,True
A,0.0,0.0,False
A,0.0,0.0,False
A,0.0,0.38241560896214677,True
A,0.0,0.2764182997774717,True
A,0.0,0.0,False
A,0.0,0.0,False
A,0.0,0.7147597492624527,True
A,0.0,0.6969688007779362,True
A,0.0,0.8211909894666052,True
A,0.0,0.06431562798167823,False
A,0.0,0.21028480966787966,False
A,0.0,0.5837702209487226,True
A,0.0,0.3763107823287062,True
A,0.0,0.12326106918282098,False
A,0.0,0.09911284275976184,False
A,0.0,0.7956958237142544,True
A,0.0,0.581449730728946,True
A,0.0,0.1373271906137924,False
A,0.0,0.8217722761324998,True
A,0.0,0.0,False
A,0.0,0.6756278934559066,True
A,0.0,0.959432102880103,True
A,0.0,0.8425475994322855,True
A,0.0,0.6582900161938725,True
A,0.0,0.1942705625208001,False
A,0.0,0.6343919363132164,True
A,0.0,0.7332401027086369,True
A,0.0,0.4215181241335967,True
A,0.0,0.0,True
A,0.0,0.46689696574250716,True
A,0.0,0.27256347817303217,True
A,0.0,0.19609754614536568,True
A,0.0,0.15002282308367743,True
A,0.0,0.0,False
A,0.0,0.0,False
A,0.0,0.11792826689374847,True
A,0.0,0.791099573491864,True
A,0.0,0.5246753860162612,True
A,0.0,0.9345028609605294,True
A,0.0,0.280048935480547,True
A,0.0,0.810122159147387,True
A,0.0,0.9365754092511127,True
A,0.0,0.0,False
A,0.0,0.0,False
A,0.0,0.2333737709888214,True
A,0.0,0.0,False
A,0.0,0.4278291202571046,True
A,0.0,0.4883262553657456,True
A,0.0,0.0359941205941412,False
A,0.0,0.0,False
A,0.0,0.8120646617106271,True
A,0.0,0.0,False
A,0.0,0.20625547739339645,False
A,0.0,0.0,True
A,0.0,0.4338197407084232,True
A,0.0,0.0,False
A,0.0,0.4487467002184172,True
A,0.0,0.7675177742561428,True
A,0.0,0.03770487978461934,False
A,0.0,0.2191597957139032,False
A,0.0,0.8414883938551014,True
A,0.0,0.4552763807448099,True
A,0.0,0.00838414874690907,False
A,0.0,0.0,True
A,0.0,0.6339653575290123,True
A,0.0,0.6509636725631379,True
A,0.0,0.0,False
A,0.0,0.31801246694446794,False
A,0.0,0.7707334772170538,True
A,0.0,0.4787171565931435,True
A,0.0,0.6944238249088176,True
A,0.0,0.8792236122866935,True
A,0.0,0.24598371611800163,True
A,0.0,0.7447132790570105,True
A,0.0,0.9049652243307177,True
A,0.0,0.7285975545099468,True
A,0.0,0.31446101457122533,True
A,0.0,0.6848598265123508,True
A,0.0,0.20294283177870287,True
A,0.0,0.0,False
A,0.0,0.0,False
A,0.0,0.8395318357386765,True
A,0.0,0.40078391888267817,False
A,0.0,0.11355520694615451,True
A,0.0,0.1432874701547393,False
A,0.0,0.2311728212219174,False
A,0.0,0.6907577419352176,True
A,0.0,0.5853346044929589,True
A,0.0,0.0,False
A,0.0,0.0,False
A,0.0,0.5457651677641477,True
A,0.0,0.0,False
A,0.0,0.3224154168021752,True
A,0.0,0.7997099607268672,True
A,0.0,0.0,False
A,0.0,0.35711876669564024,True
A,0.0,0.3776573128504511,True
A,0.0,0.0,False
A,0.0,0.3138547470094488,True
A,0.0,0.0,False
A,0.0,0.0,False
A,0.0,0.0,False
A,0.0,0.3136090729803551,False
A,0.0,0.12539126673266188,True
A,0.0,0.0,False
A,0.0,0.3097908910768076,True
A,0.0,0.8112863527597015,True
A,0.0,0.0,False
A,0.0,0.24528080768868443,True
A,0.0,0.5119491039291807,True
A,0.0,0.0,False
A,0.0,0.0,False
A,0.0,0.9744502871734098,True
A,0.0,0.2680217294789181,False
A,0.0,0.955973501364569,True
A,0.0,0.0,False
A,0.0,0.2576159987610236,True
A,0.0,0.3901547277900209,False
A,0.0,0.0,False
A,0.0,0.0,False
A,0.0,0.5157929578357239,True
A,0.0,0.9668764610283634,True
A,0.0,0.35410926278149113,True
A,0.0,0.0,False
A,0.0,0.0,False
A,0.0,0.7360794112476038,True
A,0.0,0.9933142649431626,True
A,0.0,0.07268386970473728,False
A,0.0,0.0,False
A,0.0,0.14067513221845407,False
A,0.0,0.7168081336537521,True
A,0.0,0.48902300336266,True
A,0.0,0.0,False
A,0.0,0.38701270083008066,True
A,0.0,0.4056455459762648,True
A,0.0,0.4617961446427904,True
A,0.0,0.0,False
A,0.0,0.6364332257944036,True
A,0.0,0.865918622941685,True
A,0.0,0.1998075105131938,False
A,0.0,0.0,True
A,0.0,0.9408518944129698,True
A,0.0,0.6814861930475965,True
A,0.0,0.3704878667689495,True
A,0.0,0.5446525595638183,True
A,0.0,0.06894996636177675,False
A,0.0,0.09345092131137045,False
A,0.0,0.0,False
A,0.0,0.6286795807211564,True
A,0.0,0.45723723937484584,True
A,0.0,0.0,False
A,0.0,0.9461618183128627,True
A,0.0,0.6313356419487004,True
A,0.0,0.8520383764864795,True
A,0.0,0.9965257633616902,True
A,0.0,0.0,False
A,0.0,0.3335879684985058,False
A,0.0,0.0,False
A,0.0,0.37517906668890655,True
A,0.0,0.9633012382709367,True
A,0.0,0.0,False
A,0.0,0.003413277211780974,False
A,0.0,0.0,False
A,0.0,0.0,False
A,0.0,0.1295607217450102,False
A,0.0,0.9927239223199704,True
A,0.0,0.5910541169187958,True
A,0.0,0.7572236667866272,True
A,0.0,0.054774193055771137,False
A,0.0,0.2302251577776222,True
A,0.0,0.0,False
A,0.0,0.25459329471302583,True
A,0.0,0.8869524896880873,True
A,0.0,0.0,False
A,0.0,0.28844485031395717,True
A,0.0,0.08155894995746316,True
A,0.0,0.11220622967062355,False
A,0.0,0.0,False
A,0.0,0.8203753729874997,True
A,0.0,0.06695028496250521,False
A,0.0,0.46145543323538585,True
A,0.0,0.05917943010821869,False
A,0.0,0.8964825041349594,True
A,0.0,0.0,False
A,0.0,0.8098831199691437,True
A,0.0,0.2210184171634555,True
A,0.0,0.516695908804166,True
A,0.0,0.0,False
A,0.0,0.05043785179384097,True
A,0.0,0.0,False
A,0.0,0.0,False
A,0.0,0.13364893037706338,False
A,0.0,0.7406438414542799,True
A,0.0,0.0,False
A,0.0,0.4358166382816212,True
A,0.0,0.7899075033081957,True
A,0.0,0.3186431057576129,True
A,0.0,0.4555670500870306,True
A,0.0,0.0,False
A,0.0,0.26696262001164217,False
A,0.0,0.5163645586258937,True
A,0.0,0.0,False
A,0.0,0.0,False
A,0.0,0.5441229503075308,True
A,0.0,0.5469392808833565,True
A,0.0,0.0,True
A,0.0,0.861582054219355,True
A,0.0,0.3079369233360789,False
A,0.0,0.12544851417586234,False
A,0.0,0.2861244870068016,True
A,0.0,0.9616679831434697,True
A,0.0,0.5469496254511826,True
A,0.0,0.0,False
A,0.0,0.0,False
A,0.0,0.7749599339230755,True
A,0.0,0.0,False
A,0.0,0.8721287725969142,True
A,0.0,0.0,False
A,0.0,0.08257226613414625,False
A,0.0,0.25952626736318873,False
A,0.0,0.02949195032841856,False
A,0.0,0.36033878281742937,True
A,0.0,0.7922971749495932,True
A,0.0,0.9699363672820864,True
A,0.0,0.9449085067210424,True
A,0.0,0.0,False
A,0.0,0.0,False
A,0.0,0.0,False
A,0.0,0.0,True
A,0.0,0.27737080396013913,True
A,0.0,0.5545661847951572,True
A,0.0,0.21479910644763067,False
A,0.0,0.12181705848383872,False
A,0.0,0.02340178889835598,False
A,0.0,0.8347316890297023,True
A,0.0,0.09503021594176442,False
A,0.0,0.0,False
A,0.0,0.0,False
A,0.0,0.1813346342763399,True
A,0.0,0.6422262872419019,True
A,0.0,0.0,False
A,0.0,0.5828085397326772,True
A,0.0,0.3777641312353238,True
A,0.0,0.9129166163657457,True
A,0.0,0.0,True
A,0.0,0.0,False
A,0.0,0.4229790084574664,True
A,0.0,0.6761681979748487,True
A,0.0,0.0,False
A,0.0,0.26587800282022656,True
A,0.0,0.7643019542084325,True
A,0.0,0.35963058972603423,True
A,0.0,0.6657878086909376,True
A,0.0,0.9926265102485067,True
A,0.0,0.4134024695633255,True
A,0.0,0.8666376275605151,True
A,0.0,0.654003784247838,True
A,0.0,0.7419630041839036,True
A,0.0,0.38524969675764564,False
A,0.0,0.3610393746109989,True
A,0.0,0.6391288828540721,True
A,0.0,0.8047338172281586,True
A,0.0,0.0,False
A,0.0,0.7067169409428031,True
A,0.0,0.0,False
A,0.0,0.8367795398632696,True
A,0.0,0.0,False
A,0.0,0.0,False
A,0.0,0.5571717048007943,True
A,0.0,0.0,False
A,0.0,0.011626909308868338,False
A,0.0,0.821693095101261,True
A,0.0,0.20621450317514867,True
A,0.3,0.11493887033227601,False
A,0.3,0.7306102940072385,True
A,0.3,0.12839472046366995,False
A,0.3,0.38411607161484873,False
A,0.3,0.19167522462230413,False
A,0.3,0.0,False
A,0.3,0.40386248282878545,True
A,0.3,0.7542961761452902,True
A,0.3,0.7803939329910485,True
A,0.3,0.17778850911702526,False
A,0.3,0.2853441150613515,False
A,0.3,0.17203808418861577,False
A,0.3,0.9748855387199995,True
A,0.3,0.13366286631508362,False
A,0.3,0.3356908353746999,False
A,0.3,0.7810162139834885,True
A,0.3,0.6297628476313114,False
A,0.3,0.3427849046133079,False
A,0.3,0.15205578507458084,True
A,0.3,0.0,False
A,0.3,0.9379077690925428,True
A,0.3,0.0,False
A,0.3,0.0,False
A,0.3,0.0,False
A,0.3,0.41998339298292053,False
A,0.3,0.01963746789074794,False
A,0.3,0.2769695473260956,False
A,0.3,0.0,False
A,0.3,0.08360423846943987,False
A,0.3,0.6139713275546035,True
A,0.3,0.6826603796596109,True
A,0.3,0.0,False
A,0.3,0.4192042386722491,False
A,0.3,0.09529068564956478,False
A,0.3,0.0,False
A,0.3,0.6223280692944975,True
A,0.3,0.8945252503959462,True
A,0.3,0.6116136801324411,True
A,0.3,0.0,False
A,0.3,0.42628188672090717,False
A,0.3,0.17156702095739795,False
A,0.3,0.28905486500840705,False
A,0.3,0.0,False
A,0.3,0.0,False
A,0.3,0.0,False
A,0.3,0.0,False
A,0.3,0.24903676270442066,False
A,0.3,0.0,False
A,0.3,0.0,False
A,0.3,0.5326867803336707,False
A,0.3,0.3279491629488833,False
A,0.3,0.5939001136306608,True
A,0.3,0.0,False
A,0.3,0.0,False
A,0.3,0.9053092957070245,True
A,0.3,0.0,False
A,0.3,0.0,False
A,0.3,0.2686660516258256,False
A,0.3,0.0,False
A,0.3,0.0,False
A,0.3,0.22705736230028772,False
A,0.3,0.9169191236201311,True
A,0.3,0.0,False
A,0.3,0.0,False
A,0.3,0.0,False
A,0.3,0.0,False
A,0.3,0.0,False
A,0.3,0.8169105724821386,True
A,0.3,0.0,False
A,0.3,0.45687736847338034,False
A,0.3,0.7325371074939713,True
A,0.3,0.4829638499430491,True
A,0.3,0.0,False
A,0.3,0.22150342578885607,False
A,0.3,0.36363117776051035,False
A,0.3,0.0930301516344253,False
A,0.3,0.13370128098093592,False
A,0.3,0.0,False
A,0.3,0.7175230776573913,True
A,0.3,0.33530691724926787,False
A,0.3,0.4346202629984718,True
A,0.3,0.0,False
A,0.3,0.7182608385181236,True
A,0.3,0.0,False
A,0.3,0.2670691476672856,False
A,0.3,0.22453434082286927,False
A,0.3,0.8157877251422352,False
A,0.3,0.5719700950559148,False
A,0.3,0.14035457020446762,False
A,0.3,0.0,False
A,0.3,0.056358755361945456,False
A,0.3,0.0,False
A,0.3,0.4515894701829545,True
A,0.3,0.1847588107262791,False
A,0.3,0.0,False
A,0.3,0.03530065723971443,False
A,0.3,0.3018210905049712,False
A,0.3,0.3923132522228061,True
A,0.3,0.7827051950741931,True
A,0.3,0.43043691918031557,False
A,0.3,0.6051742910164166,False
A,0.3,0.04716564592961536,False
A,0.3,0.0,False
A,0.3,0.0,False
A,0.3,0.0,False
A,0.3,0.658858317326422,True
A,0.3,0.28214925998126994,False
A,0.3,0.21188939498815118,False
A,0.3,0.7988826500767313,True
A,0.3,0.0,False
A,0.3,0.06266772945850452,False
A,0.3,0.0,False
A,0.3,0.0,False
A,0.3,0.4285236976428518,False
A,0.3,0.07588785896817107,False
A,0.3,0.15855914033325125,False
A,0.3,0.04127836593277456,False
A,0.3,0.32092139729359115,False
A,0.3,0.3220494822022347,False
A,0.3,0.13189836142909805,False
A,0.3,0.0,False
A,0.3,0.9384485896168142,True
A,0.3,0.4223457343123652,False
A,0.3,0.7782499627645725,True
A,0.3,0.6177952957172328,False
A,0.3,0.0,False
A,0.3,0.21919727772724762,False
A,0.3,0.26227431059308626,False
A,0.3,0.18284354864170038,False
A,0.3,0.8181680186758383,True
A,0.3,0.0,False
A,0.3,0.06149764967789895,False
A,0.3,0.6808034354373977,True
A,0.3,0.0,False
A,0.3,0.0,False
A,0.3,0.04640777699062726,False
A,0.3,0.48275578436692423,True
A,0.3,0.4749636841408009,False
A,0.3,0.0,False
A,0.3,0.0,False
A,0.3,0.8406942905251803,True
A,0.3,0.0,False
A,0.3,0.14385879103564825,False
A,0.3,0.0,False
A,0.3,0.12468876362688952,False
A,0.3,0.7341371927345111,True
A,0.3,0.0,False
A,0.3,0.34273550430499156,True
A,0.3,0.26703984538101044,False
A,0.3,0.13990022015936865,False
A,0.3,0.0,False
A,0.3,0.009625381575521064,False
A,0.3,0.4063300943895456,False
A,0.3,0.0,False
A,0.3,0.0010733276376317935,False
A,0.3,0.798844779629849,True
A,0.3,0.9341670618885638,True
A,0.3,0.2885221327587131,False
A,0.3,0.7333753962033989,True
A,0.3,0.0,False
A,0.3,0.12552670871164084,False
A,0.3,0.0,False
A,0.3,0.568707450148154,True
A,0.3,0.0,False
A,0.3,0.3106025871958643,False
A,0.3,0.5039450984574853,False
A,0.3,0.917501217405666,True
A,0.3,0.7497438717613842,True
A,0.3,0.7819902019834715,True
A,0.3,0.0,False
A,0.3,0.03918296937620214,False
A,0.3,0.0,False
A,0.3,0.9249268463711718,True
A,0.3,0.6687578816301655,True
A,0.3,0.38728886006364205,False
A,0.3,0.3889640824118227,True
A,0.3,0.0,False
A,0.3,0.22111276183254935,False
A,0.3,0.5331030977159423,True
A,0.3,0.1774566361533232,False
A,0.3,0.010558228107175549,False
A,0.3,0.18988627514478462,False
A,0.3,0.7302999318044129,False
A,0.3,0.0,False
A,0.3,0.5128412314722228,False
A,0.3,0.0,False
A,0.3,0.0,False
A,0.3,0.06482604550897642,False
A,0.3,0.0,False
A,0.3,0.1595350609808156,False
A,0.3,0.0951163724994949,False
A,0.3,0.5728385954959655,True
A,0.3,0.7659464692343527,True
A,0.3,0.0,False
A,0.3,0.9191871274971403,True
A,0.3,0.3946342831650832,False
A,0.3,0.4409359674902974,False
A,0.3,0.7408006025089195,True
A,0.3,0.8668524370342197,True
A,0.3,0.0,False
A,0.3,0.6068890028441002,True
A,0.3,0.9466235228811973,True
A,0.3,0.9083962314484937,True
A,0.3,0.40517796397064965,False
A,0.3,0.03195521876314955,False
A,0.3,0.5017993243645819,True
A,0.3,0.9570376310191379,True
A,0.3,0.0,False
A,0.3,0.0,False
A,0.3,0.8515980488935062,True
A,0.3,0.6272037492235819,True
A,0.3,0.8628739275914711,True
A,0.3,0.0,False
A,0.3,0.4929365647134576,False
A,0.3,0.0,False
A,0.3,0.2306105333450832,False
A,0.3,0.0,False
A,0.3,0.0,False
A,0.3,0.0,False
A,0.3,0.5631787721736792,False
A,0.3,0.5000861310446286,True
A,0.3,0.0446013887281409,False
A,0.3,0.7417095143033269,True
A,0.3,0.6827844455960408,False
A,0.3,0.0,False
A,0.3,0.35871213808038993,False
A,0.3,0.43834994061813615,False
A,0.3,0.28607076460408964,False
A,0.3,0.7184560347336976,True
A,0.3,0.12749928537471833,False
A,0.3,0.0,False
A,0.3,0.25354922932703083,False
A,0.3,0.09174616486224829,False
A,0.3,0.467486712738981,True
A,0.3,0.41490680176674655,False
A,0.3,0.9740079448781233,True
A,0.3,0.0,False
A,0.3,0.47421339833166665,False
A,0.3,0.09586495049174515,False
A,0.3,0.0,False
A,0.3,0.0,False
A,0.3,0.5775758775602139,True
A,0.3,0.0,False
A,0.3,0.044126414279065496,False
A,0.3,0.07344409152001685,False
A,0.3,0.9006735337696747,True
A,0.3,0.2600275615548715,False
A,0.3,0.746650900518364,True
A,0.3,0.0,False
A,0.3,0.6527269358895562,False
A,0.3,0.050410882292375,False
A,0.3,0.4595671707888416,False
A,0.3,0.5159329711787357,True
A,0.3,0.5766903276061206,True
A,0.3,0.6821565205099176,True
A,0.3,0.442881221854983,False
A,0.3,0.9097453300368077,True
A,0.3,0.7065393442208157,False
A,0.3,0.0,False
A,0.3,0.2531425893164918,False
A,0.3,0.0,False
A,0.3,0.7498162572919845,True
A,0.3,0.0,False
A,0.3,0.36727932184155077,False
A,0.3,0.2139461504665755,False
A,0.3,0.5223247097182899,True
A,0.3,0.857948078164705,False
A,0.3,0.21800406061254296,False
A,0.3,0.0,False
A,0.3,0.2277560366229342,False
A,0.3,0.0,False
A,0.3,0.6146121105514513,False
A,0.3,0.7964736636083873,True
A,0.3,0.0,False
A,0.3,0.6315747623261156,False
A,0.3,0.0,False
A,0.3,0.0,False
A,0.3,0.681306309116194,True
A,0.3,0.0,False
A,0.3,0.0,False
A,0.3,0.4432335712798767,True
A,0.3,0.6993256799961293,False
A,0.3,0.46111907300601773,True
A,0.3,0.33070319170339235,False
A,0.3,0.2096938339193748,False
A,0.3,0.0,False
A,0.3,0.7777691500707403,True
A,0.3,0.0,False
A,0.3,0.0,False
A,0.3,0.0,True
A,0.3,0.6738154668869615,False
A,0.3,0.523544250351994,False
A,0.3,0.0,False
A,0.3,0.5883446183697051,False
A,0.3,0.0,False
A,0.3,0.0,False
A,0.3,0.0,False
A,0.3,0.5621277864972969,True
A,0.3,0.0,False
A,0.3,0.37205727485293205,True
A,0.3,0.0,False
A,0.3,0.0,False
A,0.3,0.6458339773339054,True
A,0.3,0.34124940609098053,False
A,0.3,0.7676871573380918,True
A,0.3,0.6179341841823089,True
A,0.3,0.31707259154211487,False
A,0.3,0.3503952609111709,False
A,0.3,0.6377386461058355,True
A,0.3,0.9312310586334631,True
A,0.3,0.0,False
A,0.3,0.9740693660959236,True
A,0.3,0.7662764694198073,True
A,0.3,0.5604493209375129,True
A,0.3,0.2844462255548893,False
A,0.3,0.08312682846712494,False
A,0.3,0.7550051486438079,False
A,0.3,0.0,False
A,0.3,0.8309731317389822,True
A,0.3,0.14802867369852235,False
A,0.3,0.6530835250435231,True
A,0.3,0.9974738426660312,True
A,0.3,0.0,False
A,0.3,0.2270350007595885,False
A,0.3,0.7550298209659912,True
A,0.3,0.9708225007331867,True
A,0.3,0.2900407259555696,False
A,0.3,0.8771804204044148,True
A,0.3,0.6225639362208338,False
A,0.3,0.42968505522835876,False
A,0.3,0.5594625373183378,True
A,0.3,0.05948776999619798,False
A,0.3,0.2585095429604142,False
A,0.3,0.14435453755381233,False
A,0.3,0.6622328668791394,True
A,0.3,0.3413431585949054,False
A,0.3,0.7416365974829284,True
A,0.3,0.0,False
A,0.3,0.0,False
A,0.3,0.5104694121147274,False
A,0.3,0.049851178230480575,False
A,0.3,0.0,False
A,0.3,0.5058461277094469,True
A,0.3,0.09377458550057594,False
A,0.3,0.532100622619079,False
A,0.3,0.0,False
A,0.3,0.27263124898401747,False
A,0.3,0.0,False
A,0.3,0.9634437988224106,True
A,0.3,0.7394569851686627,True
A,0.3,0.8467526728679097,True
A,0.3,0.0,False
A,0.3,0.29918677460192544,False
A,0.3,0.5044834781612697,True
A,0.3,0.2294045670352438,False
A,0.3,0.119604115986233,False
A,0.3,0.28188092749951865,False
A,0.3,0.31315932261368407,False
A,0.3,0.0,False
A,0.3,0.23428960515070807,False
A,0.3,0.0,False
A,0.3,0.5000910221984305,True
A,0.3,0.8769024387561225,True
A,0.3,0.29556893798141204,False
A,0.3,0.3259141172737191,False
A,0.3,0.9856256162381659,True
A,0.3,0.7588567114867564,True
A,0.3,0.0,False
A,0.3,0.30807509273771094,False
A,0.3,0.0,False
A,0.3,0.9303647267424071,True
A,0.3,0.9289336201850861,True
A,0.3,0.39600210672541236,False
A,0.3,0.0,False
A,0.3,0.035415985998081156,False
A,0.3,0.0,False
A,0.3,0.6312635810451294,True
A,0.3,0.0,False
A,0.3,0.4402550476575171,False
A,0.3,0.0,False
A,0.3,0.7315674167328904,True
A,0.3,0.16012140695776966,False
A,0.3,0.9520562420112799,True
A,0.3,0.3130264618394669,False
A,0.3,0.0,False
A,0.3,0.041355647505784465,False
A,0.3,0.0,False
A,0.3,0.0,False
A,0.3,0.18245003680906535,False
A,0.3,0.8376051090171325,True
A,0.3,0.5414486190951452,True
A,0.3,0.547497871737159,True
A,0.3,0.6773290295311751,True
A,0.3,0.745467864443571,True
A,0.3,0.8354669628138728,True
A,0.3,0.3550458489051077,False
A,0.3,0.7195415917407041,True
A,0.3,0.7408054707784141,True
A,0.3,0.9853057806201284,True
A,0.3,0.3505415550180423,False
A,0.3,0.3751802687667892,False
A,0.3,0.6211110483844781,True
A,0.3,0.9396641693006903,True
A,0.3,0.0,False
A,0.3,0.0,False
A,0.3,0.3626612054747995,False
A,0.3,0.1782372454915363,False
A,0.3,0.0,False
A,0.3,0.20862174015676116,False
A,0.3,0.0,False
A,0.3,0.0,False
A,0.3,0.2163191756912226,False
A,0.3,0.9931586228067151,True
A,0.3,0.9986956049981965,True
A,0.3,0.029385206669883646,False
A,0.3,0.0,False
A,0.3,0.0,False
A,0.3,0.7508286985574926,True
A,0.3,0.9722242025346466,True
A,0.3,0.0,False
A,0.3,0.6489187917260366,True
A,0.3,0.7441521565207941,True
A,0.3,0.0,False
A,0.3,0.36941326086551185,False
A,0.3,0.0,False
A,0.3,0.0,False
A,0.3,0.6018818056077537,True
A,0.3,0.12361640841728871,False
A,0.3,0.7763918977634249,True
A,0.3,0.862694426871353,True
A,0.3,0.08777735842257695,False
A,0.3,0.3866043967442757,False
A,0.3,0.1857018365635995,False
A,0.3,0.7243742982113472,True
A,0.3,0.0,False
A,0.3,0.004731172519195304,False
A,0.3,0.6893667692215466,True
A,0.3,0.0,False
A,0.3,0.6654426987005394,False
A,0.3,0.47678850963492647,False
A,0.3,0.47999261333916843,False
A,0.3,0.9863833761618085,True
A,0.3,0.5180923272758632,False
A,0.3,0.22959740011166452,False
A,0.3,0.0,False
A,0.3,0.19934272247697205,False
A,0.3,0.7537148420969634,True
A,0.3,0.33093181573571373,False
A,0.3,0.0,False
A,0.3,0.45884629179943714,False
A,0.3,0.9582133441028555,True
A,0.3,0.48571126237102435,False
A,0.3,0.39523020657110985,False
A,0.3,0.9533801425605842,True
A,0.3,0.0,False
A,0.3,0.8597672338736594,True
A,0.3,0.0,False
A,0.3,0.2324001433829932,False
A,0.3,0.28749929821378495,False
A,0.3,0.9001619615680726,True
A,0.3,0.06093325435044017,False
A,0.3,0.2890337773968219,False
A,0.3,0.0,False
A,0.3,0.9431723413679843,True
A,0.3,0.10341859302158829,False
A,0.3,0.5896531846049217,False
A,0.3,0.30072055110818585,False
A,0.3,0.0,False
A,0.3,0.0,False
A,0.3,0.4299536184519944,False
A,0.3,0.8601621777634588,True
A,0.3,0.5039083936833434,False
A,0.3,0.2931935839295078,False
A,0.3,0.727114334386582,True
A,0.3,0.8031745908051526,True
A,0.3,0.0,False
A,0.3,0.0,False
A,0.3,0.0,False
A,0.3,0.23193504560600608,False
A,0.3,0.30574826735546234,False
A,0.3,0.0,False
A,0.3,0.0,False
A,0.3,0.0,False
A,0.3,0.5206053742726188,True
A,0.3,0.0,False
A,0.3,0.0,False
A,0.3,0.660925192629207,False
A,0.3,0.0,False
A,0.3,0.0,False
A,0.3,0.18215652750014655,False
A,0.3,0.0,False
A,0.3,0.8997506513863033,True
A,0.3,0.140544082079184,False
A,0.3,0.0,False
A,0.3,0.7979280220454027,True
A,0.3,0.5563985777582092,True
A,0.3,0.4047994294986934,False
A,0.3,0.8059318955684144,True
A,0.3,0.02359194910751572,False
A,0.3,0.8165829987317125,True
A,0.3,0.37787397955647173,False
A,0.3,0.0,False
A,0.3,0.8546337197145463,True
A,0.3,0.9556914946567198,True
A,0.3,0.7841922967821687,True
A,0.3,0.33169696842844665,False
A,0.3,0.20465918169526065,False
A,0.3,0.0,False
A,0.3,0.17234165200187979,False
A,0.3,0.297710477684868,False
A,0.3,0.0,False
A,0.3,0.47077181694158343,False
A,0.3,0.12081047303883408,False
A,0.3,0.0,False
A,0.3,0.2949727244007181,False
A,0.3,0.6077150483794787,True
A,0.3,0.5733865634274609,False
A,0.3,0.2315024928995677,False
A,0.3,0.19765888549260469,False
A,0.3,0.29467877379280627,False
A,0.3,0.6624495822510515,True
A,0.3,0.5324140272781213,False
A,0.3,0.28390610241108516,False
A,0.3,0.42672683120906574,True
A,0.3,0.9149063813927585,True
A,0.3,0.0717452865683692,False
A,0.3,0.3504110684712002,False
A,0.3,0.7337979277462428,True
A,0.3,0.15504058027179457,False
A,0.3,0.0,False
A,0.3,0.0,False
A,0.3,0.4954109219271482,False
A,0.3,0.3833765580659897,False
A,0.3,0.37331250701716134,False
A,0.3,0.3913409618506588,False
A,0.3,0.9259067779820048,True
A,0.3,0.02090559836862249,False
A,0.3,0.3284768237951533,False
A,0.3,0.0,False
A,0.3,0.7929453724330436,True
A,0.3,0.018749192793631297,False
A,0.3,0.09280401337810895,False
A,0.3,0.003774978715910704,False
A,0.3,0.0,False
A,0.3,0.885319800370304,True
A,0.3,0.18778731087662937,False
A,0.3,0.0,False
A,0.3,0.9865774316098462,True
A,0.3,0.4710922995941813,True
A,0.3,0.03142594817188504,False
A,0.3,0.0,False
A,0.3,0.0,False
A,0.3,0.6110486697019206,False
A,0.3,0.4212508104984094,False
A,0.3,0.5934074032861317,False
A,0.3,0.2384420367963942,False
A,0.3,0.0,False
A,0.3,0.0,False
A,0.3,0.0,False
A,0.3,0.07466707833597264,False
A,0.3,0.2711765583394976,False
A,0.3,0.32303066375699885,False
A,0.3,0.1954687425786369,False
A,0.3,0.0,False
A,0.3,0.0,False
A,0.3,0.872547351929287,True
A,0.3,0.10997259313065832,False
A,0.3,0.8770774442954973,True
A,0.3,0.0,False
A,0.3,0.3750845839617487,False
A,0.3,0.8951904479098864,True
A,0.3,0.6533687455276637,True
A,0.3,0.2826802589623031,False
A,0.3,0.0,False
A,0.3,0.5782178962477553,False
A,0.3,0.3183156797101826,False
A,0.3,0.0,False
A,0.3,0.0,False
A,0.3,0.6024049463837172,True
A,0.3,0.0,False
A,0.3,0.0,False
A,0.3,0.4455016388121926,False
A,0.3,0.4194766761381655,False
A,0.3,0.1335094844871998,False
A,0.3,0.0,False
A,0.3,0.3168211089322609,True
A,0.3,0.0,False
A,0.3,0.0,False
A,0.3,0.65601860965797,True
A,0.3,0.0,False
A,0.3,0.4731934305579767,True
A,0.3,0.0,False
A,0.3,0.0,False
A,0.3,0.9240070828713349,True
A,0.3,0.21390107263316538,False
A,0.3,0.6240839238335688,True
A,0.3,0.10250986683316765,False
A,0.3,0.0,False
A,0.3,0.4887006124113715,True
A,0.3,0.5505367232529238,False
A,0.3,0.11493887033227601,False
A,0.3,0.7306102940072385,True
A,0.3,0.12839472046366995,False
A,0.3,0.38411607161484873,False
A,0.3,0.19167522462230413,False
A,0.3,0.0,False
A,0.3,0.40386248282878545,True
A,0.3,0.7542961761452902,True
A,0.3,0.7803939329910485,True
A,0.3,0.17778850911702526,False
A,0.3,0.2853441150613515,False
A,0.3,0.17203808418861577,False
A,0.3,0.9748855387199995,True
A,0.3,0.13366286631508362,False
A,0.3,0.3356908353746999,False
A,0.3,0.7810162139834885,True
A,0.3,0.6297628476313114,False
A,0.3,0.3427849046133079,False
A,0.3,0.15205578507458084,False
A,0.3,0.0,False
A,0.3,0.9379077690925428,True
A,0.3,0.0,False
A,0.3,0.0,False
A,0.3,0.0,False
A,0.3,0.41998339298292053,False
A,0.3,0.01963746789074794,False
A,0.3,0.2769695473260956,False
A,0.3,0.0,False
A,0.3,0.08360423846943987,False
A,0.3,0.6139713275546035,True
A,0.3,0.6826603796596109,True
A,0.3,0.0,False
A,0.3,0.4192042386722491,False
A,0.3,0.09529068564956478,False
A,0.3,0.0,False
A,0.3,0.6223280692944975,True
A,0.3,0.8945252503959462,True
A,0.3,0.6116136801324411,True
A,0.3,0.0,False
A,0.3,0.42628188672090717,False
A,0.3,0.17156702095739795,False
A,0.3,0.28905486500840705,False
A,0.3,0.0,False
A,0.3,0.0,False
A,0.3,0.0,False
A,0.3,0.0,False
A,0.3,0.24903676270442066,False
A,0.3,0.0,False
A,0.3,0.0,False
A,0.3,0.5326867803336707,False
A,0.3,0.3279491629488833,False
A,0.3,0.5939001136306608,True
A,0.3,0.0,False
A,0.3,0.0,False
A,0.3,0.9053092957070245,True
A,0.3,0.0,False
A,0.3,0.0,False
A,0.3,0.2686660516258256,False
A,0.3,0.0,False
A,0.3,0.0,False
A,0.3,0.22705736230028772,False
A,0.3,0.9169191236201311,True
A,0.3,0.0,False
A,0.3,0.0,False
A,0.3,0.0,False
A,0.3,0.0,False
A,0.3,0.0,False
A,0.3,0.8169105724821386,True
A,0.3,0.0,False
A,0.3,0.45687736847338034,False
A,0.3,0.7325371074939713,True
A,0.3,0.4829638499430491,True
A,0.3,0.0,False
A,0.3,0.22150342578885607,False
A,0.3,0.36363117776051035,False
A,0.3,0.0930301516344253,False
A,0.3,0.13370128098093592,False
A,0.3,0.0,False
A,0.3,0.7175230776573913,True
A,0.3,0.33530691724926787,False
A,0.3,0.4346202629984718,True
A,0.3,0.0,False
A,0.3,0.7182608385181236,True
A,0.3,0.0,False
A,0.3,0.2670691476672856,False
A,0.3,0.22453434082286927,False
A,0.3,0.8157877251422352,False
A,0.3,0.5719700950559148,False
A,0.3,0.14035457020446762,False
A,0.3,0.0,False
A,0.3,0.056358755361945456,False
A,0.3,0.0,False
A,0.3,0.4515894701829545,True
A,0.3,0.1847588107262791,False
A,0.3,0.0,False
A,0.3,0.03530065723971443,False
A,0.3,0.3018210905049712,False
A,0.3,0.3923132522228061,True
A,0.3,0.7827051950741931,True
A,0.3,0.43043691918031557,False
A,0.3,0.6051742910164166,False
A,0.3,0.04716564592961536,False
A,0.3,0.0,False
A,0.3,0.0,False
A,0.3,0.0,False
A,0.3,0.658858317326422,True
A,0.3,0.28214925998126994,False
A,0.3,0.21188939498815118,False
A,0.3,0.7988826500767313,True
A,0.3,0.0,False
A,0.3,0.06266772945850452,False
A,0.3,0.0,False
A,0.3,0.0,False
A,0.3,0.4285236976428518,False
A,0.3,0.07588785896817107,False
A,0.3,0.15855914033325125,False
A,0.3,0.04127836593277456,False
A,0.3,0.32092139729359115,False
A,0.3,0.3220494822022347,False
A,0.3,0.13189836142909805,False
A,0.3,0.0,False
A,0.3,0.9384485896168142,True
A,0.3,0.4223457343123652,False
A,0.3,0.7782499627645725,True
A,0.3,0.6177952957172328,False
A,0.3,0.0,False
A,0.3,0.21919727772724762,False
A,0.3,0.26227431059308626,False
A,0.3,0.18284354864170038,False
A,0.3,0.8181680186758383,True
A,0.3,0.0,False
A,0.3,0.06149764967789895,False
A,0.3,0.6808034354373977,True
A,0.3,0.0,False
A,0.3,0.0,False
A,0.3,0.04640777699062726,False
A,0.3,0.48275578436692423,True
A,0.3,0.4749636841408009,False
A,0.3,0.0,False
A,0.3,0.0,False
A,0.3,0.8406942905251803,True
A,0.3,0.0,False
A,0.3,0.14385879103564825,False
A,0.3,0.0,False
A,0.3,0.12468876362688952,False
A,0.3,0.7341371927345111,True
A,0.3,0.0,False
A,0.3,0.34273550430499156,False
A,0.3,0.26703984538101044,False
A,0.3,0.13990022015936865,False
A,0.3,0.0,False
A,0.3,0.009625381575521064,False
A,0.3,0.4063300943895456,True
A,0.3,0.0,False
A,0.3,0.0010733276376317935,False
A,0.3,0.798844779629849,True
A,0.3,0.9341670618885638,True
A,0.3,0.2885221327587131,False
A,0.3,0.7333753962033989,True
A,0.3,0.0,False
A,0.3,0.12552670871164084,False
A,0.3,0.0,False
A,0.3,0.568707450148154,True
A,0.3,0.0,False
A,0.3,0.3106025871958643,False
A,0.3,0.5039450984574853,False
A,0.3,0.917501217405666,True
A,0.3,0.7497438717613842,True
A,0.3,0.7819902019834715,True
A,0.3,0.0,False
A,0.3,0.03918296937620214,False
A,0.3,0.0,False
A,0.3,0.9249268463711718,True
A,0.3,0.6687578816301655,True
A,0.3,0.38728886006364205,False
A,0.3,0.3889640824118227,True
A,0.3,0.0,False
A,0.3,0.22111276183254935,False
A,0.3,0.5331030977159423,True
A,0.3,0.1774566361533232,False
A,0.3,0.010558228107175549,False
A,0.3,0.18988627514478462,False
A,0.3,0.7302999318044129,False
A,0.3,0.0,False
A,0.3,0.5128412314722228,False
A,0.3,0.0,False
A,0.3,0.0,False
A,0.3,0.06482604550897642,False
A,0.3,0.0,False
A,0.3,0.1595350609808156,False
A,0.3,0.0951163724994949,False
A,0.3,0.5728385954959655,False
A,0.3,0.7659464692343527,True
A,0.3,0.0,False
A,0.3,0.9191871274971403,True
A,0.3,0.3946342831650832,False
A,0.3,0.4409359674902974,False
A,0.3,0.7408006025089195,True
A,0.3,0.8668524370342197,True
A,0.3,0.0,False
A,0.3,0.6068890028441002,True
A,0.3,0.9466235228811973,True
A,0.3,0.9083962314484937,True
A,0.3,0.40517796397064965,False
A,0.3,0.03195521876314955,False
A,0.3,0.5017993243645819,True
A,0.3,0.9570376310191379,True
A,0.3,0.0,False
A,0.3,0.0,False
A,0.3,0.8515980488935062,True
A,0.3,0.6272037492235819,False
A,0.3,0.8628739275914711,True
A,0.3,0.0,False
A,0.3,0.4929365647134576,False
A,0.3,0.0,False
A,0.3,0.2306105333450832,False
A,0.3,0.0,False
A,0.3,0.0,False
A,0.3,0.0,False
A,0.3,0.5631787721736792,False
A,0.3,0.5000861310446286,False
A,0.3,0.0446013887281409,False
A,0.3,0.7417095143033269,True
A,0.3,0.6827844455960408,False
A,0.3,0.0,False
A,0.3,0.35871213808038993,False
A,0.3,0.43834994061813615,False
A,0.3,0.28607076460408964,False
A,0.3,0.7184560347336976,True
A,0.3,0.12749928537471833,False
A,0.3,0.0,False
A,0.3,0.25354922932703083,False
A,0.3,0.09174616486224829,False
A,0.3,0.467486712738981,True
A,0.3,0.41490680176674655,False
A,0.3,0.9740079448781233,True
A,0.3,0.0,False
A,0.3,0.47421339833166665,False
A,0.3,0.09586495049174515,False
A,0.3,0.0,False
A,0.3,0.0,False
A,0.3,0.5775758775602139,True
A,0.3,0.0,False
A,0.3,0.044126414279065496,False
A,0.3,0.07344409152001685,False
A,0.3,0.9006735337696747,True
A,0.3,0.2600275615548715,False
A,0.3,0.746650900518364,True
A,0.3,0.0,False
A,0.3,0.6527269358895562,False
A,0.3,0.050410882292375,False
A,0.3,0.4595671707888416,False
A,0.3,0.5159329711787357,True
A,0.3,0.5766903276061206,True
A,0.3,0.6821565205099176,True
A,0.3,0.442881221854983,False
A,0.3,0.9097453300368077,True
A,0.3,0.7065393442208157,False
A,0.3,0.0,False
A,0.3,0.2531425893164918,False
A,0.3,0.0,False
A,0.3,0.7498162572919845,False
A,0.3,0.0,False
A,0.3,0.36727932184155077,False
A,0.3,0.2139461504665755,False
A,0.3,0.5223247097182899,True
A,0.3,0.857948078164705,True
A,0.3,0.21800406061254296,False
A,0.3,0.0,False
A,0.3,0.2277560366229342,False
A,0.3,0.0,False
A,0.3,0.6146121105514513,False
A,0.3,0.7964736636083873,True
A,0.3,0.0,False
A,0.3,0.6315747623261156,False
A,0.3,0.0,False
A,0.3,0.0,False
A,0.3,0.681306309116194,False
A,0.3,0.0,False
A,0.3,0.0,False
A,0.3,0.4432335712798767,True
A,0.3,0.6993256799961293,False
A,0.3,0.46111907300601773,True
A,0.3,0.33070319170339235,False
A,0.3,0.2096938339193748,False
A,0.3,0.0,False
A,0.3,0.7777691500707403,True
A,0.3,0.0,False
A,0.3,0.0,False
A,0.3,0.0,False
A,0.3,0.6738154668869615,False
A,0.3,0.523544250351994,False
A,0.3,0.0,False
A,0.3,0.5883446183697051,False
A,0.3,0.0,False
A,0.3,0.0,False
A,0.3,0.0,False
A,0.3,0.5621277864972969,True
A,0.3,0.0,False
A,0.3,0.37205727485293205,True
A,0.3,0.0,False
A,0.3,0.0,False
A,0.3,0.6458339773339054,True
A,0.3,0.34124940609098053,False
A,0.3,0.7676871573380918,True
A,0.3,0.6179341841823089,True
A,0.3,0.31707259154211487,False
A,0.3,0.3503952609111709,False
A,0.3,0.6377386461058355,True
A,0.3,0.9312310586334631,True
A,0.3,0.0,False
A,0.3,0.9740693660959236,True
A,0.3,0.7662764694198073,True
A,0.3,0.5604493209375129,True
A,0.3,0.2844462255548893,False
A,0.3,0.08312682846712494,False
A,0.3,0.7550051486438079,False
A,0.3,0.0,False
A,0.3,0.8309731317389822,True
A,0.3,0.14802867369852235,False
A,0.3,0.6530835250435231,True
A,0.3,0.9974738426660312,True
A,0.3,0.0,False
A,0.3,0.2270350007595885,False
A,0.3,0.7550298209659912,True
A,0.3,0.9708225007331867,True
A,0.3,0.2900407259555696,False
A,0.3,0.8771804204044148,True
A,0.3,0.6225639362208338,False
A,0.3,0.42968505522835876,False
A,0.3,0.5594625373183378,True
A,0.3,0.05948776999619798,False
A,0.3,0.2585095429604142,False
A,0.3,0.14435453755381233,False
A,0.3,0.6622328668791394,True
A,0.3,0.3413431585949054,False
A,0.3,0.7416365974829284,True
A,0.3,0.0,False
A,0.3,0.0,False
A,0.3,0.5104694121147274,False
A,0.3,0.049851178230480575,False
A,0.3,0.0,False
A,0.3,0.5058461277094469,True
A,0.3,0.09377458550057594,False
A,0.3,0.532100622619079,False
A,0.3,0.0,False
A,0.3,0.27263124898401747,False
A,0.3,0.0,False
A,0.3,0.9634437988224106,True
A,0.3,0.7394569851686627,False
A,0.3,0.8467526728679097,True
A,0.3,0.0,False
A,0.3,0.29918677460192544,False
A,0.3,0.5044834781612697,False
A,0.3,0.2294045670352438,False
A,0.3,0.119604115986233,False
A,0.3,0.28188092749951865,False
A,0.3,0.31315932261368407,False
A,0.3,0.0,False
A,0.3,0.23428960515070807,False
A,0.3,0.0,False
A,0.3,0.5000910221984305,True
A,0.3,0.8769024387561225,True
A,0.3,0.29556893798141204,False
A,0.3,0.3259141172737191,False
A,0.3,0.9856256162381659,True
A,0.3,0.7588567114867564,True
A,0.3,0.0,False
A,0.3,0.30807509273771094,False
A,0.3,0.0,False
A,0.3,0.9303647267424071,True
A,0.3,0.9289336201850861,True
A,0.3,0.39600210672541236,False
A,0.3,0.0,False
A,0.3,0.035415985998081156,False
A,0.3,0.0,False
A,0.3,0.6312635810451294,True
A,0.3,0.0,False
A,0.3,0.4402550476575171,False
A,0.3,0.0,False
A,0.3,0.7315674167328904,True
A,0.3,0.16012140695776966,False
A,0.3,0.9520562420112799,True
A,0.3,0.3130264618394669,False
A,0.3,0.0,False
A,0.3,0.041355647505784465,False
A,0.3,0.0,False
A,0.3,0.0,False
A,0.3,0.18245003680906535,False
A,0.3,0.8376051090171325,True
A,0.3,0.5414486190951452,True
A,0.3,0.547497871737159,True
A,0.3,0.6773290295311751,True
A,0.3,0.745467864443571,True
A,0.3,0.8354669628138728,True
A,0.3,0.3550458489051077,True
A,0.3,0.7195415917407041,True
A,0.3,0.7408054707784141,True
A,0.3,0.9853057806201284,True
A,0.3,0.3505415550180423,False
A,0.3,0.3751802687667892,False
A,0.3,0.6211110483844781,True
A,0.3,0.9396641693006903,True
A,0.3,0.0,False
A,0.3,0.0,False
A,0.3,0.3626612054747995,False
A,0.3,0.1782372454915363,False
A,0.3,0.0,False
A,0.3,0.20862174015676116,False
A,0.3,0.0,False
A,0.3,0.0,False
A,0.3,0.2163191756912226,False
A,0.3,0.9931586228067151,True
A,0.3,0.9986956049981965,True
A,0.3,0.029385206669883646,False
A,0.3,0.0,False
A,0.3,0.0,False
A,0.3,0.7508286985574926,True
A,0.3,0.9722242025346466,True
A,0.3,0.0,False
A,0.3,0.6489187917260366,False
A,0.3,0.7441521565207941,True
A,0.3,0.0,False
A,0.3,0.36941326086551185,False
A,0.3,0.0,False
A,0.3,0.0,False
A,0.3,0.6018818056077537,True
A,0.3,0.12361640841728871,False
A,0.3,0.7763918977634249,True
A,0.3,0.862694426871353,True
A,0.3,0.08777735842257695,False
A,0.3,0.3866043967442757,False
A,0.3,0.1857018365635995,False
A,0.3,0.7243742982113472,True
A,0.3,0.0,False
A,0.3,0.004731172519195304,False
A,0.3,0.6893667692215466,True
A,0.3,0.0,False
A,0.3,0.6654426987005394,False
A,0.3,0.47678850963492647,False
A,0.3,0.47999261333916843,False
A,0.3,0.9863833761618085,True
A,0.3,0.5180923272758632,False
A,0.3,0.22959740011166452,False
A,0.3,0.0,False
A,0.3,0.19934272247697205,False
A,0.3,0.7537148420969634,True
A,0.3,0.33093181573571373,False
A,0.3,0.0,False
A,0.3,0.45884629179943714,False
A,0.3,0.9582133441028555,True
A,0.3,0.48571126237102435,False
A,0.3,0.39523020657110985,False
A,0.3,0.9533801425605842,True
A,0.3,0.0,False
A,0.3,0.8597672338736594,True
A,0.3,0.0,False
A,0.3,0.2324001433829932,False
A,0.3,0.28749929821378495,False
A,0.3,0.9001619615680726,True
A,0.3,0.06093325435044017,False
A,0.3,0.2890337773968219,False
A,0.3,0.0,False
A,0.3,0.9431723413679843,True
A,0.3,0.10341859302158829,False
A,0.3,0.5896531846049217,False
A,0.3,0.30072055110818585,False
A,0.3,0.0,False
A,0.3,0.0,False
A,0.3,0.4299536184519944,False
A,0.3,0.8601621777634588,True
A,0.3,0.5039083936833434,False
A,0.3,0.2931935839295078,False
A,0.3,0.727114334386582,True
A,0.3,0.8031745908051526,True
A,0.3,0.0,False
A,0.3,0.0,False
A,0.3,0.0,False
A,0.3,0.23193504560600608,False
A,0.3,0.30574826735546234,False
A,0.3,0.0,False
A,0.3,0.0,False
A,0.3,0.0,False
A,0.3,0.5206053742726188,True
A,0.3,0.0,False
A,0.3,0.0,False
A,0.3,0.660925192629207,True
A,0.3,0.0,False
A,0.3,0.0,False
A,0.3,0.18215652750014655,False
A,0.3,0.0,False
A,0.3,0.8997506513863033,True
A,0.3,0.140544082079184,False
A,0.3,0.0,False
A,0.3,0.7979280220454027,True
A,0.3,0.5563985777582092,True
A,0.3,0.4047994294986934,False
A,0.3,0.8059318955684144,False
A,0.3,0.02359194910751572,False
A,0.3,0.8165829987317125,True
A,0.3,0.37787397955647173,False
A,0.3,0.0,False
A,0.3,0.8546337197145463,True
A,0.3,0.9556914946567198,True
A,0.3,0.7841922967821687,True
A,0.3,0.33169696842844665,False
A,0.3,0.20465918169526065,False
A,0.3,0.0,False
A,0.3,0.17234165200187979,False
A,0.3,0.297710477684868,False
A,0.3,0.0,False
A,0.3,0.47077181694158343,False
A,0.3,0.12081047303883408,False
A,0.3,0.0,False
A,0.3,0.2949727244007181,False
A,0.3,0.6077150483794787,False
A,0.3,0.5733865634274609,False
A,0.3,0.2315024928995677,False
A,0.3,0.19765888549260469,False
A,0.3,0.29467877379280627,False
A,0.3,0.6624495822510515,True
A,0.3,0.5324140272781213,False
A,0.3,0.28390610241108516,False
A,0.3,0.42672683120906574,True
A,0.3,0.9149063813927585,True
A,0.3,0.0717452865683692,False
A,0.3,0.3504110684712002,False
A,0.3,0.7337979277462428,True
A,0.3,0.15504058027179457,False
A,0.3,0.0,False
A,0.3,0.0,False
A,0.3,0.4954109219271482,False
A,0.3,0.3833765580659897,False
A,0.3,0.37331250701716134,False
A,0.3,0.3913409618506588,False
A,0.3,0.9259067779820048,True
A,0.3,0.02090559836862249,False
A,0.3,0.3284768237951533,False
A,0.3,0.0,False
A,0.3,0.7929453724330436,True
A,0.3,0.018749192793631297,False
A,0.3,0.09280401337810895,False
A,0.3,0.003774978715910704,False
A,0.3,0.0,False
A,0.3,0.885319800370304,True
A,0.3,0.18778731087662937,False
A,0.3,0.0,False
A,0.3,0.9865774316098462,True
A,0.3,0.4710922995941813,True
A,0.3,0.03142594817188504,False
A,0.3,0.0,False
A,0.3,0.0,False
A,0.3,0.6110486697019206,False
A,0.3,0.4212508104984094,False
A,0.3,0.5934074032861317,False
A,0.3,0.2384420367963942,False
A,0.3,0.0,False
A,0.3,0.0,False
A,0.3,0.0,False
A,0.3,0.07466707833597264,False
A,0.3,0.2711765583394976,False
A,0.3,0.32303066375699885,False
A,0.3,0.1954687425786369,False
A,0.3,0.0,False
A,0.3,0.0,False
A,0.3,0.872547351929287,True
A,0.3,0.10997259313065832,False
A,0.3,0.8770774442954973,True
A,0.3,0.0,False
A,0.3,0.3750845839617487,False
A,0.3,0.8951904479098864,True
A,0.3,0.6533687455276637,True
A,0.3,0.2826802589623031,False
A,0.3,0.0,False
A,0.3,0.5782178962477553,False
A,0.3,0.3183156797101826,False
A,0.3,0.0,False
A,0.3,0.0,False
A,0.3,0.6024049463837172,True
A,0.3,0.0,False
A,0.3,0.0,False
A,0.3,0.4455016388121926,False
A,0.3,0.4194766761381655,False
A,0.3,0.1335094844871998,False
A,0.3,0.0,False
A,0.3,0.3168211089322609,False
A,0.3,0.0,False
A,0.3,0.0,False
A,0.3,0.65601860965797,True
A,0.3,0.0,False
A,0.3,0.4731934305579767,True
A,0.3,0.0,False
A,0.3,0.0,False
A,0.3,0.9240070828713349,True
A,0.3,0.21390107263316538,False
A,0.3,0.6240839238335688,True
A,0.3,0.10250986683316765,False
A,0.3,0.0,False
A,0.3,0.4887006124113715,True
A,0.3,0.5505367232529238,False
A,0.3,0.11493887033227601,False
A,0.3,0.7306102940072385,True
A,0.3,0.12839472046366995,False
A,0.3,0.38411607161484873,False
A,0.3,0.19167522462230413,False
A,0.3,0.0,False
A,0.3,0.40386248282878545,True
A,0.3,0.7542961761452902,True
A,0.3,0.7803939329910485,True
A,0.3,0.17778850911702526,False
A,0.3,0.2853441150613515,False
A,0.3,0.17203808418861577,False
A,0.3,0.9748855387199995,True
A,0.3,0.13366286631508362,False
A,0.3,0.3356908353746999,False
A,0.3,0.7810162139834885,True
A,0.3,0.6297628476313114,False
A,0.3,0.3427849046133079,False
A,0.3,0.15205578507458084,False
A,0.3,0.0,False
A,0.3,0.9379077690925428,True
A,0.3,0.0,False
A,0.3,0.0,False
A,0.3,0.0,False
A,0.3,0.41998339298292053,False
A,0.3,0.01963746789074794,False
A,0.3,0.2769695473260956,False
A,0.3,0.0,False
A,0.3,0.08360423846943987,False
A,0.3,0.6139713275546035,True
A,0.3,0.6826603796596109,True
A,0.3,0.0,False
A,0.3,0.4192042386722491,False
A,0.3,0.09529068564956478,False
A,0.3,0.0,False
A,0.3,0.6223280692944975,True
A,0.3,0.8945252503959462,True
A,0.3,0.6116136801324411,True
A,0.3,0.0,False
A,0.3,0.42628188672090717,False
A,0.3,0.17156702095739795,False
A,0.3,0.28905486500840705,False
A,0.3,0.0,False
A,0.3,0.0,False
A,0.3,0.0,False
A,0.3,0.0,False
A,0.3,0.24903676270442066,False
A,0.3,0.0,False
A,0.3,0.0,False
A,0.3,0.5326867803336707,False
A,0.3,0.3279491629488833,False
A,0.3,0.5939001136306608,True
A,0.3,0.0,False
A,0.3,0.0,False
A,0.3,0.9053092957070245,True
A,0.3,0.0,False
A,0.3,0.0,False
A,0.3,0.2686660516258256,False
A,0.3,0.0,False
A,0.3,0.0,False
A,0.3,0.22705736230028772,False
A,0.3,0.9169191236201311,True
A,0.3,0.0,False
A,0.3,0.0,False
A,0.3,0.0,False
A,0.3,0.0,False
A,0.3,0.0,False
A,0.3,0.8169105724821386,True
A,0.3,0.0,False
A,0.3,0.45687736847338034,False
A,0.3,0.7325371074939713,True
A,0.3,0.4829638499430491,True
A,0.3,0.0,False
A,0.3,0.22150342578885607,False
A,0.3,0.36363117776051035,False
A,0.3,0.0930301516344253,False
A,0.3,0.13370128098093592,False
A,0.3,0.0,False
A,0.3,0.7175230776573913,True
A,0.3,0.33530691724926787,False
A,0.3,0.4346202629984718,True
A,0.3,0.0,False
A,0.3,0.7182608385181236,True
A,0.3,0.0,False
A,0.3,0.2670691476672856,False
A,0.3,0.22453434082286927,False
A,0.3,0.8157877251422352,True
A,0.3,0.5719700950559148,False
A,0.3,0.14035457020446762,False
A,0.3,0.0,False
A,0.3,0.056358755361945456,False
A,0.3,0.0,False
A,0.3,0.4515894701829545,True
A,0.3,0.1847588107262791,False
A,0.3,0.0,False
A,0.3,0.03530065723971443,False
A,0.3,0.3018210905049712,False
A,0.3,0.3923132522228061,True
A,0.3,0.7827051950741931,True
A,0.3,0.43043691918031557,False
A,0.3,0.6051742910164166,False
A,0.3,0.04716564592961536,False
A,0.3,0.0,False
A,0.3,0.0,False
A,0.3,0.0,False
A,0.3,0.658858317326422,True
A,0.3,0.28214925998126994,False
A,0.3,0.21188939498815118,False
A,0.3,0.7988826500767313,True
A,0.3,0.0,False
A,0.3,0.06266772945850452,False
A,0.3,0.0,False
A,0.3,0.0,False
A,0.3,0.4285236976428518,False
A,0.3,0.07588785896817107,False
A,0.3,0.15855914033325125,False
A,0.3,0.04127836593277456,False
A,0.3,0.32092139729359115,False
A,0.3,0.3220494822022347,False
A,0.3,0.13189836142909805,False
A,0.3,0.0,False
A,0.3,0.9384485896168142,True
A,0.3,0.4223457343123652,False
A,0.3,0.7782499627645725,True
A,0.3,0.6177952957172328,True
A,0.3,0.0,False
A,0.3,0.21919727772724762,False
A,0.3,0.26227431059308626,False
A,0.3,0.18284354864170038,False
A,0.3,0.8181680186758383,True
A,0.3,0.0,False
A,0.3,0.06149764967789895,False
A,0.3,0.6808034354373977,True
A,0.3,0.0,False
A,0.3,0.0,False
A,0.3,0.04640777699062726,False
A,0.3,0.48275578436692423,True
A,0.3,0.4749636841408009,True
A,0.3,0.0,False
A,0.3,0.0,False
A,0.3,0.8406942905251803,True
A,0.3,0.0,False
A,0.3,0.14385879103564825,False
A,0.3,0.0,False
A,0.3,0.12468876362688952,False
A,0.3,0.7341371927345111,True
A,0.3,0.0,False
A,0.3,0.34273550430499156,False
A,0.3,0.26703984538101044,False
A,0.3,0.13990022015936865,False
A,0.3,0.0,False
A,0.3,0.009625381575521064,False
A,0.3,0.4063300943895456,True
A,0.3,0.0,False
A,0.3,0.0010733276376317935,False
A,0.3,0.798844779629849,True
A,0.3,0.9341670618885638,True
A,0.3,0.2885221327587131,False
A,0.3,0.7333753962033989,True
A,0.3,0.0,False
A,0.3,0.12552670871164084,False
A,0.3,0.0,False
A,0.3,0.568707450148154,True
A,0.3,0.0,False
A,0.3,0.3106025871958643,False
A,0.3,0.5039450984574853,False
A,0.3,0.917501217405666,True
A,0.3,0.7497438717613842,True
A,0.3,0.7819902019834715,True
A,0.3,0.0,False
A,0.3,0.03918296937620214,False
A,0.3,0.0,False
A,0.3,0.9249268463711718,True
A,0.3,0.6687578816301655,True
A,0.3,0.38728886006364205,False
A,0.3,0.3889640824118227,False
A,0.3,0.0,False
A,0.3,0.22111276183254935,False
A,0.3,0.5331030977159423,True
A,0.3,0.1774566361533232,False
A,0.3,0.010558228107175549,False
A,0.3,0.18988627514478462,False
A,0.3,0.7302999318044129,False
A,0.3,0.0,False
A,0.3,0.5128412314722228,False
A,0.3,0.0,False
A,0.3,0.0,False
A,0.3,0.06482604550897642,False
A,0.3,0.0,False
A,0.3,0.1595350609808156,False
A,0.3,0.0951163724994949,False
A,0.3,0.5728385954959655,False
A,0.3,0.7659464692343527,True
A,0.3,0.0,False
A,0.3,0.9191871274971403,True
A,0.3,0.3946342831650832,False
A,0.3,0.4409359674902974,False
A,0.3,0.7408006025089195,True
A,0.3,0.8668524370342197,True
A,0.3,0.0,False
A,0.3,0.6068890028441002,True
A,0.3,0.9466235228811973,True
A,0.3,0.9083962314484937,True
A,0.3,0.40517796397064965,False
A,0.3,0.03195521876314955,False
A,0.3,0.5017993243645819,True
A,0.3,0.9570376310191379,True
A,0.3,0.0,False
A,0.3,0.0,False
A,0.3,0.8515980488935062,True
A,0.3,0.6272037492235819,False
A,0.3,0.8628739275914711,True
A,0.3,0.0,False
A,0.3,0.4929365647134576,False
A,0.3,0.0,False
A,0.3,0.2306105333450832,False
A,0.3,0.0,False
A,0.3,0.0,False
A,0.3,0.0,False
A,0.3,0.5631787721736792,False
A,0.3,0.5000861310446286,False
A,0.3,0.0446013887281409,False
A,0.3,0.7417095143033269,True
A,0.3,0.6827844455960408,False
A,0.3,0.0,False
A,0.3,0.35871213808038993,False
A,0.3,0.43834994061813615,False
A,0.3,0.28607076460408964,False
A,0.3,0.7184560347336976,True
A,0.3,0.12749928537471833,False
A,0.3,0.0,False
A,0.3,0.25354922932703083,False
A,0.3,0.09174616486224829,False
A,0.3,0.467486712738981,True
A,0.3,0.41490680176674655,False
A,0.3,0.9740079448781233,True
A,0.3,0.0,False
A,0.3,0.47421339833166665,False
A,0.3,0.09586495049174515,False
A,0.3,0.0,False
A,0.3,0.0,False
A,0.3,0.5775758775602139,True
A,0.3,0.0,False
A,0.3,0.044126414279065496,False
A,0.3,0.07344409152001685,False
A,0.3,0.9006735337696747,True
A,0.3,0.2600275615548715,False
A,0.3,0.746650900518364,True
A,0.3,0.0,False
A,0.3,0.6527269358895562,False
A,0.3,0.050410882292375,False
A,0.3,0.4595671707888416,False
A,0.3,0.5159329711787357,True
A,0.3,0.5766903276061206,True
A,0.3,0.6821565205099176,True
A,0.3,0.442881221854983,True
A,0.3,0.9097453300368077,True
A,0.3,0.7065393442208157,False
A,0.3,0.0,False
A,0.3,0.2531425893164918,False
A,0.3,0.0,False
A,0.3,0.7498162572919845,True
A,0.3,0.0,False
A,0.3,0.36727932184155077,False
A,0.3,0.2139461504665755,False
A,0.3,0.5223247097182899,True
A,0.3,0.857948078164705,True
A,0.3,0.21800406061254296,False
A,0.3,0.0,False
A,0.3,0.2277560366229342,False
A,0.3,0.0,False
A,0.3,0.6146121105514513,False
A,0.3,0.7964736636083873,True
A,0.3,0.0,False
A,0.3,0.6315747623261156,False
A,0.3,0.0,False
A,0.3,0.0,False
A,0.3,0.681306309116194,False
A,0.3,0.0,False
A,0.3,0.0,False
A,0.3,0.4432335712798767,True
A,0.3,0.6993256799961293,True
A,0.3,0.46111907300601773,True
A,0.3,0.33070319170339235,False
A,0.3,0.2096938339193748,False
A,0.3,0.0,False
A,0.3,0.7777691500707403,True
A,0.3,0.0,False
A,0.3,0.0,False
A,0.3,0.0,False
A,0.3,0.6738154668869615,True
A,0.3,0.523544250351994,False
A,0.3,0.0,False
A,0.3,0.5883446183697051,True
A,0.3,0.0,False
A,0.3,0.0,False
A,0.3,0.0,False
A,0.3,0.5621277864972969,False
A,0.3,0.0,False
A,0.3,0.37205727485293205,True
A,0.3,0.0,False
A,0.3,0.0,False
A,0.3,0.6458339773339054,True
A,0.3,0.34124940609098053,False
A,0.3,0.7676871573380918,True
A,0.3,0.6179341841823089,True
A,0.3,0.31707259154211487,False
A,0.3,0.3503952609111709,False
A,0.3,0.6377386461058355,True
A,0.3,0.9312310586334631,True
A,0.3,0.0,False
A,0.3,0.9740693660959236,True
A,0.3,0.7662764694198073,True
A,0.3,0.5604493209375129,False
A,0.3,0.2844462255548893,False
A,0.3,0.08312682846712494,False
A,0.3,0.7550051486438079,True
A,0.3,0.0,False
A,0.3,0.8309731317389822,True
A,0.3,0.14802867369852235,False
A,0.3,0.6530835250435231,True
A,0.3,0.9974738426660312,True
A,0.3,0.0,False
A,0.3,0.2270350007595885,False
A,0.3,0.7550298209659912,True
A,0.3,0.9708225007331867,True
A,0.3,0.2900407259555696,False
A,0.3,0.8771804204044148,True
A,0.3,0.6225639362208338,False
A,0.3,0.42968505522835876,False
A,0.3,0.5594625373183378,True
A,0.3,0.05948776999619798,False
A,0.3,0.2585095429604142,False
A,0.3,0.14435453755381233,False
A,0.3,0.6622328668791394,True
A,0.3,0.3413431585949054,False
A,0.3,0.7416365974829284,True
A,0.3,0.0,False
A,0.3,0.0,False
A,0.3,0.5104694121147274,False
A,0.3,0.049851178230480575,False
A,0.3,0.0,False
A,0.3,0.5058461277094469,True
A,0.3,0.09377458550057594,False
A,0.3,0.532100622619079,False
A,0.3,0.0,False
A,0.3,0.27263124898401747,False
A,0.3,0.0,False
A,0.3,0.9634437988224106,True
A,0.3,0.7394569851686627,True
A,0.3,0.8467526728679097,True
A,0.3,0.0,False
A,0.3,0.29918677460192544,False
A,0.3,0.5044834781612697,False
A,0.3,0.2294045670352438,False
A,0.3,0.119604115986233,False
A,0.3,0.28188092749951865,False
A,0.3,0.31315932261368407,False
A,0.3,0.0,False
A,0.3,0.23428960515070807,False
A,0.3,0.0,False
A,0.3,0.5000910221984305,True
A,0.3,0.8769024387561225,True
A,0.3,0.29556893798141204,False
A,0.3,0.3259141172737191,False
A,0.3,0.9856256162381659,True
A,0.3,0.7588567114867564,True
A,0.3,0.0,False
A,0.3,0.30807509273771094,False
A,0.3,0.0,False
A,0.3,0.9303647267424071,True
A,0.3,0.9289336201850861,True
A,0.3,0.39600210672541236,False
A,0.3,0.0,False
A,0.3,0.035415985998081156,False
A,0.3,0.0,False
A,0.3,0.6312635810451294,True
A,0.3,0.0,False
A,0.3,0.4402550476575171,False
A,0.3,0.0,False
A,0.3,0.7315674167328904,True
A,0.3,0.16012140695776966,False
A,0.3,0.9520562420112799,True
A,0.3,0.3130264618394669,False
A,0.3,0.0,False
A,0.3,0.041355647505784465,False
A,0.3,0.0,False
A,0.3,0.0,False
A,0.3,0.18245003680906535,False
A,0.3,0.8376051090171325,True
A,0.3,0.5414486190951452,True
A,0.3,0.547497871737159,True
A,0.3,0.6773290295311751,True
A,0.3,0.745467864443571,True
A,0.3,0.8354669628138728,True
A,0.3,0.3550458489051077,True
A,0.3,0.7195415917407041,True
A,0.3,0.7408054707784141,True
A,0.3,0.9853057806201284,True
A,0.3,0.3505415550180423,False
A,0.3,0.3751802687667892,False
A,0.3,0.6211110483844781,True
A,0.3,0.9396641693006903,True
A,0.3,0.0,False
A,0.3,0.0,False
A,0.3,0.3626612054747995,False
A,0.3,0.1782372454915363,False
A,0.3,0.0,False
A,0.3,0.20862174015676116,False
A,0.3,0.0,False
A,0.3,0.0,False
A,0.3,0.2163191756912226,False
A,0.3,0.9931586228067151,True
A,0.3,0.9986956049981965,True
A,0.3,0.029385206669883646,False
A,0.3,0.0,False
A,0.3,0.0,False
A,0.3,0.7508286985574926,True
A,0.3,0.9722242025346466,True
A,0.3,0.0,False
A,0.3,0.6489187917260366,True
A,0.3,0.7441521565207941,True
A,0.3,0.0,False
A,0.3,0.36941326086551185,False
A,0.3,0.0,False
A,0.3,0.0,False
A,0.3,0.6018818056077537,True
A,0.3,0.12361640841728871,False
A,0.3,0.7763918977634249,True
A,0.3,0.862694426871353,True
A,0.3,0.08777735842257695,False
A,0.3,0.3866043967442757,False
A,0.3,0.1857018365635995,False
A,0.3,0.7243742982113472,True
A,0.3,0.0,False
A,0.3,0.004731172519195304,False
A,0.3,0.6893667692215466,True
A,0.3,0.0,False
A,0.3,0.6654426987005394,True
A,0.3,0.47678850963492647,False
A,0.3,0.47999261333916843,False
A,0.3,0.9863833761618085,True
A,0.3,0.5180923272758632,False
A,0.3,0.22959740011166452,False
A,0.3,0.0,False
A,0.3,0.19934272247697205,False
A,0.3,0.7537148420969634,True
A,0.3,0.33093181573571373,False
A,0.3,0.0,False
A,0.3,0.45884629179943714,False
A,0.3,0.9582133441028555,True
A,0.3,0.48571126237102435,False
A,0.3,0.39523020657110985,False
A,0.3,0.9533801425605842,True
A,0.3,0.0,False
A,0.3,0.8597672338736594,True
A,0.3,0.0,False
A,0.3,0.2324001433829932,False
A,0.3,0.28749929821378495,False
A,0.3,0.9001619615680726,True
A,0.3,0.06093325435044017,False
A,0.3,0.2890337773968219,False
A,0.3,0.0,False
A,0.3,0.9431723413679843,True
A,0.3,0.10341859302158829,False
A,0.3,0.5896531846049217,False
A,0.3,0.30072055110818585,False
A,0.3,0.0,False
A,0.3,0.0,False
A,0.3,0.4299536184519944,False
A,0.3,0.8601621777634588,True
A,0.3,0.5039083936833434,False
A,0.3,0.2931935839295078,False
A,0.3,0.727114334386582,True
A,0.3,0.8031745908051526,True
A,0.3,0.0,False
A,0.3,0.0,False
A,0.3,0.0,False
A,0.3,0.23193504560600608,False
A,0.3,0.30574826735546234,False
A,0.3,0.0,False
A,0.3,0.0,False
A,0.3,0.0,False
A,0.3,0.5206053742726188,True
A,0.3,0.0,False
A,0.3,0.0,False
A,0.3,0.660925192629207,True
A,0.3,0.0,False
A,0.3,0.0,False
A,0.3,0.18215652750014655,False
A,0.3,0.0,False
A,0.3,0.8997506513863033,True
A,0.3,0.140544082079184,False
A,0.3,0.0,False
A,0.3,0.7979280220454027,True
A,0.3,0.5563985777582092,True
A,0.3,0.4047994294986934,False
A,0.3,0.8059318955684144,False
A,0.3,0.02359194910751572,False
A,0.3,0.8165829987317125,True
A,0.3,0.37787397955647173,False
A,0.3,0.0,False
A,0.3,0.8546337197145463,True
A,0.3,0.9556914946567198,True
A,0.3,0.7841922967821687,True
A,0.3,0.33169696842844665,False
A,0.3,0.20465918169526065,False
A,0.3,0.0,False
A,0.3,0.17234165200187979,False
A,0.3,0.297710477684868,False
A,0.3,0.0,False
A,0.3,0.47077181694158343,False
A,0.3,0.12081047303883408,False
A,0.3,0.0,False
A,0.3,0.2949727244007181,False
A,0.3,0.6077150483794787,True
A,0.3,0.5733865634274609,True
A,0.3,0.2315024928995677,False
A,0.3,0.19765888549260469,False
A,0.3,0.29467877379280627,False
A,0.3,0.6624495822510515,True
A,0.3,0.5324140272781213,False
A,0.3,0.28390610241108516,False
A,0.3,0.42672683120906574,True
A,0.3,0.9149063813927585,True
A,0.3,0.0717452865683692,False
A,0.3,0.3504110684712002,False
A,0.3,0.7337979277462428,True
A,0.3,0.15504058027179457,False
A,0.3,0.0,False
A,0.3,0.0,False
A,0.3,0.4954109219271482,False
A,0.3,0.3833765580659897,False
A,0.3,0.37331250701716134,False
A,0.3,0.3913409618506588,False
A,0.3,0.9259067779820048,True
A,0.3,0.02090559836862249,False
A,0.3,0.3284768237951533,False
A,0.3,0.0,False
A,0.3,0.7929453724330436,True
A,0.3,0.018749192793631297,False
A,0.3,0.09280401337810895,False
A,0.3,0.003774978715910704,False
A,0.3,0.0,False
A,0.3,0.885319800370304,True
A,0.3,0.18778731087662937,False
A,0.3,0.0,False
A,0.3,0.9865774316098462,True
A,0.3,0.4710922995941813,False
A,0.3,0.03142594817188504,False
A,0.3,0.0,False
A,0.3,0.0,False
A,0.3,0.6110486697019206,False
A,0.3,0.4212508104984094,False
A,0.3,0.5934074032861317,False
A,0.3,0.2384420367963942,False
A,0.3,0.0,False
A,0.3,0.0,False
A,0.3,0.0,False
A,0.3,0.07466707833597264,False
A,0.3,0.2711765583394976,False
A,0.3,0.32303066375699885,False
A,0.3,0.1954687425786369,False
A,0.3,0.0,False
A,0.3,0.0,False
A,0.3,0.872547351929287,True
A,0.3,0.10997259313065832,False
A,0.3,0.8770774442954973,True
A,0.3,0.0,False
A,0.3,0.3750845839617487,False
A,0.3,0.8951904479098864,True
A,0.3,0.6533687455276637,True
A,0.3,0.2826802589623031,False
A,0.3,0.0,False
A,0.3,0.5782178962477553,True
A,0.3,0.3183156797101826,False
A,0.3,0.0,False
A,0.3,0.0,False
A,0.3,0.6024049463837172,True
A,0.3,0.0,False
A,0.3,0.0,False
A,0.3,0.4455016388121926,False
A,0.3,0.4194766761381655,False
A,0.3,0.1335094844871998,False
A,0.3,0.0,False
A,0.3,0.3168211089322609,False
A,0.3,0.0,False
A,0.3,0.0,False
A,0.3,0.65601860965797,True
A,0.3,0.0,False
A,0.3,0.4731934305579767,True
A,0.3,0.0,False
A,0.3,0.0,False
A,0.3,0.9240070828713349,True
A,0.3,0.21390107263316538,False
A,0.3,0.6240839238335688,True
A,0.3,0.10250986683316765,False
A,0.3,0.0,False
A,0.3,0.4887006124113715,False
A,0.3,0.5505367232529238,False
A,0.3,0.11493887033227601,False
A,0.3,0.7306102940072385,True
A,0.3,0.12839472046366995,False
A,0.3,0.38411607161484873,False
A,0.3,0.19167522462230413,False
A,0.3,0.0,False
A,0.3,0.40386248282878545,True
A,0.3,0.7542961761452902,True
A,0.3,0.7803939329910485,True
A,0.3,0.17778850911702526,False
A,0.3,0.2853441150613515,False
A,0.3,0.17203808418861577,False
A,0.3,0.9748855387199995,True
A,0.3,0.13366286631508362,False
A,0.3,0.3356908353746999,False
A,0.3,0.7810162139834885,True
A,0.3,0.6297628476313114,False
A,0.3,0.3427849046133079,False
A,0.3,0.15205578507458084,False
A,0.3,0.0,False
A,0.3,0.9379077690925428,True
A,0.3,0.0,False
A,0.3,0.0,False
A,0.3,0.0,False
A,0.3,0.41998339298292053,False
A,0.3,0.01963746789074794,False
A,0.3,0.2769695473260956,False
A,0.3,0.0,False
A,0.3,0.08360423846943987,False
A,0.3,0.6139713275546035,True
A,0.3,0.6826603796596109,True
A,0.3,0.0,False
A,0.3,0.4192042386722491,False
A,0.3,0.09529068564956478,False
A,0.3,0.0,False
A,0.3,0.6223280692944975,True
A,0.3,0.8945252503959462,True
A,0.3,0.6116136801324411,True
A,0.3,0.0,False
A,0.3,0.42628188672090717,False
A,0.3,0.17156702095739795,False
A,0.3,0.28905486500840705,False
A,0.3,0.0,False
A,0.3,0.0,False
A,0.3,0.0,False
A,0.3,0.0,False
A,0.3,0.24903676270442066,False
A,0.3,0.0,False
A,0.3,0.0,False
A,0.3,0.5326867803336707,False
A,0.3,0.3279491629488833,False
A,0.3,0.5939001136306608,True
A,0.3,0.0,False
A,0.3,0.0,False
A,0.3,0.9053092957070245,True
A,0.3,0.0,False
A,0.3,0.0,False
A,0.3,0.2686660516258256,False
A,0.3,0.0,False
A,0.3,0.0,False
A,0.3,0.22705736230028772,False
A,0.3,0.9169191236201311,True
A,0.3,0.0,False
A,0.3,0.0,False
A,0.3,0.0,False
A,0.3,0.0,False
A,0.3,0.0,False
A,0.3,0.8169105724821386,True
A,0.3,0.0,False
A,0.3,0.45687736847338034,False
A,0.3,0.7325371074939713,True
A,0.3,0.4829638499430491,True
A,0.3,0.0,False
A,0.3,0.22150342578885607,False
A,0.3,0.36363117776051035,False
A,0.3,0.0930301516344253,False
A,0.3,0.13370128098093592,False
A,0.3,0.0,False
A,0.3,0.7175230776573913,True
A,0.3,0.33530691724926787,False
A,0.3,0.4346202629984718,True
A,0.3,0.0,False
A,0.3,0.7182608385181236,True
A,0.3,0.0,False
A,0.3,0.2670691476672856,False
A,0.3,0.22453434082286927,False
A,0.3,0.8157877251422352,True
A,0.3,0.5719700950559148,False
A,0.3,0.14035457020446762,False
A,0.3,0.0,False
A,0.3,0.056358755361945456,False
A,0.3,0.0,False
A,0.3,0.4515894701829545,True
A,0.3,0.1847588107262791,False
A,0.3,0.0,False
A,0.3,0.03530065723971443,False
A,0.3,0.3018210905049712,False
A,0.3,0.3923132522228061,True
A,0.3,0.7827051950741931,True
A,0.3,0.43043691918031557,False
A,0.3,0.6051742910164166,False
A,0.3,0.04716564592961536,False
A,0.3,0.0,False
A,0.3,0.0,False
A,0.3,0.0,False
A,0.3,0.658858317326422,True
A,0.3,0.28214925998126994,False
A,0.3,0.21188939498815118,False
A,0.3,0.7988826500767313,True
A,0.3,0.0,False
A,0.3,0.06266772945850452,False
A,0.3,0.0,False
A,0.3,0.0,False
A,0.3,0.4285236976428518,False
A,0.3,0.07588785896817107,False
A,0.3,0.15855914033325125,False
A,0.3,0.04127836593277456,False
A,0.3,0.32092139729359115,False
A,0.3,0.3220494822022347,False
A,0.3,0.13189836142909805,False
A,0.3,0.0,False
A,0.3,0.9384485896168142,True
A,0.3,0.4223457343123652,False
A,0.3,0.7782499627645725,True
A,0.3,0.6177952957172328,False
A,0.3,0.0,False
A,0.3,0.21919727772724762,False
A,0.3,0.26227431059308626,False
A,0.3,0.18284354864170038,False
A,0.3,0.8181680186758383,True
A,0.3,0.0,False
A,0.3,0.06149764967789895,False
A,0.3,0.6808034354373977,True
A,0.3,0.0,False
A,0.3,0.0,False
A,0.3,0.04640777699062726,False
A,0.3,0.48275578436692423,True
A,0.3,0.4749636841408009,False
A,0.3,0.0,False
A,0.3,0.0,False
A,0.3,0.8406942905251803,True
A,0.3,0.0,False
A,0.3,0.14385879103564825,False
A,0.3,0.0,False
A,0.3,0.12468876362688952,False
A,0.3,0.7341371927345111,True
A,0.3,0.0,False
A,0.3,0.34273550430499156,False
A,0.3,0.26703984538101044,False
A,0.3,0.13990022015936865,False
A,0.3,0.0,False
A,0.3,0.009625381575521064,False
A,0.3,0.4063300943895456,False
A,0.3,0.0,False
A,0.3,0.0010733276376317935,False
A,0.3,0.798844779629849,True
A,0.3,0.9341670618885638,True
A,0.3,0.2885221327587131,False
A,0.3,0.7333753962033989,True
A,0.3,0.0,False
A,0.3,0.12552670871164084,False
A,0.3,0.0,False
A,0.3,0.568707450148154,True
A,0.3,0.0,False
A,0.3,0.3106025871958643,False
A,0.3,0.5039450984574853,False
A,0.3,0.917501217405666,True
A,0.3,0.7497438717613842,True
A,0.3,0.7819902019834715,True
A,0.3,0.0,False
A,0.3,0.03918296937620214,False
A,0.3,0.0,False
A,0.3,0.9249268463711718,True
A,0.3,0.6687578816301655,True
A,0.3,0.38728886006364205,False
A,0.3,0.3889640824118227,False
A,0.3,0.0,False
A,0.3,0.22111276183254935,False
A,0.3,0.5331030977159423,True
A,0.3,0.1774566361533232,False
A,0.3,0.010558228107175549,False
A,0.3,0.18988627514478462,False
A,0.3,0.7302999318044129,False
A,0.3,0.0,False
A,0.3,0.5128412314722228,False
A,0.3,0.0,False
A,0.3,0.0,False
A,0.3,0.06482604550897642,False
A,0.3,0.0,False
A,0.3,0.1595350609808156,False
A,0.3,0.0951163724994949,False
A,0.3,0.5728385954959655,False
A,0.3,0.7659464692343527,True
A,0.3,0.0,False
A,0.3,0.9191871274971403,True
A,0.3,0.3946342831650832,False
A,0.3,0.4409359674902974,False
A,0.3,0.7408006025089195,True
A,0.3,0.8668524370342197,True
A,0.3,0.0,False
A,0.3,0.6068890028441002,True
A,0.3,0.9466235228811973,True
A,0.3,0.9083962314484937,True
A,0.3,0.40517796397064965,False
A,0.3,0.03195521876314955,False
A,0.3,0.5017993243645819,True
A,0.3,0.9570376310191379,True
A,0.3,0.0,False
A,0.3,0.0,False
A,0.3,0.8515980488935062,True
A,0.3,0.6272037492235819,False
A,0.3,0.8628739275914711,True
A,0.3,0.0,False
A,0.3,0.4929365647134576,False
A,0.3,0.0,False
A,0.3,0.2306105333450832,False
A,0.3,0.0,False
A,0.3,0.0,False
A,0.3,0.0,False
A,0.3,0.5631787721736792,False
A,0.3,0.5000861310446286,False
A,0.3,0.0446013887281409,False
A,0.3,0.7417095143033269,True
A,0.3,0.6827844455960408,False
A,0.3,0.0,False
A,0.3,0.35871213808038993,False
A,0.3,0.43834994061813615,False
A,0.3,0.28607076460408964,False
A,0.3,0.7184560347336976,True
A,0.3,0.12749928537471833,False
A,0.3,0.0,False
A,0.3,0.25354922932703083,False
A,0.3,0.09174616486224829,False
A,0.3,0.467486712738981,False
A,0.3,0.41490680176674655,False
A,0.3,0.9740079448781233,True
A,0.3,0.0,False
A,0.3,0.47421339833166665,False
A,0.3,0.09586495049174515,False
A,0.3,0.0,False
A,0.3,0.0,False
A,0.3,0.5775758775602139,True
A,0.3,0.0,False
A,0.3,0.044126414279065496,False
A,0.3,0.07344409152001685,False
A,0.3,0.9006735337696747,True
A,0.3,0.2600275615548715,False
A,0.3,0.746650900518364,True
A,0.3,0.0,False
A,0.3,0.6527269358895562,False
A,0.3,0.050410882292375,False
A,0.3,0.4595671707888416,False
A,0.3,0.5159329711787357,True
A,0.3,0.5766903276061206,True
A,0.3,0.6821565205099176,True
A,0.3,0.442881221854983,True
A,0.3,0.9097453300368077,True
A,0.3,0.7065393442208157,False
A,0.3,0.0,False
A,0.3,0.2531425893164918,False
A,0.3,0.0,False
A,0.3,0.7498162572919845,True
A,0.3,0.0,False
A,0.3,0.36727932184155077,False
A,0.3,0.2139461504665755,False
A,0.3,0.5223247097182899,True
A,0.3,0.857948078164705,True
A,0.3,0.21800406061254296,False
A,0.3,0.0,False
A,0.3,0.2277560366229342,False
A,0.3,0.0,False
A,0.3,0.6146121105514513,False
A,0.3,0.7964736636083873,False
A,0.3,0.0,False
A,0.3,0.6315747623261156,True
A,0.3,0.0,False
A,0.3,0.0,False
A,0.3,0.681306309116194,False
A,0.3,0.0,False
A,0.3,0.0,False
A,0.3,0.4432335712798767,True
A,0.3,0.6993256799961293,True
A,0.3,0.46111907300601773,True
A,0.3,0.33070319170339235,False
A,0.3,0.2096938339193748,False
A,0.3,0.0,False
A,0.3,0.7777691500707403,True
A,0.3,0.0,False
A,0.3,0.0,False
A,0.3,0.0,False
A,0.3,0.6738154668869615,True
A,0.3,0.523544250351994,True
A,0.3,0.0,False
A,0.3,0.5883446183697051,True
A,0.3,0.0,False
A,0.3,0.0,False
A,0.3,0.0,False
A,0.3,0.5621277864972969,False
A,0.3,0.0,False
A,0.3,0.37205727485293205,True
A,0.3,0.0,False
A,0.3,0.0,False
A,0.3,0.6458339773339054,True
A,0.3,0.34124940609098053,False
A,0.3,0.7676871573380918,True
A,0.3,0.6179341841823089,True
A,0.3,0.31707259154211487,False
A,0.3,0.3503952609111709,False
A,0.3,0.6377386461058355,True
A,0.3,0.9312310586334631,True
A,0.3,0.0,False
A,0.3,0.9740693660959236,True
A,0.3,0.7662764694198073,True
A,0.3,0.5604493209375129,False
A,0.3,0.2844462255548893,False
A,0.3,0.08312682846712494,False
A,0.3,0.7550051486438079,False
A,0.3,0.0,False
A,0.3,0.8309731317389822,False
A,0.3,0.14802867369852235,False
A,0.3,0.6530835250435231,True
A,0.3,0.9974738426660312,True
A,0.3,0.0,False
A,0.3,0.2270350007595885,False
A,0.3,0.7550298209659912,True
A,0.3,0.9708225007331867,True
A,0.3,0.2900407259555696,False
A,0.3,0.8771804204044148,True
A,0.3,0.6225639362208338,False
A,0.3,0.42968505522835876,False
A,0.3,0.5594625373183378,True
A,0.3,0.05948776999619798,False
A,0.3,0.2585095429604142,False
A,0.3,0.14435453755381233,False
A,0.3,0.6622328668791394,True
A,0.3,0.3413431585949054,False
A,0.3,0.7416365974829284,True
A,0.3,0.0,False
A,0.3,0.0,False
A,0.3,0.5104694121147274,False
A,0.3,0.049851178230480575,False
A,0.3,0.0,False
A,0.3,0.5058461277094469,True
A,0.3,0.09377458550057594,False
A,0.3,0.532100622619079,True
A,0.3,0.0,False
A,0.3,0.27263124898401747,False
A,0.3,0.0,False
A,0.3,0.9634437988224106,True
A,0.3,0.7394569851686627,True
A,0.3,0.8467526728679097,True
A,0.3,0.0,False
A,0.3,0.29918677460192544,False
A,0.3,0.5044834781612697,True
A,0.3,0.2294045670352438,False
A,0.3,0.119604115986233,False
A,0.3,0.28188092749951865,False
A,0.3,0.31315932261368407,False
A,0.3,0.0,False
A,0.3,0.23428960515070807,False
A,0.3,0.0,False
A,0.3,0.5000910221984305,True
A,0.3,0.8769024387561225,True
A,0.3,0.29556893798141204,False
A,0.3,0.3259141172737191,False
A,0.3,0.9856256162381659,True
A,0.3,0.7588567114867564,True
A,0.3,0.0,False
A,0.3,0.30807509273771094,False
A,0.3,0.0,False
A,0.3,0.9303647267424071,True
A,0.3,0.9289336201850861,True
A,0.3,0.39600210672541236,False
A,0.3,0.0,False
A,0.3,0.035415985998081156,False
A,0.3,0.0,False
A,0.3,0.6312635810451294,True
A,0.3,0.0,False
A,0.3,0.4402550476575171,False
A,0.3,0.0,False
A,0.3,0.7315674167328904,True
A,0.3,0.16012140695776966,False
A,0.3,0.9520562420112799,True
A,0.3,0.3130264618394669,False
A,0.3,0.0,False
A,0.3,0.041355647505784465,False
A,0.3,0.0,False
A,0.3,0.0,False
A,0.3,0.18245003680906535,False
A,0.3,0.8376051090171325,True
A,0.3,0.5414486190951452,True
A,0.3,0.547497871737159,True
A,0.3,0.6773290295311751,True
A,0.3,0.745467864443571,True
A,0.3,0.8354669628138728,True
A,0.3,0.3550458489051077,False
A,0.3,0.7195415917407041,True
A,0.3,0.7408054707784141,True
A,0.3,0.9853057806201284,True
A,0.3,0.3505415550180423,False
A,0.3,0.3751802687667892,False
A,0.3,0.6211110483844781,True
A,0.3,0.9396641693006903,True
A,0.3,0.0,False
A,0.3,0.0,False
A,0.3,0.3626612054747995,False
A,0.3,0.1782372454915363,False
A,0.3,0.0,False
A,0.3,0.20862174015676116,False
A,0.3,0.0,False
A,0.3,0.0,False
A,0.3,0.2163191756912226,False
A,0.3,0.9931586228067151,True
A,0.3,0.9986956049981965,True
A,0.3,0.029385206669883646,False
A,0.3,0.0,False
A,0.3,0.0,False
A,0.3,0.7508286985574926,True
A,0.3,0.9722242025346466,True
A,0.3,0.0,False
A,0.3,0.6489187917260366,True
A,0.3,0.7441521565207941,True
A,0.3,0.0,False
A,0.3,0.36941326086551185,False
A,0.3,0.0,False
A,0.3,0.0,False
A,0.3,0.6018818056077537,True
A,0.3,0.12361640841728871,False
A,0.3,0.7763918977634249,True
A,0.3,0.862694426871353,True
A,0.3,0.08777735842257695,False
A,0.3,0.3866043967442757,False
A,0.3,0.1857018365635995,False
A,0.3,0.7243742982113472,True
A,0.3,0.0,False
A,0.3,0.004731172519195304,False
A,0.3,0.6893667692215466,True
A,0.3,0.0,False
A,0.3,0.6654426987005394,False
A,0.3,0.47678850963492647,False
A,0.3,0.47999261333916843,False
A,0.3,0.9863833761618085,True
A,0.3,0.5180923272758632,False
A,0.3,0.22959740011166452,False
A,0.3,0.0,False
A,0.3,0.19934272247697205,False
A,0.3,0.7537148420969634,True
A,0.3,0.33093181573571373,False
A,0.3,0.0,False
A,0.3,0.45884629179943714,False
A,0.3,0.9582133441028555,True
A,0.3,0.48571126237102435,False
A,0.3,0.39523020657110985,False
A,0.3,0.9533801425605842,True
A,0.3,0.0,False
A,0.3,0.8597672338736594,True
A,0.3,0.0,False
A,0.3,0.2324001433829932,False
A,0.3,0.28749929821378495,False
A,0.3,0.9001619615680726,True
A,0.3,0.06093325435044017,False
A,0.3,0.2890337773968219,False
A,0.3,0.0,False
A,0.3,0.9431723413679843,True
A,0.3,0.10341859302158829,False
A,0.3,0.5896531846049217,False
A,0.3,0.30072055110818585,False
A,0.3,0.0,False
A,0.3,0.0,False
A,0.3,0.4299536184519944,False
A,0.3,0.8601621777634588,True
A,0.3,0.5039083936833434,False
A,0.3,0.2931935839295078,False
A,0.3,0.727114334386582,True
A,0.3,0.8031745908051526,True
A,0.3,0.0,False
A,0.3,0.0,False
A,0.3,0.0,False
A,0.3,0.23193504560600608,False
A,0.3,0.30574826735546234,False
A,0.3,0.0,False
A,0.3,0.0,False
A,0.3,0.0,False
A,0.3,0.5206053742726188,False
A,0.3,0.0,False
A,0.3,0.0,False
A,0.3,0.660925192629207,True
A,0.3,0.0,False
A,0.3,0.0,False
A,0.3,0.18215652750014655,False
A,0.3,0.0,False
A,0.3,0.8997506513863033,True
A,0.3,0.140544082079184,False
A,0.3,0.0,False
A,0.3,0.7979280220454027,True
A,0.3,0.5563985777582092,False
A,0.3,0.4047994294986934,False
A,0.3,0.8059318955684144,True
A,0.3,0.02359194910751572,False
A,0.3,0.8165829987317125,True
A,0.3,0.37787397955647173,False
A,0.3,0.0,False
A,0.3,0.8546337197145463,True
A,0.3,0.9556914946567198,True
A,0.3,0.7841922967821687,True
A,0.3,0.33169696842844665,False
A,0.3,0.20465918169526065,False
A,0.3,0.0,False
A,0.3,0.17234165200187979,False
A,0.3,0.297710477684868,False
A,0.3,0.0,False
A,0.3,0.47077181694158343,False
A,0.3,0.12081047303883408,False
A,0.3,0.0,False
A,0.3,0.2949727244007181,False
A,0.3,0.6077150483794787,True
A,0.3,0.5733865634274609,False
A,0.3,0.2315024928995677,False
A,0.3,0.19765888549260469,False
A,0.3,0.29467877379280627,False
A,0.3,0.6624495822510515,True
A,0.3,0.5324140272781213,False
A,0.3,0.28390610241108516,False
A,0.3,0.42672683120906574,True
A,0.3,0.9149063813927585,True
A,0.3,0.0717452865683692,False
A,0.3,0.3504110684712002,False
A,0.3,0.7337979277462428,True
A,0.3,0.15504058027179457,False
A,0.3,0.0,False
A,0.3,0.0,False
A,0.3,0.4954109219271482,False
A,0.3,0.3833765580659897,False
A,0.3,0.37331250701716134,False
A,0.3,0.3913409618506588,False
A,0.3,0.9259067779820048,True
A,0.3,0.02090559836862249,False
A,0.3,0.3284768237951533,False
A,0.3,0.0,False
A,0.3,0.7929453724330436,True
A,0.3,0.018749192793631297,False
A,0.3,0.09280401337810895,False
A,0.3,0.003774978715910704,False
A,0.3,0.0,False
A,0.3,0.885319800370304,True
A,0.3,0.18778731087662937,False
A,0.3,0.0,False
A,0.3,0.9865774316098462,True
A,0.3,0.4710922995941813,True
A,0.3,0.03142594817188504,False
A,0.3,0.0,False
A,0.3,0.0,False
A,0.3,0.6110486697019206,False
A,0.3,0.4212508104984094,False
A,0.3,0.5934074032861317,False
A,0.3,0.2384420367963942,False
A,0.3,0.0,False
A,0.3,0.0,False
A,0.3,0.0,False
A,0.3,0.07466707833597264,False
A,0.3,0.2711765583394976,False
A,0.3,0.32303066375699885,False
A,0.3,0.1954687425786369,False
A,0.3,0.0,False
A,0.3,0.0,False
A,0.3,0.872547351929287,True
A,0.3,0.10997259313065832,False
A,0.3,0.8770774442954973,True
A,0.3,0.0,False
A,0.3,0.3750845839617487,False
A,0.3,0.8951904479098864,True
A,0.3,0.6533687455276637,True
A,0.3,0.2826802589623031,False
A,0.3,0.0,False
A,0.3,0.5782178962477553,True
A,0.3,0.3183156797101826,False
A,0.3,0.0,False
A,0.3,0.0,False
A,0.3,0.6024049463837172,True
A,0.3,0.0,False
A,0.3,0.0,False
A,0.3,0.4455016388121926,False
A,0.3,0.4194766761381655,False
A,0.3,0.1335094844871998,False
A,0.3,0.0,False
A,0.3,0.3168211089322609,False
A,0.3,0.0,False
A,0.3,0.0,False
A,0.3,0.65601860965797,True
A,0.3,0.0,False
A,0.3,0.4731934305579767,False
A,0.3,0.0,False
A,0.3,0.0,False
A,0.3,0.9240070828713349,True
A,0.3,0.21390107263316538,False
A,0.3,0.6240839238335688,True
A,0.3,0.10250986683316765,False
A,0.3,0.0,False
A,0.3,0.4887006124113715,True
A,0.3,0.5505367232529238,False
A,0.3,0.11493887033227601,False
A,0.3,0.7306102940072385,True
A,0.3,0.12839472046366995,False
A,0.3,0.38411607161484873,False
A,0.3,0.19167522462230413,False
A,0.3,0.0,False
A,0.3,0.40386248282878545,False
A,0.3,0.7542961761452902,True
A,0.3,0.7803939329910485,True
A,0.3,0.17778850911702526,False
A,0.3,0.2853441150613515,False
A,0.3,0.17203808418861577,False
A,0.3,0.9748855387199995,True
A,0.3,0.13366286631508362,False
A,0.3,0.3356908353746999,False
A,0.3,0.7810162139834885,True
A,0.3,0.6297628476313114,False
A,0.3,0.3427849046133079,False
A,0.3,0.15205578507458084,False
A,0.3,0.0,False
A,0.3,0.9379077690925428,True
A,0.3,0.0,False
A,0.3,0.0,False
A,0.3,0.0,False
A,0.3,0.41998339298292053,False
A,0.3,0.01963746789074794,False
A,0.3,0.2769695473260956,False
A,0.3,0.0,False
A,0.3,0.08360423846943987,False
A,0.3,0.6139713275546035,True
A,0.3,0.6826603796596109,True
A,0.3,0.0,False
A,0.3,0.4192042386722491,False
A,0.3,0.09529068564956478,False
A,0.3,0.0,False
A,0.3,0.6223280692944975,True
A,0.3,0.8945252503959462,True
A,0.3,0.6116136801324411,True
A,0.3,0.0,False
A,0.3,0.42628188672090717,False
A,0.3,0.17156702095739795,False
A,0.3,0.28905486500840705,False
A,0.3,0.0,False
A,0.3,0.0,False
A,0.3,0.0,False
A,0.3,0.0,False
A,0.3,0.24903676270442066,False
A,0.3,0.0,False
A,0.3,0.0,False
A,0.3,0.5326867803336707,False
A,0.3,0.3279491629488833,True
A,0.3,0.5939001136306608,True
A,0.3,0.0,False
A,0.3,0.0,False
A,0.3,0.9053092957070245,True
A,0.3,0.0,False
A,0.3,0.0,False
A,0.3,0.2686660516258256,False
A,0.3,0.0,False
A,0.3,0.0,False
A,0.3,0.22705736230028772,False
A,0.3,0.9169191236201311,True
A,0.3,0.0,False
A,0.3,0.0,False
A,0.3,0.0,False
A,0.3,0.0,False
A,0.3,0.0,False
A,0.3,0.8169105724821386,True
A,0.3,0.0,False
A,0.3,0.45687736847338034,False
A,0.3,0.7325371074939713,True
A,0.3,0.4829638499430491,True
A,0.3,0.0,False
A,0.3,0.22150342578885607,False
A,0.3,0.36363117776051035,False
A,0.3,0.0930301516344253,False
A,0.3,0.13370128098093592,False
A,0.3,0.0,False
A,0.3,0.7175230776573913,True
A,0.3,0.33530691724926787,False
A,0.3,0.4346202629984718,True
A,0.3,0.0,False
A,0.3,0.7182608385181236,True
A,0.3,0.0,False
A,0.3,0.2670691476672856,False
A,0.3,0.22453434082286927,False
A,0.3,0.8157877251422352,True
A,0.3,0.5719700950559148,False
A,0.3,0.14035457020446762,False
A,0.3,0.0,False
A,0.3,0.056358755361945456,False
A,0.3,0.0,False
A,0.3,0.4515894701829545,True
A,0.3,0.1847588107262791,False
A,0.3,0.0,False
A,0.3,0.03530065723971443,False
A,0.3,0.3018210905049712,False
A,0.3,0.3923132522228061,True
A,0.3,0.7827051950741931,True
A,0.3,0.43043691918031557,False
A,0.3,0.6051742910164166,False
A,0.3,0.04716564592961536,False
A,0.3,0.0,False
A,0.3,0.0,False
A,0.3,0.0,False
A,0.3,0.658858317326422,True
A,0.3,0.28214925998126994,False
A,0.3,0.21188939498815118,False
A,0.3,0.7988826500767313,True
A,0.3,0.0,False
A,0.3,0.06266772945850452,False
A,0.3,0.0,False
A,0.3,0.0,False
A,0.3,0.4285236976428518,False
A,0.3,0.07588785896817107,False
A,0.3,0.15855914033325125,False
A,0.3,0.04127836593277456,False
A,0.3,0.32092139729359115,False
A,0.3,0.3220494822022347,False
A,0.3,0.13189836142909805,False
A,0.3,0.0,False
A,0.3,0.9384485896168142,True
A,0.3,0.4223457343123652,False
A,0.3,0.7782499627645725,True
A,0.3,0.6177952957172328,False
A,0.3,0.0,False
A,0.3,0.21919727772724762,False
A,0.3,0.26227431059308626,False
A,0.3,0.18284354864170038,False
A,0.3,0.8181680186758383,True
A,0.3,0.0,False
A,0.3,0.06149764967789895,False
A,0.3,0.6808034354373977,True
A,0.3,0.0,False
A,0.3,0.0,False
A,0.3,0.04640777699062726,False
A,0.3,0.48275578436692423,True
A,0.3,0.4749636841408009,False
A,0.3,0.0,False
A,0.3,0.0,False
A,0.3,0.8406942905251803,True
A,0.3,0.0,False
A,0.3,0.14385879103564825,False
A,0.3,0.0,False
A,0.3,0.12468876362688952,False
A,0.3,0.7341371927345111,True
A,0.3,0.0,False
A,0.3,0.34273550430499156,False
A,0.3,0.26703984538101044,False
A,0.3,0.13990022015936865,False
A,0.3,0.0,False
A,0.3,0.009625381575521064,False
A,0.3,0.4063300943895456,True
A,0.3,0.0,False
A,0.3,0.0010733276376317935,False
A,0.3,0.798844779629849,True
A,0.3,0.9341670618885638,True
A,0.3,0.2885221327587131,False
A,0.3,0.7333753962033989,True
A,0.3,0.0,False
A,0.3,0.12552670871164084,False
A,0.3,0.0,False
A,0.3,0.568707450148154,True
A,0.3,0.0,False
A,0.3,0.3106025871958643,False
A,0.3,0.5039450984574853,False
A,0.3,0.917501217405666,True
A,0.3,0.7497438717613842,True
A,0.3,0.7819902019834715,True
A,0.3,0.0,False
A,0.3,0.03918296937620214,False
A,0.3,0.0,False
A,0.3,0.9249268463711718,True
A,0.3,0.6687578816301655,True
A,0.3,0.38728886006364205,False
A,0.3,0.3889640824118227,False
A,0.3,0.0,False
A,0.3,0.22111276183254935,False
A,0.3,0.5331030977159423,True
A,0.3,0.1774566361533232,False
A,0.3,0.010558228107175549,False
A,0.3,0.18988627514478462,False
A,0.3,0.7302999318044129,False
A,0.3,0.0,False
A,0.3,0.5128412314722228,False
A,0.3,0.0,False
A,0.3,0.0,False
A,0.3,0.06482604550897642,False
A,0.3,0.0,False
A,0.3,0.1595350609808156,False
A,0.3,0.0951163724994949,False
A,0.3,0.5728385954959655,True
A,0.3,0.7659464692343527,True
A,0.3,0.0,False
A,0.3,0.9191871274971403,True
A,0.3,0.3946342831650832,False
A,0.3,0.4409359674902974,False
A,0.3,0.7408006025089195,True
A,0.3,0.8668524370342197,True
A,0.3,0.0,False
A,0.3,0.6068890028441002,True
A,0.3,0.9466235228811973,True
A,0.3,0.9083962314484937,True
A,0.3,0.40517796397064965,False
A,0.3,0.03195521876314955,False
A,0.3,0.5017993243645819,True
A,0.3,0.9570376310191379,True
A,0.3,0.0,False
A,0.3,0.0,False
A,0.3,0.8515980488935062,True
A,0.3,0.6272037492235819,True
A,0.3,0.8628739275914711,True
A,0.3,0.0,False
A,0.3,0.4929365647134576,True
A,0.3,0.0,False
A,0.3,0.2306105333450832,False
A,0.3,0.0,False
A,0.3,0.0,False
A,0.3,0.0,False
A,0.3,0.5631787721736792,False
A,0.3,0.5000861310446286,False
A,0.3,0.0446013887281409,False
A,0.3,0.7417095143033269,True
A,0.3,0.6827844455960408,False
A,0.3,0.0,False
A,0.3,0.35871213808038993,False
A,0.3,0.43834994061813615,False
A,0.3,0.28607076460408964,False
A,0.3,0.7184560347336976,True
A,0.3,0.12749928537471833,False
A,0.3,0.0,False
A,0.3,0.25354922932703083,False
A,0.3,0.09174616486224829,False
A,0.3,0.467486712738981,False
A,0.3,0.41490680176674655,False
A,0.3,0.9740079448781233,True
A,0.3,0.0,False
A,0.3,0.47421339833166665,False
A,0.3,0.09586495049174515,False
A,0.3,0.0,False
A,0.3,0.0,False
A,0.3,0.5775758775602139,True
A,0.3,0.0,False
A,0.3,0.044126414279065496,False
A,0.3,0.07344409152001685,False
A,0.3,0.9006735337696747,True
A,0.3,0.2600275615548715,False
A,0.3,0.746650900518364,True
A,0.3,0.0,False
A,0.3,0.6527269358895562,True
A,0.3,0.050410882292375,False
A,0.3,0.4595671707888416,False
A,0.3,0.5159329711787357,True
A,0.3,0.5766903276061206,True
A,0.3,0.6821565205099176,True
A,0.3,0.442881221854983,True
A,0.3,0.9097453300368077,True
A,0.3,0.7065393442208157,False
A,0.3,0.0,False
A,0.3,0.2531425893164918,False
A,0.3,0.0,False
A,0.3,0.7498162572919845,True
A,0.3,0.0,False
A,0.3,0.36727932184155077,False
A,0.3,0.2139461504665755,False
A,0.3,0.5223247097182899,True
A,0.3,0.857948078164705,True
A,0.3,0.21800406061254296,False
A,0.3,0.0,False
A,0.3,0.2277560366229342,False
A,0.3,0.0,False
A,0.3,0.6146121105514513,False
A,0.3,0.7964736636083873,True
A,0.3,0.0,False
A,0.3,0.6315747623261156,True
A,0.3,0.0,False
A,0.3,0.0,False
A,0.3,0.681306309116194,False
A,0.3,0.0,False
A,0.3,0.0,False
A,0.3,0.4432335712798767,True
A,0.3,0.6993256799961293,True
A,0.3,0.46111907300601773,False
A,0.3,0.33070319170339235,False
A,0.3,0.2096938339193748,False
A,0.3,0.0,False
A,0.3,0.7777691500707403,True
A,0.3,0.0,False
A,0.3,0.0,False
A,0.3,0.0,False
A,0.3,0.6738154668869615,True
A,0.3,0.523544250351994,True
A,0.3,0.0,False
A,0.3,0.5883446183697051,True
A,0.3,0.0,False
A,0.3,0.0,False
A,0.3,0.0,False
A,0.3,0.5621277864972969,True
A,0.3,0.0,False
A,0.3,0.37205727485293205,True
A,0.3,0.0,False
A,0.3,0.0,False
A,0.3,0.6458339773339054,True
A,0.3,0.34124940609098053,False
A,0.3,0.7676871573380918,True
A,0.3,0.6179341841823089,True
A,0.3,0.31707259154211487,False
A,0.3,0.3503952609111709,False
A,0.3,0.6377386461058355,True
A,0.3,0.9312310586334631,True
A,0.3,0.0,False
A,0.3,0.9740693660959236,True
A,0.3,0.7662764694198073,True
A,0.3,0.5604493209375129,False
A,0.3,0.2844462255548893,False
A,0.3,0.08312682846712494,False
A,0.3,0.7550051486438079,False
A,0.3,0.0,False
A,0.3,0.8309731317389822,True
A,0.3,0.14802867369852235,False
A,0.3,0.6530835250435231,True
A,0.3,0.9974738426660312,True
A,0.3,0.0,False
A,0.3,0.2270350007595885,False
A,0.3,0.7550298209659912,True
A,0.3,0.9708225007331867,True
A,0.3,0.2900407259555696,False
A,0.3,0.8771804204044148,True
A,0.3,0.6225639362208338,False
A,0.3,0.42968505522835876,False
A,0.3,0.5594625373183378,True
A,0.3,0.05948776999619798,False
A,0.3,0.2585095429604142,False
A,0.3,0.14435453755381233,False
A,0.3,0.6622328668791394,True
A,0.3,0.3413431585949054,False
A,0.3,0.7416365974829284,True
A,0.3,0.0,False
A,0.3,0.0,False
A,0.3,0.5104694121147274,False
A,0.3,0.049851178230480575,False
A,0.3,0.0,False
A,0.3,0.5058461277094469,True
A,0.3,0.09377458550057594,False
A,0.3,0.532100622619079,True
A,0.3,0.0,False
A,0.3,0.27263124898401747,False
A,0.3,0.0,False
A,0.3,0.9634437988224106,True
A,0.3,0.7394569851686627,False
A,0.3,0.8467526728679097,True
A,0.3,0.0,False
A,0.3,0.29918677460192544,False
A,0.3,0.5044834781612697,False
A,0.3,0.2294045670352438,False
A,0.3,0.119604115986233,False
A,0.3,0.28188092749951865,False
A,0.3,0.31315932261368407,False
A,0.3,0.0,False
A,0.3,0.23428960515070807,False
A,0.3,0.0,False
A,0.3,0.5000910221984305,True
A,0.3,0.8769024387561225,True
A,0.3,0.29556893798141204,False
A,0.3,0.3259141172737191,False
A,0.3,0.9856256162381659,True
A,0.3,0.7588567114867564,True
A,0.3,0.0,False
A,0.3,0.30807509273771094,False
A,0.3,0.0,False
A,0.3,0.9303647267424071,True
A,0.3,0.9289336201850861,True
A,0.3,0.39600210672541236,False
A,0.3,0.0,False
A,0.3,0.035415985998081156,False
A,0.3,0.0,False
A,0.3,0.6312635810451294,True
A,0.3,0.0,False
A,0.3,0.4402550476575171,False
A,0.3,0.0,False
A,0.3,0.7315674167328904,True
A,0.3,0.16012140695776966,False
A,0.3,0.9520562420112799,True
A,0.3,0.3130264618394669,False
A,0.3,0.0,False
A,0.3,0.041355647505784465,False
A,0.3,0.0,False
A,0.3,0.0,False
A,0.3,0.18245003680906535,False
A,0.3,0.8376051090171325,True
A,0.3,0.5414486190951452,True
A,0.3,0.547497871737159,True
A,0.3,0.6773290295311751,True
A,0.3,0.745467864443571,True
A,0.3,0.8354669628138728,True
A,0.3,0.3550458489051077,False
A,0.3,0.7195415917407041,True
A,0.3,0.7408054707784141,True
A,0.3,0.9853057806201284,True
A,0.3,0.3505415550180423,False
A,0.3,0.3751802687667892,False
A,0.3,0.6211110483844781,True
A,0.3,0.9396641693006903,True
A,0.3,0.0,False
A,0.3,0.0,False
A,0.3,0.3626612054747995,False
A,0.3,0.1782372454915363,False
A,0.3,0.0,False
A,0.3,0.20862174015676116,False
A,0.3,0.0,False
A,0.3,0.0,False
A,0.3,0.2163191756912226,False
A,0.3,0.9931586228067151,True
A,0.3,0.9986956049981965,True
A,0.3,0.029385206669883646,False
A,0.3,0.0,False
A,0.3,0.0,False
A,0.3,0.7508286985574926,True
A,0.3,0.9722242025346466,True
A,0.3,0.0,False
A,0.3,0.6489187917260366,True
A,0.3,0.7441521565207941,True
A,0.3,0.0,False
A,0.3,0.36941326086551185,False
A,0.3,0.0,False
A,0.3,0.0,False
A,0.3,0.6018818056077537,True
A,0.3,0.12361640841728871,False
A,0.3,0.7763918977634249,True
A,0.3,0.862694426871353,True
A,0.3,0.08777735842257695,False
A,0.3,0.3866043967442757,False
A,0.3,0.1857018365635995,False
A,0.3,0.7243742982113472,True
A,0.3,0.0,False
A,0.3,0.004731172519195304,False
A,0.3,0.6893667692215466,True
A,0.3,0.0,False
A,0.3,0.6654426987005394,True
A,0.3,0.47678850963492647,True
A,0.3,0.47999261333916843,False
A,0.3,0.9863833761618085,True
A,0.3,0.5180923272758632,False
A,0.3,0.22959740011166452,False
A,0.3,0.0,False
A,0.3,0.19934272247697205,False
A,0.3,0.7537148420969634,True
A,0.3,0.33093181573571373,False
A,0.3,0.0,False
A,0.3,0.45884629179943714,False
A,0.3,0.9582133441028555,True
A,0.3,0.48571126237102435,False
A,0.3,0.39523020657110985,False
A,0.3,0.9533801425605842,True
A,0.3,0.0,False
A,0.3,0.8597672338736594,True
A,0.3,0.0,False
A,0.3,0.2324001433829932,False
A,0.3,0.28749929821378495,False
A,0.3,0.9001619615680726,True
A,0.3,0.06093325435044017,False
A,0.3,0.2890337773968219,False
A,0.3,0.0,False
A,0.3,0.9431723413679843,True
A,0.3,0.10341859302158829,False
A,0.3,0.5896531846049217,False
A,0.3,0.30072055110818585,False
A,0.3,0.0,False
A,0.3,0.0,False
A,0.3,0.4299536184519944,False
A,0.3,0.8601621777634588,True
A,0.3,0.5039083936833434,False
A,0.3,0.2931935839295078,False
A,0.3,0.727114334386582,True
A,0.3,0.8031745908051526,True
A,0.3,0.0,False
A,0.3,0.0,False
A,0.3,0.0,False
A,0.3,0.23193504560600608,False
A,0.3,0.30574826735546234,False
A,0.3,0.0,False
A,0.3,0.0,False
A,0.3,0.0,False
A,0.3,0.5206053742726188,True
A,0.3,0.0,False
A,0.3,0.0,False
A,0.3,0.660925192629207,True
A,0.3,0.0,False
A,0.3,0.0,False
A,0.3,0.18215652750014655,False
A,0.3,0.0,False
A,0.3,0.8997506513863033,True
A,0.3,0.140544082079184,False
A,0.3,0.0,False
A,0.3,0.7979280220454027,True
A,0.3,0.5563985777582092,False
A,0.3,0.4047994294986934,False
A,0.3,0.8059318955684144,True
A,0.3,0.02359194910751572,False
A,0.3,0.8165829987317125,True
A,0.3,0.37787397955647173,False
A,0.3,0.0,False
A,0.3,0.8546337197145463,True
A,0.3,0.9556914946567198,True
A,0.3,0.7841922967821687,True
A,0.3,0.33169696842844665,False
A,0.3,0.20465918169526065,False
A,0.3,0.0,False
A,0.3,0.17234165200187979,False
A,0.3,0.297710477684868,False
A,0.3,0.0,False
A,0.3,0.47077181694158343,False
A,0.3,0.12081047303883408,False
A,0.3,0.0,False
A,0.3,0.2949727244007181,False
A,0.3,0.6077150483794787,True
A,0.3,0.5733865634274609,True
A,0.3,0.2315024928995677,False
A,0.3,0.19765888549260469,False
A,0.3,0.29467877379280627,False
A,0.3,0.6624495822510515,True
A,0.3,0.5324140272781213,False
A,0.3,0.28390610241108516,False
A,0.3,0.42672683120906574,True
A,0.3,0.9149063813927585,True
A,0.3,0.0717452865683692,False
A,0.3,0.3504110684712002,False
A,0.3,0.7337979277462428,True
A,0.3,0.15504058027179457,False
A,0.3,0.0,False
A,0.3,0.0,False
A,0.3,0.4954109219271482,False
A,0.3,0.3833765580659897,False
A,0.3,0.37331250701716134,False
A,0.3,0.3913409618506588,False
A,0.3,0.9259067779820048,True
A,0.3,0.02090559836862249,False
A,0.3,0.3284768237951533,False
A,0.3,0.0,False
A,0.3,0.7929453724330436,True
A,0.3,0.018749192793631297,False
A,0.3,0.09280401337810895,False
A,0.3,0.003774978715910704,False
A,0.3,0.0,False
A,0.3,0.885319800370304,True
A,0.3,0.18778731087662937,False
A,0.3,0.0,False
A,0.3,0.9865774316098462,True
A,0.3,0.4710922995941813,False
A,0.3,0.03142594817188504,False
A,0.3,0.0,False
A,0.3,0.0,False
A,0.3,0.6110486697019206,False
A,0.3,0.4212508104984094,False
A,0.3,0.5934074032861317,False
A,0.3,0.2384420367963942,False
A,0.3,0.0,False
A,0.3,0.0,False
A,0.3,0.0,False
A,0.3,0.07466707833597264,False
A,0.3,0.2711765583394976,False
A,0.3,0.32303066375699885,False
A,0.3,0.1954687425786369,False
A,0.3,0.0,False
A,0.3,0.0,False
A,0.3,0.872547351929287,True
A,0.3,0.10997259313065832,False
A,0.3,0.8770774442954973,True
A,0.3,0.0,False
A,0.3,0.3750845839617487,False
A,0.3,0.8951904479098864,True
A,0.3,0.6533687455276637,True
A,0.3,0.2826802589623031,False
A,0.3,0.0,False
A,0.3,0.5782178962477553,True
A,0.3,0.3183156797101826,False
A,0.3,0.0,False
A,0.3,0.0,False
A,0.3,0.6024049463837172,False
A,0.3,0.0,False
A,0.3,0.0,False
A,0.3,0.4455016388121926,False
A,0.3,0.4194766761381655,False
A,0.3,0.1335094844871998,False
A,0.3,0.0,False
A,0.3,0.3168211089322609,False
A,0.3,0.0,False
A,0.3,0.0,False
A,0.3,0.65601860965797,True
A,0.3,0.0,False
A,0.3,0.4731934305579767,False
A,0.3,0.0,False
A,0.3,0.0,False
A,0.3,0.9240070828713349,True
A,0.3,0.21390107263316538,False
A,0.3,0.6240839238335688,True
A,0.3,0.10250986683316765,False
A,0.3,0.0,False
A,0.3,0.4887006124113715,True
A,0.3,0.5505367232529238,False
A,0.3,0.11493887033227601,False
A,0.3,0.7306102940072385,True
A,0.3,0.12839472046366995,False
A,0.3,0.38411607161484873,False
A,0.3,0.19167522462230413,False
A,0.3,0.0,False
A,0.3,0.40386248282878545,False
A,0.3,0.7542961761452902,True
A,0.3,0.7803939329910485,True
A,0.3,0.17778850911702526,False
A,0.3,0.2853441150613515,False
A,0.3,0.17203808418861577,False
A,0.3,0.9748855387199995,True
A,0.3,0.13366286631508362,False
A,0.3,0.3356908353746999,False
A,0.3,0.7810162139834885,True
A,0.3,0.6297628476313114,False
A,0.3,0.3427849046133079,False
A,0.3,0.15205578507458084,False
A,0.3,0.0,False
A,0.3,0.9379077690925428,True
A,0.3,0.0,False
A,0.3,0.0,False
A,0.3,0.0,False
A,0.3,0.41998339298292053,False
A,0.3,0.01963746789074794,False
A,0.3,0.2769695473260956,False
A,0.3,0.0,False
A,0.3,0.08360423846943987,False
A,0.3,0.6139713275546035,True
A,0.3,0.6826603796596109,True
A,0.3,0.0,False
A,0.3,0.4192042386722491,False
A,0.3,0.09529068564956478,False
A,0.3,0.0,False
A,0.3,0.6223280692944975,True
A,0.3,0.8945252503959462,True
A,0.3,0.6116136801324411,True
A,0.3,0.0,False
A,0.3,0.42628188672090717,False
A,0.3,0.17156702095739795,False
A,0.3,0.28905486500840705,False
A,0.3,0.0,False
A,0.3,0.0,False
A,0.3,0.0,False
A,0.3,0.0,False
A,0.3,0.24903676270442066,False
A,0.3,0.0,False
A,0.3,0.0,False
A,0.3,0.5326867803336707,False
A,0.3,0.3279491629488833,True
A,0.3,0.5939001136306608,True
A,0.3,0.0,False
A,0.3,0.0,False
A,0.3,0.9053092957070245,True
A,0.3,0.0,False
A,0.3,0.0,False
A,0.3,0.2686660516258256,False
A,0.3,0.0,False
A,0.3,0.0,False
A,0.3,0.22705736230028772,False
A,0.3,0.9169191236201311,True
A,0.3,0.0,False
A,0.3,0.0,False
A,0.3,0.0,False
A,0.3,0.0,False
A,0.3,0.0,False
A,0.3,0.8169105724821386,True
A,0.3,0.0,False
A,0.3,0.45687736847338034,False
A,0.3,0.7325371074939713,True
A,0.3,0.4829638499430491,True
A,0.3,0.0,False
A,0.3,0.22150342578885607,False
A,0.3,0.36363117776051035,False
A,0.3,0.0930301516344253,False
A,0.3,0.13370128098093592,False
A,0.3,0.0,False
A,0.3,0.7175230776573913,True
A,0.3,0.33530691724926787,False
A,0.3,0.4346202629984718,True
A,0.3,0.0,False
A,0.3,0.7182608385181236,True
A,0.3,0.0,False
A,0.3,0.2670691476672856,False
A,0.3,0.22453434082286927,False
A,0.3,0.8157877251422352,True
A,0.3,0.5719700950559148,False
A,0.3,0.14035457020446762,False
A,0.3,0.0,False
A,0.3,0.056358755361945456,False
A,0.3,0.0,False
A,0.3,0.4515894701829545,True
A,0.3,0.1847588107262791,False
A,0.3,0.0,False
A,0.3,0.03530065723971443,False
A,0.3,0.3018210905049712,False
A,0.3,0.3923132522228061,True
A,0.3,0.7827051950741931,True
A,0.3,0.43043691918031557,False
A,0.3,0.6051742910164166,False
A,0.3,0.04716564592961536,False
A,0.3,0.0,False
A,0.3,0.0,False
A,0.3,0.0,False
A,0.3,0.658858317326422,True
A,0.3,0.28214925998126994,False
A,0.3,0.21188939498815118,False
A,0.3,0.7988826500767313,True
A,0.3,0.0,False
A,0.3,0.06266772945850452,False
A,0.3,0.0,False
A,0.3,0.0,False
A,0.3,0.4285236976428518,False
A,0.3,0.07588785896817107,False
A,0.3,0.15855914033325125,False
A,0.3,0.04127836593277456,False
A,0.3,0.32092139729359115,False
A,0.3,0.3220494822022347,False
A,0.3,0.13189836142909805,False
A,0.3,0.0,False
A,0.3,0.9384485896168142,True
A,0.3,0.4223457343123652,False
A,0.3,0.7782499627645725,True
A,0.3,0.6177952957172328,False
A,0.3,0.0,False
A,0.3,0.21919727772724762,False
A,0.3,0.26227431059308626,False
A,0.3,0.18284354864170038,False
A,0.3,0.8181680186758383,True
A,0.3,0.0,False
A,0.3,0.06149764967789895,False
A,0.3,0.6808034354373977,True
A,0.3,0.0,False
A,0.3,0.0,False
A,0.3,0.04640777699062726,False
A,0.3,0.48275578436692423,True
A,0.3,0.4749636841408009,False
A,0.3,0.0,False
A,0.3,0.0,False
A,0.3,0.8406942905251803,True
A,0.3,0.0,False
A,0.3,0.14385879103564825,False
A,0.3,0.0,False
A,0.3,0.12468876362688952,False
A,0.3,0.7341371927345111,True
A,0.3,0.0,False
A,0.3,0.34273550430499156,False
A,0.3,0.26703984538101044,False
A,0.3,0.13990022015936865,False
A,0.3,0.0,False
A,0.3,0.009625381575521064,False
A,0.3,0.4063300943895456,True
A,0.3,0.0,False
A,0.3,0.0010733276376317935,False
A,0.3,0.798844779629849,True
A,0.3,0.9341670618885638,True
A,0.3,0.2885221327587131,False
A,0.3,0.7333753962033989,True
A,0.3,0.0,False
A,0.3,0.12552670871164084,False
A,0.3,0.0,False
A,0.3,0.568707450148154,True
A,0.3,0.0,False
A,0.3,0.3106025871958643,False
A,0.3,0.5039450984574853,False
A,0.3,0.917501217405666,True
A,0.3,0.7497438717613842,True
A,0.3,0.7819902019834715,True
A,0.3,0.0,False
A,0.3,0.03918296937620214,False
A,0.3,0.0,False
A,0.3,0.9249268463711718,True
A,0.3,0.6687578816301655,True
A,0.3,0.38728886006364205,False
A,0.3,0.3889640824118227,False
A,0.3,0.0,False
A,0.3,0.22111276183254935,False
A,0.3,0.5331030977159423,True
A,0.3,0.1774566361533232,False
A,0.3,0.010558228107175549,False
A,0.3,0.18988627514478462,False
A,0.3,0.7302999318044129,False
A,0.3,0.0,False
A,0.3,0.5128412314722228,False
A,0.3,0.0,False
A,0.3,0.0,False
A,0.3,0.06482604550897642,False
A,0.3,0.0,False
A,0.3,0.1595350609808156,False
A,0.3,0.0951163724994949,False
A,0.3,0.5728385954959655,True
A,0.3,0.7659464692343527,True
A,0.3,0.0,False
A,0.3,0.9191871274971403,True
A,0.3,0.3946342831650832,False
A,0.3,0.4409359674902974,False
A,0.3,0.7408006025089195,True
A,0.3,0.8668524370342197,True
A,0.3,0.0,False
A,0.3,0.6068890028441002,True
A,0.3,0.9466235228811973,True
A,0.3,0.9083962314484937,True
A,0.3,0.40517796397064965,False
A,0.3,0.03195521876314955,False
A,0.3,0.5017993243645819,True
A,0.3,0.9570376310191379,True
A,0.3,0.0,False
A,0.3,0.0,False
A,0.3,0.8515980488935062,True
A,0.3,0.6272037492235819,True
A,0.3,0.8628739275914711,True
A,0.3,0.0,False
A,0.3,0.4929365647134576,True
A,0.3,0.0,False
A,0.3,0.2306105333450832,False
A,0.3,0.0,False
A,0.3,0.0,False
A,0.3,0.0,False
A,0.3,0.5631787721736792,True
A,0.3,0.5000861310446286,False
A,0.3,0.0446013887281409,False
A,0.3,0.7417095143033269,True
A,0.3,0.6827844455960408,False
A,0.3,0.0,False
A,0.3,0.35871213808038993,False
A,0.3,0.43834994061813615,False
A,0.3,0.28607076460408964,False
A,0.3,0.7184560347336976,True
A,0.3,0.12749928537471833,False
A,0.3,0.0,False
A,0.3,0.25354922932703083,False
A,0.3,0.09174616486224829,False
A,0.3,0.467486712738981,True
A,0.3,0.41490680176674655,True
A,0.3,0.9740079448781233,True
A,0.3,0.0,False
A,0.3,0.47421339833166665,False
A,0.3,0.09586495049174515,False
A,0.3,0.0,False
A,0.3,0.0,False
A,0.3,0.5775758775602139,True
A,0.3,0.0,False
A,0.3,0.044126414279065496,False
A,0.3,0.07344409152001685,False
A,0.3,0.9006735337696747,True
A,0.3,0.2600275615548715,False
A,0.3,0.746650900518364,True
A,0.3,0.0,False
A,0.3,0.6527269358895562,False
A,0.3,0.050410882292375,False
A,0.3,0.4595671707888416,False
A,0.3,0.5159329711787357,True
A,0.3,0.5766903276061206,True
A,0.3,0.6821565205099176,True
A,0.3,0.442881221854983,True
A,0.3,0.9097453300368077,True
A,0.3,0.7065393442208157,False
A,0.3,0.0,False
A,0.3,0.2531425893164918,False
A,0.3,0.0,False
A,0.3,0.7498162572919845,False
A,0.3,0.0,False
A,0.3,0.36727932184155077,False
A,0.3,0.2139461504665755,False
A,0.3,0.5223247097182899,True
A,0.3,0.857948078164705,True
A,0.3,0.21800406061254296,False
A,0.3,0.0,False
A,0.3,0.2277560366229342,False
A,0.3,0.0,False
A,0.3,0.6146121105514513,False
A,0.3,0.7964736636083873,True
A,0.3,0.0,False
A,0.3,0.6315747623261156,True
A,0.3,0.0,False
A,0.3,0.0,False
A,0.3,0.681306309116194,True
A,0.3,0.0,False
A,0.3,0.0,False
A,0.3,0.4432335712798767,True
A,0.3,0.6993256799961293,False
A,0.3,0.46111907300601773,False
A,0.3,0.33070319170339235,False
A,0.3,0.2096938339193748,False
A,0.3,0.0,False
A,0.3,0.7777691500707403,True
A,0.3,0.0,False
A,0.3,0.0,False
A,0.3,0.0,False
A,0.3,0.6738154668869615,True
A,0.3,0.523544250351994,True
A,0.3,0.0,False
A,0.3,0.5883446183697051,True
A,0.3,0.0,False
A,0.3,0.0,False
A,0.3,0.0,False
A,0.3,0.5621277864972969,True
A,0.3,0.0,False
A,0.3,0.37205727485293205,False
A,0.3,0.0,False
A,0.3,0.0,False
A,0.3,0.6458339773339054,True
A,0.3,0.34124940609098053,False
A,0.3,0.7676871573380918,True
A,0.3,0.6179341841823089,True
A,0.3,0.31707259154211487,False
A,0.3,0.3503952609111709,False
A,0.3,0.6377386461058355,True
A,0.3,0.9312310586334631,True
A,0.3,0.0,False
A,0.3,0.9740693660959236,True
A,0.3,0.7662764694198073,True
A,0.3,0.5604493209375129,False
A,0.3,0.2844462255548893,False
A,0.3,0.08312682846712494,False
A,0.3,0.7550051486438079,True
A,0.3,0.0,False
A,0.3,0.8309731317389822,True
A,0.3,0.14802867369852235,False
A,0.3,0.6530835250435231,True
A,0.3,0.9974738426660312,True
A,0.3,0.0,False
A,0.3,0.2270350007595885,False
A,0.3,0.7550298209659912,True
A,0.3,0.9708225007331867,True
A,0.3,0.2900407259555696,False
A,0.3,0.8771804204044148,True
A,0.3,0.6225639362208338,False
A,0.3,0.42968505522835876,False
A,0.3,0.5594625373183378,True
A,0.3,0.05948776999619798,False
A,0.3,0.2585095429604142,False
A,0.3,0.14435453755381233,False
A,0.3,0.6622328668791394,True
A,0.3,0.3413431585949054,False
A,0.3,0.7416365974829284,True
A,0.3,0.0,False
A,0.3,0.0,False
A,0.3,0.5104694121147274,True
A,0.3,0.049851178230480575,False
A,0.3,0.0,False
A,0.3,0.5058461277094469,True
A,0.3,0.09377458550057594,False
A,0.3,0.532100622619079,True
A,0.3,0.0,False
A,0.3,0.27263124898401747,False
A,0.3,0.0,False
A,0.3,0.9634437988224106,True
A,0.3,0.7394569851686627,False
A,0.3,0.8467526728679097,True
A,0.3,0.0,False
A,0.3,0.29918677460192544,False
A,0.3,0.5044834781612697,True
A,0.3,0.2294045670352438,False
A,0.3,0.119604115986233,False
A,0.3,0.28188092749951865,False
A,0.3,0.31315932261368407,False
A,0.3,0.0,False
A,0.3,0.23428960515070807,False
A,0.3,0.0,False
A,0.3,0.5000910221984305,True
A,0.3,0.8769024387561225,True
A,0.3,0.29556893798141204,False
A,0.3,0.3259141172737191,False
A,0.3,0.9856256162381659,True
A,0.3,0.7588567114867564,True
A,0.3,0.0,False
A,0.3,0.30807509273771094,False
A,0.3,0.0,False
A,0.3,0.9303647267424071,True
A,0.3,0.9289336201850861,True
A,0.3,0.39600210672541236,False
A,0.3,0.0,False
A,0.3,0.035415985998081156,False
A,0.3,0.0,False
A,0.3,0.6312635810451294,True
A,0.3,0.0,False
A,0.3,0.4402550476575171,False
A,0.3,0.0,False
A,0.3,0.7315674167328904,True
A,0.3,0.16012140695776966,False
A,0.3,0.9520562420112799,True
A,0.3,0.3130264618394669,False
A,0.3,0.0,False
A,0.3,0.041355647505784465,False
A,0.3,0.0,False
A,0.3,0.0,False
A,0.3,0.18245003680906535,False
A,0.3,0.8376051090171325,True
A,0.3,0.5414486190951452,True
A,0.3,0.547497871737159,True
A,0.3,0.6773290295311751,True
A,0.3,0.745467864443571,True
A,0.3,0.8354669628138728,True
A,0.3,0.3550458489051077,False
A,0.3,0.7195415917407041,True
A,0.3,0.7408054707784141,True
A,0.3,0.9853057806201284,True
A,0.3,0.3505415550180423,False
A,0.3,0.3751802687667892,False
A,0.3,0.6211110483844781,True
A,0.3,0.9396641693006903,True
A,0.3,0.0,False
A,0.3,0.0,False
A,0.3,0.3626612054747995,False
A,0.3,0.1782372454915363,False
A,0.3,0.0,False
A,0.3,0.20862174015676116,False
A,0.3,0.0,False
A,0.3,0.0,False
A,0.3,0.2163191756912226,False
A,0.3,0.9931586228067151,True
A,0.3,0.9986956049981965,True
A,0.3,0.029385206669883646,False
A,0.3,0.0,False
A,0.3,0.0,False
A,0.3,0.7508286985574926,True
A,0.3,0.9722242025346466,True
A,0.3,0.0,False
A,0.3,0.6489187917260366,True
A,0.3,0.7441521565207941,True
A,0.3,0.0,False
A,0.3,0.36941326086551185,False
A,0.3,0.0,False
A,0.3,0.0,False
A,0.3,0.6018818056077537,True
A,0.3,0.12361640841728871,False
A,0.3,0.7763918977634249,True
A,0.3,0.862694426871353,True
A,0.3,0.08777735842257695,False
A,0.3,0.3866043967442757,True
A,0.3,0.1857018365635995,False
A,0.3,0.7243742982113472,True
A,0.3,0.0,False
A,0.3,0.004731172519195304,False
A,0.3,0.6893667692215466,True
A,0.3,0.0,False
A,0.3,0.6654426987005394,True
A,0.3,0.47678850963492647,False
A,0.3,0.47999261333916843,False
A,0.3,0.9863833761618085,True
A,0.3,0.5180923272758632,False
A,0.3,0.22959740011166452,False
A,0.3,0.0,False
A,0.3,0.19934272247697205,False
A,0.3,0.7537148420969634,True
A,0.3,0.33093181573571373,False
A,0.3,0.0,False
A,0.3,0.45884629179943714,False
A,0.3,0.9582133441028555,True
A,0.3,0.48571126237102435,False
A,0.3,0.39523020657110985,False
A,0.3,0.9533801425605842,True
A,0.3,0.0,False
A,0.3,0.8597672338736594,True
A,0.3,0.0,False
A,0.3,0.2324001433829932,False
A,0.3,0.28749929821378495,False
A,0.3,0.9001619615680726,True
A,0.3,0.06093325435044017,False
A,0.3,0.2890337773968219,False
A,0.3,0.0,False
A,0.3,0.9431723413679843,True
A,0.3,0.10341859302158829,False
A,0.3,0.5896531846049217,False
A,0.3,0.30072055110818585,False
A,0.3,0.0,False
A,0.3,0.0,False
A,0.3,0.4299536184519944,False
A,0.3,0.8601621777634588,True
A,0.3,0.5039083936833434,False
A,0.3,0.2931935839295078,False
A,0.3,0.727114334386582,True
A,0.3,0.8031745908051526,True
A,0.3,0.0,False
A,0.3,0.0,False
A,0.3,0.0,False
A,0.3,0.23193504560600608,False
A,0.3,0.30574826735546234,False
A,0.3,0.0,False
A,0.3,0.0,False
A,0.3,0.0,False
A,0.3,0.5206053742726188,True
A,0.3,0.0,False
A,0.3,0.0,False
A,0.3,0.660925192629207,True
A,0.3,0.0,False
A,0.3,0.0,False
A,0.3,0.18215652750014655,False
A,0.3,0.0,False
A,0.3,0.8997506513863033,True
A,0.3,0.140544082079184,False
A,0.3,0.0,False
A,0.3,0.7979280220454027,True
A,0.3,0.5563985777582092,False
A,0.3,0.4047994294986934,False
A,0.3,0.8059318955684144,True
A,0.3,0.02359194910751572,False
A,0.3,0.8165829987317125,True
A,0.3,0.37787397955647173,False
A,0.3,0.0,False
A,0.3,0.8546337197145463,True
A,0.3,0.9556914946567198,True
A,0.3,0.7841922967821687,True
A,0.3,0.33169696842844665,False
A,0.3,0.20465918169526065,False
A,0.3,0.0,False
A,0.3,0.17234165200187979,False
A,0.3,0.297710477684868,False
A,0.3,0.0,False
A,0.3,0.47077181694158343,False
A,0.3,0.12081047303883408,False
A,0.3,0.0,False
A,0.3,0.2949727244007181,False
A,0.3,0.6077150483794787,True
A,0.3,0.5733865634274609,True
A,0.3,0.2315024928995677,False
A,0.3,0.19765888549260469,False
A,0.3,0.29467877379280627,False
A,0.3,0.6624495822510515,True
A,0.3,0.5324140272781213,False
A,0.3,0.28390610241108516,False
A,0.3,0.42672683120906574,True
A,0.3,0.9149063813927585,True
A,0.3,0.0717452865683692,False
A,0.3,0.3504110684712002,False
A,0.3,0.7337979277462428,True
A,0.3,0.15504058027179457,False
A,0.3,0.0,False
A,0.3,0.0,False
A,0.3,0.4954109219271482,False
A,0.3,0.3833765580659897,False
A,0.3,0.37331250701716134,False
A,0.3,0.3913409618506588,False
A,0.3,0.9259067779820048,True
A,0.3,0.02090559836862249,False
A,0.3,0.3284768237951533,False
A,0.3,0.0,False
A,0.3,0.7929453724330436,True
A,0.3,0.018749192793631297,False
A,0.3,0.09280401337810895,False
A,0.3,0.003774978715910704,False
A,0.3,0.0,False
A,0.3,0.885319800370304,True
A,0.3,0.18778731087662937,False
A,0.3,0.0,False
A,0.3,0.9865774316098462,True
A,0.3,0.4710922995941813,False
A,0.3,0.03142594817188504,False
A,0.3,0.0,False
A,0.3,0.0,False
A,0.3,0.6110486697019206,False
A,0.3,0.4212508104984094,False
A,0.3,0.5934074032861317,False
A,0.3,0.2384420367963942,False
A,0.3,0.0,False
A,0.3,0.0,False
A,0.3,0.0,False
A,0.3,0.07466707833597264,False
A,0.3,0.2711765583394976,False
A,0.3,0.32303066375699885,False
A,0.3,0.1954687425786369,False
A,0.3,0.0,False
A,0.3,0.0,False
A,0.3,0.872547351929287,True
A,0.3,0.10997259313065832,False
A,0.3,0.8770774442954973,True
A,0.3,0.0,False
A,0.3,0.3750845839617487,False
A,0.3,0.8951904479098864,True
A,0.3,0.6533687455276637,True
A,0.3,0.2826802589623031,False
A,0.3,0.0,False
A,0.3,0.5782178962477553,True
A,0.3,0.3183156797101826,False
A,0.3,0.0,False
A,0.3,0.0,False
A,0.3,0.6024049463837172,False
A,0.3,0.0,False
A,0.3,0.0,False
A,0.3,0.4455016388121926,True
A,0.3,0.4194766761381655,True
A,0.3,0.1335094844871998,False
A,0.3,0.0,False
A,0.3,0.3168211089322609,False
A,0.3,0.0,False
A,0.3,0.0,False
A,0.3,0.65601860965797,True
A,0.3,0.0,False
A,0.3,0.4731934305579767,True
A,0.3,0.0,False
A,0.3,0.0,False
A,0.3,0.9240070828713349,True
A,0.3,0.21390107263316538,False
A,0.3,0.6240839238335688,True
A,0.3,0.10250986683316765,False
A,0.3,0.0,False
A,0.3,0.4887006124113715,True
A,0.3,0.5505367232529238,True
A,0.5,0.11493887033227601,False
A,0.5,0.7306102940072385,False
A,0.5,0.12839472046366995,False
A,0.5,0.38411607161484873,False
A,0.5,0.19167522462230413,False
A,0.5,0.0,False
A,0.5,0.40386248282878545,False
A,0.5,0.7542961761452902,False
A,0.5,0.7803939329910485,True
A,0.5,0.17778850911702526,False
A,0.5,0.2853441150613515,False
A,0.5,0.17203808418861577,False
A,0.5,0.9748855387199995,True
A,0.5,0.13366286631508362,False
A,0.5,0.3356908353746999,False
A,0.5,0.7810162139834885,False
A,0.5,0.6297628476313114,False
A,0.5,0.3427849046133079,False
A,0.5,0.15205578507458084,False
A,0.5,0.0,False
A,0.5,0.9379077690925428,True
A,0.5,0.0,False
A,0.5,0.0,False
A,0.5,0.0,False
A,0.5,0.41998339298292053,False
A,0.5,0.01963746789074794,False
A,0.5,0.2769695473260956,False
A,0.5,0.0,False
A,0.5,0.08360423846943987,False
A,0.5,0.6139713275546035,True
A,0.5,0.6826603796596109,True
A,0.5,0.0,False
A,0.5,0.4192042386722491,False
A,0.5,0.09529068564956478,False
A,0.5,0.0,False
A,0.5,0.6223280692944975,False
A,0.5,0.8945252503959462,True
A,0.5,0.6116136801324411,False
A,0.5,0.0,False
A,0.5,0.42628188672090717,False
A,0.5,0.17156702095739795,False
A,0.5,0.28905486500840705,False
A,0.5,0.0,False
A,0.5,0.0,False
A,0.5,0.0,False
A,0.5,0.0,False
A,0.5,0.24903676270442066,False
A,0.5,0.0,False
A,0.5,0.0,False
A,0.5,0.5326867803336707,False
A,0.5,0.3279491629488833,False
A,0.5,0.5939001136306608,False
A,0.5,0.0,False
A,0.5,0.0,False
A,0.5,0.9053092957070245,True
A,0.5,0.0,False
A,0.5,0.0,False
A,0.5,0.2686660516258256,False
A,0.5,0.0,False
A,0.5,0.0,False
A,0.5,0.22705736230028772,False
A,0.5,0.9169191236201311,True
A,0.5,0.0,False
A,0.5,0.0,False
A,0.5,0.0,False
A,0.5,0.0,False
A,0.5,0.0,False
A,0.5,0.8169105724821386,True
A,0.5,0.0,False
A,0.5,0.45687736847338034,False
A,0.5,0.7325371074939713,False
A,0.5,0.4829638499430491,False
A,0.5,0.0,False
A,0.5,0.22150342578885607,False
A,0.5,0.36363117776051035,False
A,0.5,0.0930301516344253,False
A,0.5,0.13370128098093592,False
A,0.5,0.0,False
A,0.5,0.7175230776573913,True
A,0.5,0.33530691724926787,False
A,0.5,0.4346202629984718,False
A,0.5,0.0,False
A,0.5,0.7182608385181236,False
A,0.5,0.0,False
A,0.5,0.2670691476672856,False
A,0.5,0.22453434082286927,False
A,0.5,0.8157877251422352,False
A,0.5,0.5719700950559148,False
A,0.5,0.14035457020446762,False
A,0.5,0.0,False
A,0.5,0.056358755361945456,False
A,0.5,0.0,False
A,0.5,0.4515894701829545,True
A,0.5,0.1847588107262791,False
A,0.5,0.0,False
A,0.5,0.03530065723971443,False
A,0.5,0.3018210905049712,False
A,0.5,0.3923132522228061,False
A,0.5,0.7827051950741931,True
A,0.5,0.43043691918031557,False
A,0.5,0.6051742910164166,False
A,0.5,0.04716564592961536,False
A,0.5,0.0,False
A,0.5,0.0,False
A,0.5,0.0,False
A,0.5,0.658858317326422,True
A,0.5,0.28214925998126994,False
A,0.5,0.21188939498815118,False
A,0.5,0.7988826500767313,True
A,0.5,0.0,False
A,0.5,0.06266772945850452,False
A,0.5,0.0,False
A,0.5,0.0,False
A,0.5,0.4285236976428518,False
A,0.5,0.07588785896817107,False
A,0.5,0.15855914033325125,False
A,0.5,0.04127836593277456,False
A,0.5,0.32092139729359115,False
A,0.5,0.3220494822022347,False
A,0.5,0.13189836142909805,False
A,0.5,0.0,False
A,0.5,0.9384485896168142,True
A,0.5,0.4223457343123652,False
A,0.5,0.7782499627645725,True
A,0.5,0.6177952957172328,False
A,0.5,0.0,False
A,0.5,0.21919727772724762,False
A,0.5,0.26227431059308626,False
A,0.5,0.18284354864170038,False
A,0.5,0.8181680186758383,True
A,0.5,0.0,False
A,0.5,0.06149764967789895,False
A,0.5,0.6808034354373977,True
A,0.5,0.0,False
A,0.5,0.0,False
A,0.5,0.04640777699062726,False
A,0.5,0.48275578436692423,False
A,0.5,0.4749636841408009,False
A,0.5,0.0,False
A,0.5,0.0,False
A,0.5,0.8406942905251803,True
A,0.5,0.0,False
A,0.5,0.14385879103564825,False
A,0.5,0.0,False
A,0.5,0.12468876362688952,False
A,0.5,0.7341371927345111,False
A,0.5,0.0,False
A,0.5,0.34273550430499156,False
A,0.5,0.26703984538101044,False
A,0.5,0.13990022015936865,False
A,0.5,0.0,False
A,0.5,0.009625381575521064,False
A,0.5,0.4063300943895456,False
A,0.5,0.0,False
A,0.5,0.0010733276376317935,False
A,0.5,0.798844779629849,True
A,0.5,0.9341670618885638,True
A,0.5,0.2885221327587131,False
A,0.5,0.7333753962033989,True
A,0.5,0.0,False
A,0.5,0.12552670871164084,False
A,0.5,0.0,False
A,0.5,0.568707450148154,False
A,0.5,0.0,False
A,0.5,0.3106025871958643,False
A,0.5,0.5039450984574853,False
A,0.5,0.917501217405666,True
A,0.5,0.7497438717613842,True
A,0.5,0.7819902019834715,True
A,0.5,0.0,False
A,0.5,0.03918296937620214,False
A,0.5,0.0,False
A,0.5,0.9249268463711718,True
A,0.5,0.6687578816301655,False
A,0.5,0.38728886006364205,False
A,0.5,0.3889640824118227,False
A,0.5,0.0,False
A,0.5,0.22111276183254935,False
A,0.5,0.5331030977159423,True
A,0.5,0.1774566361533232,False
A,0.5,0.010558228107175549,False
A,0.5,0.18988627514478462,False
A,0.5,0.7302999318044129,False
A,0.5,0.0,False
A,0.5,0.5128412314722228,False
A,0.5,0.0,False
A,0.5,0.0,False
A,0.5,0.06482604550897642,False
A,0.5,0.0,False
A,0.5,0.1595350609808156,False
A,0.5,0.0951163724994949,False
A,0.5,0.5728385954959655,False
A,0.5,0.7659464692343527,False
A,0.5,0.0,False
A,0.5,0.9191871274971403,True
A,0.5,0.3946342831650832,False
A,0.5,0.4409359674902974,False
A,0.5,0.7408006025089195,True
A,0.5,0.8668524370342197,True
A,0.5,0.0,False
A,0.5,0.6068890028441002,False
A,0.5,0.9466235228811973,True
A,0.5,0.9083962314484937,True
A,0.5,0.40517796397064965,False
A,0.5,0.03195521876314955,False
A,0.5,0.5017993243645819,True
A,0.5,0.9570376310191379,True
A,0.5,0.0,False
A,0.5,0.0,False
A,0.5,0.8515980488935062,True
A,0.5,0.6272037492235819,False
A,0.5,0.8628739275914711,True
A,0.5,0.0,False
A,0.5,0.4929365647134576,False
A,0.5,0.0,False
A,0.5,0.2306105333450832,False
A,0.5,0.0,False
A,0.5,0.0,False
A,0.5,0.0,False
A,0.5,0.5631787721736792,False
A,0.5,0.5000861310446286,False
A,0.5,0.0446013887281409,False
A,0.5,0.7417095143033269,False
A,0.5,0.6827844455960408,False
A,0.5,0.0,False
A,0.5,0.35871213808038993,False
A,0.5,0.43834994061813615,False
A,0.5,0.28607076460408964,False
A,0.5,0.7184560347336976,False
A,0.5,0.12749928537471833,False
A,0.5,0.0,False
A,0.5,0.25354922932703083,False
A,0.5,0.09174616486224829,False
A,0.5,0.467486712738981,False
A,0.5,0.41490680176674655,False
A,0.5,0.9740079448781233,True
A,0.5,0.0,False
A,0.5,0.47421339833166665,False
A,0.5,0.09586495049174515,False
A,0.5,0.0,False
A,0.5,0.0,False
A,0.5,0.5775758775602139,False
A,0.5,0.0,False
A,0.5,0.044126414279065496,False
A,0.5,0.07344409152001685,False
A,0.5,0.9006735337696747,True
A,0.5,0.2600275615548715,False
A,0.5,0.746650900518364,False
A,0.5,0.0,False
A,0.5,0.6527269358895562,False
A,0.5,0.050410882292375,False
A,0.5,0.4595671707888416,False
A,0.5,0.5159329711787357,True
A,0.5,0.5766903276061206,False
A,0.5,0.6821565205099176,True
A,0.5,0.442881221854983,False
A,0.5,0.9097453300368077,True
A,0.5,0.7065393442208157,False
A,0.5,0.0,False
A,0.5,0.2531425893164918,False
A,0.5,0.0,False
A,0.5,0.7498162572919845,False
A,0.5,0.0,False
A,0.5,0.36727932184155077,False
A,0.5,0.2139461504665755,False
A,0.5,0.5223247097182899,False
A,0.5,0.857948078164705,False
A,0.5,0.21800406061254296,False
A,0.5,0.0,False
A,0.5,0.2277560366229342,False
A,0.5,0.0,False
A,0.5,0.6146121105514513,False
A,0.5,0.7964736636083873,False
A,0.5,0.0,False
A,0.5,0.6315747623261156,False
A,0.5,0.0,False
A,0.5,0.0,False
A,0.5,0.681306309116194,False
A,0.5,0.0,False
A,0.5,0.0,False
A,0.5,0.4432335712798767,False
A,0.5,0.6993256799961293,False
A,0.5,0.46111907300601773,False
A,0.5,0.33070319170339235,False
A,0.5,0.2096938339193748,False
A,0.5,0.0,False
A,0.5,0.7777691500707403,True
A,0.5,0.0,False
A,0.5,0.0,False
A,0.5,0.0,False
A,0.5,0.6738154668869615,False
A,0.5,0.523544250351994,False
A,0.5,0.0,False
A,0.5,0.5883446183697051,False
A,0.5,0.0,False
A,0.5,0.0,False
A,0.5,0.0,False
A,0.5,0.5621277864972969,False
A,0.5,0.0,False
A,0.5,0.37205727485293205,False
A,0.5,0.0,False
A,0.5,0.0,False
A,0.5,0.6458339773339054,False
A,0.5,0.34124940609098053,False
A,0.5,0.7676871573380918,True
A,0.5,0.6179341841823089,True
A,0.5,0.31707259154211487,False
A,0.5,0.3503952609111709,False
A,0.5,0.6377386461058355,False
A,0.5,0.9312310586334631,True
A,0.5,0.0,False
A,0.5,0.9740693660959236,True
A,0.5,0.7662764694198073,False
A,0.5,0.5604493209375129,False
A,0.5,0.2844462255548893,False
A,0.5,0.08312682846712494,False
A,0.5,0.7550051486438079,False
A,0.5,0.0,False
A,0.5,0.8309731317389822,False
A,0.5,0.14802867369852235,False
A,0.5,0.6530835250435231,False
A,0.5,0.9974738426660312,True
A,0.5,0.0,False
A,0.5,0.2270350007595885,False
A,0.5,0.7550298209659912,True
A,0.5,0.9708225007331867,True
A,0.5,0.2900407259555696,False
A,0.5,0.8771804204044148,True
A,0.5,0.6225639362208338,False
A,0.5,0.42968505522835876,False
A,0.5,0.5594625373183378,False
A,0.5,0.05948776999619798,False
A,0.5,0.2585095429604142,False
A,0.5,0.14435453755381233,False
A,0.5,0.6622328668791394,True
A,0.5,0.3413431585949054,False
A,0.5,0.7416365974829284,True
A,0.5,0.0,False
A,0.5,0.0,False
A,0.5,0.5104694121147274,False
A,0.5,0.049851178230480575,False
A,0.5,0.0,False
A,0.5,0.5058461277094469,False
A,0.5,0.09377458550057594,False
A,0.5,0.532100622619079,False
A,0.5,0.0,False
A,0.5,0.27263124898401747,False
A,0.5,0.0,False
A,0.5,0.9634437988224106,True
A,0.5,0.7394569851686627,False
A,0.5,0.8467526728679097,True
A,0.5,0.0,False
A,0.5,0.29918677460192544,False
A,0.5,0.5044834781612697,False
A,0.5,0.2294045670352438,False
A,0.5,0.119604115986233,False
A,0.5,0.28188092749951865,False
A,0.5,0.31315932261368407,False
A,0.5,0.0,False
A,0.5,0.23428960515070807,False
A,0.5,0.0,False
A,0.5,0.5000910221984305,False
A,0.5,0.8769024387561225,True
A,0.5,0.29556893798141204,False
A,0.5,0.3259141172737191,False
A,0.5,0.9856256162381659,True
A,0.5,0.7588567114867564,True
A,0.5,0.0,False
A,0.5,0.30807509273771094,False
A,0.5,0.0,False
A,0.5,0.9303647267424071,True
A,0.5,0.9289336201850861,True
A,0.5,0.39600210672541236,False
A,0.5,0.0,False
A,0.5,0.035415985998081156,False
A,0.5,0.0,False
A,0.5,0.6312635810451294,False
A,0.5,0.0,False
A,0.5,0.4402550476575171,False
A,0.5,0.0,False
A,0.5,0.7315674167328904,False
A,0.5,0.16012140695776966,False
A,0.5,0.9520562420112799,False
A,0.5,0.3130264618394669,False
A,0.5,0.0,False
A,0.5,0.041355647505784465,False
A,0.5,0.0,False
A,0.5,0.0,False
A,0.5,0.18245003680906535,False
A,0.5,0.8376051090171325,True
A,0.5,0.5414486190951452,False
A,0.5,0.547497871737159,False
A,0.5,0.6773290295311751,True
A,0.5,0.745467864443571,True
A,0.5,0.8354669628138728,True
A,0.5,0.3550458489051077,False
A,0.5,0.7195415917407041,True
A,0.5,0.7408054707784141,True
A,0.5,0.9853057806201284,True
A,0.5,0.3505415550180423,False
A,0.5,0.3751802687667892,False
A,0.5,0.6211110483844781,False
A,0.5,0.9396641693006903,True
A,0.5,0.0,False
A,0.5,0.0,False
A,0.5,0.3626612054747995,False
A,0.5,0.1782372454915363,False
A,0.5,0.0,False
A,0.5,0.20862174015676116,False
A,0.5,0.0,False
A,0.5,0.0,False
A,0.5,0.2163191756912226,False
A,0.5,0.9931586228067151,True
A,0.5,0.9986956049981965,True
A,0.5,0.029385206669883646,False
A,0.5,0.0,False
A,0.5,0.0,False
A,0.5,0.7508286985574926,False
A,0.5,0.9722242025346466,True
A,0.5,0.0,False
A,0.5,0.6489187917260366,False
A,0.5,0.7441521565207941,True
A,0.5,0.0,False
A,0.5,0.36941326086551185,False
A,0.5,0.0,False
A,0.5,0.0,False
A,0.5,0.6018818056077537,True
A,0.5,0.12361640841728871,False
A,0.5,0.7763918977634249,True
A,0.5,0.862694426871353,True
A,0.5,0.08777735842257695,False
A,0.5,0.3866043967442757,False
A,0.5,0.1857018365635995,False
A,0.5,0.7243742982113472,True
A,0.5,0.0,False
A,0.5,0.004731172519195304,False
A,0.5,0.6893667692215466,True
A,0.5,0.0,False
A,0.5,0.6654426987005394,False
A,0.5,0.47678850963492647,False
A,0.5,0.47999261333916843,False
A,0.5,0.9863833761618085,True
A,0.5,0.5180923272758632,False
A,0.5,0.22959740011166452,False
A,0.5,0.0,False
A,0.5,0.19934272247697205,False
A,0.5,0.7537148420969634,False
A,0.5,0.33093181573571373,False
A,0.5,0.0,False
A,0.5,0.45884629179943714,False
A,0.5,0.9582133441028555,True
A,0.5,0.48571126237102435,False
A,0.5,0.39523020657110985,False
A,0.5,0.9533801425605842,False
A,0.5,0.0,False
A,0.5,0.8597672338736594,True
A,0.5,0.0,False
A,0.5,0.2324001433829932,False
A,0.5,0.28749929821378495,False
A,0.5,0.9001619615680726,True
A,0.5,0.06093325435044017,False
A,0.5,0.2890337773968219,False
A,0.5,0.0,False
A,0.5,0.9431723413679843,True
A,0.5,0.10341859302158829,False
A,0.5,0.5896531846049217,False
A,0.5,0.30072055110818585,False
A,0.5,0.0,False
A,0.5,0.0,False
A,0.5,0.4299536184519944,False
A,0.5,0.8601621777634588,True
A,0.5,0.5039083936833434,False
A,0.5,0.2931935839295078,False
A,0.5,0.727114334386582,True
A,0.5,0.8031745908051526,True
A,0.5,0.0,False
A,0.5,0.0,False
A,0.5,0.0,False
A,0.5,0.23193504560600608,False
A,0.5,0.30574826735546234,False
A,0.5,0.0,False
A,0.5,0.0,False
A,0.5,0.0,False
A,0.5,0.5206053742726188,False
A,0.5,0.0,False
A,0.5,0.0,False
A,0.5,0.660925192629207,False
A,0.5,0.0,False
A,0.5,0.0,False
A,0.5,0.18215652750014655,False
A,0.5,0.0,False
A,0.5,0.8997506513863033,True
A,0.5,0.140544082079184,False
A,0.5,0.0,False
A,0.5,0.7979280220454027,False
A,0.5,0.5563985777582092,False
A,0.5,0.4047994294986934,False
A,0.5,0.8059318955684144,False
A,0.5,0.02359194910751572,False
A,0.5,0.8165829987317125,True
A,0.5,0.37787397955647173,False
A,0.5,0.0,False
A,0.5,0.8546337197145463,True
A,0.5,0.9556914946567198,True
A,0.5,0.7841922967821687,True
A,0.5,0.33169696842844665,False
A,0.5,0.20465918169526065,False
A,0.5,0.0,False
A,0.5,0.17234165200187979,False
A,0.5,0.297710477684868,False
A,0.5,0.0,False
A,0.5,0.47077181694158343,False
A,0.5,0.12081047303883408,False
A,0.5,0.0,False
A,0.5,0.2949727244007181,False
A,0.5,0.6077150483794787,False
A,0.5,0.5733865634274609,False
A,0.5,0.2315024928995677,False
A,0.5,0.19765888549260469,False
A,0.5,0.29467877379280627,False
A,0.5,0.6624495822510515,False
A,0.5,0.5324140272781213,False
A,0.5,0.28390610241108516,False
A,0.5,0.42672683120906574,False
A,0.5,0.9149063813927585,True
A,0.5,0.0717452865683692,False
A,0.5,0.3504110684712002,False
A,0.5,0.7337979277462428,True
A,0.5,0.15504058027179457,False
A,0.5,0.0,False
A,0.5,0.0,False
A,0.5,0.4954109219271482,False
A,0.5,0.3833765580659897,False
A,0.5,0.37331250701716134,False
A,0.5,0.3913409618506588,False
A,0.5,0.9259067779820048,False
A,0.5,0.02090559836862249,False
A,0.5,0.3284768237951533,False
A,0.5,0.0,False
A,0.5,0.7929453724330436,False
A,0.5,0.018749192793631297,False
A,0.5,0.09280401337810895,False
A,0.5,0.003774978715910704,False
A,0.5,0.0,False
A,0.5,0.885319800370304,True
A,0.5,0.18778731087662937,False
A,0.5,0.0,False
A,0.5,0.9865774316098462,True
A,0.5,0.4710922995941813,False
A,0.5,0.03142594817188504,False
A,0.5,0.0,False
A,0.5,0.0,False
A,0.5,0.6110486697019206,False
A,0.5,0.4212508104984094,False
A,0.5,0.5934074032861317,False
A,0.5,0.2384420367963942,False
A,0.5,0.0,False
A,0.5,0.0,False
A,0.5,0.0,False
A,0.5,0.07466707833597264,False
A,0.5,0.2711765583394976,False
A,0.5,0.32303066375699885,False
A,0.5,0.1954687425786369,False
A,0.5,0.0,False
A,0.5,0.0,False
A,0.5,0.872547351929287,True
A,0.5,0.10997259313065832,False
A,0.5,0.8770774442954973,True
A,0.5,0.0,False
A,0.5,0.3750845839617487,False
A,0.5,0.8951904479098864,True
A,0.5,0.6533687455276637,False
A,0.5,0.2826802589623031,False
A,0.5,0.0,False
A,0.5,0.5782178962477553,False
A,0.5,0.3183156797101826,False
A,0.5,0.0,False
A,0.5,0.0,False
A,0.5,0.6024049463837172,False
A,0.5,0.0,False
A,0.5,0.0,False
A,0.5,0.4455016388121926,False
A,0.5,0.4194766761381655,False
A,0.5,0.1335094844871998,False
A,0.5,0.0,False
A,0.5,0.3168211089322609,False
A,0.5,0.0,False
A,0.5,0.0,False
A,0.5,0.65601860965797,True
A,0.5,0.0,False
A,0.5,0.4731934305579767,True
A,0.5,0.0,False
A,0.5,0.0,False
A,0.5,0.9240070828713349,True
A,0.5,0.21390107263316538,False
A,0.5,0.6240839238335688,False
A,0.5,0.10250986683316765,False
A,0.5,0.0,False
A,0.5,0.4887006124113715,False
A,0.5,0.5505367232529238,False
A,0.5,0.11493887033227601,False
A,0.5,0.7306102940072385,False
A,0.5,0.12839472046366995,False
A,0.5,0.38411607161484873,False
A,0.5,0.19167522462230413,False
A,0.5,0.0,False
A,0.5,0.40386248282878545,False
A,0.5,0.7542961761452902,True
A,0.5,0.7803939329910485,True
A,0.5,0.17778850911702526,False
A,0.5,0.2853441150613515,False
A,0.5,0.17203808418861577,False
A,0.5,0.9748855387199995,True
A,0.5,0.13366286631508362,False
A,0.5,0.3356908353746999,False
A,0.5,0.7810162139834885,False
A,0.5,0.6297628476313114,False
A,0.5,0.3427849046133079,False
A,0.5,0.15205578507458084,False
A,0.5,0.0,False
A,0.5,0.9379077690925428,False
A,0.5,0.0,False
A,0.5,0.0,False
A,0.5,0.0,False
A,0.5,0.41998339298292053,False
A,0.5,0.01963746789074794,False
A,0.5,0.2769695473260956,False
A,0.5,0.0,False
A,0.5,0.08360423846943987,False
A,0.5,0.6139713275546035,True
A,0.5,0.6826603796596109,True
A,0.5,0.0,False
A,0.5,0.4192042386722491,False
A,0.5,0.09529068564956478,False
A,0.5,0.0,False
A,0.5,0.6223280692944975,False
A,0.5,0.8945252503959462,True
A,0.5,0.6116136801324411,False
A,0.5,0.0,False
A,0.5,0.42628188672090717,False
A,0.5,0.17156702095739795,False
A,0.5,0.28905486500840705,False
A,0.5,0.0,False
A,0.5,0.0,False
A,0.5,0.0,False
A,0.5,0.0,False
A,0.5,0.24903676270442066,False
A,0.5,0.0,False
A,0.5,0.0,False
A,0.5,0.5326867803336707,False
A,0.5,0.3279491629488833,False
A,0.5,0.5939001136306608,False
A,0.5,0.0,False
A,0.5,0.0,False
A,0.5,0.9053092957070245,True
A,0.5,0.0,False
A,0.5,0.0,False
A,0.5,0.2686660516258256,False
A,0.5,0.0,False
A,0.5,0.0,False
A,0.5,0.22705736230028772,False
A,0.5,0.9169191236201311,True
A,0.5,0.0,False
A,0.5,0.0,False
A,0.5,0.0,False
A,0.5,0.0,False
A,0.5,0.0,False
A,0.5,0.8169105724821386,True
A,0.5,0.0,False
A,0.5,0.45687736847338034,False
A,0.5,0.7325371074939713,False
A,0.5,0.4829638499430491,False
A,0.5,0.0,False
A,0.5,0.22150342578885607,False
A,0.5,0.36363117776051035,False
A,0.5,0.0930301516344253,False
A,0.5,0.13370128098093592,False
A,0.5,0.0,False
A,0.5,0.7175230776573913,True
A,0.5,0.33530691724926787,False
A,0.5,0.4346202629984718,False
A,0.5,0.0,False
A,0.5,0.7182608385181236,False
A,0.5,0.0,False
A,0.5,0.2670691476672856,False
A,0.5,0.22453434082286927,False
A,0.5,0.8157877251422352,False
A,0.5,0.5719700950559148,False
A,0.5,0.14035457020446762,False
A,0.5,0.0,False
A,0.5,0.056358755361945456,False
A,0.5,0.0,False
A,0.5,0.4515894701829545,True
A,0.5,0.1847588107262791,False
A,0.5,0.0,False
A,0.5,0.03530065723971443,False
A,0.5,0.3018210905049712,False
A,0.5,0.3923132522228061,False
A,0.5,0.7827051950741931,True
A,0.5,0.43043691918031557,False
A,0.5,0.6051742910164166,False
A,0.5,0.04716564592961536,False
A,0.5,0.0,False
A,0.5,0.0,False
A,0.5,0.0,False
A,0.5,0.658858317326422,True
A,0.5,0.28214925998126994,False
A,0.5,0.21188939498815118,False
A,0.5,0.7988826500767313,True
A,0.5,0.0,False
A,0.5,0.06266772945850452,False
A,0.5,0.0,False
A,0.5,0.0,False
A,0.5,0.4285236976428518,False
A,0.5,0.07588785896817107,False
A,0.5,0.15855914033325125,False
A,0.5,0.04127836593277456,False
A,0.5,0.32092139729359115,False
A,0.5,0.3220494822022347,False
A,0.5,0.13189836142909805,False
A,0.5,0.0,False
A,0.5,0.9384485896168142,True
A,0.5,0.4223457343123652,False
A,0.5,0.7782499627645725,True
A,0.5,0.6177952957172328,False
A,0.5,0.0,False
A,0.5,0.21919727772724762,False
A,0.5,0.26227431059308626,False
A,0.5,0.18284354864170038,False
A,0.5,0.8181680186758383,True
A,0.5,0.0,False
A,0.5,0.06149764967789895,False
A,0.5,0.6808034354373977,True
A,0.5,0.0,False
A,0.5,0.0,False
A,0.5,0.04640777699062726,False
A,0.5,0.48275578436692423,True
A,0.5,0.4749636841408009,False
A,0.5,0.0,False
A,0.5,0.0,False
A,0.5,0.8406942905251803,False
A,0.5,0.0,False
A,0.5,0.14385879103564825,False
A,0.5,0.0,False
A,0.5,0.12468876362688952,False
A,0.5,0.7341371927345111,False
A,0.5,0.0,False
A,0.5,0.34273550430499156,False
A,0.5,0.26703984538101044,False
A,0.5,0.13990022015936865,False
A,0.5,0.0,False
A,0.5,0.009625381575521064,False
A,0.5,0.4063300943895456,False
A,0.5,0.0,False
A,0.5,0.0010733276376317935,False
A,0.5,0.798844779629849,True
A,0.5,0.9341670618885638,False
A,0.5,0.2885221327587131,False
A,0.5,0.7333753962033989,True
A,0.5,0.0,False
A,0.5,0.12552670871164084,False
A,0.5,0.0,False
A,0.5,0.568707450148154,False
A,0.5,0.0,False
A,0.5,0.3106025871958643,False
A,0.5,0.5039450984574853,False
A,0.5,0.917501217405666,True
A,0.5,0.7497438717613842,True
A,0.5,0.7819902019834715,True
A,0.5,0.0,False
A,0.5,0.03918296937620214,False
A,0.5,0.0,False
A,0.5,0.9249268463711718,True
A,0.5,0.6687578816301655,False
A,0.5,0.38728886006364205,False
A,0.5,0.3889640824118227,False
A,0.5,0.0,False
A,0.5,0.22111276183254935,False
A,0.5,0.5331030977159423,True
A,0.5,0.1774566361533232,False
A,0.5,0.010558228107175549,False
A,0.5,0.18988627514478462,False
A,0.5,0.7302999318044129,False
A,0.5,0.0,False
A,0.5,0.5128412314722228,False
A,0.5,0.0,False
A,0.5,0.0,False
A,0.5,0.06482604550897642,False
A,0.5,0.0,False
A,0.5,0.1595350609808156,False
A,0.5,0.0951163724994949,False
A,0.5,0.5728385954959655,False
A,0.5,0.7659464692343527,True
A,0.5,0.0,False
A,0.5,0.9191871274971403,True
A,0.5,0.3946342831650832,False
A,0.5,0.4409359674902974,False
A,0.5,0.7408006025089195,True
A,0.5,0.8668524370342197,True
A,0.5,0.0,False
A,0.5,0.6068890028441002,False
A,0.5,0.9466235228811973,True
A,0.5,0.9083962314484937,True
A,0.5,0.40517796397064965,False
A,0.5,0.03195521876314955,False
A,0.5,0.5017993243645819,True
A,0.5,0.9570376310191379,True
A,0.5,0.0,False
A,0.5,0.0,False
A,0.5,0.8515980488935062,True
A,0.5,0.6272037492235819,False
A,0.5,0.8628739275914711,True
A,0.5,0.0,False
A,0.5,0.4929365647134576,False
A,0.5,0.0,False
A,0.5,0.2306105333450832,False
A,0.5,0.0,False
A,0.5,0.0,False
A,0.5,0.0,False
A,0.5,0.5631787721736792,False
A,0.5,0.5000861310446286,False
A,0.5,0.0446013887281409,False
A,0.5,0.7417095143033269,False
A,0.5,0.6827844455960408,False
A,0.5,0.0,False
A,0.5,0.35871213808038993,False
A,0.5,0.43834994061813615,False
A,0.5,0.28607076460408964,False
A,0.5,0.7184560347336976,True
A,0.5,0.12749928537471833,False
A,0.5,0.0,False
A,0.5,0.25354922932703083,False
A,0.5,0.09174616486224829,False
A,0.5,0.467486712738981,False
A,0.5,0.41490680176674655,False
A,0.5,0.9740079448781233,True
A,0.5,0.0,False
A,0.5,0.47421339833166665,False
A,0.5,0.09586495049174515,False
A,0.5,0.0,False
A,0.5,0.0,False
A,0.5,0.5775758775602139,False
A,0.5,0.0,False
A,0.5,0.044126414279065496,False
A,0.5,0.07344409152001685,False
A,0.5,0.9006735337696747,True
A,0.5,0.2600275615548715,False
A,0.5,0.746650900518364,True
A,0.5,0.0,False
A,0.5,0.6527269358895562,False
A,0.5,0.050410882292375,False
A,0.5,0.4595671707888416,False
A,0.5,0.5159329711787357,True
A,0.5,0.5766903276061206,False
A,0.5,0.6821565205099176,False
A,0.5,0.442881221854983,False
A,0.5,0.9097453300368077,True
A,0.5,0.7065393442208157,False
A,0.5,0.0,False
A,0.5,0.2531425893164918,False
A,0.5,0.0,False
A,0.5,0.7498162572919845,False
A,0.5,0.0,False
A,0.5,0.36727932184155077,False
A,0.5,0.2139461504665755,False
A,0.5,0.5223247097182899,False
A,0.5,0.857948078164705,False
A,0.5,0.21800406061254296,False
A,0.5,0.0,False
A,0.5,0.2277560366229342,False
A,0.5,0.0,False
A,0.5,0.6146121105514513,False
A,0.5,0.7964736636083873,False
A,0.5,0.0,False
A,0.5,0.6315747623261156,False
A,0.5,0.0,False
A,0.5,0.0,False
A,0.5,0.681306309116194,False
A,0.5,0.0,False
A,0.5,0.0,False
A,0.5,0.4432335712798767,False
A,0.5,0.6993256799961293,False
A,0.5,0.46111907300601773,True
A,0.5,0.33070319170339235,False
A,0.5,0.2096938339193748,False
A,0.5,0.0,False
A,0.5,0.7777691500707403,True
A,0.5,0.0,False
A,0.5,0.0,False
A,0.5,0.0,False
A,0.5,0.6738154668869615,False
A,0.5,0.523544250351994,False
A,0.5,0.0,False
A,0.5,0.5883446183697051,False
A,0.5,0.0,False
A,0.5,0.0,False
A,0.5,0.0,False
A,0.5,0.5621277864972969,False
A,0.5,0.0,False
A,0.5,0.37205727485293205,False
A,0.5,0.0,False
A,0.5,0.0,False
A,0.5,0.6458339773339054,False
A,0.5,0.34124940609098053,False
A,0.5,0.7676871573380918,True
A,0.5,0.6179341841823089,False
A,0.5,0.31707259154211487,False
A,0.5,0.3503952609111709,False
A,0.5,0.6377386461058355,False
A,0.5,0.9312310586334631,True
A,0.5,0.0,False
A,0.5,0.9740693660959236,True
A,0.5,0.7662764694198073,False
A,0.5,0.5604493209375129,False
A,0.5,0.2844462255548893,False
A,0.5,0.08312682846712494,False
A,0.5,0.7550051486438079,False
A,0.5,0.0,False
A,0.5,0.8309731317389822,False
A,0.5,0.14802867369852235,False
A,0.5,0.6530835250435231,False
A,0.5,0.9974738426660312,True
A,0.5,0.0,False
A,0.5,0.2270350007595885,False
A,0.5,0.7550298209659912,True
A,0.5,0.9708225007331867,True
A,0.5,0.2900407259555696,False
A,0.5,0.8771804204044148,True
A,0.5,0.6225639362208338,False
A,0.5,0.42968505522835876,False
A,0.5,0.5594625373183378,False
A,0.5,0.05948776999619798,False
A,0.5,0.2585095429604142,False
A,0.5,0.14435453755381233,False
A,0.5,0.6622328668791394,True
A,0.5,0.3413431585949054,False
A,0.5,0.7416365974829284,True
A,0.5,0.0,False
A,0.5,0.0,False
A,0.5,0.5104694121147274,False
A,0.5,0.049851178230480575,False
A,0.5,0.0,False
A,0.5,0.5058461277094469,False
A,0.5,0.09377458550057594,False
A,0.5,0.532100622619079,False
A,0.5,0.0,False
A,0.5,0.27263124898401747,False
A,0.5,0.0,False
A,0.5,0.9634437988224106,True
A,0.5,0.7394569851686627,False
A,0.5,0.8467526728679097,True
A,0.5,0.0,False
A,0.5,0.29918677460192544,False
A,0.5,0.5044834781612697,False
A,0.5,0.2294045670352438,False
A,0.5,0.119604115986233,False
A,0.5,0.28188092749951865,False
A,0.5,0.31315932261368407,False
A,0.5,0.0,False
A,0.5,0.23428960515070807,False
A,0.5,0.0,False
A,0.5,0.5000910221984305,False
A,0.5,0.8769024387561225,True
A,0.5,0.29556893798141204,False
A,0.5,0.3259141172737191,False
A,0.5,0.9856256162381659,True
A,0.5,0.7588567114867564,True
A,0.5,0.0,False
A,0.5,0.30807509273771094,False
A,0.5,0.0,False
A,0.5,0.9303647267424071,True
A,0.5,0.9289336201850861,True
A,0.5,0.39600210672541236,False
A,0.5,0.0,False
A,0.5,0.035415985998081156,False
A,0.5,0.0,False
A,0.5,0.6312635810451294,False
A,0.5,0.0,False
A,0.5,0.4402550476575171,False
A,0.5,0.0,False
A,0.5,0.7315674167328904,True
A,0.5,0.16012140695776966,False
A,0.5,0.9520562420112799,False
A,0.5,0.3130264618394669,False
A,0.5,0.0,False
A,0.5,0.041355647505784465,False
A,0.5,0.0,False
A,0.5,0.0,False
A,0.5,0.18245003680906535,False
A,0.5,0.8376051090171325,True
A,0.5,0.5414486190951452,False
A,0.5,0.547497871737159,False
A,0.5,0.6773290295311751,True
A,0.5,0.745467864443571,True
A,0.5,0.8354669628138728,True
A,0.5,0.3550458489051077,False
A,0.5,0.7195415917407041,True
A,0.5,0.7408054707784141,True
A,0.5,0.9853057806201284,True
A,0.5,0.3505415550180423,False
A,0.5,0.3751802687667892,False
A,0.5,0.6211110483844781,False
A,0.5,0.9396641693006903,True
A,0.5,0.0,False
A,0.5,0.0,False
A,0.5,0.3626612054747995,False
A,0.5,0.1782372454915363,False
A,0.5,0.0,False
A,0.5,0.20862174015676116,False
A,0.5,0.0,False
A,0.5,0.0,False
A,0.5,0.2163191756912226,False
A,0.5,0.9931586228067151,True
A,0.5,0.9986956049981965,True
A,0.5,0.029385206669883646,False
A,0.5,0.0,False
A,0.5,0.0,False
A,0.5,0.7508286985574926,False
A,0.5,0.9722242025346466,True
A,0.5,0.0,False
A,0.5,0.6489187917260366,False
A,0.5,0.7441521565207941,True
A,0.5,0.0,False
A,0.5,0.36941326086551185,False
A,0.5,0.0,False
A,0.5,0.0,False
A,0.5,0.6018818056077537,False
A,0.5,0.12361640841728871,False
A,0.5,0.7763918977634249,True
A,0.5,0.862694426871353,True
A,0.5,0.08777735842257695,False
A,0.5,0.3866043967442757,False
A,0.5,0.1857018365635995,False
A,0.5,0.7243742982113472,True
A,0.5,0.0,False
A,0.5,0.004731172519195304,False
A,0.5,0.6893667692215466,True
A,0.5,0.0,False
A,0.5,0.6654426987005394,False
A,0.5,0.47678850963492647,False
A,0.5,0.47999261333916843,False
A,0.5,0.9863833761618085,True
A,0.5,0.5180923272758632,False
A,0.5,0.22959740011166452,False
A,0.5,0.0,False
A,0.5,0.19934272247697205,False
A,0.5,0.7537148420969634,False
A,0.5,0.33093181573571373,False
A,0.5,0.0,False
A,0.5,0.45884629179943714,False
A,0.5,0.9582133441028555,True
A,0.5,0.48571126237102435,False
A,0.5,0.39523020657110985,False
A,0.5,0.9533801425605842,True
A,0.5,0.0,False
A,0.5,0.8597672338736594,True
A,0.5,0.0,False
A,0.5,0.2324001433829932,False
A,0.5,0.28749929821378495,False
A,0.5,0.9001619615680726,True
A,0.5,0.06093325435044017,False
A,0.5,0.2890337773968219,False
A,0.5,0.0,False
A,0.5,0.9431723413679843,True
A,0.5,0.10341859302158829,False
A,0.5,0.5896531846049217,False
A,0.5,0.30072055110818585,False
A,0.5,0.0,False
A,0.5,0.0,False
A,0.5,0.4299536184519944,False
A,0.5,0.8601621777634588,True
A,0.5,0.5039083936833434,False
A,0.5,0.2931935839295078,False
A,0.5,0.727114334386582,True
A,0.5,0.8031745908051526,True
A,0.5,0.0,False
A,0.5,0.0,False
A,0.5,0.0,False
A,0.5,0.23193504560600608,False
A,0.5,0.30574826735546234,False
A,0.5,0.0,False
A,0.5,0.0,False
A,0.5,0.0,False
A,0.5,0.5206053742726188,False
A,0.5,0.0,False
A,0.5,0.0,False
A,0.5,0.660925192629207,False
A,0.5,0.0,False
A,0.5,0.0,False
A,0.5,0.18215652750014655,False
A,0.5,0.0,False
A,0.5,0.8997506513863033,True
A,0.5,0.140544082079184,False
A,0.5,0.0,False
A,0.5,0.7979280220454027,False
A,0.5,0.5563985777582092,False
A,0.5,0.4047994294986934,False
A,0.5,0.8059318955684144,False
A,0.5,0.02359194910751572,False
A,0.5,0.8165829987317125,True
A,0.5,0.37787397955647173,False
A,0.5,0.0,False
A,0.5,0.8546337197145463,True
A,0.5,0.9556914946567198,True
A,0.5,0.7841922967821687,True
A,0.5,0.33169696842844665,False
A,0.5,0.20465918169526065,False
A,0.5,0.0,False
A,0.5,0.17234165200187979,False
A,0.5,0.297710477684868,False
A,0.5,0.0,False
A,0.5,0.47077181694158343,False
A,0.5,0.12081047303883408,False
A,0.5,0.0,False
A,0.5,0.2949727244007181,False
A,0.5,0.6077150483794787,False
A,0.5,0.5733865634274609,False
A,0.5,0.2315024928995677,False
A,0.5,0.19765888549260469,False
A,0.5,0.29467877379280627,False
A,0.5,0.6624495822510515,True
A,0.5,0.5324140272781213,False
A,0.5,0.28390610241108516,False
A,0.5,0.42672683120906574,False
A,0.5,0.9149063813927585,True
A,0.5,0.0717452865683692,False
A,0.5,0.3504110684712002,False
A,0.5,0.7337979277462428,True
A,0.5,0.15504058027179457,False
A,0.5,0.0,False
A,0.5,0.0,False
A,0.5,0.4954109219271482,False
A,0.5,0.3833765580659897,False
A,0.5,0.37331250701716134,False
A,0.5,0.3913409618506588,False
A,0.5,0.9259067779820048,True
A,0.5,0.02090559836862249,False
A,0.5,0.3284768237951533,False
A,0.5,0.0,False
A,0.5,0.7929453724330436,True
A,0.5,0.018749192793631297,False
A,0.5,0.09280401337810895,False
A,0.5,0.003774978715910704,False
A,0.5,0.0,False
A,0.5,0.885319800370304,True
A,0.5,0.18778731087662937,False
A,0.5,0.0,False
A,0.5,0.9865774316098462,True
A,0.5,0.4710922995941813,False
A,0.5,0.03142594817188504,False
A,0.5,0.0,False
A,0.5,0.0,False
A,0.5,0.6110486697019206,False
A,0.5,0.4212508104984094,False
A,0.5,0.5934074032861317,False
A,0.5,0.2384420367963942,False
A,0.5,0.0,False
A,0.5,0.0,False
A,0.5,0.0,False
A,0.5,0.07466707833597264,False
A,0.5,0.2711765583394976,False
A,0.5,0.32303066375699885,False
A,0.5,0.1954687425786369,False
A,0.5,0.0,False
A,0.5,0.0,False
A,0.5,0.872547351929287,True
A,0.5,0.10997259313065832,False
A,0.5,0.8770774442954973,True
A,0.5,0.0,False
A,0.5,0.3750845839617487,False
A,0.5,0.8951904479098864,True
A,0.5,0.6533687455276637,False
A,0.5,0.2826802589623031,False
A,0.5,0.0,False
A,0.5,0.5782178962477553,False
A,0.5,0.3183156797101826,False
A,0.5,0.0,False
A,0.5,0.0,False
A,0.5,0.6024049463837172,False
A,0.5,0.0,False
A,0.5,0.0,False
A,0.5,0.4455016388121926,False
A,0.5,0.4194766761381655,False
A,0.5,0.1335094844871998,False
A,0.5,0.0,False
A,0.5,0.3168211089322609,False
A,0.5,0.0,False
A,0.5,0.0,False
A,0.5,0.65601860965797,True
A,0.5,0.0,False
A,0.5,0.4731934305579767,False
A,0.5,0.0,False
A,0.5,0.0,False
A,0.5,0.9240070828713349,True
A,0.5,0.21390107263316538,False
A,0.5,0.6240839238335688,False
A,0.5,0.10250986683316765,False
A,0.5,0.0,False
A,0.5,0.4887006124113715,False
A,0.5,0.5505367232529238,False
A,0.5,0.11493887033227601,False
A,0.5,0.7306102940072385,False
A,0.5,0.12839472046366995,False
A,0.5,0.38411607161484873,False
A,0.5,0.19167522462230413,False
A,0.5,0.0,False
A,0.5,0.40386248282878545,False
A,0.5,0.7542961761452902,True
A,0.5,0.7803939329910485,True
A,0.5,0.17778850911702526,False
A,0.5,0.2853441150613515,False
A,0.5,0.17203808418861577,False
A,0.5,0.9748855387199995,True
A,0.5,0.13366286631508362,False
A,0.5,0.3356908353746999,False
A,0.5,0.7810162139834885,False
A,0.5,0.6297628476313114,False
A,0.5,0.3427849046133079,False
A,0.5,0.15205578507458084,False
A,0.5,0.0,False
A,0.5,0.9379077690925428,False
A,0.5,0.0,False
A,0.5,0.0,False
A,0.5,0.0,False
A,0.5,0.41998339298292053,False
A,0.5,0.01963746789074794,False
A,0.5,0.2769695473260956,False
A,0.5,0.0,False
A,0.5,0.08360423846943987,False
A,0.5,0.6139713275546035,True
A,0.5,0.6826603796596109,True
A,0.5,0.0,False
A,0.5,0.4192042386722491,False
A,0.5,0.09529068564956478,False
A,0.5,0.0,False
A,0.5,0.6223280692944975,False
A,0.5,0.8945252503959462,True
A,0.5,0.6116136801324411,False
A,0.5,0.0,False
A,0.5,0.42628188672090717,False
A,0.5,0.17156702095739795,False
A,0.5,0.28905486500840705,False
A,0.5,0.0,False
A,0.5,0.0,False
A,0.5,0.0,False
A,0.5,0.0,False
A,0.5,0.24903676270442066,False
A,0.5,0.0,False
A,0.5,0.0,False
A,0.5,0.5326867803336707,False
A,0.5,0.3279491629488833,False
A,0.5,0.5939001136306608,False
A,0.5,0.0,False
A,0.5,0.0,False
A,0.5,0.9053092957070245,True
A,0.5,0.0,False
A,0.5,0.0,False
A,0.5,0.2686660516258256,False
A,0.5,0.0,False
A,0.5,0.0,False
A,0.5,0.22705736230028772,False
A,0.5,0.9169191236201311,True
A,0.5,0.0,False
A,0.5,0.0,False
A,0.5,0.0,False
A,0.5,0.0,False
A,0.5,0.0,False
A,0.5,0.8169105724821386,True
A,0.5,0.0,False
A,0.5,0.45687736847338034,False
A,0.5,0.7325371074939713,True
A,0.5,0.4829638499430491,False
A,0.5,0.0,False
A,0.5,0.22150342578885607,False
A,0.5,0.36363117776051035,False
A,0.5,0.0930301516344253,False
A,0.5,0.13370128098093592,False
A,0.5,0.0,False
A,0.5,0.7175230776573913,False
A,0.5,0.33530691724926787,False
A,0.5,0.4346202629984718,True
A,0.5,0.0,False
A,0.5,0.7182608385181236,False
A,0.5,0.0,False
A,0.5,0.2670691476672856,False
A,0.5,0.22453434082286927,False
A,0.5,0.8157877251422352,False
A,0.5,0.5719700950559148,False
A,0.5,0.14035457020446762,False
A,0.5,0.0,False
A,0.5,0.056358755361945456,False
A,0.5,0.0,False
A,0.5,0.4515894701829545,False
A,0.5,0.1847588107262791,False
A,0.5,0.0,False
A,0.5,0.03530065723971443,False
A,0.5,0.3018210905049712,False
A,0.5,0.3923132522228061,False
A,0.5,0.7827051950741931,True
A,0.5,0.43043691918031557,False
A,0.5,0.6051742910164166,False
A,0.5,0.04716564592961536,False
A,0.5,0.0,False
A,0.5,0.0,False
A,0.5,0.0,False
A,0.5,0.658858317326422,True
A,0.5,0.28214925998126994,False
A,0.5,0.21188939498815118,False
A,0.5,0.7988826500767313,False
A,0.5,0.0,False
A,0.5,0.06266772945850452,False
A,0.5,0.0,False
A,0.5,0.0,False
A,0.5,0.4285236976428518,False
A,0.5,0.07588785896817107,False
A,0.5,0.15855914033325125,False
A,0.5,0.04127836593277456,False
A,0.5,0.32092139729359115,False
A,0.5,0.3220494822022347,False
A,0.5,0.13189836142909805,False
A,0.5,0.0,False
A,0.5,0.9384485896168142,True
A,0.5,0.4223457343123652,False
A,0.5,0.7782499627645725,False
A,0.5,0.6177952957172328,False
A,0.5,0.0,False
A,0.5,0.21919727772724762,False
A,0.5,0.26227431059308626,False
A,0.5,0.18284354864170038,False
A,0.5,0.8181680186758383,True
A,0.5,0.0,False
A,0.5,0.06149764967789895,False
A,0.5,0.6808034354373977,True
A,0.5,0.0,False
A,0.5,0.0,False
A,0.5,0.04640777699062726,False
A,0.5,0.48275578436692423,False
A,0.5,0.4749636841408009,False
A,0.5,0.0,False
A,0.5,0.0,False
A,0.5,0.8406942905251803,False
A,0.5,0.0,False
A,0.5,0.14385879103564825,False
A,0.5,0.0,False
A,0.5,0.12468876362688952,False
A,0.5,0.7341371927345111,False
A,0.5,0.0,False
A,0.5,0.34273550430499156,False
A,0.5,0.26703984538101044,False
A,0.5,0.13990022015936865,False
A,0.5,0.0,False
A,0.5,0.009625381575521064,False
A,0.5,0.4063300943895456,False
A,0.5,0.0,False
A,0.5,0.0010733276376317935,False
A,0.5,0.798844779629849,True
A,0.5,0.9341670618885638,False
A,0.5,0.2885221327587131,False
A,0.5,0.7333753962033989,True
A,0.5,0.0,False
A,0.5,0.12552670871164084,False
A,0.5,0.0,False
A,0.5,0.568707450148154,False
A,0.5,0.0,False
A,0.5,0.3106025871958643,False
A,0.5,0.5039450984574853,False
A,0.5,0.917501217405666,True
A,0.5,0.7497438717613842,True
A,0.5,0.7819902019834715,True
A,0.5,0.0,False
A,0.5,0.03918296937620214,False
A,0.5,0.0,False
A,0.5,0.9249268463711718,True
A,0.5,0.6687578816301655,False
A,0.5,0.38728886006364205,False
A,0.5,0.3889640824118227,False
A,0.5,0.0,False
A,0.5,0.22111276183254935,False
A,0.5,0.5331030977159423,False
A,0.5,0.1774566361533232,False
A,0.5,0.010558228107175549,False
A,0.5,0.18988627514478462,False
A,0.5,0.7302999318044129,False
A,0.5,0.0,False
A,0.5,0.5128412314722228,False
A,0.5,0.0,False
A,0.5,0.0,False
A,0.5,0.06482604550897642,False
A,0.5,0.0,False
A,0.5,0.1595350609808156,False
A,0.5,0.0951163724994949,False
A,0.5,0.5728385954959655,False
A,0.5,0.7659464692343527,True
A,0.5,0.0,False
A,0.5,0.9191871274971403,True
A,0.5,0.3946342831650832,False
A,0.5,0.4409359674902974,False
A,0.5,0.7408006025089195,True
A,0.5,0.8668524370342197,True
A,0.5,0.0,False
A,0.5,0.6068890028441002,False
A,0.5,0.9466235228811973,True
A,0.5,0.9083962314484937,True
A,0.5,0.40517796397064965,False
A,0.5,0.03195521876314955,False
A,0.5,0.5017993243645819,True
A,0.5,0.9570376310191379,True
A,0.5,0.0,False
A,0.5,0.0,False
A,0.5,0.8515980488935062,True
A,0.5,0.6272037492235819,False
A,0.5,0.8628739275914711,True
A,0.5,0.0,False
A,0.5,0.4929365647134576,False
A,0.5,0.0,False
A,0.5,0.2306105333450832,False
A,0.5,0.0,False
A,0.5,0.0,False
A,0.5,0.0,False
A,0.5,0.5631787721736792,False
A,0.5,0.5000861310446286,False
A,0.5,0.0446013887281409,False
A,0.5,0.7417095143033269,False
A,0.5,0.6827844455960408,False
A,0.5,0.0,False
A,0.5,0.35871213808038993,False
A,0.5,0.43834994061813615,False
A,0.5,0.28607076460408964,False
A,0.5,0.7184560347336976,True
A,0.5,0.12749928537471833,False
A,0.5,0.0,False
A,0.5,0.25354922932703083,False
A,0.5,0.09174616486224829,False
A,0.5,0.467486712738981,False
A,0.5,0.41490680176674655,False
A,0.5,0.9740079448781233,True
A,0.5,0.0,False
A,0.5,0.47421339833166665,False
A,0.5,0.09586495049174515,False
A,0.5,0.0,False
A,0.5,0.0,False
A,0.5,0.5775758775602139,False
A,0.5,0.0,False
A,0.5,0.044126414279065496,False
A,0.5,0.07344409152001685,False
A,0.5,0.9006735337696747,True
A,0.5,0.2600275615548715,False
A,0.5,0.746650900518364,True
A,0.5,0.0,False
A,0.5,0.6527269358895562,False
A,0.5,0.050410882292375,False
A,0.5,0.4595671707888416,False
A,0.5,0.5159329711787357,False
A,0.5,0.5766903276061206,False
A,0.5,0.6821565205099176,False
A,0.5,0.442881221854983,False
A,0.5,0.9097453300368077,True
A,0.5,0.7065393442208157,False
A,0.5,0.0,False
A,0.5,0.2531425893164918,False
A,0.5,0.0,False
A,0.5,0.7498162572919845,False
A,0.5,0.0,False
A,0.5,0.36727932184155077,False
A,0.5,0.2139461504665755,False
A,0.5,0.5223247097182899,False
A,0.5,0.857948078164705,False
A,0.5,0.21800406061254296,False
A,0.5,0.0,False
A,0.5,0.2277560366229342,False
A,0.5,0.0,False
A,0.5,0.6146121105514513,False
A,0.5,0.7964736636083873,False
A,0.5,0.0,False
A,0.5,0.6315747623261156,False
A,0.5,0.0,False
A,0.5,0.0,False
A,0.5,0.681306309116194,False
A,0.5,0.0,False
A,0.5,0.0,False
A,0.5,0.4432335712798767,False
A,0.5,0.6993256799961293,False
A,0.5,0.46111907300601773,False
A,0.5,0.33070319170339235,False
A,0.5,0.2096938339193748,False
A,0.5,0.0,False
A,0.5,0.7777691500707403,True
A,0.5,0.0,False
A,0.5,0.0,False
A,0.5,0.0,False
A,0.5,0.6738154668869615,False
A,0.5,0.523544250351994,False
A,0.5,0.0,False
A,0.5,0.5883446183697051,False
A,0.5,0.0,False
A,0.5,0.0,False
A,0.5,0.0,False
A,0.5,0.5621277864972969,False
A,0.5,0.0,False
A,0.5,0.37205727485293205,False
A,0.5,0.0,False
A,0.5,0.0,False
A,0.5,0.6458339773339054,False
A,0.5,0.34124940609098053,False
A,0.5,0.7676871573380918,True
A,0.5,0.6179341841823089,False
A,0.5,0.31707259154211487,False
A,0.5,0.3503952609111709,False
A,0.5,0.6377386461058355,True
A,0.5,0.9312310586334631,True
A,0.5,0.0,False
A,0.5,0.9740693660959236,True
A,0.5,0.7662764694198073,False
A,0.5,0.5604493209375129,False
A,0.5,0.2844462255548893,False
A,0.5,0.08312682846712494,False
A,0.5,0.7550051486438079,False
A,0.5,0.0,False
A,0.5,0.8309731317389822,False
A,0.5,0.14802867369852235,False
A,0.5,0.6530835250435231,False
A,0.5,0.9974738426660312,True
A,0.5,0.0,False
A,0.5,0.2270350007595885,False
A,0.5,0.7550298209659912,True
A,0.5,0.9708225007331867,True
A,0.5,0.2900407259555696,False
A,0.5,0.8771804204044148,True
A,0.5,0.6225639362208338,False
A,0.5,0.42968505522835876,False
A,0.5,0.5594625373183378,True
A,0.5,0.05948776999619798,False
A,0.5,0.2585095429604142,False
A,0.5,0.14435453755381233,False
A,0.5,0.6622328668791394,True
A,0.5,0.3413431585949054,False
A,0.5,0.7416365974829284,True
A,0.5,0.0,False
A,0.5,0.0,False
A,0.5,0.5104694121147274,False
A,0.5,0.049851178230480575,False
A,0.5,0.0,False
A,0.5,0.5058461277094469,True
A,0.5,0.09377458550057594,False
A,0.5,0.532100622619079,False
A,0.5,0.0,False
A,0.5,0.27263124898401747,False
A,0.5,0.0,False
A,0.5,0.9634437988224106,True
A,0.5,0.7394569851686627,False
A,0.5,0.8467526728679097,True
A,0.5,0.0,False
A,0.5,0.29918677460192544,False
A,0.5,0.5044834781612697,False
A,0.5,0.2294045670352438,False
A,0.5,0.119604115986233,False
A,0.5,0.28188092749951865,False
A,0.5,0.31315932261368407,False
A,0.5,0.0,False
A,0.5,0.23428960515070807,False
A,0.5,0.0,False
A,0.5,0.5000910221984305,False
A,0.5,0.8769024387561225,True
A,0.5,0.29556893798141204,False
A,0.5,0.3259141172737191,False
A,0.5,0.9856256162381659,True
A,0.5,0.7588567114867564,True
A,0.5,0.0,False
A,0.5,0.30807509273771094,False
A,0.5,0.0,False
A,0.5,0.9303647267424071,True
A,0.5,0.9289336201850861,True
A,0.5,0.39600210672541236,False
A,0.5,0.0,False
A,0.5,0.035415985998081156,False
A,0.5,0.0,False
A,0.5,0.6312635810451294,False
A,0.5,0.0,False
A,0.5,0.4402550476575171,False
A,0.5,0.0,False
A,0.5,0.7315674167328904,False
A,0.5,0.16012140695776966,False
A,0.5,0.9520562420112799,True
A,0.5,0.3130264618394669,False
A,0.5,0.0,False
A,0.5,0.041355647505784465,False
A,0.5,0.0,False
A,0.5,0.0,False
A,0.5,0.18245003680906535,False
A,0.5,0.8376051090171325,True
A,0.5,0.5414486190951452,False
A,0.5,0.547497871737159,False
A,0.5,0.6773290295311751,True
A,0.5,0.745467864443571,True
A,0.5,0.8354669628138728,True
A,0.5,0.3550458489051077,False
A,0.5,0.7195415917407041,True
A,0.5,0.7408054707784141,True
A,0.5,0.9853057806201284,True
A,0.5,0.3505415550180423,False
A,0.5,0.3751802687667892,False
A,0.5,0.6211110483844781,False
A,0.5,0.9396641693006903,True
A,0.5,0.0,False
A,0.5,0.0,False
A,0.5,0.3626612054747995,False
A,0.5,0.1782372454915363,False
A,0.5,0.0,False
A,0.5,0.20862174015676116,False
A,0.5,0.0,False
A,0.5,0.0,False
A,0.5,0.2163191756912226,False
A,0.5,0.9931586228067151,True
A,0.5,0.9986956049981965,True
A,0.5,0.029385206669883646,False
A,0.5,0.0,False
A,0.5,0.0,False
A,0.5,0.7508286985574926,True
A,0.5,0.9722242025346466,True
A,0.5,0.0,False
A,0.5,0.6489187917260366,False
A,0.5,0.7441521565207941,True
A,0.5,0.0,False
A,0.5,0.36941326086551185,False
A,0.5,0.0,False
A,0.5,0.0,False
A,0.5,0.6018818056077537,False
A,0.5,0.12361640841728871,False
A,0.5,0.7763918977634249,False
A,0.5,0.862694426871353,False
A,0.5,0.08777735842257695,False
A,0.5,0.3866043967442757,False
A,0.5,0.1857018365635995,False
A,0.5,0.7243742982113472,True
A,0.5,0.0,False
A,0.5,0.004731172519195304,False
A,0.5,0.6893667692215466,True
A,0.5,0.0,False
A,0.5,0.6654426987005394,False
A,0.5,0.47678850963492647,False
A,0.5,0.47999261333916843,False
A,0.5,0.9863833761618085,True
A,0.5,0.5180923272758632,False
A,0.5,0.22959740011166452,False
A,0.5,0.0,False
A,0.5,0.19934272247697205,False
A,0.5,0.7537148420969634,False
A,0.5,0.33093181573571373,False
A,0.5,0.0,False
A,0.5,0.45884629179943714,False
A,0.5,0.9582133441028555,True
A,0.5,0.48571126237102435,False
A,0.5,0.39523020657110985,False
A,0.5,0.9533801425605842,True
A,0.5,0.0,False
A,0.5,0.8597672338736594,True
A,0.5,0.0,False
A,0.5,0.2324001433829932,False
A,0.5,0.28749929821378495,False
A,0.5,0.9001619615680726,False
A,0.5,0.06093325435044017,False
A,0.5,0.2890337773968219,False
A,0.5,0.0,False
A,0.5,0.9431723413679843,True
A,0.5,0.10341859302158829,False
A,0.5,0.5896531846049217,False
A,0.5,0.30072055110818585,False
A,0.5,0.0,False
A,0.5,0.0,False
A,0.5,0.4299536184519944,False
A,0.5,0.8601621777634588,True
A,0.5,0.5039083936833434,False
A,0.5,0.2931935839295078,False
A,0.5,0.727114334386582,True
A,0.5,0.8031745908051526,True
A,0.5,0.0,False
A,0.5,0.0,False
A,0.5,0.0,False
A,0.5,0.23193504560600608,False
A,0.5,0.30574826735546234,False
A,0.5,0.0,False
A,0.5,0.0,False
A,0.5,0.0,False
A,0.5,0.5206053742726188,False
A,0.5,0.0,False
A,0.5,0.0,False
A,0.5,0.660925192629207,False
A,0.5,0.0,False
A,0.5,0.0,False
A,0.5,0.18215652750014655,False
A,0.5,0.0,False
A,0.5,0.8997506513863033,True
A,0.5,0.140544082079184,False
A,0.5,0.0,False
A,0.5,0.7979280220454027,False
A,0.5,0.5563985777582092,False
A,0.5,0.4047994294986934,False
A,0.5,0.8059318955684144,False
A,0.5,0.02359194910751572,False
A,0.5,0.8165829987317125,False
A,0.5,0.37787397955647173,False
A,0.5,0.0,False
A,0.5,0.8546337197145463,True
A,0.5,0.9556914946567198,True
A,0.5,0.7841922967821687,True
A,0.5,0.33169696842844665,False
A,0.5,0.20465918169526065,False
A,0.5,0.0,False
A,0.5,0.17234165200187979,False
A,0.5,0.297710477684868,False
A,0.5,0.0,False
A,0.5,0.47077181694158343,False
A,0.5,0.12081047303883408,False
A,0.5,0.0,False
A,0.5,0.2949727244007181,False
A,0.5,0.6077150483794787,False
A,0.5,0.5733865634274609,False
A,0.5,0.2315024928995677,False
A,0.5,0.19765888549260469,False
A,0.5,0.29467877379280627,False
A,0.5,0.6624495822510515,True
A,0.5,0.5324140272781213,False
A,0.5,0.28390610241108516,False
A,0.5,0.42672683120906574,False
A,0.5,0.9149063813927585,True
A,0.5,0.0717452865683692,False
A,0.5,0.3504110684712002,False
A,0.5,0.7337979277462428,True
A,0.5,0.15504058027179457,False
A,0.5,0.0,False
A,0.5,0.0,False
A,0.5,0.4954109219271482,False
A,0.5,0.3833765580659897,False
A,0.5,0.37331250701716134,False
A,0.5,0.3913409618506588,False
A,0.5,0.9259067779820048,True
A,0.5,0.02090559836862249,False
A,0.5,0.3284768237951533,False
A,0.5,0.0,False
A,0.5,0.7929453724330436,True
A,0.5,0.018749192793631297,False
A,0.5,0.09280401337810895,False
A,0.5,0.003774978715910704,False
A,0.5,0.0,False
A,0.5,0.885319800370304,True
A,0.5,0.18778731087662937,False
A,0.5,0.0,False
A,0.5,0.9865774316098462,True
A,0.5,0.4710922995941813,False
A,0.5,0.03142594817188504,False
A,0.5,0.0,False
A,0.5,0.0,False
A,0.5,0.6110486697019206,False
A,0.5,0.4212508104984094,False
A,0.5,0.5934074032861317,False
A,0.5,0.2384420367963942,False
A,0.5,0.0,False
A,0.5,0.0,False
A,0.5,0.0,False
A,0.5,0.07466707833597264,False
A,0.5,0.2711765583394976,False
A,0.5,0.32303066375699885,False
A,0.5,0.1954687425786369,False
A,0.5,0.0,False
A,0.5,0.0,False
A,0.5,0.872547351929287,True
A,0.5,0.10997259313065832,False
A,0.5,0.8770774442954973,True
A,0.5,0.0,False
A,0.5,0.3750845839617487,False
A,0.5,0.8951904479098864,True
A,0.5,0.6533687455276637,False
A,0.5,0.2826802589623031,False
A,0.5,0.0,False
A,0.5,0.5782178962477553,False
A,0.5,0.3183156797101826,False
A,0.5,0.0,False
A,0.5,0.0,False
A,0.5,0.6024049463837172,False
A,0.5,0.0,False
A,0.5,0.0,False
A,0.5,0.4455016388121926,False
A,0.5,0.4194766761381655,False
A,0.5,0.1335094844871998,False
A,0.5,0.0,False
A,0.5,0.3168211089322609,False
A,0.5,0.0,False
A,0.5,0.0,False
A,0.5,0.65601860965797,True
A,0.5,0.0,False
A,0.5,0.4731934305579767,False
A,0.5,0.0,False
A,0.5,0.0,False
A,0.5,0.9240070828713349,True
A,0.5,0.21390107263316538,False
A,0.5,0.6240839238335688,False
A,0.5,0.10250986683316765,False
A,0.5,0.0,False
A,0.5,0.4887006124113715,False
A,0.5,0.5505367232529238,False
A,0.5,0.11493887033227601,False
A,0.5,0.7306102940072385,False
A,0.5,0.12839472046366995,False
A,0.5,0.38411607161484873,False
A,0.5,0.19167522462230413,False
A,0.5,0.0,False
A,0.5,0.40386248282878545,False
A,0.5,0.7542961761452902,True
A,0.5,0.7803939329910485,True
A,0.5,0.17778850911702526,False
A,0.5,0.2853441150613515,False
A,0.5,0.17203808418861577,False
A,0.5,0.9748855387199995,True
A,0.5,0.13366286631508362,False
A,0.5,0.3356908353746999,False
A,0.5,0.7810162139834885,False
A,0.5,0.6297628476313114,False
A,0.5,0.3427849046133079,False
A,0.5,0.15205578507458084,False
A,0.5,0.0,False
A,0.5,0.9379077690925428,False
A,0.5,0.0,False
A,0.5,0.0,False
A,0.5,0.0,False
A,0.5,0.41998339298292053,False
A,0.5,0.01963746789074794,False
A,0.5,0.2769695473260956,False
A,0.5,0.0,False
A,0.5,0.08360423846943987,False
A,0.5,0.6139713275546035,True
A,0.5,0.6826603796596109,True
A,0.5,0.0,False
A,0.5,0.4192042386722491,False
A,0.5,0.09529068564956478,False
A,0.5,0.0,False
A,0.5,0.6223280692944975,False
A,0.5,0.8945252503959462,True
A,0.5,0.6116136801324411,False
A,0.5,0.0,False
A,0.5,0.42628188672090717,False
A,0.5,0.17156702095739795,False
A,0.5,0.28905486500840705,False
A,0.5,0.0,False
A,0.5,0.0,False
A,0.5,0.0,False
A,0.5,0.0,False
A,0.5,0.24903676270442066,False
A,0.5,0.0,False
A,0.5,0.0,False
A,0.5,0.5326867803336707,False
A,0.5,0.3279491629488833,False
A,0.5,0.5939001136306608,True
A,0.5,0.0,False
A,0.5,0.0,False
A,0.5,0.9053092957070245,True
A,0.5,0.0,False
A,0.5,0.0,False
A,0.5,0.2686660516258256,False
A,0.5,0.0,False
A,0.5,0.0,False
A,0.5,0.22705736230028772,False
A,0.5,0.9169191236201311,True
A,0.5,0.0,False
A,0.5,0.0,False
A,0.5,0.0,False
A,0.5,0.0,False
A,0.5,0.0,False
A,0.5,0.8169105724821386,True
A,0.5,0.0,False
A,0.5,0.45687736847338034,False
A,0.5,0.7325371074939713,False
A,0.5,0.4829638499430491,True
A,0.5,0.0,False
A,0.5,0.22150342578885607,False
A,0.5,0.36363117776051035,False
A,0.5,0.0930301516344253,False
A,0.5,0.13370128098093592,False
A,0.5,0.0,False
A,0.5,0.7175230776573913,False
A,0.5,0.33530691724926787,False
A,0.5,0.4346202629984718,False
A,0.5,0.0,False
A,0.5,0.7182608385181236,False
A,0.5,0.0,False
A,0.5,0.2670691476672856,False
A,0.5,0.22453434082286927,False
A,0.5,0.8157877251422352,False
A,0.5,0.5719700950559148,False
A,0.5,0.14035457020446762,False
A,0.5,0.0,False
A,0.5,0.056358755361945456,False
A,0.5,0.0,False
A,0.5,0.4515894701829545,False
A,0.5,0.1847588107262791,False
A,0.5,0.0,False
A,0.5,0.03530065723971443,False
A,0.5,0.3018210905049712,False
A,0.5,0.3923132522228061,False
A,0.5,0.7827051950741931,True
A,0.5,0.43043691918031557,False
A,0.5,0.6051742910164166,False
A,0.5,0.04716564592961536,False
A,0.5,0.0,False
A,0.5,0.0,False
A,0.5,0.0,False
A,0.5,0.658858317326422,False
A,0.5,0.28214925998126994,False
A,0.5,0.21188939498815118,False
A,0.5,0.7988826500767313,False
A,0.5,0.0,False
A,0.5,0.06266772945850452,False
A,0.5,0.0,False
A,0.5,0.0,False
A,0.5,0.4285236976428518,False
A,0.5,0.07588785896817107,False
A,0.5,0.15855914033325125,False
A,0.5,0.04127836593277456,False
A,0.5,0.32092139729359115,False
A,0.5,0.3220494822022347,False
A,0.5,0.13189836142909805,False
A,0.5,0.0,False
A,0.5,0.9384485896168142,True
A,0.5,0.4223457343123652,False
A,0.5,0.7782499627645725,False
A,0.5,0.6177952957172328,False
A,0.5,0.0,False
A,0.5,0.21919727772724762,False
A,0.5,0.26227431059308626,False
A,0.5,0.18284354864170038,False
A,0.5,0.8181680186758383,True
A,0.5,0.0,False
A,0.5,0.06149764967789895,False
A,0.5,0.6808034354373977,True
A,0.5,0.0,False
A,0.5,0.0,False
A,0.5,0.04640777699062726,False
A,0.5,0.48275578436692423,False
A,0.5,0.4749636841408009,False
A,0.5,0.0,False
A,0.5,0.0,False
A,0.5,0.8406942905251803,False
A,0.5,0.0,False
A,0.5,0.14385879103564825,False
A,0.5,0.0,False
A,0.5,0.12468876362688952,False
A,0.5,0.7341371927345111,False
A,0.5,0.0,False
A,0.5,0.34273550430499156,False
A,0.5,0.26703984538101044,False
A,0.5,0.13990022015936865,False
A,0.5,0.0,False
A,0.5,0.009625381575521064,False
A,0.5,0.4063300943895456,False
A,0.5,0.0,False
A,0.5,0.0010733276376317935,False
A,0.5,0.798844779629849,True
A,0.5,0.9341670618885638,False
A,0.5,0.2885221327587131,False
A,0.5,0.7333753962033989,True
A,0.5,0.0,False
A,0.5,0.12552670871164084,False
A,0.5,0.0,False
A,0.5,0.568707450148154,False
A,0.5,0.0,False
A,0.5,0.3106025871958643,False
A,0.5,0.5039450984574853,False
A,0.5,0.917501217405666,True
A,0.5,0.7497438717613842,True
A,0.5,0.7819902019834715,True
A,0.5,0.0,False
A,0.5,0.03918296937620214,False
A,0.5,0.0,False
A,0.5,0.9249268463711718,True
A,0.5,0.6687578816301655,False
A,0.5,0.38728886006364205,False
A,0.5,0.3889640824118227,False
A,0.5,0.0,False
A,0.5,0.22111276183254935,False
A,0.5,0.5331030977159423,False
A,0.5,0.1774566361533232,False
A,0.5,0.010558228107175549,False
A,0.5,0.18988627514478462,False
A,0.5,0.7302999318044129,False
A,0.5,0.0,False
A,0.5,0.5128412314722228,False
A,0.5,0.0,False
A,0.5,0.0,False
A,0.5,0.06482604550897642,False
A,0.5,0.0,False
A,0.5,0.1595350609808156,False
A,0.5,0.0951163724994949,False
A,0.5,0.5728385954959655,False
A,0.5,0.7659464692343527,True
A,0.5,0.0,False
A,0.5,0.9191871274971403,True
A,0.5,0.3946342831650832,False
A,0.5,0.4409359674902974,False
A,0.5,0.7408006025089195,False
A,0.5,0.8668524370342197,True
A,0.5,0.0,False
A,0.5,0.6068890028441002,False
A,0.5,0.9466235228811973,True
A,0.5,0.9083962314484937,True
A,0.5,0.40517796397064965,False
A,0.5,0.03195521876314955,False
A,0.5,0.5017993243645819,True
A,0.5,0.9570376310191379,True
A,0.5,0.0,False
A,0.5,0.0,False
A,0.5,0.8515980488935062,True
A,0.5,0.6272037492235819,False
A,0.5,0.8628739275914711,True
A,0.5,0.0,False
A,0.5,0.4929365647134576,False
A,0.5,0.0,False
A,0.5,0.2306105333450832,False
A,0.5,0.0,False
A,0.5,0.0,False
A,0.5,0.0,False
A,0.5,0.5631787721736792,False
A,0.5,0.5000861310446286,False
A,0.5,0.0446013887281409,False
A,0.5,0.7417095143033269,False
A,0.5,0.6827844455960408,False
A,0.5,0.0,False
A,0.5,0.35871213808038993,False
A,0.5,0.43834994061813615,False
A,0.5,0.28607076460408964,False
A,0.5,0.7184560347336976,False
A,0.5,0.12749928537471833,False
A,0.5,0.0,False
A,0.5,0.25354922932703083,False
A,0.5,0.09174616486224829,False
A,0.5,0.467486712738981,False
A,0.5,0.41490680176674655,False
A,0.5,0.9740079448781233,True
A,0.5,0.0,False
A,0.5,0.47421339833166665,False
A,0.5,0.09586495049174515,False
A,0.5,0.0,False
A,0.5,0.0,False
A,0.5,0.5775758775602139,False
A,0.5,0.0,False
A,0.5,0.044126414279065496,False
A,0.5,0.07344409152001685,False
A,0.5,0.9006735337696747,True
A,0.5,0.2600275615548715,False
A,0.5,0.746650900518364,True
A,0.5,0.0,False
A,0.5,0.6527269358895562,False
A,0.5,0.050410882292375,False
A,0.5,0.4595671707888416,False
A,0.5,0.5159329711787357,False
A,0.5,0.5766903276061206,False
A,0.5,0.6821565205099176,True
A,0.5,0.442881221854983,False
A,0.5,0.9097453300368077,True
A,0.5,0.7065393442208157,False
A,0.5,0.0,False
A,0.5,0.2531425893164918,False
A,0.5,0.0,False
A,0.5,0.7498162572919845,False
A,0.5,0.0,False
A,0.5,0.36727932184155077,False
A,0.5,0.2139461504665755,False
A,0.5,0.5223247097182899,True
A,0.5,0.857948078164705,False
A,0.5,0.21800406061254296,False
A,0.5,0.0,False
A,0.5,0.2277560366229342,False
A,0.5,0.0,False
A,0.5,0.6146121105514513,False
A,0.5,0.7964736636083873,False
A,0.5,0.0,False
A,0.5,0.6315747623261156,False
A,0.5,0.0,False
A,0.5,0.0,False
A,0.5,0.681306309116194,False
A,0.5,0.0,False
A,0.5,0.0,False
A,0.5,0.4432335712798767,False
A,0.5,0.6993256799961293,False
A,0.5,0.46111907300601773,False
A,0.5,0.33070319170339235,False
A,0.5,0.2096938339193748,False
A,0.5,0.0,False
A,0.5,0.7777691500707403,True
A,0.5,0.0,False
A,0.5,0.0,False
A,0.5,0.0,False
A,0.5,0.6738154668869615,False
A,0.5,0.523544250351994,False
A,0.5,0.0,False
A,0.5,0.5883446183697051,False
A,0.5,0.0,False
A,0.5,0.0,False
A,0.5,0.0,False
A,0.5,0.5621277864972969,False
A,0.5,0.0,False
A,0.5,0.37205727485293205,False
A,0.5,0.0,False
A,0.5,0.0,False
A,0.5,0.6458339773339054,False
A,0.5,0.34124940609098053,False
A,0.5,0.7676871573380918,True
A,0.5,0.6179341841823089,False
A,0.5,0.31707259154211487,False
A,0.5,0.3503952609111709,False
A,0.5,0.6377386461058355,False
A,0.5,0.9312310586334631,True
A,0.5,0.0,False
A,0.5,0.9740693660959236,True
A,0.5,0.7662764694198073,False
A,0.5,0.5604493209375129,False
A,0.5,0.2844462255548893,False
A,0.5,0.08312682846712494,False
A,0.5,0.7550051486438079,False
A,0.5,0.0,False
A,0.5,0.8309731317389822,False
A,0.5,0.14802867369852235,False
A,0.5,0.6530835250435231,False
A,0.5,0.9974738426660312,True
A,0.5,0.0,False
A,0.5,0.2270350007595885,False
A,0.5,0.7550298209659912,True
A,0.5,0.9708225007331867,True
A,0.5,0.2900407259555696,False
A,0.5,0.8771804204044148,True
A,0.5,0.6225639362208338,False
A,0.5,0.42968505522835876,False
A,0.5,0.5594625373183378,True
A,0.5,0.05948776999619798,False
A,0.5,0.2585095429604142,False
A,0.5,0.14435453755381233,False
A,0.5,0.6622328668791394,True
A,0.5,0.3413431585949054,False
A,0.5,0.7416365974829284,True
A,0.5,0.0,False
A,0.5,0.0,False
A,0.5,0.5104694121147274,False
A,0.5,0.049851178230480575,False
A,0.5,0.0,False
A,0.5,0.5058461277094469,True
A,0.5,0.09377458550057594,False
A,0.5,0.532100622619079,False
A,0.5,0.0,False
A,0.5,0.27263124898401747,False
A,0.5,0.0,False
A,0.5,0.9634437988224106,True
A,0.5,0.7394569851686627,False
A,0.5,0.8467526728679097,True
A,0.5,0.0,False
A,0.5,0.29918677460192544,False
A,0.5,0.5044834781612697,False
A,0.5,0.2294045670352438,False
A,0.5,0.119604115986233,False
A,0.5,0.28188092749951865,False
A,0.5,0.31315932261368407,False
A,0.5,0.0,False
A,0.5,0.23428960515070807,False
A,0.5,0.0,False
A,0.5,0.5000910221984305,False
A,0.5,0.8769024387561225,True
A,0.5,0.29556893798141204,False
A,0.5,0.3259141172737191,False
A,0.5,0.9856256162381659,True
A,0.5,0.7588567114867564,True
A,0.5,0.0,False
A,0.5,0.30807509273771094,False
A,0.5,0.0,False
A,0.5,0.9303647267424071,True
A,0.5,0.9289336201850861,False
A,0.5,0.39600210672541236,False
A,0.5,0.0,False
A,0.5,0.035415985998081156,False
A,0.5,0.0,False
A,0.5,0.6312635810451294,False
A,0.5,0.0,False
A,0.5,0.4402550476575171,False
A,0.5,0.0,False
A,0.5,0.7315674167328904,True
A,0.5,0.16012140695776966,False
A,0.5,0.9520562420112799,True
A,0.5,0.3130264618394669,False
A,0.5,0.0,False
A,0.5,0.041355647505784465,False
A,0.5,0.0,False
A,0.5,0.0,False
A,0.5,0.18245003680906535,False
A,0.5,0.8376051090171325,True
A,0.5,0.5414486190951452,False
A,0.5,0.547497871737159,True
A,0.5,0.6773290295311751,True
A,0.5,0.745467864443571,True
A,0.5,0.8354669628138728,True
A,0.5,0.3550458489051077,False
A,0.5,0.7195415917407041,True
A,0.5,0.7408054707784141,True
A,0.5,0.9853057806201284,True
A,0.5,0.3505415550180423,False
A,0.5,0.3751802687667892,False
A,0.5,0.6211110483844781,False
A,0.5,0.9396641693006903,False
A,0.5,0.0,False
A,0.5,0.0,False
A,0.5,0.3626612054747995,False
A,0.5,0.1782372454915363,False
A,0.5,0.0,False
A,0.5,0.20862174015676116,False
A,0.5,0.0,False
A,0.5,0.0,False
A,0.5,0.2163191756912226,False
A,0.5,0.9931586228067151,True
A,0.5,0.9986956049981965,True
A,0.5,0.029385206669883646,False
A,0.5,0.0,False
A,0.5,0.0,False
A,0.5,0.7508286985574926,False
A,0.5,0.9722242025346466,True
A,0.5,0.0,False
A,0.5,0.6489187917260366,True
A,0.5,0.7441521565207941,True
A,0.5,0.0,False
A,0.5,0.36941326086551185,False
A,0.5,0.0,False
A,0.5,0.0,False
A,0.5,0.6018818056077537,False
A,0.5,0.12361640841728871,False
A,0.5,0.7763918977634249,False
A,0.5,0.862694426871353,False
A,0.5,0.08777735842257695,False
A,0.5,0.3866043967442757,False
A,0.5,0.1857018365635995,False
A,0.5,0.7243742982113472,True
A,0.5,0.0,False
A,0.5,0.004731172519195304,False
A,0.5,0.6893667692215466,True
A,0.5,0.0,False
A,0.5,0.6654426987005394,False
A,0.5,0.47678850963492647,False
A,0.5,0.47999261333916843,False
A,0.5,0.9863833761618085,True
A,0.5,0.5180923272758632,False
A,0.5,0.22959740011166452,False
A,0.5,0.0,False
A,0.5,0.19934272247697205,False
A,0.5,0.7537148420969634,False
A,0.5,0.33093181573571373,False
A,0.5,0.0,False
A,0.5,0.45884629179943714,False
A,0.5,0.9582133441028555,True
A,0.5,0.48571126237102435,False
A,0.5,0.39523020657110985,False
A,0.5,0.9533801425605842,True
A,0.5,0.0,False
A,0.5,0.8597672338736594,True
A,0.5,0.0,False
A,0.5,0.2324001433829932,False
A,0.5,0.28749929821378495,False
A,0.5,0.9001619615680726,True
A,0.5,0.06093325435044017,False
A,0.5,0.2890337773968219,False
A,0.5,0.0,False
A,0.5,0.9431723413679843,True
A,0.5,0.10341859302158829,False
A,0.5,0.5896531846049217,False
A,0.5,0.30072055110818585,False
A,0.5,0.0,False
A,0.5,0.0,False
A,0.5,0.4299536184519944,False
A,0.5,0.8601621777634588,True
A,0.5,0.5039083936833434,False
A,0.5,0.2931935839295078,False
A,0.5,0.727114334386582,True
A,0.5,0.8031745908051526,True
A,0.5,0.0,False
A,0.5,0.0,False
A,0.5,0.0,False
A,0.5,0.23193504560600608,False
A,0.5,0.30574826735546234,False
A,0.5,0.0,False
A,0.5,0.0,False
A,0.5,0.0,False
A,0.5,0.5206053742726188,False
A,0.5,0.0,False
A,0.5,0.0,False
A,0.5,0.660925192629207,False
A,0.5,0.0,False
A,0.5,0.0,False
A,0.5,0.18215652750014655,False
A,0.5,0.0,False
A,0.5,0.8997506513863033,True
A,0.5,0.140544082079184,False
A,0.5,0.0,False
A,0.5,0.7979280220454027,False
A,0.5,0.5563985777582092,False
A,0.5,0.4047994294986934,False
A,0.5,0.8059318955684144,False
A,0.5,0.02359194910751572,False
A,0.5,0.8165829987317125,True
A,0.5,0.37787397955647173,False
A,0.5,0.0,False
A,0.5,0.8546337197145463,True
A,0.5,0.9556914946567198,True
A,0.5,0.7841922967821687,True
A,0.5,0.33169696842844665,False
A,0.5,0.20465918169526065,False
A,0.5,0.0,False
A,0.5,0.17234165200187979,False
A,0.5,0.297710477684868,False
A,0.5,0.0,False
A,0.5,0.47077181694158343,False
A,0.5,0.12081047303883408,False
A,0.5,0.0,False
A,0.5,0.2949727244007181,False
A,0.5,0.6077150483794787,False
A,0.5,0.5733865634274609,False
A,0.5,0.2315024928995677,False
A,0.5,0.19765888549260469,False
A,0.5,0.29467877379280627,False
A,0.5,0.6624495822510515,True
A,0.5,0.5324140272781213,False
A,0.5,0.28390610241108516,False
A,0.5,0.42672683120906574,False
A,0.5,0.9149063813927585,True
A,0.5,0.0717452865683692,False
A,0.5,0.3504110684712002,False
A,0.5,0.7337979277462428,True
A,0.5,0.15504058027179457,False
A,0.5,0.0,False
A,0.5,0.0,False
A,0.5,0.4954109219271482,False
A,0.5,0.3833765580659897,False
A,0.5,0.37331250701716134,False
A,0.5,0.3913409618506588,False
A,0.5,0.9259067779820048,True
A,0.5,0.02090559836862249,False
A,0.5,0.3284768237951533,False
A,0.5,0.0,False
A,0.5,0.7929453724330436,True
A,0.5,0.018749192793631297,False
A,0.5,0.09280401337810895,False
A,0.5,0.003774978715910704,False
A,0.5,0.0,False
A,0.5,0.885319800370304,True
A,0.5,0.18778731087662937,False
A,0.5,0.0,False
A,0.5,0.9865774316098462,True
A,0.5,0.4710922995941813,False
A,0.5,0.03142594817188504,False
A,0.5,0.0,False
A,0.5,0.0,False
A,0.5,0.6110486697019206,False
A,0.5,0.4212508104984094,False
A,0.5,0.5934074032861317,False
A,0.5,0.2384420367963942,False
A,0.5,0.0,False
A,0.5,0.0,False
A,0.5,0.0,False
A,0.5,0.07466707833597264,False
A,0.5,0.2711765583394976,False
A,0.5,0.32303066375699885,False
A,0.5,0.1954687425786369,False
A,0.5,0.0,False
A,0.5,0.0,False
A,0.5,0.872547351929287,True
A,0.5,0.10997259313065832,False
A,0.5,0.8770774442954973,True
A,0.5,0.0,False
A,0.5,0.3750845839617487,False
A,0.5,0.8951904479098864,True
A,0.5,0.6533687455276637,False
A,0.5,0.2826802589623031,False
A,0.5,0.0,False
A,0.5,0.5782178962477553,False
A,0.5,0.3183156797101826,False
A,0.5,0.0,False
A,0.5,0.0,False
A,0.5,0.6024049463837172,False
A,0.5,0.0,False
A,0.5,0.0,False
A,0.5,0.4455016388121926,False
A,0.5,0.4194766761381655,False
A,0.5,0.1335094844871998,False
A,0.5,0.0,False
A,0.5,0.3168211089322609,False
A,0.5,0.0,False
A,0.5,0.0,False
A,0.5,0.65601860965797,True
A,0.5,0.0,False
A,0.5,0.4731934305579767,False
A,0.5,0.0,False
A,0.5,0.0,False
A,0.5,0.9240070828713349,True
A,0.5,0.21390107263316538,False
A,0.5,0.6240839238335688,False
A,0.5,0.10250986683316765,False
A,0.5,0.0,False
A,0.5,0.4887006124113715,False
A,0.5,0.5505367232529238,False
A,0.5,0.11493887033227601,False
A,0.5,0.7306102940072385,False
A,0.5,0.12839472046366995,False
A,0.5,0.38411607161484873,False
A,0.5,0.19167522462230413,False
A,0.5,0.0,False
A,0.5,0.40386248282878545,False
A,0.5,0.7542961761452902,False
A,0.5,0.7803939329910485,True
A,0.5,0.17778850911702526,False
A,0.5,0.2853441150613515,False
A,0.5,0.17203808418861577,False
A,0.5,0.9748855387199995,True
A,0.5,0.13366286631508362,False
A,0.5,0.3356908353746999,False
A,0.5,0.7810162139834885,True
A,0.5,0.6297628476313114,False
A,0.5,0.3427849046133079,False
A,0.5,0.15205578507458084,False
A,0.5,0.0,False
A,0.5,0.9379077690925428,False
A,0.5,0.0,False
A,0.5,0.0,False
A,0.5,0.0,False
A,0.5,0.41998339298292053,False
A,0.5,0.01963746789074794,False
A,0.5,0.2769695473260956,False
A,0.5,0.0,False
A,0.5,0.08360423846943987,False
A,0.5,0.6139713275546035,True
A,0.5,0.6826603796596109,True
A,0.5,0.0,False
A,0.5,0.4192042386722491,False
A,0.5,0.09529068564956478,False
A,0.5,0.0,False
A,0.5,0.6223280692944975,True
A,0.5,0.8945252503959462,True
A,0.5,0.6116136801324411,False
A,0.5,0.0,False
A,0.5,0.42628188672090717,False
A,0.5,0.17156702095739795,False
A,0.5,0.28905486500840705,False
A,0.5,0.0,False
A,0.5,0.0,False
A,0.5,0.0,False
A,0.5,0.0,False
A,0.5,0.24903676270442066,False
A,0.5,0.0,False
A,0.5,0.0,False
A,0.5,0.5326867803336707,False
A,0.5,0.3279491629488833,False
A,0.5,0.5939001136306608,False
A,0.5,0.0,False
A,0.5,0.0,False
A,0.5,0.9053092957070245,True
A,0.5,0.0,False
A,0.5,0.0,False
A,0.5,0.2686660516258256,False
A,0.5,0.0,False
A,0.5,0.0,False
A,0.5,0.22705736230028772,False
A,0.5,0.9169191236201311,True
A,0.5,0.0,False
A,0.5,0.0,False
A,0.5,0.0,False
A,0.5,0.0,False
A,0.5,0.0,False
A,0.5,0.8169105724821386,True
A,0.5,0.0,False
A,0.5,0.45687736847338034,False
A,0.5,0.7325371074939713,False
A,0.5,0.4829638499430491,True
A,0.5,0.0,False
A,0.5,0.22150342578885607,False
A,0.5,0.36363117776051035,False
A,0.5,0.0930301516344253,False
A,0.5,0.13370128098093592,False
A,0.5,0.0,False
A,0.5,0.7175230776573913,False
A,0.5,0.33530691724926787,False
A,0.5,0.4346202629984718,False
A,0.5,0.0,False
A,0.5,0.7182608385181236,False
A,0.5,0.0,False
A,0.5,0.2670691476672856,False
A,0.5,0.22453434082286927,False
A,0.5,0.8157877251422352,False
A,0.5,0.5719700950559148,False
A,0.5,0.14035457020446762,False
A,0.5,0.0,False
A,0.5,0.056358755361945456,False
A,0.5,0.0,False
A,0.5,0.4515894701829545,False
A,0.5,0.1847588107262791,False
A,0.5,0.0,False
A,0.5,0.03530065723971443,False
A,0.5,0.3018210905049712,False
A,0.5,0.3923132522228061,False
A,0.5,0.7827051950741931,True
A,0.5,0.43043691918031557,False
A,0.5,0.6051742910164166,False
A,0.5,0.04716564592961536,False
A,0.5,0.0,False
A,0.5,0.0,False
A,0.5,0.0,False
A,0.5,0.658858317326422,False
A,0.5,0.28214925998126994,False
A,0.5,0.21188939498815118,False
A,0.5,0.7988826500767313,False
A,0.5,0.0,False
A,0.5,0.06266772945850452,False
A,0.5,0.0,False
A,0.5,0.0,False
A,0.5,0.4285236976428518,False
A,0.5,0.07588785896817107,False
A,0.5,0.15855914033325125,False
A,0.5,0.04127836593277456,False
A,0.5,0.32092139729359115,False
A,0.5,0.3220494822022347,False
A,0.5,0.13189836142909805,False
A,0.5,0.0,False
A,0.5,0.9384485896168142,True
A,0.5,0.4223457343123652,False
A,0.5,0.7782499627645725,False
A,0.5,0.6177952957172328,False
A,0.5,0.0,False
A,0.5,0.21919727772724762,False
A,0.5,0.26227431059308626,False
A,0.5,0.18284354864170038,False
A,0.5,0.8181680186758383,True
A,0.5,0.0,False
A,0.5,0.06149764967789895,False
A,0.5,0.6808034354373977,True
A,0.5,0.0,False
A,0.5,0.0,False
A,0.5,0.04640777699062726,False
A,0.5,0.48275578436692423,False
A,0.5,0.4749636841408009,False
A,0.5,0.0,False
A,0.5,0.0,False
A,0.5,0.8406942905251803,False
A,0.5,0.0,False
A,0.5,0.14385879103564825,False
A,0.5,0.0,False
A,0.5,0.12468876362688952,False
A,0.5,0.7341371927345111,False
A,0.5,0.0,False
A,0.5,0.34273550430499156,False
A,0.5,0.26703984538101044,False
A,0.5,0.13990022015936865,False
A,0.5,0.0,False
A,0.5,0.009625381575521064,False
A,0.5,0.4063300943895456,False
A,0.5,0.0,False
A,0.5,0.0010733276376317935,False
A,0.5,0.798844779629849,True
A,0.5,0.9341670618885638,False
A,0.5,0.2885221327587131,False
A,0.5,0.7333753962033989,True
A,0.5,0.0,False
A,0.5,0.12552670871164084,False
A,0.5,0.0,False
A,0.5,0.568707450148154,False
A,0.5,0.0,False
A,0.5,0.3106025871958643,False
A,0.5,0.5039450984574853,False
A,0.5,0.917501217405666,True
A,0.5,0.7497438717613842,True
A,0.5,0.7819902019834715,True
A,0.5,0.0,False
A,0.5,0.03918296937620214,False
A,0.5,0.0,False
A,0.5,0.9249268463711718,True
A,0.5,0.6687578816301655,False
A,0.5,0.38728886006364205,False
A,0.5,0.3889640824118227,False
A,0.5,0.0,False
A,0.5,0.22111276183254935,False
A,0.5,0.5331030977159423,False
A,0.5,0.1774566361533232,False
A,0.5,0.010558228107175549,False
A,0.5,0.18988627514478462,False
A,0.5,0.7302999318044129,False
A,0.5,0.0,False
A,0.5,0.5128412314722228,False
A,0.5,0.0,False
A,0.5,0.0,False
A,0.5,0.06482604550897642,False
A,0.5,0.0,False
A,0.5,0.1595350609808156,False
A,0.5,0.0951163724994949,False
A,0.5,0.5728385954959655,False
A,0.5,0.7659464692343527,True
A,0.5,0.0,False
A,0.5,0.9191871274971403,True
A,0.5,0.3946342831650832,False
A,0.5,0.4409359674902974,False
A,0.5,0.7408006025089195,False
A,0.5,0.8668524370342197,True
A,0.5,0.0,False
A,0.5,0.6068890028441002,False
A,0.5,0.9466235228811973,True
A,0.5,0.9083962314484937,True
A,0.5,0.40517796397064965,False
A,0.5,0.03195521876314955,False
A,0.5,0.5017993243645819,True
A,0.5,0.9570376310191379,True
A,0.5,0.0,False
A,0.5,0.0,False
A,0.5,0.8515980488935062,True
A,0.5,0.6272037492235819,False
A,0.5,0.8628739275914711,True
A,0.5,0.0,False
A,0.5,0.4929365647134576,False
A,0.5,0.0,False
A,0.5,0.2306105333450832,False
A,0.5,0.0,False
A,0.5,0.0,False
A,0.5,0.0,False
A,0.5,0.5631787721736792,False
A,0.5,0.5000861310446286,False
A,0.5,0.0446013887281409,False
A,0.5,0.7417095143033269,False
A,0.5,0.6827844455960408,False
A,0.5,0.0,False
A,0.5,0.35871213808038993,False
A,0.5,0.43834994061813615,False
A,0.5,0.28607076460408964,False
A,0.5,0.7184560347336976,False
A,0.5,0.12749928537471833,False
A,0.5,0.0,False
A,0.5,0.25354922932703083,False
A,0.5,0.09174616486224829,False
A,0.5,0.467486712738981,False
A,0.5,0.41490680176674655,False
A,0.5,0.9740079448781233,True
A,0.5,0.0,False
A,0.5,0.47421339833166665,False
A,0.5,0.09586495049174515,False
A,0.5,0.0,False
A,0.5,0.0,False
A,0.5,0.5775758775602139,False
A,0.5,0.0,False
A,0.5,0.044126414279065496,False
A,0.5,0.07344409152001685,False
A,0.5,0.9006735337696747,True
A,0.5,0.2600275615548715,False
A,0.5,0.746650900518364,True
A,0.5,0.0,False
A,0.5,0.6527269358895562,False
A,0.5,0.050410882292375,False
A,0.5,0.4595671707888416,False
A,0.5,0.5159329711787357,False
A,0.5,0.5766903276061206,False
A,0.5,0.6821565205099176,True
A,0.5,0.442881221854983,False
A,0.5,0.9097453300368077,True
A,0.5,0.7065393442208157,False
A,0.5,0.0,False
A,0.5,0.2531425893164918,False
A,0.5,0.0,False
A,0.5,0.7498162572919845,False
A,0.5,0.0,False
A,0.5,0.36727932184155077,False
A,0.5,0.2139461504665755,False
A,0.5,0.5223247097182899,False
A,0.5,0.857948078164705,False
A,0.5,0.21800406061254296,False
A,0.5,0.0,False
A,0.5,0.2277560366229342,False
A,0.5,0.0,False
A,0.5,0.6146121105514513,False
A,0.5,0.7964736636083873,False
A,0.5,0.0,False
A,0.5,0.6315747623261156,False
A,0.5,0.0,False
A,0.5,0.0,False
A,0.5,0.681306309116194,False
A,0.5,0.0,False
A,0.5,0.0,False
A,0.5,0.4432335712798767,True
A,0.5,0.6993256799961293,False
A,0.5,0.46111907300601773,False
A,0.5,0.33070319170339235,False
A,0.5,0.2096938339193748,False
A,0.5,0.0,False
A,0.5,0.7777691500707403,False
A,0.5,0.0,False
A,0.5,0.0,False
A,0.5,0.0,False
A,0.5,0.6738154668869615,False
A,0.5,0.523544250351994,False
A,0.5,0.0,False
A,0.5,0.5883446183697051,False
A,0.5,0.0,False
A,0.5,0.0,False
A,0.5,0.0,False
A,0.5,0.5621277864972969,False
A,0.5,0.0,False
A,0.5,0.37205727485293205,False
A,0.5,0.0,False
A,0.5,0.0,False
A,0.5,0.6458339773339054,False
A,0.5,0.34124940609098053,False
A,0.5,0.7676871573380918,True
A,0.5,0.6179341841823089,False
A,0.5,0.31707259154211487,False
A,0.5,0.3503952609111709,False
A,0.5,0.6377386461058355,False
A,0.5,0.9312310586334631,True
A,0.5,0.0,False
A,0.5,0.9740693660959236,True
A,0.5,0.7662764694198073,False
A,0.5,0.5604493209375129,False
A,0.5,0.2844462255548893,False
A,0.5,0.08312682846712494,False
A,0.5,0.7550051486438079,False
A,0.5,0.0,False
A,0.5,0.8309731317389822,False
A,0.5,0.14802867369852235,False
A,0.5,0.6530835250435231,False
A,0.5,0.9974738426660312,True
A,0.5,0.0,False
A,0.5,0.2270350007595885,False
A,0.5,0.7550298209659912,True
A,0.5,0.9708225007331867,True
A,0.5,0.2900407259555696,False
A,0.5,0.8771804204044148,True
A,0.5,0.6225639362208338,False
A,0.5,0.42968505522835876,False
A,0.5,0.5594625373183378,True
A,0.5,0.05948776999619798,False
A,0.5,0.2585095429604142,False
A,0.5,0.14435453755381233,False
A,0.5,0.6622328668791394,True
A,0.5,0.3413431585949054,False
A,0.5,0.7416365974829284,False
A,0.5,0.0,False
A,0.5,0.0,False
A,0.5,0.5104694121147274,False
A,0.5,0.049851178230480575,False
A,0.5,0.0,False
A,0.5,0.5058461277094469,False
A,0.5,0.09377458550057594,False
A,0.5,0.532100622619079,False
A,0.5,0.0,False
A,0.5,0.27263124898401747,False
A,0.5,0.0,False
A,0.5,0.9634437988224106,True
A,0.5,0.7394569851686627,False
A,0.5,0.8467526728679097,True
A,0.5,0.0,False
A,0.5,0.29918677460192544,False
A,0.5,0.5044834781612697,False
A,0.5,0.2294045670352438,False
A,0.5,0.119604115986233,False
A,0.5,0.28188092749951865,False
A,0.5,0.31315932261368407,False
A,0.5,0.0,False
A,0.5,0.23428960515070807,False
A,0.5,0.0,False
A,0.5,0.5000910221984305,False
A,0.5,0.8769024387561225,True
A,0.5,0.29556893798141204,False
A,0.5,0.3259141172737191,False
A,0.5,0.9856256162381659,True
A,0.5,0.7588567114867564,True
A,0.5,0.0,False
A,0.5,0.30807509273771094,False
A,0.5,0.0,False
A,0.5,0.9303647267424071,True
A,0.5,0.9289336201850861,True
A,0.5,0.39600210672541236,False
A,0.5,0.0,False
A,0.5,0.035415985998081156,False
A,0.5,0.0,False
A,0.5,0.6312635810451294,True
A,0.5,0.0,False
A,0.5,0.4402550476575171,False
A,0.5,0.0,False
A,0.5,0.7315674167328904,True
A,0.5,0.16012140695776966,False
A,0.5,0.9520562420112799,True
A,0.5,0.3130264618394669,False
A,0.5,0.0,False
A,0.5,0.041355647505784465,False
A,0.5,0.0,False
A,0.5,0.0,False
A,0.5,0.18245003680906535,False
A,0.5,0.8376051090171325,True
A,0.5,0.5414486190951452,False
A,0.5,0.547497871737159,False
A,0.5,0.6773290295311751,True
A,0.5,0.745467864443571,True
A,0.5,0.8354669628138728,True
A,0.5,0.3550458489051077,False
A,0.5,0.7195415917407041,True
A,0.5,0.7408054707784141,False
A,0.5,0.9853057806201284,True
A,0.5,0.3505415550180423,False
A,0.5,0.3751802687667892,False
A,0.5,0.6211110483844781,False
A,0.5,0.9396641693006903,True
A,0.5,0.0,False
A,0.5,0.0,False
A,0.5,0.3626612054747995,False
A,0.5,0.1782372454915363,False
A,0.5,0.0,False
A,0.5,0.20862174015676116,False
A,0.5,0.0,False
A,0.5,0.0,False
A,0.5,0.2163191756912226,False
A,0.5,0.9931586228067151,True
A,0.5,0.9986956049981965,True
A,0.5,0.029385206669883646,False
A,0.5,0.0,False
A,0.5,0.0,False
A,0.5,0.7508286985574926,False
A,0.5,0.9722242025346466,True
A,0.5,0.0,False
A,0.5,0.6489187917260366,True
A,0.5,0.7441521565207941,False
A,0.5,0.0,False
A,0.5,0.36941326086551185,False
A,0.5,0.0,False
A,0.5,0.0,False
A,0.5,0.6018818056077537,False
A,0.5,0.12361640841728871,False
A,0.5,0.7763918977634249,True
A,0.5,0.862694426871353,False
A,0.5,0.08777735842257695,False
A,0.5,0.3866043967442757,False
A,0.5,0.1857018365635995,False
A,0.5,0.7243742982113472,True
A,0.5,0.0,False
A,0.5,0.004731172519195304,False
A,0.5,0.6893667692215466,True
A,0.5,0.0,False
A,0.5,0.6654426987005394,False
A,0.5,0.47678850963492647,False
A,0.5,0.47999261333916843,False
A,0.5,0.9863833761618085,True
A,0.5,0.5180923272758632,False
A,0.5,0.22959740011166452,False
A,0.5,0.0,False
A,0.5,0.19934272247697205,False
A,0.5,0.7537148420969634,False
A,0.5,0.33093181573571373,False
A,0.5,0.0,False
A,0.5,0.45884629179943714,False
A,0.5,0.9582133441028555,True
A,0.5,0.48571126237102435,False
A,0.5,0.39523020657110985,False
A,0.5,0.9533801425605842,True
A,0.5,0.0,False
A,0.5,0.8597672338736594,True
A,0.5,0.0,False
A,0.5,0.2324001433829932,False
A,0.5,0.28749929821378495,False
A,0.5,0.9001619615680726,True
A,0.5,0.06093325435044017,False
A,0.5,0.2890337773968219,False
A,0.5,0.0,False
A,0.5,0.9431723413679843,True
A,0.5,0.10341859302158829,False
A,0.5,0.5896531846049217,False
A,0.5,0.30072055110818585,False
A,0.5,0.0,False
A,0.5,0.0,False
A,0.5,0.4299536184519944,False
A,0.5,0.8601621777634588,True
A,0.5,0.5039083936833434,False
A,0.5,0.2931935839295078,False
A,0.5,0.727114334386582,True
A,0.5,0.8031745908051526,True
A,0.5,0.0,False
A,0.5,0.0,False
A,0.5,0.0,False
A,0.5,0.23193504560600608,False
A,0.5,0.30574826735546234,False
A,0.5,0.0,False
A,0.5,0.0,False
A,0.5,0.0,False
A,0.5,0.5206053742726188,False
A,0.5,0.0,False
A,0.5,0.0,False
A,0.5,0.660925192629207,False
A,0.5,0.0,False
A,0.5,0.0,False
A,0.5,0.18215652750014655,False
A,0.5,0.0,False
A,0.5,0.8997506513863033,True
A,0.5,0.140544082079184,False
A,0.5,0.0,False
A,0.5,0.7979280220454027,False
A,0.5,0.5563985777582092,False
A,0.5,0.4047994294986934,False
A,0.5,0.8059318955684144,False
A,0.5,0.02359194910751572,False
A,0.5,0.8165829987317125,False
A,0.5,0.37787397955647173,False
A,0.5,0.0,False
A,0.5,0.8546337197145463,True
A,0.5,0.9556914946567198,True
A,0.5,0.7841922967821687,True
A,0.5,0.33169696842844665,False
A,0.5,0.20465918169526065,False
A,0.5,0.0,False
A,0.5,0.17234165200187979,False
A,0.5,0.297710477684868,False
A,0.5,0.0,False
A,0.5,0.47077181694158343,False
A,0.5,0.12081047303883408,False
A,0.5,0.0,False
A,0.5,0.2949727244007181,False
A,0.5,0.6077150483794787,False
A,0.5,0.5733865634274609,False
A,0.5,0.2315024928995677,False
A,0.5,0.19765888549260469,False
A,0.5,0.29467877379280627,False
A,0.5,0.6624495822510515,True
A,0.5,0.5324140272781213,False
A,0.5,0.28390610241108516,False
A,0.5,0.42672683120906574,False
A,0.5,0.9149063813927585,True
A,0.5,0.0717452865683692,False
A,0.5,0.3504110684712002,False
A,0.5,0.7337979277462428,True
A,0.5,0.15504058027179457,False
A,0.5,0.0,False
A,0.5,0.0,False
A,0.5,0.4954109219271482,False
A,0.5,0.3833765580659897,False
A,0.5,0.37331250701716134,False
A,0.5,0.3913409618506588,False
A,0.5,0.9259067779820048,True
A,0.5,0.02090559836862249,False
A,0.5,0.3284768237951533,False
A,0.5,0.0,False
A,0.5,0.7929453724330436,False
A,0.5,0.018749192793631297,False
A,0.5,0.09280401337810895,False
A,0.5,0.003774978715910704,False
A,0.5,0.0,False
A,0.5,0.885319800370304,True
A,0.5,0.18778731087662937,False
A,0.5,0.0,False
A,0.5,0.9865774316098462,True
A,0.5,0.4710922995941813,False
A,0.5,0.03142594817188504,False
A,0.5,0.0,False
A,0.5,0.0,False
A,0.5,0.6110486697019206,False
A,0.5,0.4212508104984094,False
A,0.5,0.5934074032861317,False
A,0.5,0.2384420367963942,False
A,0.5,0.0,False
A,0.5,0.0,False
A,0.5,0.0,False
A,0.5,0.07466707833597264,False
A,0.5,0.2711765583394976,False
A,0.5,0.32303066375699885,False
A,0.5,0.1954687425786369,False
A,0.5,0.0,False
A,0.5,0.0,False
A,0.5,0.872547351929287,True
A,0.5,0.10997259313065832,False
A,0.5,0.8770774442954973,True
A,0.5,0.0,False
A,0.5,0.3750845839617487,False
A,0.5,0.8951904479098864,True
A,0.5,0.6533687455276637,False
A,0.5,0.2826802589623031,False
A,0.5,0.0,False
A,0.5,0.5782178962477553,False
A,0.5,0.3183156797101826,False
A,0.5,0.0,False
A,0.5,0.0,False
A,0.5,0.6024049463837172,False
A,0.5,0.0,False
A,0.5,0.0,False
A,0.5,0.4455016388121926,False
A,0.5,0.4194766761381655,False
A,0.5,0.1335094844871998,False
A,0.5,0.0,False
A,0.5,0.3168211089322609,False
A,0.5,0.0,False
A,0.5,0.0,False
A,0.5,0.65601860965797,True
A,0.5,0.0,False
A,0.5,0.4731934305579767,False
A,0.5,0.0,False
A,0.5,0.0,False
A,0.5,0.9240070828713349,True
A,0.5,0.21390107263316538,False
A,0.5,0.6240839238335688,False
A,0.5,0.10250986683316765,False
A,0.5,0.0,False
A,0.5,0.4887006124113715,False
A,0.5,0.5505367232529238,False
A,0.5,0.11493887033227601,False
A,0.5,0.7306102940072385,False
A,0.5,0.12839472046366995,False
A,0.5,0.38411607161484873,False
A,0.5,0.19167522462230413,False
A,0.5,0.0,False
A,0.5,0.40386248282878545,False
A,0.5,0.7542961761452902,False
A,0.5,0.7803939329910485,True
A,0.5,0.17778850911702526,False
A,0.5,0.2853441150613515,False
A,0.5,0.17203808418861577,False
A,0.5,0.9748855387199995,True
A,0.5,0.13366286631508362,False
A,0.5,0.3356908353746999,False
A,0.5,0.7810162139834885,True
A,0.5,0.6297628476313114,False
A,0.5,0.3427849046133079,False
A,0.5,0.15205578507458084,False
A,0.5,0.0,False
A,0.5,0.9379077690925428,True
A,0.5,0.0,False
A,0.5,0.0,False
A,0.5,0.0,False
A,0.5,0.41998339298292053,False
A,0.5,0.01963746789074794,False
A,0.5,0.2769695473260956,False
A,0.5,0.0,False
A,0.5,0.08360423846943987,False
A,0.5,0.6139713275546035,False
A,0.5,0.6826603796596109,True
A,0.5,0.0,False
A,0.5,0.4192042386722491,False
A,0.5,0.09529068564956478,False
A,0.5,0.0,False
A,0.5,0.6223280692944975,True
A,0.5,0.8945252503959462,True
A,0.5,0.6116136801324411,False
A,0.5,0.0,False
A,0.5,0.42628188672090717,False
A,0.5,0.17156702095739795,False
A,0.5,0.28905486500840705,False
A,0.5,0.0,False
A,0.5,0.0,False
A,0.5,0.0,False
A,0.5,0.0,False
A,0.5,0.24903676270442066,False
A,0.5,0.0,False
A,0.5,0.0,False
A,0.5,0.5326867803336707,False
A,0.5,0.3279491629488833,False
A,0.5,0.5939001136306608,False
A,0.5,0.0,False
A,0.5,0.0,False
A,0.5,0.9053092957070245,True
A,0.5,0.0,False
A,0.5,0.0,False
A,0.5,0.2686660516258256,False
A,0.5,0.0,False
A,0.5,0.0,False
A,0.5,0.22705736230028772,False
A,0.5,0.9169191236201311,True
A,0.5,0.0,False
A,0.5,0.0,False
A,0.5,0.0,False
A,0.5,0.0,False
A,0.5,0.0,False
A,0.5,0.8169105724821386,False
A,0.5,0.0,False
A,0.5,0.45687736847338034,False
A,0.5,0.7325371074939713,False
A,0.5,0.4829638499430491,True
A,0.5,0.0,False
A,0.5,0.22150342578885607,False
A,0.5,0.36363117776051035,False
A,0.5,0.0930301516344253,False
A,0.5,0.13370128098093592,False
A,0.5,0.0,False
A,0.5,0.7175230776573913,False
A,0.5,0.33530691724926787,False
A,0.5,0.4346202629984718,False
A,0.5,0.0,False
A,0.5,0.7182608385181236,False
A,0.5,0.0,False
A,0.5,0.2670691476672856,False
A,0.5,0.22453434082286927,False
A,0.5,0.8157877251422352,False
A,0.5,0.5719700950559148,False
A,0.5,0.14035457020446762,False
A,0.5,0.0,False
A,0.5,0.056358755361945456,False
A,0.5,0.0,False
A,0.5,0.4515894701829545,False
A,0.5,0.1847588107262791,False
A,0.5,0.0,False
A,0.5,0.03530065723971443,False
A,0.5,0.3018210905049712,False
A,0.5,0.3923132522228061,False
A,0.5,0.7827051950741931,True
A,0.5,0.43043691918031557,False
A,0.5,0.6051742910164166,False
A,0.5,0.04716564592961536,False
A,0.5,0.0,False
A,0.5,0.0,False
A,0.5,0.0,False
A,0.5,0.658858317326422,False
A,0.5,0.28214925998126994,False
A,0.5,0.21188939498815118,False
A,0.5,0.7988826500767313,False
A,0.5,0.0,False
A,0.5,0.06266772945850452,False
A,0.5,0.0,False
A,0.5,0.0,False
A,0.5,0.4285236976428518,False
A,0.5,0.07588785896817107,False
A,0.5,0.15855914033325125,False
A,0.5,0.04127836593277456,False
A,0.5,0.32092139729359115,False
A,0.5,0.3220494822022347,False
A,0.5,0.13189836142909805,False
A,0.5,0.0,False
A,0.5,0.9384485896168142,True
A,0.5,0.4223457343123652,False
A,0.5,0.7782499627645725,False
A,0.5,0.6177952957172328,False
A,0.5,0.0,False
A,0.5,0.21919727772724762,False
A,0.5,0.26227431059308626,False
A,0.5,0.18284354864170038,False
A,0.5,0.8181680186758383,True
A,0.5,0.0,False
A,0.5,0.06149764967789895,False
A,0.5,0.6808034354373977,True
A,0.5,0.0,False
A,0.5,0.0,False
A,0.5,0.04640777699062726,False
A,0.5,0.48275578436692423,False
A,0.5,0.4749636841408009,False
A,0.5,0.0,False
A,0.5,0.0,False
A,0.5,0.8406942905251803,False
A,0.5,0.0,False
A,0.5,0.14385879103564825,False
A,0.5,0.0,False
A,0.5,0.12468876362688952,False
A,0.5,0.7341371927345111,False
A,0.5,0.0,False
A,0.5,0.34273550430499156,False
A,0.5,0.26703984538101044,False
A,0.5,0.13990022015936865,False
A,0.5,0.0,False
A,0.5,0.009625381575521064,False
A,0.5,0.4063300943895456,False
A,0.5,0.0,False
A,0.5,0.0010733276376317935,False
A,0.5,0.798844779629849,True
A,0.5,0.9341670618885638,False
A,0.5,0.2885221327587131,False
A,0.5,0.7333753962033989,True
A,0.5,0.0,False
A,0.5,0.12552670871164084,False
A,0.5,0.0,False
A,0.5,0.568707450148154,False
A,0.5,0.0,False
A,0.5,0.3106025871958643,False
A,0.5,0.5039450984574853,False
A,0.5,0.917501217405666,True
A,0.5,0.7497438717613842,True
A,0.5,0.7819902019834715,True
A,0.5,0.0,False
A,0.5,0.03918296937620214,False
A,0.5,0.0,False
A,0.5,0.9249268463711718,True
A,0.5,0.6687578816301655,False
A,0.5,0.38728886006364205,False
A,0.5,0.3889640824118227,False
A,0.5,0.0,False
A,0.5,0.22111276183254935,False
A,0.5,0.5331030977159423,False
A,0.5,0.1774566361533232,False
A,0.5,0.010558228107175549,False
A,0.5,0.18988627514478462,False
A,0.5,0.7302999318044129,False
A,0.5,0.0,False
A,0.5,0.5128412314722228,False
A,0.5,0.0,False
A,0.5,0.0,False
A,0.5,0.06482604550897642,False
A,0.5,0.0,False
A,0.5,0.1595350609808156,False
A,0.5,0.0951163724994949,False
A,0.5,0.5728385954959655,False
A,0.5,0.7659464692343527,True
A,0.5,0.0,False
A,0.5,0.9191871274971403,True
A,0.5,0.3946342831650832,False
A,0.5,0.4409359674902974,False
A,0.5,0.7408006025089195,False
A,0.5,0.8668524370342197,True
A,0.5,0.0,False
A,0.5,0.6068890028441002,False
A,0.5,0.9466235228811973,True
A,0.5,0.9083962314484937,True
A,0.5,0.40517796397064965,False
A,0.5,0.03195521876314955,False
A,0.5,0.5017993243645819,True
A,0.5,0.9570376310191379,True
A,0.5,0.0,False
A,0.5,0.0,False
A,0.5,0.8515980488935062,False
A,0.5,0.6272037492235819,False
A,0.5,0.8628739275914711,True
A,0.5,0.0,False
A,0.5,0.4929365647134576,False
A,0.5,0.0,False
A,0.5,0.2306105333450832,False
A,0.5,0.0,False
A,0.5,0.0,False
A,0.5,0.0,False
A,0.5,0.5631787721736792,False
A,0.5,0.5000861310446286,False
A,0.5,0.0446013887281409,False
A,0.5,0.7417095143033269,True
A,0.5,0.6827844455960408,False
A,0.5,0.0,False
A,0.5,0.35871213808038993,False
A,0.5,0.43834994061813615,False
A,0.5,0.28607076460408964,False
A,0.5,0.7184560347336976,False
A,0.5,0.12749928537471833,False
A,0.5,0.0,False
A,0.5,0.25354922932703083,False
A,0.5,0.09174616486224829,False
A,0.5,0.467486712738981,False
A,0.5,0.41490680176674655,False
A,0.5,0.9740079448781233,True
A,0.5,0.0,False
A,0.5,0.47421339833166665,False
A,0.5,0.09586495049174515,False
A,0.5,0.0,False
A,0.5,0.0,False
A,0.5,0.5775758775602139,False
A,0.5,0.0,False
A,0.5,0.044126414279065496,False
A,0.5,0.07344409152001685,False
A,0.5,0.9006735337696747,True
A,0.5,0.2600275615548715,False
A,0.5,0.746650900518364,True
A,0.5,0.0,False
A,0.5,0.6527269358895562,False
A,0.5,0.050410882292375,False
A,0.5,0.4595671707888416,False
A,0.5,0.5159329711787357,False
A,0.5,0.5766903276061206,False
A,0.5,0.6821565205099176,True
A,0.5,0.442881221854983,False
A,0.5,0.9097453300368077,True
A,0.5,0.7065393442208157,False
A,0.5,0.0,False
A,0.5,0.2531425893164918,False
A,0.5,0.0,False
A,0.5,0.7498162572919845,False
A,0.5,0.0,False
A,0.5,0.36727932184155077,False
A,0.5,0.2139461504665755,False
A,0.5,0.5223247097182899,False
A,0.5,0.857948078164705,False
A,0.5,0.21800406061254296,False
A,0.5,0.0,False
A,0.5,0.2277560366229342,False
A,0.5,0.0,False
A,0.5,0.6146121105514513,False
A,0.5,0.7964736636083873,False
A,0.5,0.0,False
A,0.5,0.6315747623261156,False
A,0.5,0.0,False
A,0.5,0.0,False
A,0.5,0.681306309116194,False
A,0.5,0.0,False
A,0.5,0.0,False
A,0.5,0.4432335712798767,True
A,0.5,0.6993256799961293,False
A,0.5,0.46111907300601773,False
A,0.5,0.33070319170339235,False
A,0.5,0.2096938339193748,False
A,0.5,0.0,False
A,0.5,0.7777691500707403,True
A,0.5,0.0,False
A,0.5,0.0,False
A,0.5,0.0,False
A,0.5,0.6738154668869615,False
A,0.5,0.523544250351994,False
A,0.5,0.0,False
A,0.5,0.5883446183697051,False
A,0.5,0.0,False
A,0.5,0.0,False
A,0.5,0.0,False
A,0.5,0.5621277864972969,False
A,0.5,0.0,False
A,0.5,0.37205727485293205,False
A,0.5,0.0,False
A,0.5,0.0,False
A,0.5,0.6458339773339054,False
A,0.5,0.34124940609098053,False
A,0.5,0.7676871573380918,True
A,0.5,0.6179341841823089,False
A,0.5,0.31707259154211487,False
A,0.5,0.3503952609111709,False
A,0.5,0.6377386461058355,False
A,0.5,0.9312310586334631,True
A,0.5,0.0,False
A,0.5,0.9740693660959236,True
A,0.5,0.7662764694198073,False
A,0.5,0.5604493209375129,False
A,0.5,0.2844462255548893,False
A,0.5,0.08312682846712494,False
A,0.5,0.7550051486438079,False
A,0.5,0.0,False
A,0.5,0.8309731317389822,False
A,0.5,0.14802867369852235,False
A,0.5,0.6530835250435231,False
A,0.5,0.9974738426660312,True
A,0.5,0.0,False
A,0.5,0.2270350007595885,False
A,0.5,0.7550298209659912,True
A,0.5,0.9708225007331867,True
A,0.5,0.2900407259555696,False
A,0.5,0.8771804204044148,True
A,0.5,0.6225639362208338,False
A,0.5,0.42968505522835876,False
A,0.5,0.5594625373183378,True
A,0.5,0.05948776999619798,False
A,0.5,0.2585095429604142,False
A,0.5,0.14435453755381233,False
A,0.5,0.6622328668791394,True
A,0.5,0.3413431585949054,False
A,0.5,0.7416365974829284,False
A,0.5,0.0,False
A,0.5,0.0,False
A,0.5,0.5104694121147274,False
A,0.5,0.049851178230480575,False
A,0.5,0.0,False
A,0.5,0.5058461277094469,False
A,0.5,0.09377458550057594,False
A,0.5,0.532100622619079,False
A,0.5,0.0,False
A,0.5,0.27263124898401747,False
A,0.5,0.0,False
A,0.5,0.9634437988224106,True
A,0.5,0.7394569851686627,False
A,0.5,0.8467526728679097,True
A,0.5,0.0,False
A,0.5,0.29918677460192544,False
A,0.5,0.5044834781612697,False
A,0.5,0.2294045670352438,False
A,0.5,0.119604115986233,False
A,0.5,0.28188092749951865,False
A,0.5,0.31315932261368407,False
A,0.5,0.0,False
A,0.5,0.23428960515070807,False
A,0.5,0.0,False
A,0.5,0.5000910221984305,False
A,0.5,0.8769024387561225,True
A,0.5,0.29556893798141204,False
A,0.5,0.3259141172737191,False
A,0.5,0.9856256162381659,True
A,0.5,0.7588567114867564,True
A,0.5,0.0,False
A,0.5,0.30807509273771094,False
A,0.5,0.0,False
A,0.5,0.9303647267424071,True
A,0.5,0.9289336201850861,False
A,0.5,0.39600210672541236,False
A,0.5,0.0,False
A,0.5,0.035415985998081156,False
A,0.5,0.0,False
A,0.5,0.6312635810451294,False
A,0.5,0.0,False
A,0.5,0.4402550476575171,False
A,0.5,0.0,False
A,0.5,0.7315674167328904,True
A,0.5,0.16012140695776966,False
A,0.5,0.9520562420112799,True
A,0.5,0.3130264618394669,False
A,0.5,0.0,False
A,0.5,0.041355647505784465,False
A,0.5,0.0,False
A,0.5,0.0,False
A,0.5,0.18245003680906535,False
A,0.5,0.8376051090171325,True
A,0.5,0.5414486190951452,False
A,0.5,0.547497871737159,False
A,0.5,0.6773290295311751,False
A,0.5,0.745467864443571,False
A,0.5,0.8354669628138728,True
A,0.5,0.3550458489051077,False
A,0.5,0.7195415917407041,True
A,0.5,0.7408054707784141,False
A,0.5,0.9853057806201284,True
A,0.5,0.3505415550180423,False
A,0.5,0.3751802687667892,False
A,0.5,0.6211110483844781,False
A,0.5,0.9396641693006903,True
A,0.5,0.0,False
A,0.5,0.0,False
A,0.5,0.3626612054747995,False
A,0.5,0.1782372454915363,False
A,0.5,0.0,False
A,0.5,0.20862174015676116,False
A,0.5,0.0,False
A,0.5,0.0,False
A,0.5,0.2163191756912226,False
A,0.5,0.9931586228067151,True
A,0.5,0.9986956049981965,True
A,0.5,0.029385206669883646,False
A,0.5,0.0,False
A,0.5,0.0,False
A,0.5,0.7508286985574926,False
A,0.5,0.9722242025346466,True
A,0.5,0.0,False
A,0.5,0.6489187917260366,True
A,0.5,0.7441521565207941,True
A,0.5,0.0,False
A,0.5,0.36941326086551185,False
A,0.5,0.0,False
A,0.5,0.0,False
A,0.5,0.6018818056077537,False
A,0.5,0.12361640841728871,False
A,0.5,0.7763918977634249,True
A,0.5,0.862694426871353,False
A,0.5,0.08777735842257695,False
A,0.5,0.3866043967442757,False
A,0.5,0.1857018365635995,False
A,0.5,0.7243742982113472,True
A,0.5,0.0,False
A,0.5,0.004731172519195304,False
A,0.5,0.6893667692215466,True
A,0.5,0.0,False
A,0.5,0.6654426987005394,False
A,0.5,0.47678850963492647,False
A,0.5,0.47999261333916843,False
A,0.5,0.9863833761618085,True
A,0.5,0.5180923272758632,False
A,0.5,0.22959740011166452,False
A,0.5,0.0,False
A,0.5,0.19934272247697205,False
A,0.5,0.7537148420969634,True
A,0.5,0.33093181573571373,False
A,0.5,0.0,False
A,0.5,0.45884629179943714,False
A,0.5,0.9582133441028555,True
A,0.5,0.48571126237102435,False
A,0.5,0.39523020657110985,False
A,0.5,0.9533801425605842,True
A,0.5,0.0,False
A,0.5,0.8597672338736594,True
A,0.5,0.0,False
A,0.5,0.2324001433829932,False
A,0.5,0.28749929821378495,False
A,0.5,0.9001619615680726,True
A,0.5,0.06093325435044017,False
A,0.5,0.2890337773968219,False
A,0.5,0.0,False
A,0.5,0.9431723413679843,True
A,0.5,0.10341859302158829,False
A,0.5,0.5896531846049217,False
A,0.5,0.30072055110818585,False
A,0.5,0.0,False
A,0.5,0.0,False
A,0.5,0.4299536184519944,False
A,0.5,0.8601621777634588,True
A,0.5,0.5039083936833434,False
A,0.5,0.2931935839295078,False
A,0.5,0.727114334386582,True
A,0.5,0.8031745908051526,True
A,0.5,0.0,False
A,0.5,0.0,False
A,0.5,0.0,False
A,0.5,0.23193504560600608,False
A,0.5,0.30574826735546234,False
A,0.5,0.0,False
A,0.5,0.0,False
A,0.5,0.0,False
A,0.5,0.5206053742726188,False
A,0.5,0.0,False
A,0.5,0.0,False
A,0.5,0.660925192629207,False
A,0.5,0.0,False
A,0.5,0.0,False
A,0.5,0.18215652750014655,False
A,0.5,0.0,False
A,0.5,0.8997506513863033,True
A,0.5,0.140544082079184,False
A,0.5,0.0,False
A,0.5,0.7979280220454027,True
A,0.5,0.5563985777582092,False
A,0.5,0.4047994294986934,False
A,0.5,0.8059318955684144,False
A,0.5,0.02359194910751572,False
A,0.5,0.8165829987317125,True
A,0.5,0.37787397955647173,False
A,0.5,0.0,False
A,0.5,0.8546337197145463,True
A,0.5,0.9556914946567198,True
A,0.5,0.7841922967821687,True
A,0.5,0.33169696842844665,False
A,0.5,0.20465918169526065,False
A,0.5,0.0,False
A,0.5,0.17234165200187979,False
A,0.5,0.297710477684868,False
A,0.5,0.0,False
A,0.5,0.47077181694158343,False
A,0.5,0.12081047303883408,False
A,0.5,0.0,False
A,0.5,0.2949727244007181,False
A,0.5,0.6077150483794787,False
A,0.5,0.5733865634274609,False
A,0.5,0.2315024928995677,False
A,0.5,0.19765888549260469,False
A,0.5,0.29467877379280627,False
A,0.5,0.6624495822510515,True
A,0.5,0.5324140272781213,False
A,0.5,0.28390610241108516,False
A,0.5,0.42672683120906574,False
A,0.5,0.9149063813927585,True
A,0.5,0.0717452865683692,False
A,0.5,0.3504110684712002,False
A,0.5,0.7337979277462428,True
A,0.5,0.15504058027179457,False
A,0.5,0.0,False
A,0.5,0.0,False
A,0.5,0.4954109219271482,False
A,0.5,0.3833765580659897,False
A,0.5,0.37331250701716134,False
A,0.5,0.3913409618506588,False
A,0.5,0.9259067779820048,True
A,0.5,0.02090559836862249,False
A,0.5,0.3284768237951533,False
A,0.5,0.0,False
A,0.5,0.7929453724330436,False
A,0.5,0.018749192793631297,False
A,0.5,0.09280401337810895,False
A,0.5,0.003774978715910704,False
A,0.5,0.0,False
A,0.5,0.885319800370304,True
A,0.5,0.18778731087662937,False
A,0.5,0.0,False
A,0.5,0.9865774316098462,True
A,0.5,0.4710922995941813,False
A,0.5,0.03142594817188504,False
A,0.5,0.0,False
A,0.5,0.0,False
A,0.5,0.6110486697019206,False
A,0.5,0.4212508104984094,False
A,0.5,0.5934074032861317,False
A,0.5,0.2384420367963942,False
A,0.5,0.0,False
A,0.5,0.0,False
A,0.5,0.0,False
A,0.5,0.07466707833597264,False
A,0.5,0.2711765583394976,False
A,0.5,0.32303066375699885,False
A,0.5,0.1954687425786369,False
A,0.5,0.0,False
A,0.5,0.0,False
A,0.5,0.872547351929287,True
A,0.5,0.10997259313065832,False
A,0.5,0.8770774442954973,True
A,0.5,0.0,False
A,0.5,0.3750845839617487,False
A,0.5,0.8951904479098864,True
A,0.5,0.6533687455276637,False
A,0.5,0.2826802589623031,False
A,0.5,0.0,False
A,0.5,0.5782178962477553,False
A,0.5,0.3183156797101826,False
A,0.5,0.0,False
A,0.5,0.0,False
A,0.5,0.6024049463837172,False
A,0.5,0.0,False
A,0.5,0.0,False
A,0.5,0.4455016388121926,False
A,0.5,0.4194766761381655,False
A,0.5,0.1335094844871998,False
A,0.5,0.0,False
A,0.5,0.3168211089322609,False
A,0.5,0.0,False
A,0.5,0.0,False
A,0.5,0.65601860965797,True
A,0.5,0.0,False
A,0.5,0.4731934305579767,False
A,0.5,0.0,False
A,0.5,0.0,False
A,0.5,0.9240070828713349,True
A,0.5,0.21390107263316538,False
A,0.5,0.6240839238335688,False
A,0.5,0.10250986683316765,False
A,0.5,0.0,False
A,0.5,0.4887006124113715,False
A,0.5,0.5505367232529238,False
A,0.3,0.0,False
A,0.3,0.63028504199585,True
A,0.3,0.9634599498587979,True
A,0.3,0.7445323447316395,True
A,0.3,0.18319108856813948,False
A,0.3,0.24291044160673425,False
A,0.3,0.881090977277478,True
A,0.3,0.350084976574359,False
A,0.3,0.3654057828522257,True
A,0.3,0.6994374350433495,True
A,0.3,0.5710962128276865,True
A,0.3,0.7743677200465746,True
A,0.3,0.4144182602774533,True
A,0.3,0.0,False
A,0.3,0.055040160262390336,False
A,0.3,0.6153889383016701,False
A,0.3,0.9839775187943846,True
A,0.3,0.2586727068816741,False
A,0.3,0.01931974966201111,False
A,0.3,0.8291090758359085,True
A,0.3,0.9020216806972198,True
A,0.3,0.3762142573946784,False
A,0.3,0.4875282378859911,False
A,0.3,0.10249130634113124,False
A,0.3,0.716651846855505,True
A,0.3,0.0,False
A,0.3,0.0,False
A,0.3,0.7379188220515808,True
A,0.3,0.0,False
A,0.3,0.12588959091779528,False
A,0.3,0.5514150875866445,False
A,0.3,0.0,False
A,0.3,0.6669995573283449,True
A,0.3,0.4014409820543685,False
A,0.3,0.27016927173559935,False
A,0.3,0.0,False
A,0.3,0.4130538233562502,False
A,0.3,0.0,False
A,0.3,0.0,False
A,0.3,0.7319348382222622,True
A,0.3,0.9857016033009545,True
A,0.3,0.19647540623878312,False
A,0.3,0.19637500161710908,False
A,0.3,0.34881814975135206,False
A,0.3,0.0,False
A,0.3,0.2922629518676114,False
A,0.3,0.12012766558762089,False
A,0.3,0.0,False
A,0.3,0.9601838280131952,True
A,0.3,0.0,False
A,0.3,0.0,False
A,0.3,0.49811475011145134,True
A,0.3,0.0,False
A,0.3,0.1996664170108109,False
A,0.3,0.0,False
A,0.3,0.15101401833628048,False
A,0.3,0.007737831166067077,False
A,0.3,0.2617630114773103,False
A,0.3,0.366004263138887,False
A,0.3,0.2845386917906385,False
A,0.3,0.8271426599315925,True
A,0.3,0.03501582654780033,False
A,0.3,0.02361311456030679,False
A,0.3,0.0,False
A,0.3,0.7348457977475449,True
A,0.3,0.0,False
A,0.3,0.04094056702485027,False
A,0.3,0.3670988444121459,False
A,0.3,0.0,False
A,0.3,0.5989842405748503,True
A,0.3,0.3795280211268389,False
A,0.3,0.3669053601022315,False
A,0.3,0.7329287816963693,True
A,0.3,0.37373508098734975,False
A,0.3,0.033368513443150505,False
A,0.3,0.7299166411738466,True
A,0.3,0.6203134426162425,True
A,0.3,0.29635586772300127,False
A,0.3,0.0,False
A,0.3,0.0,False
A,0.3,0.18821661970305237,False
A,0.3,0.20618366620135808,False
A,0.3,0.7127536333933016,True
A,0.3,0.7416024886633192,True
A,0.3,0.7880247061175553,True
A,0.3,0.9595320674410683,True
A,0.3,0.8597298960211317,True
A,0.3,0.31711959454269434,False
A,0.3,0.0,False
A,0.3,0.08766045839838266,False
A,0.3,0.5594331221452232,False
A,0.3,0.0,False
A,0.3,0.5295228738953976,True
A,0.3,0.0,False
A,0.3,0.0,False
A,0.3,0.5714532980564526,True
A,0.3,0.4124488861943696,False
A,0.3,0.9165962344234594,True
A,0.3,0.2740018632934177,False
A,0.3,0.0,False
A,0.3,0.0,False
A,0.3,0.5907537257003852,True
A,0.3,0.6622715539611231,True
A,0.3,0.7494139740245637,True
A,0.3,0.8242738925347316,True
A,0.3,0.05494082493486918,False
A,0.3,0.0,False
A,0.3,0.9651887909450777,True
A,0.3,0.0,False
A,0.3,0.0,False
A,0.3,0.18505000897948964,False
A,0.3,0.3261605867895414,False
A,0.3,0.3870822176571833,False
A,0.3,0.1804609934357403,False
A,0.3,0.21213571062373715,False
A,0.3,0.6738635238066151,False
A,0.3,0.09962962469234882,False
A,0.3,0.0,False
A,0.3,0.0,False
A,0.3,0.06986283268754712,False
A,0.3,0.0,False
A,0.3,0.10539697520100155,False
A,0.3,0.0,False
A,0.3,0.297069452857034,False
A,0.3,0.0,False
A,0.3,0.7841927982661011,True
A,0.3,0.17323440982813154,False
A,0.3,0.0,False
A,0.3,0.0,False
A,0.3,0.6452134642964544,False
A,0.3,0.09132053126396966,False
A,0.3,0.0,False
A,0.3,0.0,False
A,0.3,0.0,False
A,0.3,0.16759293226269967,False
A,0.3,0.04211020482994288,False
A,0.3,0.0,False
A,0.3,0.18482312994098704,False
A,0.3,0.8742313232185897,True
A,0.3,0.43381529152382126,False
A,0.3,0.8007953192436963,True
A,0.3,0.022059151356833673,False
A,0.3,0.0,False
A,0.3,0.6361679899432444,True
A,0.3,0.0,False
A,0.3,0.763734024910081,True
A,0.3,0.32410925166257676,False
A,0.3,0.06747027798701233,False
A,0.3,0.1259529882406485,False
A,0.3,0.5454632786087397,True
A,0.3,0.05127516813849908,False
A,0.3,0.23255070920537835,False
A,0.3,0.17379182753332412,False
A,0.3,0.3758472478875512,False
A,0.3,0.0,False
A,0.3,0.9177116229801188,True
A,0.3,0.457249624593267,False
A,0.3,0.0,False
A,0.3,0.5213559586546009,False
A,0.3,0.65695420151688,True
A,0.3,0.0,False
A,0.3,0.5415327799303805,False
A,0.3,0.7121119322918992,True
A,0.3,0.9531052644630688,True
A,0.3,0.8486587553830462,True
A,0.3,0.0,False
A,0.3,0.8857373568509661,True
A,0.3,0.5736913360465714,True
A,0.3,0.8533038140712704,True
A,0.3,0.5906034027810029,True
A,0.3,0.1420477058674684,False
A,0.3,0.5570502724431171,True
A,0.3,0.0,False
A,0.3,0.5969647914908439,True
A,0.3,0.8099452126179557,True
A,0.3,0.8704786228649428,True
A,0.3,0.580367043609974,True
A,0.3,0.22413863557468294,False
A,0.3,0.06559858356043657,False
A,0.3,0.2362296621402784,False
A,0.3,0.0,False
A,0.3,0.8888643749228888,True
A,0.3,0.7654485859360864,True
A,0.3,0.007312717682117387,False
A,0.3,0.28811224568502247,False
A,0.3,0.0,False
A,0.3,0.3448862380157586,False
A,0.3,0.26800981941263724,False
A,0.3,0.2561535327114225,False
A,0.3,0.9691699269495108,True
A,0.3,0.5388409901269166,False
A,0.3,0.5708160813005236,False
A,0.3,0.4053795454263748,False
A,0.3,0.6280051775132077,True
A,0.3,0.7424271080024819,True
A,0.3,0.5437090167721177,False
A,0.3,0.360652721975514,False
A,0.3,0.9516255418506456,True
A,0.3,0.2557582642937589,False
A,0.3,0.7003102428164323,False
A,0.3,0.0,False
A,0.3,0.3877187369986086,False
A,0.3,0.8732274355711492,True
A,0.3,0.0,False
A,0.3,0.9676249870315241,True
A,0.3,0.17642803061461665,False
A,0.3,0.0,False
A,0.3,0.014799937657220652,False
A,0.3,0.44143643162542123,False
A,0.3,0.0825359727493089,False
A,0.3,0.0,False
A,0.3,0.3159580791401623,True
A,0.3,0.4873815820587918,True
A,0.3,0.42472527726722875,True
A,0.3,0.10672702251827204,False
A,0.3,0.0,False
A,0.3,0.11570929329832147,False
A,0.3,0.36035698312998554,False
A,0.3,0.7481604485710527,True
A,0.3,0.0,False
A,0.3,0.04568777007032965,False
A,0.3,0.0,False
A,0.3,0.1413634595538258,False
A,0.3,0.0,False
A,0.3,0.0,False
A,0.3,0.9748854175905532,True
A,0.3,0.9415208062303886,True
A,0.3,0.5065783924556506,True
A,0.3,0.4698115493786469,True
A,0.3,0.8077450017907357,True
A,0.3,0.4242664119885947,True
A,0.3,0.8769365403994884,True
A,0.3,0.9971135134703464,True
A,0.3,0.7795269647389356,True
A,0.3,0.29516945370866954,False
A,0.3,0.8890398313380038,True
A,0.3,0.0,False
A,0.3,0.01522955803758197,False
A,0.3,0.7853718727711776,True
A,0.3,0.21145217736472555,False
A,0.3,0.17482299073552032,False
A,0.3,0.43013249514729834,False
A,0.3,0.0,False
A,0.3,0.7691492443561903,True
A,0.3,0.7925693304646441,True
A,0.3,0.0,False
A,0.3,0.0,False
A,0.3,0.04314583425207241,False
A,0.3,0.8824500753501214,True
A,0.3,0.6393145435787696,False
A,0.3,0.0,False
A,0.3,0.0,False
A,0.3,0.41685311194987684,False
A,0.3,0.4363500066316931,True
A,0.3,0.0,False
A,0.3,0.0,False
A,0.3,0.0,False
A,0.3,0.7501929972587963,True
A,0.3,0.5676802776729036,True
A,0.3,0.0,False
A,0.3,0.0,False
A,0.3,0.327411213943968,False
A,0.3,0.0,False
A,0.3,0.0,False
A,0.3,0.1109087399855575,False
A,0.3,0.0,False
A,0.3,0.7528815187848357,True
A,0.3,0.7833322361802256,True
A,0.3,0.0,False
A,0.3,0.2557423539243464,False
A,0.3,0.3769629042982713,False
A,0.3,0.9949284890979376,True
A,0.3,0.6356847031717933,True
A,0.3,0.0,False
A,0.3,0.39090773444089044,False
A,0.3,0.0,False
A,0.3,0.0,False
A,0.3,0.6846872482136079,True
A,0.3,0.04857827592523145,False
A,0.3,0.6868462879054991,True
A,0.3,0.0,False
A,0.3,0.0,False
A,0.3,0.7950991198011389,True
A,0.3,0.0,False
A,0.3,0.40666103584688496,False
A,0.3,0.8642145844200276,True
A,0.3,0.0,False
A,0.3,0.0,False
A,0.3,0.22424577355843478,False
A,0.3,0.6046475948657102,True
A,0.3,0.5772017290560374,False
A,0.3,0.1837794333944771,False
A,0.3,0.5985019024161323,False
A,0.3,0.6839630216250651,False
A,0.3,0.34092114207560575,False
A,0.3,0.24334825403740024,False
A,0.3,0.09288558720134044,False
A,0.3,0.436359815370306,False
A,0.3,0.0,False
A,0.3,0.982136671659408,True
A,0.3,0.8059657575022292,True
A,0.3,0.0,False
A,0.3,0.5083131966771333,False
A,0.3,0.4708417803844258,False
A,0.3,0.0,False
A,0.3,0.6170596572784691,True
A,0.3,0.4393362063308124,False
A,0.3,0.0,False
A,0.3,0.0,False
A,0.3,0.72275820303881,False
A,0.3,0.47034211943354454,False
A,0.3,0.9861731188562664,True
A,0.3,0.7939155647734532,True
A,0.3,0.07605322376876633,False
A,0.3,0.09022278161048658,False
A,0.3,0.04065404234074044,False
A,0.3,0.37856283480141617,False
A,0.3,0.0,False
A,0.3,0.0,False
A,0.3,0.6165199957474929,True
A,0.3,0.0,False
A,0.3,0.8527525565923589,True
A,0.3,0.23234805582067686,False
A,0.3,0.0,False
A,0.3,0.16535472103174598,False
A,0.3,0.41218604175872164,False
A,0.3,0.0,False
A,0.3,0.96318282958431,True
A,0.3,0.0,False
A,0.3,0.1181656950991421,False
A,0.3,0.050794352088987416,False
A,0.3,0.0,False
A,0.3,0.0,False
A,0.3,0.8399040554514603,True
A,0.3,0.3416318807345602,False
A,0.3,0.0,False
A,0.3,0.757811530992536,True
A,0.3,0.7982461871284325,True
A,0.3,0.0,False
A,0.3,0.030967285152623147,False
A,0.3,0.02953421680847923,False
A,0.3,0.0,False
A,0.3,0.0,False
A,0.3,0.2219372354492798,False
A,0.3,0.5164719905507352,True
A,0.3,0.0,False
A,0.3,0.4863370322322924,False
A,0.3,0.0,False
A,0.3,0.0,False
A,0.3,0.0,False
A,0.3,0.5565001103523982,True
A,0.3,0.0,False
A,0.3,0.0,False
A,0.3,0.011107300811403431,False
A,0.3,0.0,False
A,0.3,0.2165324007917072,False
A,0.3,0.3128042983984676,False
A,0.3,0.3031517268034275,False
A,0.3,0.0607429767034694,False
A,0.3,0.2788813493677379,False
A,0.3,0.0,False
A,0.3,0.828310747801972,True
A,0.3,0.0,False
A,0.3,0.2672625119229517,False
A,0.3,0.6263373750441452,False
A,0.3,0.0,False
A,0.3,0.20800325049447643,False
A,0.3,0.9935575550120123,True
A,0.3,0.9278845294818294,True
A,0.3,0.0,False
A,0.3,0.40079086616779735,False
A,0.3,0.3990624537565033,False
A,0.3,0.4135328579638333,False
A,0.3,0.25227268014469884,False
A,0.3,0.0,False
A,0.3,0.0,False
A,0.3,0.7508147439976317,True
A,0.3,0.781151794115272,True
A,0.3,0.54837275043031,False
A,0.3,0.7591407226701534,True
A,0.3,0.0,False
A,0.3,0.0,False
A,0.3,0.0,False
A,0.3,0.5685658736505947,False
A,0.3,0.8527131298342643,True
A,0.3,0.7688756283047692,True
A,0.3,0.22351341553300508,False
A,0.3,0.0,False
A,0.3,0.37012623768893327,True
A,0.3,0.0,False
A,0.3,0.2367442736688774,False
A,0.3,0.8532449277473779,True
A,0.3,0.0,False
A,0.3,0.3595925058161942,False
A,0.3,0.36189902376688776,False
A,0.3,0.8817125714344277,True
A,0.3,0.0,False
A,0.3,0.12145156220572662,False
A,0.3,0.0,False
A,0.3,0.0,False
A,0.3,0.2731718500395026,False
A,0.3,0.0,False
A,0.3,0.6154215798691612,False
A,0.3,0.13772709359058966,True
A,0.3,0.0,False
A,0.3,0.37813132332581334,True
A,0.3,0.9747011790017719,True
A,0.3,0.46771912029650375,False
A,0.3,0.2434519310098887,False
A,0.3,0.44809251938504235,True
A,0.3,0.5222811401280507,True
A,0.3,0.43974595909152214,False
A,0.3,0.1942278185934201,False
A,0.3,0.0,False
A,0.3,0.9576001129864793,True
A,0.3,0.0,False
A,0.3,0.515503092802047,True
A,0.3,0.0,False
A,0.3,0.15707043183403568,False
A,0.3,0.6265095558309404,True
A,0.3,0.3623006400102272,False
A,0.3,0.0,False
A,0.3,0.0,False
A,0.3,0.9498353582156631,True
A,0.3,0.19950492639758488,False
A,0.3,0.0,False
A,0.3,0.8941457648764839,True
A,0.3,0.3248057520981753,False
A,0.3,0.560306468603468,False
A,0.3,0.803056485601128,True
A,0.3,0.16621043925196677,False
A,0.3,0.7693539324953906,True
A,0.3,0.32077564379866796,False
A,0.3,0.0,False
A,0.3,0.0,False
A,0.3,0.9302505149989484,True
A,0.3,0.22068561450452928,False
A,0.3,0.7717784553216298,True
A,0.3,0.5513668955296347,True
A,0.3,0.22745752863062185,False
A,0.3,0.0,False
A,0.3,0.0,False
A,0.3,0.0,False
A,0.3,0.0,False
A,0.3,0.7606093385481432,True
A,0.3,0.08313747355370305,False
A,0.3,0.45191888160870564,False
A,0.3,0.9314651387937418,True
A,0.3,0.0,False
A,0.3,0.0,False
A,0.3,0.0,False
A,0.3,0.3991641258026004,False
A,0.3,0.3060070282329602,False
A,0.3,0.271141225332187,False
A,0.3,0.4969456987196045,True
A,0.3,0.06884670019139472,False
A,0.3,0.040168321220969916,False
A,0.3,0.0,False
A,0.3,0.06714057639204118,False
A,0.3,0.9606442843790454,True
A,0.3,0.03623410087437162,False
A,0.3,0.09538495980189576,False
A,0.3,0.8353720946392282,False
A,0.3,0.0,False
A,0.3,0.8491674329273765,True
A,0.3,0.2546244512826594,False
A,0.3,0.6430381876033587,True
A,0.3,0.4809946665230592,False
A,0.3,0.0,False
A,0.3,0.0,False
A,0.3,0.2127778683382121,False
A,0.3,0.0,False
A,0.3,0.0,False
A,0.3,0.03491148812464806,False
A,0.3,0.0,False
A,0.3,0.0,False
A,0.3,0.3852731259822523,False
A,0.3,0.03318636890690063,False
A,0.3,0.6677439863767949,True
A,0.3,0.0,False
A,0.3,0.8474752297395308,True
A,0.3,0.0,False
A,0.3,0.37168686385097915,False
A,0.3,0.6624430012731346,True
A,0.3,0.0,False
A,0.3,0.0,False
A,0.3,0.0,False
A,0.3,0.7664458352484722,True
A,0.3,0.0,False
A,0.3,0.0635601094323931,False
A,0.3,0.8561929569339957,True
A,0.3,0.1511189360374331,False
A,0.3,0.0698608492133499,False
A,0.3,0.07779871622287238,False
A,0.3,0.057470820565511005,False
A,0.3,0.7838451238241726,True
A,0.3,0.9972960104346924,True
A,0.3,0.21227232996738055,False
A,0.3,0.0,False
A,0.3,0.3600189402992018,True
A,0.3,0.9084385515600013,True
A,0.3,0.43692627635148196,True
A,0.3,0.1312112650725441,False
A,0.3,0.7059585071555413,True
A,0.3,0.0,False
A,0.3,0.7436034955153666,True
A,0.3,0.8422229927711888,True
A,0.3,0.8843882614180864,True
A,0.3,0.7446386277905003,True
A,0.3,0.0,False
A,0.3,0.4542413925735429,True
A,0.3,0.5220142523020112,False
A,0.3,0.0,False
A,0.3,0.0,False
A,0.3,0.0,False
A,0.3,0.11628702429110749,False
A,0.3,0.24813874823600435,False
A,0.3,0.5401875389450189,False
A,0.3,0.738701536916902,True
A,0.3,0.5230287334823139,False
A,0.3,0.9402868389162482,True
A,0.3,0.5711236930604888,False
A,0.3,0.8782076532913922,True
A,0.3,0.4624088719955435,False
A,0.3,0.2946299387596214,False
A,0.3,0.6801816346580534,True
A,0.3,0.3283975966957101,True
A,0.3,0.0,False
A,0.3,0.5571953522738751,False
A,0.3,0.6250245768336146,True
A,0.3,0.17515764798200495,False
A,0.3,0.052694166910901674,False
A,0.3,0.09884327098746981,False
A,0.3,0.9078988279221801,True
A,0.3,0.8311831463834503,True
A,0.3,0.8774726140539281,True
A,0.3,0.3764722393255301,False
A,0.3,0.0,False
A,0.3,0.5724315573770133,True
A,0.3,0.0,False
A,0.3,0.7246329263954773,True
A,0.3,0.3888007840269686,True
A,0.3,0.0,False
A,0.3,0.0,False
A,0.3,0.9796402955905058,True
A,0.3,0.8906143851341594,True
A,0.3,0.0,False
A,0.3,0.0,False
A,0.3,0.2966413183488865,False
A,0.3,0.0,False
A,0.3,0.0,False
A,0.3,0.6354346204609029,True
A,0.3,0.06327751526561032,False
A,0.3,0.0,False
A,0.3,0.0,False
A,0.3,0.8341360818546757,True
A,0.3,0.0,False
A,0.3,0.46368884468239113,False
A,0.3,0.9861962331902299,True
A,0.3,0.0,False
A,0.3,0.5237864546038213,False
A,0.3,0.5221414110081801,True
A,0.3,0.5672691826950079,True
A,0.3,0.38372935444981515,False
A,0.3,0.2811684452131733,False
A,0.3,0.5290949272708423,True
A,0.3,0.05709122907476494,False
A,0.3,0.0,False
A,0.3,0.8093480912122899,True
A,0.3,0.8593973402216893,True
A,0.3,0.0,False
A,0.3,0.0,False
A,0.3,0.0,False
A,0.3,0.6429345176991529,True
A,0.3,0.0,False
A,0.3,0.0,False
A,0.3,0.2191448976166731,False
A,0.3,0.6286284419362176,True
A,0.3,0.12173156011630848,False
A,0.3,0.4227871285848287,False
A,0.3,0.97611457555343,True
A,0.3,0.0,False
A,0.3,0.7062285707228009,True
A,0.3,0.7944520418710401,True
A,0.3,0.9763534597652219,True
A,0.3,0.5373994199743598,True
A,0.3,0.0,False
A,0.3,0.6554581189194483,False
A,0.3,0.4899135731936518,False
A,0.3,0.5636049912846052,False
A,0.3,0.20260696599470962,False
A,0.3,0.13056273613766145,False
A,0.3,0.7566486188208974,True
A,0.3,0.7846575070164252,True
A,0.3,0.2919943370062458,False
A,0.3,0.542786379045893,False
A,0.3,0.0,False
A,0.3,0.15020720812469046,False
A,0.3,0.0,False
A,0.3,0.7748315507148418,True
A,0.3,0.0,False
A,0.3,0.63028504199585,False
A,0.3,0.9634599498587979,True
A,0.3,0.7445323447316395,True
A,0.3,0.18319108856813948,False
A,0.3,0.24291044160673425,False
A,0.3,0.881090977277478,True
A,0.3,0.350084976574359,False
A,0.3,0.3654057828522257,True
A,0.3,0.6994374350433495,True
A,0.3,0.5710962128276865,True
A,0.3,0.7743677200465746,True
A,0.3,0.4144182602774533,False
A,0.3,0.0,False
A,0.3,0.055040160262390336,False
A,0.3,0.6153889383016701,False
A,0.3,0.9839775187943846,True
A,0.3,0.2586727068816741,False
A,0.3,0.01931974966201111,False
A,0.3,0.8291090758359085,True
A,0.3,0.9020216806972198,True
A,0.3,0.3762142573946784,False
A,0.3,0.4875282378859911,False
A,0.3,0.10249130634113124,False
A,0.3,0.716651846855505,True
A,0.3,0.0,False
A,0.3,0.0,False
A,0.3,0.7379188220515808,True
A,0.3,0.0,False
A,0.3,0.12588959091779528,False
A,0.3,0.5514150875866445,False
A,0.3,0.0,False
A,0.3,0.6669995573283449,True
A,0.3,0.4014409820543685,False
A,0.3,0.27016927173559935,False
A,0.3,0.0,False
A,0.3,0.4130538233562502,False
A,0.3,0.0,False
A,0.3,0.0,False
A,0.3,0.7319348382222622,True
A,0.3,0.9857016033009545,True
A,0.3,0.19647540623878312,False
A,0.3,0.19637500161710908,False
A,0.3,0.34881814975135206,False
A,0.3,0.0,False
A,0.3,0.2922629518676114,False
A,0.3,0.12012766558762089,False
A,0.3,0.0,False
A,0.3,0.9601838280131952,True
A,0.3,0.0,False
A,0.3,0.0,False
A,0.3,0.49811475011145134,True
A,0.3,0.0,False
A,0.3,0.1996664170108109,False
A,0.3,0.0,False
A,0.3,0.15101401833628048,False
A,0.3,0.007737831166067077,False
A,0.3,0.2617630114773103,False
A,0.3,0.366004263138887,False
A,0.3,0.2845386917906385,False
A,0.3,0.8271426599315925,True
A,0.3,0.03501582654780033,False
A,0.3,0.02361311456030679,False
A,0.3,0.0,False
A,0.3,0.7348457977475449,True
A,0.3,0.0,False
A,0.3,0.04094056702485027,False
A,0.3,0.3670988444121459,False
A,0.3,0.0,False
A,0.3,0.5989842405748503,True
A,0.3,0.3795280211268389,False
A,0.3,0.3669053601022315,False
A,0.3,0.7329287816963693,True
A,0.3,0.37373508098734975,False
A,0.3,0.033368513443150505,False
A,0.3,0.7299166411738466,True
A,0.3,0.6203134426162425,True
A,0.3,0.29635586772300127,False
A,0.3,0.0,False
A,0.3,0.0,False
A,0.3,0.18821661970305237,False
A,0.3,0.20618366620135808,False
A,0.3,0.7127536333933016,True
A,0.3,0.7416024886633192,True
A,0.3,0.7880247061175553,True
A,0.3,0.9595320674410683,True
A,0.3,0.8597298960211317,True
A,0.3,0.31711959454269434,False
A,0.3,0.0,False
A,0.3,0.08766045839838266,False
A,0.3,0.5594331221452232,True
A,0.3,0.0,False
A,0.3,0.5295228738953976,True
A,0.3,0.0,False
A,0.3,0.0,False
A,0.3,0.5714532980564526,True
A,0.3,0.4124488861943696,False
A,0.3,0.9165962344234594,True
A,0.3,0.2740018632934177,False
A,0.3,0.0,False
A,0.3,0.0,False
A,0.3,0.5907537257003852,True
A,0.3,0.6622715539611231,True
A,0.3,0.7494139740245637,True
A,0.3,0.8242738925347316,True
A,0.3,0.05494082493486918,False
A,0.3,0.0,False
A,0.3,0.9651887909450777,True
A,0.3,0.0,False
A,0.3,0.0,False
A,0.3,0.18505000897948964,False
A,0.3,0.3261605867895414,False
A,0.3,0.3870822176571833,False
A,0.3,0.1804609934357403,False
A,0.3,0.21213571062373715,False
A,0.3,0.6738635238066151,False
A,0.3,0.09962962469234882,False
A,0.3,0.0,False
A,0.3,0.0,False
A,0.3,0.06986283268754712,False
A,0.3,0.0,False
A,0.3,0.10539697520100155,False
A,0.3,0.0,False
A,0.3,0.297069452857034,False
A,0.3,0.0,False
A,0.3,0.7841927982661011,True
A,0.3,0.17323440982813154,False
A,0.3,0.0,False
A,0.3,0.0,False
A,0.3,0.6452134642964544,False
A,0.3,0.09132053126396966,False
A,0.3,0.0,False
A,0.3,0.0,False
A,0.3,0.0,False
A,0.3,0.16759293226269967,False
A,0.3,0.04211020482994288,False
A,0.3,0.0,False
A,0.3,0.18482312994098704,False
A,0.3,0.8742313232185897,True
A,0.3,0.43381529152382126,False
A,0.3,0.8007953192436963,True
A,0.3,0.022059151356833673,False
A,0.3,0.0,False
A,0.3,0.6361679899432444,True
A,0.3,0.0,False
A,0.3,0.763734024910081,True
A,0.3,0.32410925166257676,False
A,0.3,0.06747027798701233,False
A,0.3,0.1259529882406485,False
A,0.3,0.5454632786087397,True
A,0.3,0.05127516813849908,False
A,0.3,0.23255070920537835,False
A,0.3,0.17379182753332412,False
A,0.3,0.3758472478875512,False
A,0.3,0.0,False
A,0.3,0.9177116229801188,True
A,0.3,0.457249624593267,False
A,0.3,0.0,False
A,0.3,0.5213559586546009,False
A,0.3,0.65695420151688,True
A,0.3,0.0,False
A,0.3,0.5415327799303805,False
A,0.3,0.7121119322918992,True
A,0.3,0.9531052644630688,True
A,0.3,0.8486587553830462,True
A,0.3,0.0,False
A,0.3,0.8857373568509661,True
A,0.3,0.5736913360465714,True
A,0.3,0.8533038140712704,True
A,0.3,0.5906034027810029,True
A,0.3,0.1420477058674684,False
A,0.3,0.5570502724431171,True
A,0.3,0.0,False
A,0.3,0.5969647914908439,True
A,0.3,0.8099452126179557,True
A,0.3,0.8704786228649428,True
A,0.3,0.580367043609974,True
A,0.3,0.22413863557468294,False
A,0.3,0.06559858356043657,False
A,0.3,0.2362296621402784,False
A,0.3,0.0,False
A,0.3,0.8888643749228888,True
A,0.3,0.7654485859360864,True
A,0.3,0.007312717682117387,False
A,0.3,0.28811224568502247,False
A,0.3,0.0,False
A,0.3,0.3448862380157586,False
A,0.3,0.26800981941263724,False
A,0.3,0.2561535327114225,False
A,0.3,0.9691699269495108,True
A,0.3,0.5388409901269166,False
A,0.3,0.5708160813005236,False
A,0.3,0.4053795454263748,False
A,0.3,0.6280051775132077,True
A,0.3,0.7424271080024819,True
A,0.3,0.5437090167721177,False
A,0.3,0.360652721975514,False
A,0.3,0.9516255418506456,True
A,0.3,0.2557582642937589,False
A,0.3,0.7003102428164323,False
A,0.3,0.0,False
A,0.3,0.3877187369986086,False
A,0.3,0.8732274355711492,True
A,0.3,0.0,False
A,0.3,0.9676249870315241,True
A,0.3,0.17642803061461665,False
A,0.3,0.0,False
A,0.3,0.014799937657220652,False
A,0.3,0.44143643162542123,False
A,0.3,0.0825359727493089,False
A,0.3,0.0,False
A,0.3,0.3159580791401623,False
A,0.3,0.4873815820587918,True
A,0.3,0.42472527726722875,True
A,0.3,0.10672702251827204,False
A,0.3,0.0,False
A,0.3,0.11570929329832147,False
A,0.3,0.36035698312998554,False
A,0.3,0.7481604485710527,True
A,0.3,0.0,False
A,0.3,0.04568777007032965,False
A,0.3,0.0,False
A,0.3,0.1413634595538258,False
A,0.3,0.0,False
A,0.3,0.0,False
A,0.3,0.9748854175905532,True
A,0.3,0.9415208062303886,True
A,0.3,0.5065783924556506,True
A,0.3,0.4698115493786469,False
A,0.3,0.8077450017907357,True
A,0.3,0.4242664119885947,True
A,0.3,0.8769365403994884,True
A,0.3,0.9971135134703464,True
A,0.3,0.7795269647389356,False
A,0.3,0.29516945370866954,False
A,0.3,0.8890398313380038,True
A,0.3,0.0,False
A,0.3,0.01522955803758197,False
A,0.3,0.7853718727711776,False
A,0.3,0.21145217736472555,False
A,0.3,0.17482299073552032,False
A,0.3,0.43013249514729834,False
A,0.3,0.0,False
A,0.3,0.7691492443561903,True
A,0.3,0.7925693304646441,True
A,0.3,0.0,False
A,0.3,0.0,False
A,0.3,0.04314583425207241,False
A,0.3,0.8824500753501214,True
A,0.3,0.6393145435787696,False
A,0.3,0.0,False
A,0.3,0.0,False
A,0.3,0.41685311194987684,False
A,0.3,0.4363500066316931,True
A,0.3,0.0,False
A,0.3,0.0,False
A,0.3,0.0,False
A,0.3,0.7501929972587963,True
A,0.3,0.5676802776729036,False
A,0.3,0.0,False
A,0.3,0.0,False
A,0.3,0.327411213943968,False
A,0.3,0.0,False
A,0.3,0.0,False
A,0.3,0.1109087399855575,False
A,0.3,0.0,False
A,0.3,0.7528815187848357,True
A,0.3,0.7833322361802256,True
A,0.3,0.0,False
A,0.3,0.2557423539243464,False
A,0.3,0.3769629042982713,False
A,0.3,0.9949284890979376,True
A,0.3,0.6356847031717933,True
A,0.3,0.0,False
A,0.3,0.39090773444089044,False
A,0.3,0.0,False
A,0.3,0.0,False
A,0.3,0.6846872482136079,False
A,0.3,0.04857827592523145,False
A,0.3,0.6868462879054991,True
A,0.3,0.0,False
A,0.3,0.0,False
A,0.3,0.7950991198011389,True
A,0.3,0.0,False
A,0.3,0.40666103584688496,False
A,0.3,0.8642145844200276,True
A,0.3,0.0,False
A,0.3,0.0,False
A,0.3,0.22424577355843478,False
A,0.3,0.6046475948657102,True
A,0.3,0.5772017290560374,False
A,0.3,0.1837794333944771,False
A,0.3,0.5985019024161323,False
A,0.3,0.6839630216250651,False
A,0.3,0.34092114207560575,False
A,0.3,0.24334825403740024,False
A,0.3,0.09288558720134044,False
A,0.3,0.436359815370306,False
A,0.3,0.0,False
A,0.3,0.982136671659408,True
A,0.3,0.8059657575022292,True
A,0.3,0.0,False
A,0.3,0.5083131966771333,False
A,0.3,0.4708417803844258,False
A,0.3,0.0,False
A,0.3,0.6170596572784691,True
A,0.3,0.4393362063308124,False
A,0.3,0.0,False
A,0.3,0.0,False
A,0.3,0.72275820303881,True
A,0.3,0.47034211943354454,False
A,0.3,0.9861731188562664,True
A,0.3,0.7939155647734532,True
A,0.3,0.07605322376876633,False
A,0.3,0.09022278161048658,False
A,0.3,0.04065404234074044,False
A,0.3,0.37856283480141617,False
A,0.3,0.0,False
A,0.3,0.0,False
A,0.3,0.6165199957474929,True
A,0.3,0.0,False
A,0.3,0.8527525565923589,True
A,0.3,0.23234805582067686,False
A,0.3,0.0,False
A,0.3,0.16535472103174598,False
A,0.3,0.41218604175872164,False
A,0.3,0.0,False
A,0.3,0.96318282958431,True
A,0.3,0.0,False
A,0.3,0.1181656950991421,False
A,0.3,0.050794352088987416,False
A,0.3,0.0,False
A,0.3,0.0,False
A,0.3,0.8399040554514603,True
A,0.3,0.3416318807345602,False
A,0.3,0.0,False
A,0.3,0.757811530992536,True
A,0.3,0.7982461871284325,True
A,0.3,0.0,False
A,0.3,0.030967285152623147,False
A,0.3,0.02953421680847923,False
A,0.3,0.0,False
A,0.3,0.0,False
A,0.3,0.2219372354492798,False
A,0.3,0.5164719905507352,True
A,0.3,0.0,False
A,0.3,0.4863370322322924,True
A,0.3,0.0,False
A,0.3,0.0,False
A,0.3,0.0,False
A,0.3,0.5565001103523982,True
A,0.3,0.0,False
A,0.3,0.0,False
A,0.3,0.011107300811403431,False
A,0.3,0.0,False
A,0.3,0.2165324007917072,False
A,0.3,0.3128042983984676,False
A,0.3,0.3031517268034275,False
A,0.3,0.0607429767034694,False
A,0.3,0.2788813493677379,False
A,0.3,0.0,False
A,0.3,0.828310747801972,True
A,0.3,0.0,False
A,0.3,0.2672625119229517,False
A,0.3,0.6263373750441452,False
A,0.3,0.0,False
A,0.3,0.20800325049447643,False
A,0.3,0.9935575550120123,True
A,0.3,0.9278845294818294,True
A,0.3,0.0,False
A,0.3,0.40079086616779735,False
A,0.3,0.3990624537565033,False
A,0.3,0.4135328579638333,False
A,0.3,0.25227268014469884,False
A,0.3,0.0,False
A,0.3,0.0,False
A,0.3,0.7508147439976317,True
A,0.3,0.781151794115272,True
A,0.3,0.54837275043031,False
A,0.3,0.7591407226701534,True
A,0.3,0.0,False
A,0.3,0.0,False
A,0.3,0.0,False
A,0.3,0.5685658736505947,False
A,0.3,0.8527131298342643,True
A,0.3,0.7688756283047692,True
A,0.3,0.22351341553300508,False
A,0.3,0.0,False
A,0.3,0.37012623768893327,True
A,0.3,0.0,False
A,0.3,0.2367442736688774,False
A,0.3,0.8532449277473779,True
A,0.3,0.0,False
A,0.3,0.3595925058161942,False
A,0.3,0.36189902376688776,False
A,0.3,0.8817125714344277,True
A,0.3,0.0,False
A,0.3,0.12145156220572662,False
A,0.3,0.0,False
A,0.3,0.0,False
A,0.3,0.2731718500395026,False
A,0.3,0.0,False
A,0.3,0.6154215798691612,False
A,0.3,0.13772709359058966,True
A,0.3,0.0,False
A,0.3,0.37813132332581334,False
A,0.3,0.9747011790017719,True
A,0.3,0.46771912029650375,False
A,0.3,0.2434519310098887,False
A,0.3,0.44809251938504235,True
A,0.3,0.5222811401280507,True
A,0.3,0.43974595909152214,False
A,0.3,0.1942278185934201,False
A,0.3,0.0,False
A,0.3,0.9576001129864793,True
A,0.3,0.0,False
A,0.3,0.515503092802047,True
A,0.3,0.0,False
A,0.3,0.15707043183403568,False
A,0.3,0.6265095558309404,True
A,0.3,0.3623006400102272,False
A,0.3,0.0,False
A,0.3,0.0,False
A,0.3,0.9498353582156631,True
A,0.3,0.19950492639758488,False
A,0.3,0.0,False
A,0.3,0.8941457648764839,True
A,0.3,0.3248057520981753,False
A,0.3,0.560306468603468,False
A,0.3,0.803056485601128,True
A,0.3,0.16621043925196677,False
A,0.3,0.7693539324953906,True
A,0.3,0.32077564379866796,False
A,0.3,0.0,False
A,0.3,0.0,False
A,0.3,0.9302505149989484,True
A,0.3,0.22068561450452928,False
A,0.3,0.7717784553216298,True
A,0.3,0.5513668955296347,True
A,0.3,0.22745752863062185,False
A,0.3,0.0,False
A,0.3,0.0,False
A,0.3,0.0,False
A,0.3,0.0,False
A,0.3,0.7606093385481432,True
A,0.3,0.08313747355370305,False
A,0.3,0.45191888160870564,False
A,0.3,0.9314651387937418,True
A,0.3,0.0,False
A,0.3,0.0,False
A,0.3,0.0,False
A,0.3,0.3991641258026004,False
A,0.3,0.3060070282329602,False
A,0.3,0.271141225332187,False
A,0.3,0.4969456987196045,True
A,0.3,0.06884670019139472,False
A,0.3,0.040168321220969916,False
A,0.3,0.0,False
A,0.3,0.06714057639204118,False
A,0.3,0.9606442843790454,True
A,0.3,0.03623410087437162,False
A,0.3,0.09538495980189576,False
A,0.3,0.8353720946392282,True
A,0.3,0.0,False
A,0.3,0.8491674329273765,True
A,0.3,0.2546244512826594,False
A,0.3,0.6430381876033587,True
A,0.3,0.4809946665230592,False
A,0.3,0.0,False
A,0.3,0.0,False
A,0.3,0.2127778683382121,False
A,0.3,0.0,False
A,0.3,0.0,False
A,0.3,0.03491148812464806,False
A,0.3,0.0,False
A,0.3,0.0,False
A,0.3,0.3852731259822523,False
A,0.3,0.03318636890690063,False
A,0.3,0.6677439863767949,True
A,0.3,0.0,False
A,0.3,0.8474752297395308,True
A,0.3,0.0,False
A,0.3,0.37168686385097915,False
A,0.3,0.6624430012731346,True
A,0.3,0.0,False
A,0.3,0.0,False
A,0.3,0.0,False
A,0.3,0.7664458352484722,True
A,0.3,0.0,False
A,0.3,0.0635601094323931,False
A,0.3,0.8561929569339957,True
A,0.3,0.1511189360374331,False
A,0.3,0.0698608492133499,False
A,0.3,0.07779871622287238,False
A,0.3,0.057470820565511005,False
A,0.3,0.7838451238241726,True
A,0.3,0.9972960104346924,True
A,0.3,0.21227232996738055,False
A,0.3,0.0,False
A,0.3,0.3600189402992018,False
A,0.3,0.9084385515600013,True
A,0.3,0.43692627635148196,True
A,0.3,0.1312112650725441,False
A,0.3,0.7059585071555413,True
A,0.3,0.0,False
A,0.3,0.7436034955153666,True
A,0.3,0.8422229927711888,True
A,0.3,0.8843882614180864,True
A,0.3,0.7446386277905003,True
A,0.3,0.0,False
A,0.3,0.4542413925735429,True
A,0.3,0.5220142523020112,False
A,0.3,0.0,False
A,0.3,0.0,False
A,0.3,0.0,False
A,0.3,0.11628702429110749,False
A,0.3,0.24813874823600435,False
A,0.3,0.5401875389450189,False
A,0.3,0.738701536916902,True
A,0.3,0.5230287334823139,True
A,0.3,0.9402868389162482,True
A,0.3,0.5711236930604888,False
A,0.3,0.8782076532913922,True
A,0.3,0.4624088719955435,False
A,0.3,0.2946299387596214,False
A,0.3,0.6801816346580534,False
A,0.3,0.3283975966957101,True
A,0.3,0.0,False
A,0.3,0.5571953522738751,False
A,0.3,0.6250245768336146,False
A,0.3,0.17515764798200495,False
A,0.3,0.052694166910901674,False
A,0.3,0.09884327098746981,False
A,0.3,0.9078988279221801,True
A,0.3,0.8311831463834503,True
A,0.3,0.8774726140539281,True
A,0.3,0.3764722393255301,False
A,0.3,0.0,False
A,0.3,0.5724315573770133,True
A,0.3,0.0,False
A,0.3,0.7246329263954773,True
A,0.3,0.3888007840269686,True
A,0.3,0.0,False
A,0.3,0.0,False
A,0.3,0.9796402955905058,True
A,0.3,0.8906143851341594,True
A,0.3,0.0,False
A,0.3,0.0,False
A,0.3,0.2966413183488865,False
A,0.3,0.0,False
A,0.3,0.0,False
A,0.3,0.6354346204609029,True
A,0.3,0.06327751526561032,False
A,0.3,0.0,False
A,0.3,0.0,False
A,0.3,0.8341360818546757,True
A,0.3,0.0,False
A,0.3,0.46368884468239113,False
A,0.3,0.9861962331902299,True
A,0.3,0.0,False
A,0.3,0.5237864546038213,False
A,0.3,0.5221414110081801,True
A,0.3,0.5672691826950079,True
A,0.3,0.38372935444981515,False
A,0.3,0.2811684452131733,False
A,0.3,0.5290949272708423,True
A,0.3,0.05709122907476494,False
A,0.3,0.0,False
A,0.3,0.8093480912122899,True
A,0.3,0.8593973402216893,True
A,0.3,0.0,False
A,0.3,0.0,False
A,0.3,0.0,False
A,0.3,0.6429345176991529,False
A,0.3,0.0,False
A,0.3,0.0,False
A,0.3,0.2191448976166731,False
A,0.3,0.6286284419362176,True
A,0.3,0.12173156011630848,False
A,0.3,0.4227871285848287,False
A,0.3,0.97611457555343,True
A,0.3,0.0,False
A,0.3,0.7062285707228009,True
A,0.3,0.7944520418710401,True
A,0.3,0.9763534597652219,True
A,0.3,0.5373994199743598,True
A,0.3,0.0,False
A,0.3,0.6554581189194483,False
A,0.3,0.4899135731936518,False
A,0.3,0.5636049912846052,False
A,0.3,0.20260696599470962,False
A,0.3,0.13056273613766145,False
A,0.3,0.7566486188208974,True
A,0.3,0.7846575070164252,True
A,0.3,0.2919943370062458,False
A,0.3,0.542786379045893,False
A,0.3,0.0,False
A,0.3,0.15020720812469046,False
A,0.3,0.0,False
A,0.3,0.7748315507148418,True
A,0.3,0.0,False
A,0.3,0.63028504199585,False
A,0.3,0.9634599498587979,True
A,0.3,0.7445323447316395,True
A,0.3,0.18319108856813948,False
A,0.3,0.24291044160673425,False
A,0.3,0.881090977277478,True
A,0.3,0.350084976574359,False
A,0.3,0.3654057828522257,True
A,0.3,0.6994374350433495,True
A,0.3,0.5710962128276865,True
A,0.3,0.7743677200465746,True
A,0.3,0.4144182602774533,False
A,0.3,0.0,False
A,0.3,0.055040160262390336,False
A,0.3,0.6153889383016701,False
A,0.3,0.9839775187943846,True
A,0.3,0.2586727068816741,False
A,0.3,0.01931974966201111,False
A,0.3,0.8291090758359085,True
A,0.3,0.9020216806972198,True
A,0.3,0.3762142573946784,False
A,0.3,0.4875282378859911,False
A,0.3,0.10249130634113124,False
A,0.3,0.716651846855505,True
A,0.3,0.0,False
A,0.3,0.0,False
A,0.3,0.7379188220515808,True
A,0.3,0.0,False
A,0.3,0.12588959091779528,False
A,0.3,0.5514150875866445,False
A,0.3,0.0,False
A,0.3,0.6669995573283449,True
A,0.3,0.4014409820543685,False
A,0.3,0.27016927173559935,False
A,0.3,0.0,False
A,0.3,0.4130538233562502,False
A,0.3,0.0,False
A,0.3,0.0,False
A,0.3,0.7319348382222622,True
A,0.3,0.9857016033009545,True
A,0.3,0.19647540623878312,False
A,0.3,0.19637500161710908,False
A,0.3,0.34881814975135206,False
A,0.3,0.0,False
A,0.3,0.2922629518676114,False
A,0.3,0.12012766558762089,False
A,0.3,0.0,False
A,0.3,0.9601838280131952,True
A,0.3,0.0,False
A,0.3,0.0,False
A,0.3,0.49811475011145134,True
A,0.3,0.0,False
A,0.3,0.1996664170108109,False
A,0.3,0.0,False
A,0.3,0.15101401833628048,False
A,0.3,0.007737831166067077,False
A,0.3,0.2617630114773103,False
A,0.3,0.366004263138887,False
A,0.3,0.2845386917906385,False
A,0.3,0.8271426599315925,True
A,0.3,0.03501582654780033,False
A,0.3,0.02361311456030679,False
A,0.3,0.0,False
A,0.3,0.7348457977475449,True
A,0.3,0.0,False
A,0.3,0.04094056702485027,False
A,0.3,0.3670988444121459,False
A,0.3,0.0,False
A,0.3,0.5989842405748503,True
A,0.3,0.3795280211268389,False
A,0.3,0.3669053601022315,False
A,0.3,0.7329287816963693,True
A,0.3,0.37373508098734975,False
A,0.3,0.033368513443150505,False
A,0.3,0.7299166411738466,True
A,0.3,0.6203134426162425,True
A,0.3,0.29635586772300127,False
A,0.3,0.0,False
A,0.3,0.0,False
A,0.3,0.18821661970305237,False
A,0.3,0.20618366620135808,False
A,0.3,0.7127536333933016,True
A,0.3,0.7416024886633192,True
A,0.3,0.7880247061175553,True
A,0.3,0.9595320674410683,True
A,0.3,0.8597298960211317,True
A,0.3,0.31711959454269434,False
A,0.3,0.0,False
A,0.3,0.08766045839838266,False
A,0.3,0.5594331221452232,True
A,0.3,0.0,False
A,0.3,0.5295228738953976,True
A,0.3,0.0,False
A,0.3,0.0,False
A,0.3,0.5714532980564526,True
A,0.3,0.4124488861943696,False
A,0.3,0.9165962344234594,True
A,0.3,0.2740018632934177,False
A,0.3,0.0,False
A,0.3,0.0,False
A,0.3,0.5907537257003852,True
A,0.3,0.6622715539611231,True
A,0.3,0.7494139740245637,True
A,0.3,0.8242738925347316,True
A,0.3,0.05494082493486918,False
A,0.3,0.0,False
A,0.3,0.9651887909450777,True
A,0.3,0.0,False
A,0.3,0.0,False
A,0.3,0.18505000897948964,False
A,0.3,0.3261605867895414,False
A,0.3,0.3870822176571833,True
A,0.3,0.1804609934357403,False
A,0.3,0.21213571062373715,False
A,0.3,0.6738635238066151,True
A,0.3,0.09962962469234882,False
A,0.3,0.0,False
A,0.3,0.0,False
A,0.3,0.06986283268754712,False
A,0.3,0.0,False
A,0.3,0.10539697520100155,False
A,0.3,0.0,False
A,0.3,0.297069452857034,False
A,0.3,0.0,False
A,0.3,0.7841927982661011,True
A,0.3,0.17323440982813154,False
A,0.3,0.0,False
A,0.3,0.0,False
A,0.3,0.6452134642964544,False
A,0.3,0.09132053126396966,False
A,0.3,0.0,False
A,0.3,0.0,False
A,0.3,0.0,False
A,0.3,0.16759293226269967,False
A,0.3,0.04211020482994288,False
A,0.3,0.0,False
A,0.3,0.18482312994098704,False
A,0.3,0.8742313232185897,True
A,0.3,0.43381529152382126,False
A,0.3,0.8007953192436963,True
A,0.3,0.022059151356833673,False
A,0.3,0.0,False
A,0.3,0.6361679899432444,True
A,0.3,0.0,False
A,0.3,0.763734024910081,True
A,0.3,0.32410925166257676,False
A,0.3,0.06747027798701233,False
A,0.3,0.1259529882406485,False
A,0.3,0.5454632786087397,False
A,0.3,0.05127516813849908,False
A,0.3,0.23255070920537835,False
A,0.3,0.17379182753332412,False
A,0.3,0.3758472478875512,False
A,0.3,0.0,False
A,0.3,0.9177116229801188,True
A,0.3,0.457249624593267,False
A,0.3,0.0,False
A,0.3,0.5213559586546009,False
A,0.3,0.65695420151688,True
A,0.3,0.0,False
A,0.3,0.5415327799303805,False
A,0.3,0.7121119322918992,True
A,0.3,0.9531052644630688,True
A,0.3,0.8486587553830462,True
A,0.3,0.0,False
A,0.3,0.8857373568509661,True
A,0.3,0.5736913360465714,True
A,0.3,0.8533038140712704,True
A,0.3,0.5906034027810029,True
A,0.3,0.1420477058674684,False
A,0.3,0.5570502724431171,True
A,0.3,0.0,False
A,0.3,0.5969647914908439,True
A,0.3,0.8099452126179557,True
A,0.3,0.8704786228649428,True
A,0.3,0.580367043609974,True
A,0.3,0.22413863557468294,False
A,0.3,0.06559858356043657,False
A,0.3,0.2362296621402784,False
A,0.3,0.0,False
A,0.3,0.8888643749228888,True
A,0.3,0.7654485859360864,True
A,0.3,0.007312717682117387,False
A,0.3,0.28811224568502247,False
A,0.3,0.0,False
A,0.3,0.3448862380157586,False
A,0.3,0.26800981941263724,False
A,0.3,0.2561535327114225,False
A,0.3,0.9691699269495108,True
A,0.3,0.5388409901269166,False
A,0.3,0.5708160813005236,False
A,0.3,0.4053795454263748,False
A,0.3,0.6280051775132077,True
A,0.3,0.7424271080024819,True
A,0.3,0.5437090167721177,False
A,0.3,0.360652721975514,False
A,0.3,0.9516255418506456,True
A,0.3,0.2557582642937589,False
A,0.3,0.7003102428164323,True
A,0.3,0.0,False
A,0.3,0.3877187369986086,False
A,0.3,0.8732274355711492,True
A,0.3,0.0,False
A,0.3,0.9676249870315241,True
A,0.3,0.17642803061461665,True
A,0.3,0.0,False
A,0.3,0.014799937657220652,False
A,0.3,0.44143643162542123,False
A,0.3,0.0825359727493089,False
A,0.3,0.0,False
A,0.3,0.3159580791401623,False
A,0.3,0.4873815820587918,True
A,0.3,0.42472527726722875,True
A,0.3,0.10672702251827204,False
A,0.3,0.0,False
A,0.3,0.11570929329832147,False
A,0.3,0.36035698312998554,False
A,0.3,0.7481604485710527,True
A,0.3,0.0,False
A,0.3,0.04568777007032965,False
A,0.3,0.0,False
A,0.3,0.1413634595538258,False
A,0.3,0.0,False
A,0.3,0.0,False
A,0.3,0.9748854175905532,True
A,0.3,0.9415208062303886,True
A,0.3,0.5065783924556506,True
A,0.3,0.4698115493786469,True
A,0.3,0.8077450017907357,True
A,0.3,0.4242664119885947,True
A,0.3,0.8769365403994884,True
A,0.3,0.9971135134703464,True
A,0.3,0.7795269647389356,False
A,0.3,0.29516945370866954,False
A,0.3,0.8890398313380038,True
A,0.3,0.0,False
A,0.3,0.01522955803758197,False
A,0.3,0.7853718727711776,False
A,0.3,0.21145217736472555,False
A,0.3,0.17482299073552032,False
A,0.3,0.43013249514729834,False
A,0.3,0.0,False
A,0.3,0.7691492443561903,True
A,0.3,0.7925693304646441,True
A,0.3,0.0,False
A,0.3,0.0,False
A,0.3,0.04314583425207241,False
A,0.3,0.8824500753501214,True
A,0.3,0.6393145435787696,False
A,0.3,0.0,False
A,0.3,0.0,False
A,0.3,0.41685311194987684,False
A,0.3,0.4363500066316931,True
A,0.3,0.0,False
A,0.3,0.0,False
A,0.3,0.0,False
A,0.3,0.7501929972587963,True
A,0.3,0.5676802776729036,True
A,0.3,0.0,False
A,0.3,0.0,False
A,0.3,0.327411213943968,False
A,0.3,0.0,False
A,0.3,0.0,False
A,0.3,0.1109087399855575,False
A,0.3,0.0,False
A,0.3,0.7528815187848357,True
A,0.3,0.7833322361802256,True
A,0.3,0.0,False
A,0.3,0.2557423539243464,False
A,0.3,0.3769629042982713,False
A,0.3,0.9949284890979376,True
A,0.3,0.6356847031717933,True
A,0.3,0.0,False
A,0.3,0.39090773444089044,False
A,0.3,0.0,False
A,0.3,0.0,False
A,0.3,0.6846872482136079,False
A,0.3,0.04857827592523145,False
A,0.3,0.6868462879054991,True
A,0.3,0.0,False
A,0.3,0.0,False
A,0.3,0.7950991198011389,True
A,0.3,0.0,False
A,0.3,0.40666103584688496,False
A,0.3,0.8642145844200276,True
A,0.3,0.0,False
A,0.3,0.0,False
A,0.3,0.22424577355843478,False
A,0.3,0.6046475948657102,True
A,0.3,0.5772017290560374,True
A,0.3,0.1837794333944771,False
A,0.3,0.5985019024161323,True
A,0.3,0.6839630216250651,False
A,0.3,0.34092114207560575,False
A,0.3,0.24334825403740024,False
A,0.3,0.09288558720134044,False
A,0.3,0.436359815370306,False
A,0.3,0.0,False
A,0.3,0.982136671659408,True
A,0.3,0.8059657575022292,True
A,0.3,0.0,False
A,0.3,0.5083131966771333,True
A,0.3,0.4708417803844258,False
A,0.3,0.0,False
A,0.3,0.6170596572784691,True
A,0.3,0.4393362063308124,False
A,0.3,0.0,False
A,0.3,0.0,False
A,0.3,0.72275820303881,True
A,0.3,0.47034211943354454,False
A,0.3,0.9861731188562664,True
A,0.3,0.7939155647734532,True
A,0.3,0.07605322376876633,False
A,0.3,0.09022278161048658,False
A,0.3,0.04065404234074044,False
A,0.3,0.37856283480141617,False
A,0.3,0.0,False
A,0.3,0.0,False
A,0.3,0.6165199957474929,True
A,0.3,0.0,False
A,0.3,0.8527525565923589,True
A,0.3,0.23234805582067686,False
A,0.3,0.0,False
A,0.3,0.16535472103174598,False
A,0.3,0.41218604175872164,False
A,0.3,0.0,False
A,0.3,0.96318282958431,True
A,0.3,0.0,False
A,0.3,0.1181656950991421,False
A,0.3,0.050794352088987416,False
A,0.3,0.0,False
A,0.3,0.0,False
A,0.3,0.8399040554514603,True
A,0.3,0.3416318807345602,False
A,0.3,0.0,False
A,0.3,0.757811530992536,True
A,0.3,0.7982461871284325,True
A,0.3,0.0,False
A,0.3,0.030967285152623147,False
A,0.3,0.02953421680847923,False
A,0.3,0.0,False
A,0.3,0.0,False
A,0.3,0.2219372354492798,False
A,0.3,0.5164719905507352,True
A,0.3,0.0,False
A,0.3,0.4863370322322924,True
A,0.3,0.0,False
A,0.3,0.0,False
A,0.3,0.0,False
A,0.3,0.5565001103523982,True
A,0.3,0.0,False
A,0.3,0.0,False
A,0.3,0.011107300811403431,False
A,0.3,0.0,False
A,0.3,0.2165324007917072,False
A,0.3,0.3128042983984676,False
A,0.3,0.3031517268034275,False
A,0.3,0.0607429767034694,False
A,0.3,0.2788813493677379,False
A,0.3,0.0,False
A,0.3,0.828310747801972,True
A,0.3,0.0,False
A,0.3,0.2672625119229517,False
A,0.3,0.6263373750441452,False
A,0.3,0.0,False
A,0.3,0.20800325049447643,False
A,0.3,0.9935575550120123,True
A,0.3,0.9278845294818294,True
A,0.3,0.0,False
A,0.3,0.40079086616779735,False
A,0.3,0.3990624537565033,False
A,0.3,0.4135328579638333,False
A,0.3,0.25227268014469884,False
A,0.3,0.0,False
A,0.3,0.0,False
A,0.3,0.7508147439976317,True
A,0.3,0.781151794115272,True
A,0.3,0.54837275043031,False
A,0.3,0.7591407226701534,True
A,0.3,0.0,False
A,0.3,0.0,False
A,0.3,0.0,False
A,0.3,0.5685658736505947,True
A,0.3,0.8527131298342643,True
A,0.3,0.7688756283047692,True
A,0.3,0.22351341553300508,False
A,0.3,0.0,False
A,0.3,0.37012623768893327,False
A,0.3,0.0,False
A,0.3,0.2367442736688774,False
A,0.3,0.8532449277473779,True
A,0.3,0.0,False
A,0.3,0.3595925058161942,False
A,0.3,0.36189902376688776,False
A,0.3,0.8817125714344277,True
A,0.3,0.0,False
A,0.3,0.12145156220572662,False
A,0.3,0.0,False
A,0.3,0.0,False
A,0.3,0.2731718500395026,False
A,0.3,0.0,False
A,0.3,0.6154215798691612,False
A,0.3,0.13772709359058966,True
A,0.3,0.0,False
A,0.3,0.37813132332581334,False
A,0.3,0.9747011790017719,True
A,0.3,0.46771912029650375,False
A,0.3,0.2434519310098887,False
A,0.3,0.44809251938504235,False
A,0.3,0.5222811401280507,True
A,0.3,0.43974595909152214,False
A,0.3,0.1942278185934201,False
A,0.3,0.0,False
A,0.3,0.9576001129864793,True
A,0.3,0.0,False
A,0.3,0.515503092802047,True
A,0.3,0.0,False
A,0.3,0.15707043183403568,False
A,0.3,0.6265095558309404,True
A,0.3,0.3623006400102272,False
A,0.3,0.0,False
A,0.3,0.0,False
A,0.3,0.9498353582156631,True
A,0.3,0.19950492639758488,False
A,0.3,0.0,False
A,0.3,0.8941457648764839,True
A,0.3,0.3248057520981753,False
A,0.3,0.560306468603468,False
A,0.3,0.803056485601128,True
A,0.3,0.16621043925196677,False
A,0.3,0.7693539324953906,True
A,0.3,0.32077564379866796,False
A,0.3,0.0,False
A,0.3,0.0,False
A,0.3,0.9302505149989484,True
A,0.3,0.22068561450452928,False
A,0.3,0.7717784553216298,True
A,0.3,0.5513668955296347,True
A,0.3,0.22745752863062185,False
A,0.3,0.0,False
A,0.3,0.0,False
A,0.3,0.0,False
A,0.3,0.0,False
A,0.3,0.7606093385481432,True
A,0.3,0.08313747355370305,False
A,0.3,0.45191888160870564,False
A,0.3,0.9314651387937418,True
A,0.3,0.0,False
A,0.3,0.0,False
A,0.3,0.0,False
A,0.3,0.3991641258026004,False
A,0.3,0.3060070282329602,False
A,0.3,0.271141225332187,False
A,0.3,0.4969456987196045,True
A,0.3,0.06884670019139472,False
A,0.3,0.040168321220969916,False
A,0.3,0.0,False
A,0.3,0.06714057639204118,False
A,0.3,0.9606442843790454,True
A,0.3,0.03623410087437162,False
A,0.3,0.09538495980189576,False
A,0.3,0.8353720946392282,True
A,0.3,0.0,False
A,0.3,0.8491674329273765,True
A,0.3,0.2546244512826594,False
A,0.3,0.6430381876033587,True
A,0.3,0.4809946665230592,False
A,0.3,0.0,False
A,0.3,0.0,False
A,0.3,0.2127778683382121,False
A,0.3,0.0,False
A,0.3,0.0,False
A,0.3,0.03491148812464806,False
A,0.3,0.0,False
A,0.3,0.0,False
A,0.3,0.3852731259822523,False
A,0.3,0.03318636890690063,False
A,0.3,0.6677439863767949,True
A,0.3,0.0,False
A,0.3,0.8474752297395308,True
A,0.3,0.0,False
A,0.3,0.37168686385097915,False
A,0.3,0.6624430012731346,True
A,0.3,0.0,False
A,0.3,0.0,False
A,0.3,0.0,False
A,0.3,0.7664458352484722,True
A,0.3,0.0,False
A,0.3,0.0635601094323931,False
A,0.3,0.8561929569339957,True
A,0.3,0.1511189360374331,False
A,0.3,0.0698608492133499,False
A,0.3,0.07779871622287238,False
A,0.3,0.057470820565511005,False
A,0.3,0.7838451238241726,True
A,0.3,0.9972960104346924,True
A,0.3,0.21227232996738055,False
A,0.3,0.0,False
A,0.3,0.3600189402992018,False
A,0.3,0.9084385515600013,True
A,0.3,0.43692627635148196,True
A,0.3,0.1312112650725441,False
A,0.3,0.7059585071555413,True
A,0.3,0.0,False
A,0.3,0.7436034955153666,True
A,0.3,0.8422229927711888,True
A,0.3,0.8843882614180864,True
A,0.3,0.7446386277905003,True
A,0.3,0.0,False
A,0.3,0.4542413925735429,True
A,0.3,0.5220142523020112,True
A,0.3,0.0,False
A,0.3,0.0,False
A,0.3,0.0,False
A,0.3,0.11628702429110749,False
A,0.3,0.24813874823600435,False
A,0.3,0.5401875389450189,False
A,0.3,0.738701536916902,True
A,0.3,0.5230287334823139,True
A,0.3,0.9402868389162482,True
A,0.3,0.5711236930604888,False
A,0.3,0.8782076532913922,True
A,0.3,0.4624088719955435,False
A,0.3,0.2946299387596214,False
A,0.3,0.6801816346580534,True
A,0.3,0.3283975966957101,True
A,0.3,0.0,False
A,0.3,0.5571953522738751,False
A,0.3,0.6250245768336146,False
A,0.3,0.17515764798200495,False
A,0.3,0.052694166910901674,False
A,0.3,0.09884327098746981,False
A,0.3,0.9078988279221801,True
A,0.3,0.8311831463834503,True
A,0.3,0.8774726140539281,True
A,0.3,0.3764722393255301,False
A,0.3,0.0,False
A,0.3,0.5724315573770133,True
A,0.3,0.0,False
A,0.3,0.7246329263954773,True
A,0.3,0.3888007840269686,True
A,0.3,0.0,False
A,0.3,0.0,False
A,0.3,0.9796402955905058,True
A,0.3,0.8906143851341594,True
A,0.3,0.0,False
A,0.3,0.0,False
A,0.3,0.2966413183488865,False
A,0.3,0.0,False
A,0.3,0.0,False
A,0.3,0.6354346204609029,True
A,0.3,0.06327751526561032,False
A,0.3,0.0,False
A,0.3,0.0,False
A,0.3,0.8341360818546757,True
A,0.3,0.0,False
A,0.3,0.46368884468239113,False
A,0.3,0.9861962331902299,True
A,0.3,0.0,False
A,0.3,0.5237864546038213,False
A,0.3,0.5221414110081801,True
A,0.3,0.5672691826950079,True
A,0.3,0.38372935444981515,False
A,0.3,0.2811684452131733,False
A,0.3,0.5290949272708423,True
A,0.3,0.05709122907476494,False
A,0.3,0.0,False
A,0.3,0.8093480912122899,True
A,0.3,0.8593973402216893,True
A,0.3,0.0,False
A,0.3,0.0,False
A,0.3,0.0,False
A,0.3,0.6429345176991529,False
A,0.3,0.0,False
A,0.3,0.0,False
A,0.3,0.2191448976166731,False
A,0.3,0.6286284419362176,True
A,0.3,0.12173156011630848,False
A,0.3,0.4227871285848287,False
A,0.3,0.97611457555343,True
A,0.3,0.0,False
A,0.3,0.7062285707228009,True
A,0.3,0.7944520418710401,True
A,0.3,0.9763534597652219,True
A,0.3,0.5373994199743598,True
A,0.3,0.0,False
A,0.3,0.6554581189194483,False
A,0.3,0.4899135731936518,False
A,0.3,0.5636049912846052,False
A,0.3,0.20260696599470962,False
A,0.3,0.13056273613766145,False
A,0.3,0.7566486188208974,True
A,0.3,0.7846575070164252,True
A,0.3,0.2919943370062458,False
A,0.3,0.542786379045893,False
A,0.3,0.0,False
A,0.3,0.15020720812469046,False
A,0.3,0.0,False
A,0.3,0.7748315507148418,True
A,0.3,0.0,False
A,0.3,0.63028504199585,False
A,0.3,0.9634599498587979,True
A,0.3,0.7445323447316395,True
A,0.3,0.18319108856813948,False
A,0.3,0.24291044160673425,False
A,0.3,0.881090977277478,True
A,0.3,0.350084976574359,False
A,0.3,0.3654057828522257,False
A,0.3,0.6994374350433495,True
A,0.3,0.5710962128276865,True
A,0.3,0.7743677200465746,True
A,0.3,0.4144182602774533,False
A,0.3,0.0,False
A,0.3,0.055040160262390336,False
A,0.3,0.6153889383016701,False
A,0.3,0.9839775187943846,True
A,0.3,0.2586727068816741,False
A,0.3,0.01931974966201111,False
A,0.3,0.8291090758359085,True
A,0.3,0.9020216806972198,True
A,0.3,0.3762142573946784,False
A,0.3,0.4875282378859911,False
A,0.3,0.10249130634113124,False
A,0.3,0.716651846855505,True
A,0.3,0.0,False
A,0.3,0.0,False
A,0.3,0.7379188220515808,True
A,0.3,0.0,False
A,0.3,0.12588959091779528,False
A,0.3,0.5514150875866445,False
A,0.3,0.0,False
A,0.3,0.6669995573283449,True
A,0.3,0.4014409820543685,False
A,0.3,0.27016927173559935,False
A,0.3,0.0,False
A,0.3,0.4130538233562502,False
A,0.3,0.0,False
A,0.3,0.0,False
A,0.3,0.7319348382222622,True
A,0.3,0.9857016033009545,True
A,0.3,0.19647540623878312,False
A,0.3,0.19637500161710908,False
A,0.3,0.34881814975135206,False
A,0.3,0.0,False
A,0.3,0.2922629518676114,False
A,0.3,0.12012766558762089,False
A,0.3,0.0,False
A,0.3,0.9601838280131952,True
A,0.3,0.0,False
A,0.3,0.0,False
A,0.3,0.49811475011145134,True
A,0.3,0.0,False
A,0.3,0.1996664170108109,False
A,0.3,0.0,False
A,0.3,0.15101401833628048,False
A,0.3,0.007737831166067077,False
A,0.3,0.2617630114773103,False
A,0.3,0.366004263138887,False
A,0.3,0.2845386917906385,False
A,0.3,0.8271426599315925,True
A,0.3,0.03501582654780033,False
A,0.3,0.02361311456030679,False
A,0.3,0.0,False
A,0.3,0.7348457977475449,True
A,0.3,0.0,False
A,0.3,0.04094056702485027,False
A,0.3,0.3670988444121459,False
A,0.3,0.0,False
A,0.3,0.5989842405748503,True
A,0.3,0.3795280211268389,False
A,0.3,0.3669053601022315,False
A,0.3,0.7329287816963693,True
A,0.3,0.37373508098734975,False
A,0.3,0.033368513443150505,False
A,0.3,0.7299166411738466,True
A,0.3,0.6203134426162425,False
A,0.3,0.29635586772300127,False
A,0.3,0.0,False
A,0.3,0.0,False
A,0.3,0.18821661970305237,False
A,0.3,0.20618366620135808,False
A,0.3,0.7127536333933016,True
A,0.3,0.7416024886633192,True
A,0.3,0.7880247061175553,True
A,0.3,0.9595320674410683,True
A,0.3,0.8597298960211317,True
A,0.3,0.31711959454269434,False
A,0.3,0.0,False
A,0.3,0.08766045839838266,False
A,0.3,0.5594331221452232,True
A,0.3,0.0,False
A,0.3,0.5295228738953976,True
A,0.3,0.0,False
A,0.3,0.0,False
A,0.3,0.5714532980564526,True
A,0.3,0.4124488861943696,False
A,0.3,0.9165962344234594,True
A,0.3,0.2740018632934177,False
A,0.3,0.0,False
A,0.3,0.0,False
A,0.3,0.5907537257003852,True
A,0.3,0.6622715539611231,True
A,0.3,0.7494139740245637,True
A,0.3,0.8242738925347316,True
A,0.3,0.05494082493486918,False
A,0.3,0.0,False
A,0.3,0.9651887909450777,True
A,0.3,0.0,False
A,0.3,0.0,False
A,0.3,0.18505000897948964,False
A,0.3,0.3261605867895414,False
A,0.3,0.3870822176571833,False
A,0.3,0.1804609934357403,False
A,0.3,0.21213571062373715,False
A,0.3,0.6738635238066151,False
A,0.3,0.09962962469234882,False
A,0.3,0.0,False
A,0.3,0.0,False
A,0.3,0.06986283268754712,False
A,0.3,0.0,False
A,0.3,0.10539697520100155,False
A,0.3,0.0,False
A,0.3,0.297069452857034,False
A,0.3,0.0,False
A,0.3,0.7841927982661011,True
A,0.3,0.17323440982813154,False
A,0.3,0.0,False
A,0.3,0.0,False
A,0.3,0.6452134642964544,False
A,0.3,0.09132053126396966,False
A,0.3,0.0,False
A,0.3,0.0,False
A,0.3,0.0,False
A,0.3,0.16759293226269967,False
A,0.3,0.04211020482994288,False
A,0.3,0.0,False
A,0.3,0.18482312994098704,False
A,0.3,0.8742313232185897,True
A,0.3,0.43381529152382126,False
A,0.3,0.8007953192436963,True
A,0.3,0.022059151356833673,False
A,0.3,0.0,False
A,0.3,0.6361679899432444,True
A,0.3,0.0,False
A,0.3,0.763734024910081,True
A,0.3,0.32410925166257676,False
A,0.3,0.06747027798701233,False
A,0.3,0.1259529882406485,False
A,0.3,0.5454632786087397,False
A,0.3,0.05127516813849908,False
A,0.3,0.23255070920537835,False
A,0.3,0.17379182753332412,False
A,0.3,0.3758472478875512,False
A,0.3,0.0,False
A,0.3,0.9177116229801188,True
A,0.3,0.457249624593267,False
A,0.3,0.0,False
A,0.3,0.5213559586546009,False
A,0.3,0.65695420151688,True
A,0.3,0.0,False
A,0.3,0.5415327799303805,False
A,0.3,0.7121119322918992,True
A,0.3,0.9531052644630688,True
A,0.3,0.8486587553830462,True
A,0.3,0.0,False
A,0.3,0.8857373568509661,True
A,0.3,0.5736913360465714,True
A,0.3,0.8533038140712704,True
A,0.3,0.5906034027810029,True
A,0.3,0.1420477058674684,False
A,0.3,0.5570502724431171,True
A,0.3,0.0,False
A,0.3,0.5969647914908439,True
A,0.3,0.8099452126179557,True
A,0.3,0.8704786228649428,True
A,0.3,0.580367043609974,True
A,0.3,0.22413863557468294,False
A,0.3,0.06559858356043657,False
A,0.3,0.2362296621402784,False
A,0.3,0.0,False
A,0.3,0.8888643749228888,True
A,0.3,0.7654485859360864,True
A,0.3,0.007312717682117387,False
A,0.3,0.28811224568502247,False
A,0.3,0.0,False
A,0.3,0.3448862380157586,False
A,0.3,0.26800981941263724,False
A,0.3,0.2561535327114225,False
A,0.3,0.9691699269495108,True
A,0.3,0.5388409901269166,False
A,0.3,0.5708160813005236,True
A,0.3,0.4053795454263748,False
A,0.3,0.6280051775132077,True
A,0.3,0.7424271080024819,True
A,0.3,0.5437090167721177,False
A,0.3,0.360652721975514,False
A,0.3,0.9516255418506456,True
A,0.3,0.2557582642937589,False
A,0.3,0.7003102428164323,True
A,0.3,0.0,False
A,0.3,0.3877187369986086,False
A,0.3,0.8732274355711492,True
A,0.3,0.0,False
A,0.3,0.9676249870315241,True
A,0.3,0.17642803061461665,False
A,0.3,0.0,False
A,0.3,0.014799937657220652,False
A,0.3,0.44143643162542123,True
A,0.3,0.0825359727493089,False
A,0.3,0.0,False
A,0.3,0.3159580791401623,False
A,0.3,0.4873815820587918,True
A,0.3,0.42472527726722875,True
A,0.3,0.10672702251827204,False
A,0.3,0.0,False
A,0.3,0.11570929329832147,False
A,0.3,0.36035698312998554,False
A,0.3,0.7481604485710527,True
A,0.3,0.0,False
A,0.3,0.04568777007032965,False
A,0.3,0.0,False
A,0.3,0.1413634595538258,False
A,0.3,0.0,False
A,0.3,0.0,False
A,0.3,0.9748854175905532,True
A,0.3,0.9415208062303886,True
A,0.3,0.5065783924556506,True
A,0.3,0.4698115493786469,True
A,0.3,0.8077450017907357,True
A,0.3,0.4242664119885947,True
A,0.3,0.8769365403994884,True
A,0.3,0.9971135134703464,True
A,0.3,0.7795269647389356,False
A,0.3,0.29516945370866954,False
A,0.3,0.8890398313380038,True
A,0.3,0.0,False
A,0.3,0.01522955803758197,False
A,0.3,0.7853718727711776,True
A,0.3,0.21145217736472555,False
A,0.3,0.17482299073552032,False
A,0.3,0.43013249514729834,False
A,0.3,0.0,False
A,0.3,0.7691492443561903,True
A,0.3,0.7925693304646441,True
A,0.3,0.0,False
A,0.3,0.0,False
A,0.3,0.04314583425207241,False
A,0.3,0.8824500753501214,True
A,0.3,0.6393145435787696,False
A,0.3,0.0,False
A,0.3,0.0,False
A,0.3,0.41685311194987684,False
A,0.3,0.4363500066316931,True
A,0.3,0.0,False
A,0.3,0.0,False
A,0.3,0.0,False
A,0.3,0.7501929972587963,True
A,0.3,0.5676802776729036,True
A,0.3,0.0,False
A,0.3,0.0,False
A,0.3,0.327411213943968,False
A,0.3,0.0,False
A,0.3,0.0,False
A,0.3,0.1109087399855575,False
A,0.3,0.0,False
A,0.3,0.7528815187848357,True
A,0.3,0.7833322361802256,True
A,0.3,0.0,False
A,0.3,0.2557423539243464,False
A,0.3,0.3769629042982713,False
A,0.3,0.9949284890979376,True
A,0.3,0.6356847031717933,True
A,0.3,0.0,False
A,0.3,0.39090773444089044,False
A,0.3,0.0,False
A,0.3,0.0,False
A,0.3,0.6846872482136079,False
A,0.3,0.04857827592523145,False
A,0.3,0.6868462879054991,True
A,0.3,0.0,False
A,0.3,0.0,False
A,0.3,0.7950991198011389,True
A,0.3,0.0,False
A,0.3,0.40666103584688496,False
A,0.3,0.8642145844200276,True
A,0.3,0.0,False
A,0.3,0.0,False
A,0.3,0.22424577355843478,False
A,0.3,0.6046475948657102,True
A,0.3,0.5772017290560374,True
A,0.3,0.1837794333944771,False
A,0.3,0.5985019024161323,True
A,0.3,0.6839630216250651,True
A,0.3,0.34092114207560575,False
A,0.3,0.24334825403740024,False
A,0.3,0.09288558720134044,False
A,0.3,0.436359815370306,False
A,0.3,0.0,False
A,0.3,0.982136671659408,True
A,0.3,0.8059657575022292,True
A,0.3,0.0,False
A,0.3,0.5083131966771333,True
A,0.3,0.4708417803844258,False
A,0.3,0.0,False
A,0.3,0.6170596572784691,True
A,0.3,0.4393362063308124,False
A,0.3,0.0,False
A,0.3,0.0,False
A,0.3,0.72275820303881,True
A,0.3,0.47034211943354454,False
A,0.3,0.9861731188562664,True
A,0.3,0.7939155647734532,True
A,0.3,0.07605322376876633,False
A,0.3,0.09022278161048658,False
A,0.3,0.04065404234074044,False
A,0.3,0.37856283480141617,False
A,0.3,0.0,False
A,0.3,0.0,False
A,0.3,0.6165199957474929,False
A,0.3,0.0,False
A,0.3,0.8527525565923589,True
A,0.3,0.23234805582067686,False
A,0.3,0.0,False
A,0.3,0.16535472103174598,False
A,0.3,0.41218604175872164,False
A,0.3,0.0,False
A,0.3,0.96318282958431,True
A,0.3,0.0,False
A,0.3,0.1181656950991421,False
A,0.3,0.050794352088987416,False
A,0.3,0.0,False
A,0.3,0.0,False
A,0.3,0.8399040554514603,True
A,0.3,0.3416318807345602,False
A,0.3,0.0,False
A,0.3,0.757811530992536,True
A,0.3,0.7982461871284325,True
A,0.3,0.0,False
A,0.3,0.030967285152623147,False
A,0.3,0.02953421680847923,False
A,0.3,0.0,False
A,0.3,0.0,False
A,0.3,0.2219372354492798,False
A,0.3,0.5164719905507352,True
A,0.3,0.0,False
A,0.3,0.4863370322322924,True
A,0.3,0.0,False
A,0.3,0.0,False
A,0.3,0.0,False
A,0.3,0.5565001103523982,True
A,0.3,0.0,False
A,0.3,0.0,False
A,0.3,0.011107300811403431,False
A,0.3,0.0,False
A,0.3,0.2165324007917072,False
A,0.3,0.3128042983984676,False
A,0.3,0.3031517268034275,True
A,0.3,0.0607429767034694,False
A,0.3,0.2788813493677379,False
A,0.3,0.0,False
A,0.3,0.828310747801972,True
A,0.3,0.0,False
A,0.3,0.2672625119229517,False
A,0.3,0.6263373750441452,False
A,0.3,0.0,False
A,0.3,0.20800325049447643,False
A,0.3,0.9935575550120123,True
A,0.3,0.9278845294818294,True
A,0.3,0.0,False
A,0.3,0.40079086616779735,False
A,0.3,0.3990624537565033,False
A,0.3,0.4135328579638333,False
A,0.3,0.25227268014469884,False
A,0.3,0.0,False
A,0.3,0.0,False
A,0.3,0.7508147439976317,True
A,0.3,0.781151794115272,True
A,0.3,0.54837275043031,False
A,0.3,0.7591407226701534,True
A,0.3,0.0,False
A,0.3,0.0,False
A,0.3,0.0,False
A,0.3,0.5685658736505947,True
A,0.3,0.8527131298342643,True
A,0.3,0.7688756283047692,True
A,0.3,0.22351341553300508,False
A,0.3,0.0,False
A,0.3,0.37012623768893327,False
A,0.3,0.0,False
A,0.3,0.2367442736688774,False
A,0.3,0.8532449277473779,True
A,0.3,0.0,False
A,0.3,0.3595925058161942,False
A,0.3,0.36189902376688776,False
A,0.3,0.8817125714344277,True
A,0.3,0.0,False
A,0.3,0.12145156220572662,False
A,0.3,0.0,False
A,0.3,0.0,False
A,0.3,0.2731718500395026,False
A,0.3,0.0,False
A,0.3,0.6154215798691612,False
A,0.3,0.13772709359058966,True
A,0.3,0.0,False
A,0.3,0.37813132332581334,False
A,0.3,0.9747011790017719,True
A,0.3,0.46771912029650375,True
A,0.3,0.2434519310098887,False
A,0.3,0.44809251938504235,False
A,0.3,0.5222811401280507,True
A,0.3,0.43974595909152214,False
A,0.3,0.1942278185934201,False
A,0.3,0.0,False
A,0.3,0.9576001129864793,True
A,0.3,0.0,False
A,0.3,0.515503092802047,True
A,0.3,0.0,False
A,0.3,0.15707043183403568,False
A,0.3,0.6265095558309404,True
A,0.3,0.3623006400102272,False
A,0.3,0.0,False
A,0.3,0.0,False
A,0.3,0.9498353582156631,True
A,0.3,0.19950492639758488,False
A,0.3,0.0,False
A,0.3,0.8941457648764839,True
A,0.3,0.3248057520981753,False
A,0.3,0.560306468603468,False
A,0.3,0.803056485601128,True
A,0.3,0.16621043925196677,False
A,0.3,0.7693539324953906,True
A,0.3,0.32077564379866796,False
A,0.3,0.0,False
A,0.3,0.0,False
A,0.3,0.9302505149989484,True
A,0.3,0.22068561450452928,False
A,0.3,0.7717784553216298,True
A,0.3,0.5513668955296347,True
A,0.3,0.22745752863062185,False
A,0.3,0.0,False
A,0.3,0.0,False
A,0.3,0.0,False
A,0.3,0.0,False
A,0.3,0.7606093385481432,True
A,0.3,0.08313747355370305,False
A,0.3,0.45191888160870564,False
A,0.3,0.9314651387937418,True
A,0.3,0.0,False
A,0.3,0.0,False
A,0.3,0.0,False
A,0.3,0.3991641258026004,False
A,0.3,0.3060070282329602,False
A,0.3,0.271141225332187,False
A,0.3,0.4969456987196045,True
A,0.3,0.06884670019139472,False
A,0.3,0.040168321220969916,False
A,0.3,0.0,False
A,0.3,0.06714057639204118,False
A,0.3,0.9606442843790454,True
A,0.3,0.03623410087437162,False
A,0.3,0.09538495980189576,False
A,0.3,0.8353720946392282,True
A,0.3,0.0,False
A,0.3,0.8491674329273765,True
A,0.3,0.2546244512826594,False
A,0.3,0.6430381876033587,True
A,0.3,0.4809946665230592,False
A,0.3,0.0,False
A,0.3,0.0,False
A,0.3,0.2127778683382121,False
A,0.3,0.0,False
A,0.3,0.0,False
A,0.3,0.03491148812464806,False
A,0.3,0.0,False
A,0.3,0.0,False
A,0.3,0.3852731259822523,False
A,0.3,0.03318636890690063,False
A,0.3,0.6677439863767949,True
A,0.3,0.0,False
A,0.3,0.8474752297395308,True
A,0.3,0.0,False
A,0.3,0.37168686385097915,False
A,0.3,0.6624430012731346,True
A,0.3,0.0,False
A,0.3,0.0,False
A,0.3,0.0,False
A,0.3,0.7664458352484722,True
A,0.3,0.0,False
A,0.3,0.0635601094323931,False
A,0.3,0.8561929569339957,True
A,0.3,0.1511189360374331,False
A,0.3,0.0698608492133499,False
A,0.3,0.07779871622287238,False
A,0.3,0.057470820565511005,False
A,0.3,0.7838451238241726,True
A,0.3,0.9972960104346924,True
A,0.3,0.21227232996738055,False
A,0.3,0.0,False
A,0.3,0.3600189402992018,False
A,0.3,0.9084385515600013,True
A,0.3,0.43692627635148196,True
A,0.3,0.1312112650725441,False
A,0.3,0.7059585071555413,True
A,0.3,0.0,False
A,0.3,0.7436034955153666,True
A,0.3,0.8422229927711888,True
A,0.3,0.8843882614180864,True
A,0.3,0.7446386277905003,True
A,0.3,0.0,False
A,0.3,0.4542413925735429,False
A,0.3,0.5220142523020112,True
A,0.3,0.0,False
A,0.3,0.0,False
A,0.3,0.0,False
A,0.3,0.11628702429110749,False
A,0.3,0.24813874823600435,False
A,0.3,0.5401875389450189,False
A,0.3,0.738701536916902,True
A,0.3,0.5230287334823139,False
A,0.3,0.9402868389162482,True
A,0.3,0.5711236930604888,False
A,0.3,0.8782076532913922,True
A,0.3,0.4624088719955435,False
A,0.3,0.2946299387596214,False
A,0.3,0.6801816346580534,True
A,0.3,0.3283975966957101,True
A,0.3,0.0,False
A,0.3,0.5571953522738751,False
A,0.3,0.6250245768336146,False
A,0.3,0.17515764798200495,False
A,0.3,0.052694166910901674,False
A,0.3,0.09884327098746981,False
A,0.3,0.9078988279221801,True
A,0.3,0.8311831463834503,True
A,0.3,0.8774726140539281,True
A,0.3,0.3764722393255301,False
A,0.3,0.0,False
A,0.3,0.5724315573770133,True
A,0.3,0.0,False
A,0.3,0.7246329263954773,True
A,0.3,0.3888007840269686,True
A,0.3,0.0,False
A,0.3,0.0,False
A,0.3,0.9796402955905058,True
A,0.3,0.8906143851341594,True
A,0.3,0.0,False
A,0.3,0.0,False
A,0.3,0.2966413183488865,False
A,0.3,0.0,False
A,0.3,0.0,False
A,0.3,0.6354346204609029,True
A,0.3,0.06327751526561032,False
A,0.3,0.0,False
A,0.3,0.0,False
A,0.3,0.8341360818546757,True
A,0.3,0.0,False
A,0.3,0.46368884468239113,False
A,0.3,0.9861962331902299,True
A,0.3,0.0,False
A,0.3,0.5237864546038213,False
A,0.3,0.5221414110081801,True
A,0.3,0.5672691826950079,True
A,0.3,0.38372935444981515,False
A,0.3,0.2811684452131733,False
A,0.3,0.5290949272708423,True
A,0.3,0.05709122907476494,False
A,0.3,0.0,False
A,0.3,0.8093480912122899,True
A,0.3,0.8593973402216893,True
A,0.3,0.0,False
A,0.3,0.0,False
A,0.3,0.0,False
A,0.3,0.6429345176991529,True
A,0.3,0.0,False
A,0.3,0.0,False
A,0.3,0.2191448976166731,False
A,0.3,0.6286284419362176,True
A,0.3,0.12173156011630848,False
A,0.3,0.4227871285848287,False
A,0.3,0.97611457555343,True
A,0.3,0.0,False
A,0.3,0.7062285707228009,True
A,0.3,0.7944520418710401,True
A,0.3,0.9763534597652219,True
A,0.3,0.5373994199743598,True
A,0.3,0.0,False
A,0.3,0.6554581189194483,False
A,0.3,0.4899135731936518,True
A,0.3,0.5636049912846052,False
A,0.3,0.20260696599470962,False
A,0.3,0.13056273613766145,False
A,0.3,0.7566486188208974,True
A,0.3,0.7846575070164252,True
A,0.3,0.2919943370062458,False
A,0.3,0.542786379045893,False
A,0.3,0.0,False
A,0.3,0.15020720812469046,False
A,0.3,0.0,False
A,0.3,0.7748315507148418,True
A,0.3,0.0,False
A,0.3,0.63028504199585,False
A,0.3,0.9634599498587979,True
A,0.3,0.7445323447316395,True
A,0.3,0.18319108856813948,False
A,0.3,0.24291044160673425,False
A,0.3,0.881090977277478,True
A,0.3,0.350084976574359,False
A,0.3,0.3654057828522257,True
A,0.3,0.6994374350433495,True
A,0.3,0.5710962128276865,True
A,0.3,0.7743677200465746,True
A,0.3,0.4144182602774533,False
A,0.3,0.0,False
A,0.3,0.055040160262390336,False
A,0.3,0.6153889383016701,False
A,0.3,0.9839775187943846,True
A,0.3,0.2586727068816741,False
A,0.3,0.01931974966201111,False
A,0.3,0.8291090758359085,True
A,0.3,0.9020216806972198,True
A,0.3,0.3762142573946784,False
A,0.3,0.4875282378859911,True
A,0.3,0.10249130634113124,False
A,0.3,0.716651846855505,True
A,0.3,0.0,False
A,0.3,0.0,False
A,0.3,0.7379188220515808,True
A,0.3,0.0,False
A,0.3,0.12588959091779528,False
A,0.3,0.5514150875866445,False
A,0.3,0.0,False
A,0.3,0.6669995573283449,True
A,0.3,0.4014409820543685,False
A,0.3,0.27016927173559935,False
A,0.3,0.0,False
A,0.3,0.4130538233562502,False
A,0.3,0.0,False
A,0.3,0.0,False
A,0.3,0.7319348382222622,True
A,0.3,0.9857016033009545,True
A,0.3,0.19647540623878312,False
A,0.3,0.19637500161710908,False
A,0.3,0.34881814975135206,False
A,0.3,0.0,False
A,0.3,0.2922629518676114,False
A,0.3,0.12012766558762089,False
A,0.3,0.0,False
A,0.3,0.9601838280131952,True
A,0.3,0.0,False
A,0.3,0.0,False
A,0.3,0.49811475011145134,False
A,0.3,0.0,False
A,0.3,0.1996664170108109,False
A,0.3,0.0,False
A,0.3,0.15101401833628048,False
A,0.3,0.007737831166067077,False
A,0.3,0.2617630114773103,False
A,0.3,0.366004263138887,False
A,0.3,0.2845386917906385,False
A,0.3,0.8271426599315925,True
A,0.3,0.03501582654780033,False
A,0.3,0.02361311456030679,False
A,0.3,0.0,False
A,0.3,0.7348457977475449,True
A,0.3,0.0,False
A,0.3,0.04094056702485027,False
A,0.3,0.3670988444121459,False
A,0.3,0.0,False
A,0.3,0.5989842405748503,True
A,0.3,0.3795280211268389,False
A,0.3,0.3669053601022315,False
A,0.3,0.7329287816963693,True
A,0.3,0.37373508098734975,False
A,0.3,0.033368513443150505,False
A,0.3,0.7299166411738466,True
A,0.3,0.6203134426162425,True
A,0.3,0.29635586772300127,False
A,0.3,0.0,False
A,0.3,0.0,False
A,0.3,0.18821661970305237,False
A,0.3,0.20618366620135808,False
A,0.3,0.7127536333933016,True
A,0.3,0.7416024886633192,True
A,0.3,0.7880247061175553,False
A,0.3,0.9595320674410683,True
A,0.3,0.8597298960211317,True
A,0.3,0.31711959454269434,False
A,0.3,0.0,False
A,0.3,0.08766045839838266,False
A,0.3,0.5594331221452232,True
A,0.3,0.0,False
A,0.3,0.5295228738953976,True
A,0.3,0.0,False
A,0.3,0.0,False
A,0.3,0.5714532980564526,True
A,0.3,0.4124488861943696,False
A,0.3,0.9165962344234594,True
A,0.3,0.2740018632934177,False
A,0.3,0.0,False
A,0.3,0.0,False
A,0.3,0.5907537257003852,True
A,0.3,0.6622715539611231,True
A,0.3,0.7494139740245637,True
A,0.3,0.8242738925347316,True
A,0.3,0.05494082493486918,False
A,0.3,0.0,False
A,0.3,0.9651887909450777,True
A,0.3,0.0,False
A,0.3,0.0,False
A,0.3,0.18505000897948964,False
A,0.3,0.3261605867895414,False
A,0.3,0.3870822176571833,False
A,0.3,0.1804609934357403,False
A,0.3,0.21213571062373715,False
A,0.3,0.6738635238066151,False
A,0.3,0.09962962469234882,False
A,0.3,0.0,False
A,0.3,0.0,False
A,0.3,0.06986283268754712,False
A,0.3,0.0,False
A,0.3,0.10539697520100155,False
A,0.3,0.0,False
A,0.3,0.297069452857034,False
A,0.3,0.0,False
A,0.3,0.7841927982661011,True
A,0.3,0.17323440982813154,False
A,0.3,0.0,False
A,0.3,0.0,False
A,0.3,0.6452134642964544,False
A,0.3,0.09132053126396966,False
A,0.3,0.0,False
A,0.3,0.0,False
A,0.3,0.0,False
A,0.3,0.16759293226269967,False
A,0.3,0.04211020482994288,False
A,0.3,0.0,False
A,0.3,0.18482312994098704,False
A,0.3,0.8742313232185897,True
A,0.3,0.43381529152382126,False
A,0.3,0.8007953192436963,True
A,0.3,0.022059151356833673,False
A,0.3,0.0,False
A,0.3,0.6361679899432444,True
A,0.3,0.0,False
A,0.3,0.763734024910081,True
A,0.3,0.32410925166257676,False
A,0.3,0.06747027798701233,False
A,0.3,0.1259529882406485,False
A,0.3,0.5454632786087397,False
A,0.3,0.05127516813849908,False
A,0.3,0.23255070920537835,False
A,0.3,0.17379182753332412,False
A,0.3,0.3758472478875512,False
A,0.3,0.0,False
A,0.3,0.9177116229801188,True
A,0.3,0.457249624593267,False
A,0.3,0.0,False
A,0.3,0.5213559586546009,False
A,0.3,0.65695420151688,True
A,0.3,0.0,False
A,0.3,0.5415327799303805,False
A,0.3,0.7121119322918992,True
A,0.3,0.9531052644630688,True
A,0.3,0.8486587553830462,True
A,0.3,0.0,False
A,0.3,0.8857373568509661,True
A,0.3,0.5736913360465714,True
A,0.3,0.8533038140712704,True
A,0.3,0.5906034027810029,True
A,0.3,0.1420477058674684,False
A,0.3,0.5570502724431171,True
A,0.3,0.0,False
A,0.3,0.5969647914908439,True
A,0.3,0.8099452126179557,True
A,0.3,0.8704786228649428,True
A,0.3,0.580367043609974,True
A,0.3,0.22413863557468294,False
A,0.3,0.06559858356043657,False
A,0.3,0.2362296621402784,False
A,0.3,0.0,False
A,0.3,0.8888643749228888,True
A,0.3,0.7654485859360864,True
A,0.3,0.007312717682117387,False
A,0.3,0.28811224568502247,True
A,0.3,0.0,False
A,0.3,0.3448862380157586,False
A,0.3,0.26800981941263724,False
A,0.3,0.2561535327114225,False
A,0.3,0.9691699269495108,True
A,0.3,0.5388409901269166,True
A,0.3,0.5708160813005236,True
A,0.3,0.4053795454263748,False
A,0.3,0.6280051775132077,True
A,0.3,0.7424271080024819,True
A,0.3,0.5437090167721177,False
A,0.3,0.360652721975514,False
A,0.3,0.9516255418506456,True
A,0.3,0.2557582642937589,False
A,0.3,0.7003102428164323,True
A,0.3,0.0,False
A,0.3,0.3877187369986086,False
A,0.3,0.8732274355711492,True
A,0.3,0.0,False
A,0.3,0.9676249870315241,True
A,0.3,0.17642803061461665,False
A,0.3,0.0,False
A,0.3,0.014799937657220652,False
A,0.3,0.44143643162542123,False
A,0.3,0.0825359727493089,False
A,0.3,0.0,False
A,0.3,0.3159580791401623,False
A,0.3,0.4873815820587918,True
A,0.3,0.42472527726722875,True
A,0.3,0.10672702251827204,False
A,0.3,0.0,False
A,0.3,0.11570929329832147,False
A,0.3,0.36035698312998554,False
A,0.3,0.7481604485710527,True
A,0.3,0.0,False
A,0.3,0.04568777007032965,False
A,0.3,0.0,False
A,0.3,0.1413634595538258,False
A,0.3,0.0,False
A,0.3,0.0,False
A,0.3,0.9748854175905532,True
A,0.3,0.9415208062303886,True
A,0.3,0.5065783924556506,True
A,0.3,0.4698115493786469,True
A,0.3,0.8077450017907357,True
A,0.3,0.4242664119885947,True
A,0.3,0.8769365403994884,True
A,0.3,0.9971135134703464,True
A,0.3,0.7795269647389356,False
A,0.3,0.29516945370866954,False
A,0.3,0.8890398313380038,True
A,0.3,0.0,False
A,0.3,0.01522955803758197,False
A,0.3,0.7853718727711776,True
A,0.3,0.21145217736472555,False
A,0.3,0.17482299073552032,False
A,0.3,0.43013249514729834,False
A,0.3,0.0,False
A,0.3,0.7691492443561903,True
A,0.3,0.7925693304646441,True
A,0.3,0.0,False
A,0.3,0.0,False
A,0.3,0.04314583425207241,False
A,0.3,0.8824500753501214,True
A,0.3,0.6393145435787696,False
A,0.3,0.0,False
A,0.3,0.0,False
A,0.3,0.41685311194987684,False
A,0.3,0.4363500066316931,False
A,0.3,0.0,False
A,0.3,0.0,False
A,0.3,0.0,False
A,0.3,0.7501929972587963,True
A,0.3,0.5676802776729036,False
A,0.3,0.0,False
A,0.3,0.0,False
A,0.3,0.327411213943968,False
A,0.3,0.0,False
A,0.3,0.0,False
A,0.3,0.1109087399855575,False
A,0.3,0.0,False
A,0.3,0.7528815187848357,True
A,0.3,0.7833322361802256,True
A,0.3,0.0,False
A,0.3,0.2557423539243464,False
A,0.3,0.3769629042982713,False
A,0.3,0.9949284890979376,True
A,0.3,0.6356847031717933,False
A,0.3,0.0,False
A,0.3,0.39090773444089044,False
A,0.3,0.0,False
A,0.3,0.0,False
A,0.3,0.6846872482136079,False
A,0.3,0.04857827592523145,False
A,0.3,0.6868462879054991,True
A,0.3,0.0,False
A,0.3,0.0,False
A,0.3,0.7950991198011389,True
A,0.3,0.0,False
A,0.3,0.40666103584688496,False
A,0.3,0.8642145844200276,True
A,0.3,0.0,False
A,0.3,0.0,False
A,0.3,0.22424577355843478,False
A,0.3,0.6046475948657102,True
A,0.3,0.5772017290560374,True
A,0.3,0.1837794333944771,False
A,0.3,0.5985019024161323,False
A,0.3,0.6839630216250651,True
A,0.3,0.34092114207560575,False
A,0.3,0.24334825403740024,False
A,0.3,0.09288558720134044,False
A,0.3,0.436359815370306,False
A,0.3,0.0,False
A,0.3,0.982136671659408,True
A,0.3,0.8059657575022292,True
A,0.3,0.0,False
A,0.3,0.5083131966771333,True
A,0.3,0.4708417803844258,False
A,0.3,0.0,False
A,0.3,0.6170596572784691,True
A,0.3,0.4393362063308124,False
A,0.3,0.0,False
A,0.3,0.0,False
A,0.3,0.72275820303881,True
A,0.3,0.47034211943354454,False
A,0.3,0.9861731188562664,True
A,0.3,0.7939155647734532,True
A,0.3,0.07605322376876633,False
A,0.3,0.09022278161048658,False
A,0.3,0.04065404234074044,False
A,0.3,0.37856283480141617,False
A,0.3,0.0,False
A,0.3,0.0,False
A,0.3,0.6165199957474929,False
A,0.3,0.0,False
A,0.3,0.8527525565923589,True
A,0.3,0.23234805582067686,False
A,0.3,0.0,False
A,0.3,0.16535472103174598,False
A,0.3,0.41218604175872164,False
A,0.3,0.0,False
A,0.3,0.96318282958431,True
A,0.3,0.0,False
A,0.3,0.1181656950991421,False
A,0.3,0.050794352088987416,False
A,0.3,0.0,False
A,0.3,0.0,False
A,0.3,0.8399040554514603,True
A,0.3,0.3416318807345602,False
A,0.3,0.0,False
A,0.3,0.757811530992536,True
A,0.3,0.7982461871284325,True
A,0.3,0.0,False
A,0.3,0.030967285152623147,False
A,0.3,0.02953421680847923,False
A,0.3,0.0,False
A,0.3,0.0,False
A,0.3,0.2219372354492798,False
A,0.3,0.5164719905507352,True
A,0.3,0.0,False
A,0.3,0.4863370322322924,True
A,0.3,0.0,False
A,0.3,0.0,False
A,0.3,0.0,False
A,0.3,0.5565001103523982,True
A,0.3,0.0,False
A,0.3,0.0,False
A,0.3,0.011107300811403431,False
A,0.3,0.0,False
A,0.3,0.2165324007917072,False
A,0.3,0.3128042983984676,False
A,0.3,0.3031517268034275,True
A,0.3,0.0607429767034694,False
A,0.3,0.2788813493677379,False
A,0.3,0.0,False
A,0.3,0.828310747801972,True
A,0.3,0.0,False
A,0.3,0.2672625119229517,False
A,0.3,0.6263373750441452,False
A,0.3,0.0,False
A,0.3,0.20800325049447643,False
A,0.3,0.9935575550120123,True
A,0.3,0.9278845294818294,True
A,0.3,0.0,False
A,0.3,0.40079086616779735,False
A,0.3,0.3990624537565033,False
A,0.3,0.4135328579638333,False
A,0.3,0.25227268014469884,False
A,0.3,0.0,False
A,0.3,0.0,False
A,0.3,0.7508147439976317,True
A,0.3,0.781151794115272,True
A,0.3,0.54837275043031,False
A,0.3,0.7591407226701534,True
A,0.3,0.0,False
A,0.3,0.0,False
A,0.3,0.0,False
A,0.3,0.5685658736505947,True
A,0.3,0.8527131298342643,True
A,0.3,0.7688756283047692,False
A,0.3,0.22351341553300508,False
A,0.3,0.0,False
A,0.3,0.37012623768893327,False
A,0.3,0.0,False
A,0.3,0.2367442736688774,False
A,0.3,0.8532449277473779,True
A,0.3,0.0,False
A,0.3,0.3595925058161942,False
A,0.3,0.36189902376688776,False
A,0.3,0.8817125714344277,True
A,0.3,0.0,False
A,0.3,0.12145156220572662,False
A,0.3,0.0,False
A,0.3,0.0,False
A,0.3,0.2731718500395026,False
A,0.3,0.0,False
A,0.3,0.6154215798691612,False
A,0.3,0.13772709359058966,True
A,0.3,0.0,False
A,0.3,0.37813132332581334,False
A,0.3,0.9747011790017719,True
A,0.3,0.46771912029650375,True
A,0.3,0.2434519310098887,False
A,0.3,0.44809251938504235,False
A,0.3,0.5222811401280507,True
A,0.3,0.43974595909152214,False
A,0.3,0.1942278185934201,False
A,0.3,0.0,False
A,0.3,0.9576001129864793,True
A,0.3,0.0,False
A,0.3,0.515503092802047,True
A,0.3,0.0,False
A,0.3,0.15707043183403568,False
A,0.3,0.6265095558309404,True
A,0.3,0.3623006400102272,False
A,0.3,0.0,False
A,0.3,0.0,False
A,0.3,0.9498353582156631,True
A,0.3,0.19950492639758488,False
A,0.3,0.0,False
A,0.3,0.8941457648764839,True
A,0.3,0.3248057520981753,False
A,0.3,0.560306468603468,True
A,0.3,0.803056485601128,True
A,0.3,0.16621043925196677,False
A,0.3,0.7693539324953906,True
A,0.3,0.32077564379866796,False
A,0.3,0.0,False
A,0.3,0.0,False
A,0.3,0.9302505149989484,True
A,0.3,0.22068561450452928,False
A,0.3,0.7717784553216298,True
A,0.3,0.5513668955296347,True
A,0.3,0.22745752863062185,False
A,0.3,0.0,False
A,0.3,0.0,False
A,0.3,0.0,False
A,0.3,0.0,False
A,0.3,0.7606093385481432,True
A,0.3,0.08313747355370305,False
A,0.3,0.45191888160870564,False
A,0.3,0.9314651387937418,True
A,0.3,0.0,False
A,0.3,0.0,False
A,0.3,0.0,False
A,0.3,0.3991641258026004,False
A,0.3,0.3060070282329602,False
A,0.3,0.271141225332187,False
A,0.3,0.4969456987196045,False
A,0.3,0.06884670019139472,False
A,0.3,0.040168321220969916,False
A,0.3,0.0,False
A,0.3,0.06714057639204118,False
A,0.3,0.9606442843790454,True
A,0.3,0.03623410087437162,False
A,0.3,0.09538495980189576,False
A,0.3,0.8353720946392282,True
A,0.3,0.0,False
A,0.3,0.8491674329273765,True
A,0.3,0.2546244512826594,False
A,0.3,0.6430381876033587,True
A,0.3,0.4809946665230592,False
A,0.3,0.0,False
A,0.3,0.0,False
A,0.3,0.2127778683382121,False
A,0.3,0.0,False
A,0.3,0.0,False
A,0.3,0.03491148812464806,False
A,0.3,0.0,False
A,0.3,0.0,False
A,0.3,0.3852731259822523,False
A,0.3,0.03318636890690063,False
A,0.3,0.6677439863767949,True
A,0.3,0.0,False
A,0.3,0.8474752297395308,True
A,0.3,0.0,False
A,0.3,0.37168686385097915,False
A,0.3,0.6624430012731346,True
A,0.3,0.0,False
A,0.3,0.0,False
A,0.3,0.0,False
A,0.3,0.7664458352484722,True
A,0.3,0.0,False
A,0.3,0.0635601094323931,False
A,0.3,0.8561929569339957,True
A,0.3,0.1511189360374331,False
A,0.3,0.0698608492133499,False
A,0.3,0.07779871622287238,False
A,0.3,0.057470820565511005,False
A,0.3,0.7838451238241726,True
A,0.3,0.9972960104346924,True
A,0.3,0.21227232996738055,False
A,0.3,0.0,False
A,0.3,0.3600189402992018,False
A,0.3,0.9084385515600013,True
A,0.3,0.43692627635148196,True
A,0.3,0.1312112650725441,False
A,0.3,0.7059585071555413,False
A,0.3,0.0,False
A,0.3,0.7436034955153666,True
A,0.3,0.8422229927711888,True
A,0.3,0.8843882614180864,True
A,0.3,0.7446386277905003,True
A,0.3,0.0,False
A,0.3,0.4542413925735429,True
A,0.3,0.5220142523020112,False
A,0.3,0.0,False
A,0.3,0.0,False
A,0.3,0.0,False
A,0.3,0.11628702429110749,False
A,0.3,0.24813874823600435,False
A,0.3,0.5401875389450189,False
A,0.3,0.738701536916902,True
A,0.3,0.5230287334823139,False
A,0.3,0.9402868389162482,True
A,0.3,0.5711236930604888,True
A,0.3,0.8782076532913922,True
A,0.3,0.4624088719955435,False
A,0.3,0.2946299387596214,False
A,0.3,0.6801816346580534,True
A,0.3,0.3283975966957101,True
A,0.3,0.0,False
A,0.3,0.5571953522738751,False
A,0.3,0.6250245768336146,True
A,0.3,0.17515764798200495,False
A,0.3,0.052694166910901674,False
A,0.3,0.09884327098746981,False
A,0.3,0.9078988279221801,True
A,0.3,0.8311831463834503,True
A,0.3,0.8774726140539281,True
A,0.3,0.3764722393255301,False
A,0.3,0.0,False
A,0.3,0.5724315573770133,True
A,0.3,0.0,False
A,0.3,0.7246329263954773,True
A,0.3,0.3888007840269686,True
A,0.3,0.0,False
A,0.3,0.0,False
A,0.3,0.9796402955905058,True
A,0.3,0.8906143851341594,True
A,0.3,0.0,False
A,0.3,0.0,False
A,0.3,0.2966413183488865,False
A,0.3,0.0,False
A,0.3,0.0,False
A,0.3,0.6354346204609029,True
A,0.3,0.06327751526561032,False
A,0.3,0.0,False
A,0.3,0.0,False
A,0.3,0.8341360818546757,True
A,0.3,0.0,False
A,0.3,0.46368884468239113,False
A,0.3,0.9861962331902299,True
A,0.3,0.0,False
A,0.3,0.5237864546038213,True
A,0.3,0.5221414110081801,True
A,0.3,0.5672691826950079,True
A,0.3,0.38372935444981515,False
A,0.3,0.2811684452131733,False
A,0.3,0.5290949272708423,True
A,0.3,0.05709122907476494,False
A,0.3,0.0,False
A,0.3,0.8093480912122899,True
A,0.3,0.8593973402216893,True
A,0.3,0.0,False
A,0.3,0.0,False
A,0.3,0.0,False
A,0.3,0.6429345176991529,True
A,0.3,0.0,False
A,0.3,0.0,False
A,0.3,0.2191448976166731,False
A,0.3,0.6286284419362176,False
A,0.3,0.12173156011630848,False
A,0.3,0.4227871285848287,False
A,0.3,0.97611457555343,True
A,0.3,0.0,False
A,0.3,0.7062285707228009,True
A,0.3,0.7944520418710401,True
A,0.3,0.9763534597652219,True
A,0.3,0.5373994199743598,True
A,0.3,0.0,False
A,0.3,0.6554581189194483,False
A,0.3,0.4899135731936518,False
A,0.3,0.5636049912846052,False
A,0.3,0.20260696599470962,False
A,0.3,0.13056273613766145,False
A,0.3,0.7566486188208974,True
A,0.3,0.7846575070164252,True
A,0.3,0.2919943370062458,False
A,0.3,0.542786379045893,False
A,0.3,0.0,False
A,0.3,0.15020720812469046,False
A,0.3,0.0,False
A,0.3,0.7748315507148418,True
A,0.3,0.0,False
A,0.3,0.63028504199585,False
A,0.3,0.9634599498587979,True
A,0.3,0.7445323447316395,True
A,0.3,0.18319108856813948,False
A,0.3,0.24291044160673425,False
A,0.3,0.881090977277478,True
A,0.3,0.350084976574359,False
A,0.3,0.3654057828522257,True
A,0.3,0.6994374350433495,True
A,0.3,0.5710962128276865,True
A,0.3,0.7743677200465746,True
A,0.3,0.4144182602774533,False
A,0.3,0.0,False
A,0.3,0.055040160262390336,False
A,0.3,0.6153889383016701,False
A,0.3,0.9839775187943846,True
A,0.3,0.2586727068816741,False
A,0.3,0.01931974966201111,False
A,0.3,0.8291090758359085,True
A,0.3,0.9020216806972198,True
A,0.3,0.3762142573946784,False
A,0.3,0.4875282378859911,False
A,0.3,0.10249130634113124,False
A,0.3,0.716651846855505,True
A,0.3,0.0,False
A,0.3,0.0,False
A,0.3,0.7379188220515808,True
A,0.3,0.0,False
A,0.3,0.12588959091779528,False
A,0.3,0.5514150875866445,False
A,0.3,0.0,False
A,0.3,0.6669995573283449,True
A,0.3,0.4014409820543685,False
A,0.3,0.27016927173559935,False
A,0.3,0.0,False
A,0.3,0.4130538233562502,False
A,0.3,0.0,False
A,0.3,0.0,False
A,0.3,0.7319348382222622,True
A,0.3,0.9857016033009545,True
A,0.3,0.19647540623878312,False
A,0.3,0.19637500161710908,False
A,0.3,0.34881814975135206,False
A,0.3,0.0,False
A,0.3,0.2922629518676114,False
A,0.3,0.12012766558762089,False
A,0.3,0.0,False
A,0.3,0.9601838280131952,True
A,0.3,0.0,False
A,0.3,0.0,False
A,0.3,0.49811475011145134,False
A,0.3,0.0,False
A,0.3,0.1996664170108109,False
A,0.3,0.0,False
A,0.3,0.15101401833628048,False
A,0.3,0.007737831166067077,False
A,0.3,0.2617630114773103,False
A,0.3,0.366004263138887,False
A,0.3,0.2845386917906385,False
A,0.3,0.8271426599315925,True
A,0.3,0.03501582654780033,False
A,0.3,0.02361311456030679,False
A,0.3,0.0,False
A,0.3,0.7348457977475449,True
A,0.3,0.0,False
A,0.3,0.04094056702485027,False
A,0.3,0.3670988444121459,False
A,0.3,0.0,False
A,0.3,0.5989842405748503,True
A,0.3,0.3795280211268389,False
A,0.3,0.3669053601022315,False
A,0.3,0.7329287816963693,True
A,0.3,0.37373508098734975,False
A,0.3,0.033368513443150505,False
A,0.3,0.7299166411738466,True
A,0.3,0.6203134426162425,True
A,0.3,0.29635586772300127,False
A,0.3,0.0,False
A,0.3,0.0,False
A,0.3,0.18821661970305237,False
A,0.3,0.20618366620135808,False
A,0.3,0.7127536333933016,True
A,0.3,0.7416024886633192,True
A,0.3,0.7880247061175553,False
A,0.3,0.9595320674410683,True
A,0.3,0.8597298960211317,True
A,0.3,0.31711959454269434,False
A,0.3,0.0,False
A,0.3,0.08766045839838266,False
A,0.3,0.5594331221452232,True
A,0.3,0.0,False
A,0.3,0.5295228738953976,True
A,0.3,0.0,False
A,0.3,0.0,False
A,0.3,0.5714532980564526,True
A,0.3,0.4124488861943696,False
A,0.3,0.9165962344234594,True
A,0.3,0.2740018632934177,False
A,0.3,0.0,False
A,0.3,0.0,False
A,0.3,0.5907537257003852,True
A,0.3,0.6622715539611231,True
A,0.3,0.7494139740245637,True
A,0.3,0.8242738925347316,True
A,0.3,0.05494082493486918,False
A,0.3,0.0,False
A,0.3,0.9651887909450777,True
A,0.3,0.0,False
A,0.3,0.0,False
A,0.3,0.18505000897948964,False
A,0.3,0.3261605867895414,False
A,0.3,0.3870822176571833,False
A,0.3,0.1804609934357403,False
A,0.3,0.21213571062373715,False
A,0.3,0.6738635238066151,False
A,0.3,0.09962962469234882,False
A,0.3,0.0,False
A,0.3,0.0,False
A,0.3,0.06986283268754712,False
A,0.3,0.0,False
A,0.3,0.10539697520100155,False
A,0.3,0.0,False
A,0.3,0.297069452857034,False
A,0.3,0.0,False
A,0.3,0.7841927982661011,True
A,0.3,0.17323440982813154,False
A,0.3,0.0,False
A,0.3,0.0,False
A,0.3,0.6452134642964544,False
A,0.3,0.09132053126396966,False
A,0.3,0.0,False
A,0.3,0.0,False
A,0.3,0.0,False
A,0.3,0.16759293226269967,True
A,0.3,0.04211020482994288,False
A,0.3,0.0,False
A,0.3,0.18482312994098704,False
A,0.3,0.8742313232185897,True
A,0.3,0.43381529152382126,False
A,0.3,0.8007953192436963,True
A,0.3,0.022059151356833673,False
A,0.3,0.0,False
A,0.3,0.6361679899432444,True
A,0.3,0.0,False
A,0.3,0.763734024910081,True
A,0.3,0.32410925166257676,False
A,0.3,0.06747027798701233,False
A,0.3,0.1259529882406485,False
A,0.3,0.5454632786087397,True
A,0.3,0.05127516813849908,False
A,0.3,0.23255070920537835,False
A,0.3,0.17379182753332412,False
A,0.3,0.3758472478875512,False
A,0.3,0.0,False
A,0.3,0.9177116229801188,True
A,0.3,0.457249624593267,False
A,0.3,0.0,False
A,0.3,0.5213559586546009,False
A,0.3,0.65695420151688,True
A,0.3,0.0,False
A,0.3,0.5415327799303805,False
A,0.3,0.7121119322918992,True
A,0.3,0.9531052644630688,True
A,0.3,0.8486587553830462,True
A,0.3,0.0,False
A,0.3,0.8857373568509661,True
A,0.3,0.5736913360465714,True
A,0.3,0.8533038140712704,True
A,0.3,0.5906034027810029,True
A,0.3,0.1420477058674684,False
A,0.3,0.5570502724431171,True
A,0.3,0.0,False
A,0.3,0.5969647914908439,True
A,0.3,0.8099452126179557,True
A,0.3,0.8704786228649428,True
A,0.3,0.580367043609974,True
A,0.3,0.22413863557468294,False
A,0.3,0.06559858356043657,False
A,0.3,0.2362296621402784,False
A,0.3,0.0,False
A,0.3,0.8888643749228888,True
A,0.3,0.7654485859360864,True
A,0.3,0.007312717682117387,False
A,0.3,0.28811224568502247,True
A,0.3,0.0,False
A,0.3,0.3448862380157586,False
A,0.3,0.26800981941263724,False
A,0.3,0.2561535327114225,False
A,0.3,0.9691699269495108,True
A,0.3,0.5388409901269166,True
A,0.3,0.5708160813005236,False
A,0.3,0.4053795454263748,False
A,0.3,0.6280051775132077,True
A,0.3,0.7424271080024819,True
A,0.3,0.5437090167721177,False
A,0.3,0.360652721975514,False
A,0.3,0.9516255418506456,True
A,0.3,0.2557582642937589,False
A,0.3,0.7003102428164323,True
A,0.3,0.0,False
A,0.3,0.3877187369986086,False
A,0.3,0.8732274355711492,True
A,0.3,0.0,False
A,0.3,0.9676249870315241,True
A,0.3,0.17642803061461665,False
A,0.3,0.0,False
A,0.3,0.014799937657220652,False
A,0.3,0.44143643162542123,False
A,0.3,0.0825359727493089,False
A,0.3,0.0,False
A,0.3,0.3159580791401623,False
A,0.3,0.4873815820587918,False
A,0.3,0.42472527726722875,True
A,0.3,0.10672702251827204,False
A,0.3,0.0,False
A,0.3,0.11570929329832147,False
A,0.3,0.36035698312998554,False
A,0.3,0.7481604485710527,True
A,0.3,0.0,False
A,0.3,0.04568777007032965,False
A,0.3,0.0,False
A,0.3,0.1413634595538258,False
A,0.3,0.0,False
A,0.3,0.0,False
A,0.3,0.9748854175905532,True
A,0.3,0.9415208062303886,True
A,0.3,0.5065783924556506,True
A,0.3,0.4698115493786469,True
A,0.3,0.8077450017907357,True
A,0.3,0.4242664119885947,True
A,0.3,0.8769365403994884,True
A,0.3,0.9971135134703464,True
A,0.3,0.7795269647389356,False
A,0.3,0.29516945370866954,False
A,0.3,0.8890398313380038,True
A,0.3,0.0,False
A,0.3,0.01522955803758197,False
A,0.3,0.7853718727711776,True
A,0.3,0.21145217736472555,False
A,0.3,0.17482299073552032,False
A,0.3,0.43013249514729834,False
A,0.3,0.0,False
A,0.3,0.7691492443561903,True
A,0.3,0.7925693304646441,True
A,0.3,0.0,False
A,0.3,0.0,False
A,0.3,0.04314583425207241,False
A,0.3,0.8824500753501214,True
A,0.3,0.6393145435787696,False
A,0.3,0.0,False
A,0.3,0.0,False
A,0.3,0.41685311194987684,False
A,0.3,0.4363500066316931,False
A,0.3,0.0,False
A,0.3,0.0,False
A,0.3,0.0,False
A,0.3,0.7501929972587963,True
A,0.3,0.5676802776729036,True
A,0.3,0.0,False
A,0.3,0.0,False
A,0.3,0.327411213943968,False
A,0.3,0.0,False
A,0.3,0.0,False
A,0.3,0.1109087399855575,False
A,0.3,0.0,False
A,0.3,0.7528815187848357,True
A,0.3,0.7833322361802256,True
A,0.3,0.0,False
A,0.3,0.2557423539243464,False
A,0.3,0.3769629042982713,False
A,0.3,0.9949284890979376,True
A,0.3,0.6356847031717933,False
A,0.3,0.0,False
A,0.3,0.39090773444089044,False
A,0.3,0.0,False
A,0.3,0.0,False
A,0.3,0.6846872482136079,False
A,0.3,0.04857827592523145,False
A,0.3,0.6868462879054991,True
A,0.3,0.0,False
A,0.3,0.0,False
A,0.3,0.7950991198011389,True
A,0.3,0.0,False
A,0.3,0.40666103584688496,False
A,0.3,0.8642145844200276,True
A,0.3,0.0,False
A,0.3,0.0,False
A,0.3,0.22424577355843478,False
A,0.3,0.6046475948657102,True
A,0.3,0.5772017290560374,True
A,0.3,0.1837794333944771,False
A,0.3,0.5985019024161323,True
A,0.3,0.6839630216250651,True
A,0.3,0.34092114207560575,False
A,0.3,0.24334825403740024,False
A,0.3,0.09288558720134044,False
A,0.3,0.436359815370306,False
A,0.3,0.0,False
A,0.3,0.982136671659408,True
A,0.3,0.8059657575022292,True
A,0.3,0.0,False
A,0.3,0.5083131966771333,True
A,0.3,0.4708417803844258,False
A,0.3,0.0,False
A,0.3,0.6170596572784691,True
A,0.3,0.4393362063308124,False
A,0.3,0.0,False
A,0.3,0.0,False
A,0.3,0.72275820303881,True
A,0.3,0.47034211943354454,False
A,0.3,0.9861731188562664,True
A,0.3,0.7939155647734532,True
A,0.3,0.07605322376876633,False
A,0.3,0.09022278161048658,False
A,0.3,0.04065404234074044,False
A,0.3,0.37856283480141617,False
A,0.3,0.0,False
A,0.3,0.0,False
A,0.3,0.6165199957474929,False
A,0.3,0.0,False
A,0.3,0.8527525565923589,True
A,0.3,0.23234805582067686,False
A,0.3,0.0,False
A,0.3,0.16535472103174598,False
A,0.3,0.41218604175872164,False
A,0.3,0.0,False
A,0.3,0.96318282958431,True
A,0.3,0.0,False
A,0.3,0.1181656950991421,False
A,0.3,0.050794352088987416,False
A,0.3,0.0,False
A,0.3,0.0,False
A,0.3,0.8399040554514603,True
A,0.3,0.3416318807345602,True
A,0.3,0.0,False
A,0.3,0.757811530992536,True
A,0.3,0.7982461871284325,True
A,0.3,0.0,False
A,0.3,0.030967285152623147,False
A,0.3,0.02953421680847923,False
A,0.3,0.0,False
A,0.3,0.0,False
A,0.3,0.2219372354492798,False
A,0.3,0.5164719905507352,True
A,0.3,0.0,False
A,0.3,0.4863370322322924,False
A,0.3,0.0,False
A,0.3,0.0,False
A,0.3,0.0,False
A,0.3,0.5565001103523982,True
A,0.3,0.0,False
A,0.3,0.0,False
A,0.3,0.011107300811403431,False
A,0.3,0.0,False
A,0.3,0.2165324007917072,False
A,0.3,0.3128042983984676,False
A,0.3,0.3031517268034275,True
A,0.3,0.0607429767034694,False
A,0.3,0.2788813493677379,False
A,0.3,0.0,False
A,0.3,0.828310747801972,True
A,0.3,0.0,False
A,0.3,0.2672625119229517,False
A,0.3,0.6263373750441452,True
A,0.3,0.0,False
A,0.3,0.20800325049447643,False
A,0.3,0.9935575550120123,True
A,0.3,0.9278845294818294,True
A,0.3,0.0,False
A,0.3,0.40079086616779735,False
A,0.3,0.3990624537565033,False
A,0.3,0.4135328579638333,False
A,0.3,0.25227268014469884,False
A,0.3,0.0,False
A,0.3,0.0,False
A,0.3,0.7508147439976317,True
A,0.3,0.781151794115272,True
A,0.3,0.54837275043031,False
A,0.3,0.7591407226701534,True
A,0.3,0.0,False
A,0.3,0.0,False
A,0.3,0.0,False
A,0.3,0.5685658736505947,True
A,0.3,0.8527131298342643,True
A,0.3,0.7688756283047692,True
A,0.3,0.22351341553300508,False
A,0.3,0.0,False
A,0.3,0.37012623768893327,False
A,0.3,0.0,False
A,0.3,0.2367442736688774,False
A,0.3,0.8532449277473779,True
A,0.3,0.0,False
A,0.3,0.3595925058161942,False
A,0.3,0.36189902376688776,False
A,0.3,0.8817125714344277,True
A,0.3,0.0,False
A,0.3,0.12145156220572662,False
A,0.3,0.0,False
A,0.3,0.0,False
A,0.3,0.2731718500395026,False
A,0.3,0.0,False
A,0.3,0.6154215798691612,False
A,0.3,0.13772709359058966,True
A,0.3,0.0,False
A,0.3,0.37813132332581334,False
A,0.3,0.9747011790017719,True
A,0.3,0.46771912029650375,False
A,0.3,0.2434519310098887,False
A,0.3,0.44809251938504235,False
A,0.3,0.5222811401280507,True
A,0.3,0.43974595909152214,True
A,0.3,0.1942278185934201,False
A,0.3,0.0,False
A,0.3,0.9576001129864793,True
A,0.3,0.0,False
A,0.3,0.515503092802047,True
A,0.3,0.0,False
A,0.3,0.15707043183403568,False
A,0.3,0.6265095558309404,True
A,0.3,0.3623006400102272,False
A,0.3,0.0,False
A,0.3,0.0,False
A,0.3,0.9498353582156631,True
A,0.3,0.19950492639758488,False
A,0.3,0.0,False
A,0.3,0.8941457648764839,True
A,0.3,0.3248057520981753,False
A,0.3,0.560306468603468,True
A,0.3,0.803056485601128,True
A,0.3,0.16621043925196677,False
A,0.3,0.7693539324953906,True
A,0.3,0.32077564379866796,False
A,0.3,0.0,False
A,0.3,0.0,False
A,0.3,0.9302505149989484,True
A,0.3,0.22068561450452928,False
A,0.3,0.7717784553216298,True
A,0.3,0.5513668955296347,False
A,0.3,0.22745752863062185,False
A,0.3,0.0,False
A,0.3,0.0,False
A,0.3,0.0,False
A,0.3,0.0,False
A,0.3,0.7606093385481432,True
A,0.3,0.08313747355370305,False
A,0.3,0.45191888160870564,False
A,0.3,0.9314651387937418,True
A,0.3,0.0,False
A,0.3,0.0,False
A,0.3,0.0,False
A,0.3,0.3991641258026004,False
A,0.3,0.3060070282329602,False
A,0.3,0.271141225332187,False
A,0.3,0.4969456987196045,True
A,0.3,0.06884670019139472,False
A,0.3,0.040168321220969916,False
A,0.3,0.0,False
A,0.3,0.06714057639204118,False
A,0.3,0.9606442843790454,True
A,0.3,0.03623410087437162,False
A,0.3,0.09538495980189576,False
A,0.3,0.8353720946392282,True
A,0.3,0.0,False
A,0.3,0.8491674329273765,True
A,0.3,0.2546244512826594,False
A,0.3,0.6430381876033587,True
A,0.3,0.4809946665230592,True
A,0.3,0.0,False
A,0.3,0.0,False
A,0.3,0.2127778683382121,False
A,0.3,0.0,False
A,0.3,0.0,False
A,0.3,0.03491148812464806,False
A,0.3,0.0,False
A,0.3,0.0,False
A,0.3,0.3852731259822523,False
A,0.3,0.03318636890690063,False
A,0.3,0.6677439863767949,True
A,0.3,0.0,False
A,0.3,0.8474752297395308,True
A,0.3,0.0,False
A,0.3,0.37168686385097915,False
A,0.3,0.6624430012731346,True
A,0.3,0.0,False
A,0.3,0.0,False
A,0.3,0.0,False
A,0.3,0.7664458352484722,True
A,0.3,0.0,False
A,0.3,0.0635601094323931,False
A,0.3,0.8561929569339957,True
A,0.3,0.1511189360374331,False
A,0.3,0.0698608492133499,False
A,0.3,0.07779871622287238,False
A,0.3,0.057470820565511005,False
A,0.3,0.7838451238241726,True
A,0.3,0.9972960104346924,True
A,0.3,0.21227232996738055,False
A,0.3,0.0,False
A,0.3,0.3600189402992018,False
A,0.3,0.9084385515600013,True
A,0.3,0.43692627635148196,True
A,0.3,0.1312112650725441,False
A,0.3,0.7059585071555413,False
A,0.3,0.0,False
A,0.3,0.7436034955153666,True
A,0.3,0.8422229927711888,True
A,0.3,0.8843882614180864,True
A,0.3,0.7446386277905003,True
A,0.3,0.0,False
A,0.3,0.4542413925735429,True
A,0.3,0.5220142523020112,False
A,0.3,0.0,False
A,0.3,0.0,False
A,0.3,0.0,False
A,0.3,0.11628702429110749,False
A,0.3,0.24813874823600435,False
A,0.3,0.5401875389450189,False
A,0.3,0.738701536916902,True
A,0.3,0.5230287334823139,False
A,0.3,0.9402868389162482,True
A,0.3,0.5711236930604888,True
A,0.3,0.8782076532913922,True
A,0.3,0.4624088719955435,True
A,0.3,0.2946299387596214,False
A,0.3,0.6801816346580534,True
A,0.3,0.3283975966957101,True
A,0.3,0.0,False
A,0.3,0.5571953522738751,False
A,0.3,0.6250245768336146,True
A,0.3,0.17515764798200495,False
A,0.3,0.052694166910901674,False
A,0.3,0.09884327098746981,False
A,0.3,0.9078988279221801,True
A,0.3,0.8311831463834503,True
A,0.3,0.8774726140539281,True
A,0.3,0.3764722393255301,False
A,0.3,0.0,False
A,0.3,0.5724315573770133,True
A,0.3,0.0,False
A,0.3,0.7246329263954773,True
A,0.3,0.3888007840269686,True
A,0.3,0.0,False
A,0.3,0.0,False
A,0.3,0.9796402955905058,True
A,0.3,0.8906143851341594,True
A,0.3,0.0,False
A,0.3,0.0,False
A,0.3,0.2966413183488865,False
A,0.3,0.0,False
A,0.3,0.0,False
A,0.3,0.6354346204609029,True
A,0.3,0.06327751526561032,False
A,0.3,0.0,False
A,0.3,0.0,False
A,0.3,0.8341360818546757,True
A,0.3,0.0,False
A,0.3,0.46368884468239113,False
A,0.3,0.9861962331902299,True
A,0.3,0.0,False
A,0.3,0.5237864546038213,True
A,0.3,0.5221414110081801,True
A,0.3,0.5672691826950079,True
A,0.3,0.38372935444981515,False
A,0.3,0.2811684452131733,False
A,0.3,0.5290949272708423,True
A,0.3,0.05709122907476494,False
A,0.3,0.0,False
A,0.3,0.8093480912122899,True
A,0.3,0.8593973402216893,True
A,0.3,0.0,False
A,0.3,0.0,False
A,0.3,0.0,False
A,0.3,0.6429345176991529,True
A,0.3,0.0,False
A,0.3,0.0,False
A,0.3,0.2191448976166731,False
A,0.3,0.6286284419362176,False
A,0.3,0.12173156011630848,False
A,0.3,0.4227871285848287,False
A,0.3,0.97611457555343,True
A,0.3,0.0,False
A,0.3,0.7062285707228009,True
A,0.3,0.7944520418710401,True
A,0.3,0.9763534597652219,True
A,0.3,0.5373994199743598,True
A,0.3,0.0,False
A,0.3,0.6554581189194483,False
A,0.3,0.4899135731936518,False
A,0.3,0.5636049912846052,False
A,0.3,0.20260696599470962,False
A,0.3,0.13056273613766145,False
A,0.3,0.7566486188208974,True
A,0.3,0.7846575070164252,True
A,0.3,0.2919943370062458,False
A,0.3,0.542786379045893,False
A,0.3,0.0,False
A,0.3,0.15020720812469046,False
A,0.3,0.0,False
A,0.3,0.7748315507148418,True
A,0.3,0.0,False
A,0.3,0.0,False
A,0.3,0.0,False
A,0.3,0.9263560491343615,True
A,0.3,0.11454339810438141,False
A,0.3,0.5532529274805673,False
A,0.3,0.827062477485149,True
A,0.3,0.0,False
A,0.3,0.9014322463451474,True
A,0.3,0.6281572808226982,True
A,0.3,0.45583620114176193,False
A,0.3,0.0,False
A,0.3,0.48765882831003526,True
A,0.3,0.5613413822982981,True
A,0.3,0.0,False
A,0.3,0.16369551742151367,False
A,0.3,0.7055956484935998,True
A,0.3,0.6385262553984445,False
A,0.3,0.6121189530095303,True
A,0.3,0.9706337263987872,True
A,0.3,0.2945560967661568,False
A,0.3,0.45331378658106236,False
A,0.3,0.8717507459730808,True
A,0.3,0.4950476116228827,True
A,0.3,0.12140601422463282,False
A,0.3,0.21393269136309245,False
A,0.3,0.7869015768259463,True
A,0.3,0.20747633472349358,False
A,0.3,0.36332072699008944,False
A,0.3,0.9371922494274986,True
A,0.3,0.0,False
A,0.3,0.0,False
A,0.3,0.301538607536442,False
A,0.3,0.262969493359417,False
A,0.3,0.060289021790534414,False
A,0.3,0.0,False
A,0.3,0.4273702975330612,False
A,0.3,0.0,False
A,0.3,0.0,False
A,0.3,0.0,False
A,0.3,0.0,False
A,0.3,0.25806078495976825,False
A,0.3,0.7059523049144512,True
A,0.3,0.0,False
A,0.3,0.8653071693206045,True
A,0.3,0.0,False
A,0.3,0.05559083302205525,False
A,0.3,0.031060841442103415,False
A,0.3,0.0,False
A,0.3,0.7591254754629473,True
A,0.3,0.16402604773164964,False
A,0.3,0.0,False
A,0.3,0.305256658725538,False
A,0.3,0.7071449711968109,False
A,0.3,0.2278686509268869,False
A,0.3,0.0,False
A,0.3,0.1770504649382285,False
A,0.3,0.6961242903894133,True
A,0.3,0.12230515164338907,False
A,0.3,0.0,False
A,0.3,0.0,False
A,0.3,0.7649595910095911,True
A,0.3,0.0,False
A,0.3,0.40191384185293655,True
A,0.3,0.0,False
A,0.3,0.3572741749617897,False
A,0.3,0.3148480066496845,False
A,0.3,0.43770195378453725,True
A,0.3,0.310132259695017,False
A,0.3,0.7932661572554944,True
A,0.3,0.0,False
A,0.3,0.7499705754993833,True
A,0.3,0.0,False
A,0.3,0.006939206593125302,False
A,0.3,0.0,False
A,0.3,0.0,False
A,0.3,0.0,False
A,0.3,0.32145024008611256,False
A,0.3,0.3885903908525512,False
A,0.3,0.9517428957082145,True
A,0.3,0.4798945866683848,False
A,0.3,0.0,False
A,0.3,0.0,False
A,0.3,0.09896185273142777,False
A,0.3,0.1174243690789133,False
A,0.3,0.0,False
A,0.3,0.5855505840613886,True
A,0.3,0.21247452088144947,False
A,0.3,0.0,False
A,0.3,0.0,False
A,0.3,0.555603602632435,True
A,0.3,0.0,False
A,0.3,0.0,False
A,0.3,0.5134353498703974,True
A,0.3,0.138796980517213,False
A,0.3,0.2491142222085404,False
A,0.3,0.7248655915741157,True
A,0.3,0.20366718806446427,False
A,0.3,0.8012700105634867,True
A,0.3,0.6847358536231171,True
A,0.3,0.4561557722678421,False
A,0.3,0.19537850814708058,False
A,0.3,0.0,False
A,0.3,0.5507481694138245,False
A,0.3,0.7060834142147727,True
A,0.3,0.013000122784668333,False
A,0.3,0.41134585387331224,False
A,0.3,0.3122528020138451,False
A,0.3,0.5686504444676492,True
A,0.3,0.46737317056218175,True
A,0.3,0.06945956803249642,False
A,0.3,0.4499840538290535,False
A,0.3,0.676436938791707,True
A,0.3,0.0373243635208117,False
A,0.3,0.0,False
A,0.3,0.7881348725682298,True
A,0.3,0.31869670891880997,False
A,0.3,0.6275615711701487,True
A,0.3,0.24121482696494434,False
A,0.3,0.4484912268801774,False
A,0.3,0.0,False
A,0.3,0.37035620645121703,False
A,0.3,0.0,False
A,0.3,0.20376078054566715,False
A,0.3,0.44457899498821585,False
A,0.3,0.0,False
A,0.3,0.27425489210375253,False
A,0.3,0.6508430200243296,False
A,0.3,0.5461760858266266,True
A,0.3,0.4090296447207512,True
A,0.3,0.8428846157028771,True
A,0.3,0.04826101928902926,False
A,0.3,0.0,False
A,0.3,0.12325680219701995,False
A,0.3,0.7645421301613783,True
A,0.3,0.15467942171575078,False
A,0.3,0.3171064554699189,False
A,0.3,0.0,False
A,0.3,0.8861611807062398,True
A,0.3,0.0,False
A,0.3,0.7912440273012868,True
A,0.3,0.5052344297451095,True
A,0.3,0.0,False
A,0.3,0.7430590632619632,True
A,0.3,0.41415434219302316,True
A,0.3,0.0,False
A,0.3,0.0,False
A,0.3,0.0,False
A,0.3,0.6276042211752481,False
A,0.3,0.04957131679948845,False
A,0.3,0.5830662200711716,True
A,0.3,0.5828210594948634,True
A,0.3,0.0,False
A,0.3,0.02572022972396759,False
A,0.3,0.6850929315504127,True
A,0.3,0.603757209130699,True
A,0.3,0.0,False
A,0.3,0.0,False
A,0.3,0.804261239322842,True
A,0.3,0.9818030681890921,True
A,0.3,0.6762067496623225,True
A,0.3,0.0,False
A,0.3,0.0,False
A,0.3,0.7424563821730873,True
A,0.3,0.7155960656322685,True
A,0.3,0.8314443848051167,True
A,0.3,0.9000610192552091,True
A,0.3,0.0,False
A,0.3,0.25967013245301285,False
A,0.3,0.9812412656217819,True
A,0.3,0.0,False
A,0.3,0.07463593833135662,False
A,0.3,0.964089910960272,True
A,0.3,0.0,False
A,0.3,0.23474444350348322,False
A,0.3,0.0,False
A,0.3,0.0,False
A,0.3,0.0,False
A,0.3,0.0,False
A,0.3,0.0,False
A,0.3,0.8585334257266934,True
A,0.3,0.0,False
A,0.3,0.9799184720499009,True
A,0.3,0.7514345123328452,False
A,0.3,0.0,False
A,0.3,0.05586876146372466,False
A,0.3,0.7319451162872835,True
A,0.3,0.7152610942515091,True
A,0.3,0.897938292042778,True
A,0.3,0.3683528389879117,False
A,0.3,0.18758091649790132,False
A,0.3,0.0,False
A,0.3,0.32849827256765585,False
A,0.3,0.0818690302635997,False
A,0.3,0.20101703979935726,False
A,0.3,0.0,False
A,0.3,0.0,False
A,0.3,0.8320730517321041,True
A,0.3,0.24810181477682447,False
A,0.3,0.6728482019390162,True
A,0.3,0.0,False
A,0.3,0.10770501033902491,False
A,0.3,0.41213544792131807,False
A,0.3,0.07645189868442459,False
A,0.3,0.0,False
A,0.3,0.0,False
A,0.3,0.3480977684315322,False
A,0.3,0.7268660380658495,True
A,0.3,0.7789014524407255,True
A,0.3,0.07642532953755277,False
A,0.3,0.0,False
A,0.3,0.27598489934571435,False
A,0.3,0.0,False
A,0.3,0.8520441085076337,True
A,0.3,0.6102280063480299,True
A,0.3,0.0,False
A,0.3,0.0,False
A,0.3,0.7255179866803316,True
A,0.3,0.0,False
A,0.3,0.17822421372516783,False
A,0.3,0.24602785511296932,False
A,0.3,0.0,False
A,0.3,0.4274614135632385,True
A,0.3,0.5540391033356119,False
A,0.3,0.8681150173952162,True
A,0.3,0.2642830849539256,False
A,0.3,0.0,False
A,0.3,0.7225197215462225,True
A,0.3,0.0,False
A,0.3,0.38015693298464326,False
A,0.3,0.8040795242081408,True
A,0.3,0.9957484229468784,True
A,0.3,0.11139708990832742,False
A,0.3,0.16278219852261067,False
A,0.3,0.7771644182518039,True
A,0.3,0.7609987798046017,True
A,0.3,0.15536462493007086,False
A,0.3,0.0,False
A,0.3,0.9973435859153419,True
A,0.3,0.25443731786826995,False
A,0.3,0.9688526509193268,True
A,0.3,0.8392313973930118,True
A,0.3,0.2219086676460451,False
A,0.3,0.9964301563223453,True
A,0.3,0.45250475198173,False
A,0.3,0.0,False
A,0.3,0.0,False
A,0.3,0.3471492099158192,False
A,0.3,0.0,False
A,0.3,0.8582316316966014,True
A,0.3,0.0,False
A,0.3,0.0,False
A,0.3,0.0,False
A,0.3,0.0,False
A,0.3,0.5139220127668317,False
A,0.3,0.28549048010380185,False
A,0.3,0.7073159185610157,True
A,0.3,0.5005410975663954,False
A,0.3,0.0,False
A,0.3,0.8008502188190147,True
A,0.3,0.2226044093023486,False
A,0.3,0.90088609529608,True
A,0.3,0.0,False
A,0.3,0.5948162142731946,True
A,0.3,0.6063163987947313,True
A,0.3,0.0,False
A,0.3,0.0,False
A,0.3,0.0,False
A,0.3,0.0,False
A,0.3,0.44865523047163614,False
A,0.3,0.5023066231150812,True
A,0.3,0.0,False
A,0.3,0.6362177327123305,True
A,0.3,0.08609922454747554,False
A,0.3,0.08736768840047271,False
A,0.3,0.2500692595035412,False
A,0.3,0.4409251901439877,False
A,0.3,0.3629567289800907,False
A,0.3,0.0,False
A,0.3,0.0,False
A,0.3,0.0,False
A,0.3,0.20167752088252988,False
A,0.3,0.0,False
A,0.3,0.9665300929898768,True
A,0.3,0.0,False
A,0.3,0.05935155272507986,False
A,0.3,0.7835529348210509,True
A,0.3,0.19681985638608956,False
A,0.3,0.1880640676790929,False
A,0.3,0.5531539381198372,True
A,0.3,0.3624230180891507,True
A,0.3,0.00762300444174846,False
A,0.3,0.9841409019213685,True
A,0.3,0.5242909704446421,False
A,0.3,0.2686625628728133,False
A,0.3,0.0,False
A,0.3,0.36973249744543335,False
A,0.3,0.43843804720570834,True
A,0.3,0.3342827493937933,False
A,0.3,0.8619085840877602,True
A,0.3,0.9887035743298374,True
A,0.3,0.0,False
A,0.3,0.011810937538545896,False
A,0.3,0.4325187642145506,False
A,0.3,0.5501858701255441,False
A,0.3,0.7488853480738747,True
A,0.3,0.28565409337011716,False
A,0.3,0.0,False
A,0.3,0.26977680683359573,False
A,0.3,0.06937920267494058,False
A,0.3,0.20748779196456169,False
A,0.3,0.4447232320171678,False
A,0.3,0.0,False
A,0.3,0.38280078674450546,False
A,0.3,0.5634449749637429,True
A,0.3,0.9524103779099066,True
A,0.3,0.0,False
A,0.3,0.9372693393323087,True
A,0.3,0.1567378232925517,False
A,0.3,0.12700689355674488,False
A,0.3,0.0,False
A,0.3,0.0,False
A,0.3,0.2946499500583496,False
A,0.3,0.011510361548129788,False
A,0.3,0.8525877323172997,True
A,0.3,0.5579306041650449,True
A,0.3,0.36292116045664724,False
A,0.3,0.0,False
A,0.3,0.0,False
A,0.3,0.38241560896214677,True
A,0.3,0.2764182997774717,False
A,0.3,0.0,False
A,0.3,0.0,False
A,0.3,0.7147597492624527,True
A,0.3,0.6969688007779362,True
A,0.3,0.8211909894666052,True
A,0.3,0.06431562798167823,False
A,0.3,0.21028480966787966,False
A,0.3,0.5837702209487226,False
A,0.3,0.3763107823287062,True
A,0.3,0.12326106918282098,False
A,0.3,0.09911284275976184,False
A,0.3,0.7956958237142544,False
A,0.3,0.581449730728946,False
A,0.3,0.1373271906137924,False
A,0.3,0.8217722761324998,False
A,0.3,0.0,False
A,0.3,0.6756278934559066,False
A,0.3,0.959432102880103,True
A,0.3,0.8425475994322855,False
A,0.3,0.6582900161938725,True
A,0.3,0.1942705625208001,False
A,0.3,0.6343919363132164,True
A,0.3,0.7332401027086369,True
A,0.3,0.4215181241335967,True
A,0.3,0.0,False
A,0.3,0.46689696574250716,False
A,0.3,0.27256347817303217,False
A,0.3,0.19609754614536568,False
A,0.3,0.15002282308367743,False
A,0.3,0.0,False
A,0.3,0.0,False
A,0.3,0.11792826689374847,False
A,0.3,0.791099573491864,True
A,0.3,0.5246753860162612,False
A,0.3,0.9345028609605294,True
A,0.3,0.280048935480547,False
A,0.3,0.810122159147387,True
A,0.3,0.9365754092511127,True
A,0.3,0.0,False
A,0.3,0.0,False
A,0.3,0.2333737709888214,False
A,0.3,0.0,False
A,0.3,0.4278291202571046,False
A,0.3,0.4883262553657456,True
A,0.3,0.0359941205941412,False
A,0.3,0.0,False
A,0.3,0.8120646617106271,True
A,0.3,0.0,False
A,0.3,0.20625547739339645,False
A,0.3,0.0,False
A,0.3,0.4338197407084232,False
A,0.3,0.0,False
A,0.3,0.4487467002184172,False
A,0.3,0.7675177742561428,True
A,0.3,0.03770487978461934,False
A,0.3,0.2191597957139032,False
A,0.3,0.8414883938551014,True
A,0.3,0.4552763807448099,True
A,0.3,0.00838414874690907,False
A,0.3,0.0,False
A,0.3,0.6339653575290123,True
A,0.3,0.6509636725631379,True
A,0.3,0.0,False
A,0.3,0.31801246694446794,False
A,0.3,0.7707334772170538,True
A,0.3,0.4787171565931435,False
A,0.3,0.6944238249088176,True
A,0.3,0.8792236122866935,True
A,0.3,0.24598371611800163,False
A,0.3,0.7447132790570105,True
A,0.3,0.9049652243307177,True
A,0.3,0.7285975545099468,True
A,0.3,0.31446101457122533,True
A,0.3,0.6848598265123508,True
A,0.3,0.20294283177870287,False
A,0.3,0.0,False
A,0.3,0.0,False
A,0.3,0.8395318357386765,True
A,0.3,0.40078391888267817,False
A,0.3,0.11355520694615451,False
A,0.3,0.1432874701547393,False
A,0.3,0.2311728212219174,False
A,0.3,0.6907577419352176,True
A,0.3,0.5853346044929589,True
A,0.3,0.0,False
A,0.3,0.0,False
A,0.3,0.5457651677641477,True
A,0.3,0.0,False
A,0.3,0.3224154168021752,False
A,0.3,0.7997099607268672,True
A,0.3,0.0,False
A,0.3,0.35711876669564024,True
A,0.3,0.3776573128504511,False
A,0.3,0.0,False
A,0.3,0.3138547470094488,False
A,0.3,0.0,False
A,0.3,0.0,False
A,0.3,0.0,False
A,0.3,0.3136090729803551,False
A,0.3,0.12539126673266188,False
A,0.3,0.0,False
A,0.3,0.3097908910768076,False
A,0.3,0.8112863527597015,True
A,0.3,0.0,False
A,0.3,0.24528080768868443,False
A,0.3,0.5119491039291807,False
A,0.3,0.0,False
A,0.3,0.0,False
A,0.3,0.9744502871734098,True
A,0.3,0.2680217294789181,False
A,0.3,0.955973501364569,True
A,0.3,0.0,False
A,0.3,0.2576159987610236,True
A,0.3,0.3901547277900209,False
A,0.3,0.0,False
A,0.3,0.0,False
A,0.3,0.5157929578357239,True
A,0.3,0.9668764610283634,True
A,0.3,0.35410926278149113,False
A,0.3,0.0,False
A,0.3,0.0,False
A,0.3,0.7360794112476038,True
A,0.3,0.9933142649431626,True
A,0.3,0.07268386970473728,False
A,0.3,0.0,False
A,0.3,0.14067513221845407,False
A,0.3,0.7168081336537521,False
A,0.3,0.48902300336266,False
A,0.3,0.0,False
A,0.3,0.38701270083008066,False
A,0.3,0.4056455459762648,False
A,0.3,0.4617961446427904,False
A,0.3,0.0,False
A,0.3,0.6364332257944036,True
A,0.3,0.865918622941685,True
A,0.3,0.1998075105131938,False
A,0.3,0.0,False
A,0.3,0.9408518944129698,True
A,0.3,0.6814861930475965,False
A,0.3,0.3704878667689495,False
A,0.3,0.5446525595638183,True
A,0.3,0.06894996636177675,False
A,0.3,0.09345092131137045,False
A,0.3,0.0,False
A,0.3,0.6286795807211564,True
A,0.3,0.45723723937484584,True
A,0.3,0.0,False
A,0.3,0.9461618183128627,True
A,0.3,0.6313356419487004,True
A,0.3,0.8520383764864795,True
A,0.3,0.9965257633616902,True
A,0.3,0.0,False
A,0.3,0.3335879684985058,False
A,0.3,0.0,False
A,0.3,0.37517906668890655,False
A,0.3,0.9633012382709367,True
A,0.3,0.0,False
A,0.3,0.003413277211780974,False
A,0.3,0.0,False
A,0.3,0.0,False
A,0.3,0.1295607217450102,False
A,0.3,0.9927239223199704,True
A,0.3,0.5910541169187958,False
A,0.3,0.7572236667866272,True
A,0.3,0.054774193055771137,False
A,0.3,0.2302251577776222,False
A,0.3,0.0,False
A,0.3,0.25459329471302583,False
A,0.3,0.8869524896880873,True
A,0.3,0.0,False
A,0.3,0.28844485031395717,False
A,0.3,0.08155894995746316,False
A,0.3,0.11220622967062355,False
A,0.3,0.0,False
A,0.3,0.8203753729874997,True
A,0.3,0.06695028496250521,False
A,0.3,0.46145543323538585,False
A,0.3,0.05917943010821869,False
A,0.3,0.8964825041349594,True
A,0.3,0.0,False
A,0.3,0.8098831199691437,True
A,0.3,0.2210184171634555,False
A,0.3,0.516695908804166,False
A,0.3,0.0,False
A,0.3,0.05043785179384097,False
A,0.3,0.0,False
A,0.3,0.0,False
A,0.3,0.13364893037706338,False
A,0.3,0.7406438414542799,True
A,0.3,0.0,False
A,0.3,0.4358166382816212,False
A,0.3,0.7899075033081957,True
A,0.3,0.3186431057576129,False
A,0.3,0.4555670500870306,True
A,0.3,0.0,False
A,0.3,0.26696262001164217,False
A,0.3,0.5163645586258937,False
A,0.3,0.0,False
A,0.3,0.0,False
A,0.3,0.5441229503075308,True
A,0.3,0.5469392808833565,True
A,0.3,0.0,False
A,0.3,0.861582054219355,True
A,0.3,0.3079369233360789,False
A,0.3,0.12544851417586234,False
A,0.3,0.2861244870068016,False
A,0.3,0.9616679831434697,True
A,0.3,0.5469496254511826,True
A,0.3,0.0,False
A,0.3,0.0,False
A,0.3,0.7749599339230755,True
A,0.3,0.0,False
A,0.3,0.8721287725969142,True
A,0.3,0.0,False
A,0.3,0.08257226613414625,False
A,0.3,0.25952626736318873,False
A,0.3,0.02949195032841856,False
A,0.3,0.36033878281742937,False
A,0.3,0.7922971749495932,True
A,0.3,0.9699363672820864,True
A,0.3,0.9449085067210424,True
A,0.3,0.0,False
A,0.3,0.0,False
A,0.3,0.0,False
A,0.3,0.0,False
A,0.3,0.27737080396013913,False
A,0.3,0.5545661847951572,True
A,0.3,0.21479910644763067,False
A,0.3,0.12181705848383872,False
A,0.3,0.02340178889835598,False
A,0.3,0.8347316890297023,True
A,0.3,0.09503021594176442,False
A,0.3,0.0,False
A,0.3,0.0,False
A,0.3,0.1813346342763399,False
A,0.3,0.6422262872419019,True
A,0.3,0.0,False
A,0.3,0.5828085397326772,True
A,0.3,0.3777641312353238,False
A,0.3,0.9129166163657457,True
A,0.3,0.0,False
A,0.3,0.0,False
A,0.3,0.4229790084574664,False
A,0.3,0.6761681979748487,True
A,0.3,0.0,False
A,0.3,0.26587800282022656,False
A,0.3,0.7643019542084325,True
A,0.3,0.35963058972603423,True
A,0.3,0.6657878086909376,False
A,0.3,0.9926265102485067,True
A,0.3,0.4134024695633255,False
A,0.3,0.8666376275605151,True
A,0.3,0.654003784247838,True
A,0.3,0.7419630041839036,True
A,0.3,0.38524969675764564,False
A,0.3,0.3610393746109989,False
A,0.3,0.6391288828540721,True
A,0.3,0.8047338172281586,True
A,0.3,0.0,False
A,0.3,0.7067169409428031,True
A,0.3,0.0,False
A,0.3,0.8367795398632696,True
A,0.3,0.0,False
A,0.3,0.0,False
A,0.3,0.5571717048007943,True
A,0.3,0.0,False
A,0.3,0.011626909308868338,False
A,0.3,0.821693095101261,True
A,0.3,0.20621450317514867,False
A,0.3,0.0,False
A,0.3,0.0,False
A,0.3,0.0,False
A,0.3,0.9263560491343615,True
A,0.3,0.11454339810438141,False
A,0.3,0.5532529274805673,False
A,0.3,0.827062477485149,True
A,0.3,0.0,False
A,0.3,0.9014322463451474,True
A,0.3,0.6281572808226982,True
A,0.3,0.45583620114176193,False
A,0.3,0.0,False
A,0.3,0.48765882831003526,True
A,0.3,0.5613413822982981,True
A,0.3,0.0,False
A,0.3,0.16369551742151367,False
A,0.3,0.7055956484935998,True
A,0.3,0.6385262553984445,False
A,0.3,0.6121189530095303,True
A,0.3,0.9706337263987872,True
A,0.3,0.2945560967661568,False
A,0.3,0.45331378658106236,False
A,0.3,0.8717507459730808,True
A,0.3,0.4950476116228827,True
A,0.3,0.12140601422463282,False
A,0.3,0.21393269136309245,False
A,0.3,0.7869015768259463,True
A,0.3,0.20747633472349358,False
A,0.3,0.36332072699008944,False
A,0.3,0.9371922494274986,True
A,0.3,0.0,False
A,0.3,0.0,False
A,0.3,0.301538607536442,False
A,0.3,0.262969493359417,False
A,0.3,0.060289021790534414,False
A,0.3,0.0,False
A,0.3,0.4273702975330612,False
A,0.3,0.0,False
A,0.3,0.0,False
A,0.3,0.0,False
A,0.3,0.0,False
A,0.3,0.25806078495976825,False
A,0.3,0.7059523049144512,True
A,0.3,0.0,False
A,0.3,0.8653071693206045,True
A,0.3,0.0,False
A,0.3,0.05559083302205525,False
A,0.3,0.031060841442103415,False
A,0.3,0.0,False
A,0.3,0.7591254754629473,True
A,0.3,0.16402604773164964,False
A,0.3,0.0,False
A,0.3,0.305256658725538,False
A,0.3,0.7071449711968109,True
A,0.3,0.2278686509268869,False
A,0.3,0.0,False
A,0.3,0.1770504649382285,False
A,0.3,0.6961242903894133,True
A,0.3,0.12230515164338907,False
A,0.3,0.0,False
A,0.3,0.0,False
A,0.3,0.7649595910095911,True
A,0.3,0.0,False
A,0.3,0.40191384185293655,True
A,0.3,0.0,False
A,0.3,0.3572741749617897,False
A,0.3,0.3148480066496845,False
A,0.3,0.43770195378453725,True
A,0.3,0.310132259695017,False
A,0.3,0.7932661572554944,True
A,0.3,0.0,False
A,0.3,0.7499705754993833,True
A,0.3,0.0,False
A,0.3,0.006939206593125302,False
A,0.3,0.0,False
A,0.3,0.0,False
A,0.3,0.0,False
A,0.3,0.32145024008611256,False
A,0.3,0.3885903908525512,False
A,0.3,0.9517428957082145,True
A,0.3,0.4798945866683848,False
A,0.3,0.0,False
A,0.3,0.0,False
A,0.3,0.09896185273142777,False
A,0.3,0.1174243690789133,False
A,0.3,0.0,False
A,0.3,0.5855505840613886,False
A,0.3,0.21247452088144947,False
A,0.3,0.0,False
A,0.3,0.0,False
A,0.3,0.555603602632435,True
A,0.3,0.0,False
A,0.3,0.0,False
A,0.3,0.5134353498703974,True
A,0.3,0.138796980517213,False
A,0.3,0.2491142222085404,False
A,0.3,0.7248655915741157,True
A,0.3,0.20366718806446427,False
A,0.3,0.8012700105634867,True
A,0.3,0.6847358536231171,True
A,0.3,0.4561557722678421,False
A,0.3,0.19537850814708058,False
A,0.3,0.0,False
A,0.3,0.5507481694138245,False
A,0.3,0.7060834142147727,True
A,0.3,0.013000122784668333,False
A,0.3,0.41134585387331224,True
A,0.3,0.3122528020138451,False
A,0.3,0.5686504444676492,True
A,0.3,0.46737317056218175,True
A,0.3,0.06945956803249642,False
A,0.3,0.4499840538290535,False
A,0.3,0.676436938791707,True
A,0.3,0.0373243635208117,False
A,0.3,0.0,False
A,0.3,0.7881348725682298,True
A,0.3,0.31869670891880997,False
A,0.3,0.6275615711701487,True
A,0.3,0.24121482696494434,False
A,0.3,0.4484912268801774,False
A,0.3,0.0,False
A,0.3,0.37035620645121703,False
A,0.3,0.0,False
A,0.3,0.20376078054566715,False
A,0.3,0.44457899498821585,False
A,0.3,0.0,False
A,0.3,0.27425489210375253,False
A,0.3,0.6508430200243296,False
A,0.3,0.5461760858266266,True
A,0.3,0.4090296447207512,False
A,0.3,0.8428846157028771,True
A,0.3,0.04826101928902926,False
A,0.3,0.0,False
A,0.3,0.12325680219701995,False
A,0.3,0.7645421301613783,True
A,0.3,0.15467942171575078,False
A,0.3,0.3171064554699189,False
A,0.3,0.0,False
A,0.3,0.8861611807062398,True
A,0.3,0.0,False
A,0.3,0.7912440273012868,True
A,0.3,0.5052344297451095,True
A,0.3,0.0,False
A,0.3,0.7430590632619632,True
A,0.3,0.41415434219302316,True
A,0.3,0.0,False
A,0.3,0.0,False
A,0.3,0.0,False
A,0.3,0.6276042211752481,False
A,0.3,0.04957131679948845,False
A,0.3,0.5830662200711716,True
A,0.3,0.5828210594948634,True
A,0.3,0.0,False
A,0.3,0.02572022972396759,False
A,0.3,0.6850929315504127,True
A,0.3,0.603757209130699,True
A,0.3,0.0,False
A,0.3,0.0,False
A,0.3,0.804261239322842,True
A,0.3,0.9818030681890921,True
A,0.3,0.6762067496623225,True
A,0.3,0.0,False
A,0.3,0.0,False
A,0.3,0.7424563821730873,True
A,0.3,0.7155960656322685,False
A,0.3,0.8314443848051167,True
A,0.3,0.9000610192552091,True
A,0.3,0.0,False
A,0.3,0.25967013245301285,False
A,0.3,0.9812412656217819,True
A,0.3,0.0,False
A,0.3,0.07463593833135662,False
A,0.3,0.964089910960272,True
A,0.3,0.0,False
A,0.3,0.23474444350348322,False
A,0.3,0.0,False
A,0.3,0.0,False
A,0.3,0.0,False
A,0.3,0.0,False
A,0.3,0.0,False
A,0.3,0.8585334257266934,True
A,0.3,0.0,False
A,0.3,0.9799184720499009,True
A,0.3,0.7514345123328452,False
A,0.3,0.0,False
A,0.3,0.05586876146372466,False
A,0.3,0.7319451162872835,True
A,0.3,0.7152610942515091,True
A,0.3,0.897938292042778,True
A,0.3,0.3683528389879117,False
A,0.3,0.18758091649790132,False
A,0.3,0.0,False
A,0.3,0.32849827256765585,False
A,0.3,0.0818690302635997,False
A,0.3,0.20101703979935726,False
A,0.3,0.0,False
A,0.3,0.0,False
A,0.3,0.8320730517321041,True
A,0.3,0.24810181477682447,False
A,0.3,0.6728482019390162,True
A,0.3,0.0,False
A,0.3,0.10770501033902491,False
A,0.3,0.41213544792131807,False
A,0.3,0.07645189868442459,False
A,0.3,0.0,False
A,0.3,0.0,False
A,0.3,0.3480977684315322,False
A,0.3,0.7268660380658495,True
A,0.3,0.7789014524407255,True
A,0.3,0.07642532953755277,False
A,0.3,0.0,False
A,0.3,0.27598489934571435,False
A,0.3,0.0,False
A,0.3,0.8520441085076337,True
A,0.3,0.6102280063480299,True
A,0.3,0.0,False
A,0.3,0.0,False
A,0.3,0.7255179866803316,True
A,0.3,0.0,False
A,0.3,0.17822421372516783,False
A,0.3,0.24602785511296932,False
A,0.3,0.0,False
A,0.3,0.4274614135632385,True
A,0.3,0.5540391033356119,False
A,0.3,0.8681150173952162,True
A,0.3,0.2642830849539256,False
A,0.3,0.0,False
A,0.3,0.7225197215462225,True
A,0.3,0.0,False
A,0.3,0.38015693298464326,False
A,0.3,0.8040795242081408,True
A,0.3,0.9957484229468784,True
A,0.3,0.11139708990832742,False
A,0.3,0.16278219852261067,False
A,0.3,0.7771644182518039,True
A,0.3,0.7609987798046017,True
A,0.3,0.15536462493007086,False
A,0.3,0.0,False
A,0.3,0.9973435859153419,True
A,0.3,0.25443731786826995,False
A,0.3,0.9688526509193268,True
A,0.3,0.8392313973930118,True
A,0.3,0.2219086676460451,False
A,0.3,0.9964301563223453,True
A,0.3,0.45250475198173,False
A,0.3,0.0,False
A,0.3,0.0,False
A,0.3,0.3471492099158192,False
A,0.3,0.0,False
A,0.3,0.8582316316966014,True
A,0.3,0.0,False
A,0.3,0.0,False
A,0.3,0.0,False
A,0.3,0.0,False
A,0.3,0.5139220127668317,False
A,0.3,0.28549048010380185,False
A,0.3,0.7073159185610157,True
A,0.3,0.5005410975663954,False
A,0.3,0.0,False
A,0.3,0.8008502188190147,True
A,0.3,0.2226044093023486,False
A,0.3,0.90088609529608,True
A,0.3,0.0,False
A,0.3,0.5948162142731946,True
A,0.3,0.6063163987947313,True
A,0.3,0.0,False
A,0.3,0.0,False
A,0.3,0.0,False
A,0.3,0.0,False
A,0.3,0.44865523047163614,False
A,0.3,0.5023066231150812,True
A,0.3,0.0,False
A,0.3,0.6362177327123305,True
A,0.3,0.08609922454747554,False
A,0.3,0.08736768840047271,False
A,0.3,0.2500692595035412,False
A,0.3,0.4409251901439877,False
A,0.3,0.3629567289800907,False
A,0.3,0.0,False
A,0.3,0.0,False
A,0.3,0.0,False
A,0.3,0.20167752088252988,False
A,0.3,0.0,False
A,0.3,0.9665300929898768,True
A,0.3,0.0,False
A,0.3,0.05935155272507986,False
A,0.3,0.7835529348210509,True
A,0.3,0.19681985638608956,False
A,0.3,0.1880640676790929,False
A,0.3,0.5531539381198372,True
A,0.3,0.3624230180891507,True
A,0.3,0.00762300444174846,False
A,0.3,0.9841409019213685,True
A,0.3,0.5242909704446421,False
A,0.3,0.2686625628728133,False
A,0.3,0.0,False
A,0.3,0.36973249744543335,True
A,0.3,0.43843804720570834,True
A,0.3,0.3342827493937933,False
A,0.3,0.8619085840877602,True
A,0.3,0.9887035743298374,True
A,0.3,0.0,False
A,0.3,0.011810937538545896,False
A,0.3,0.4325187642145506,False
A,0.3,0.5501858701255441,False
A,0.3,0.7488853480738747,True
A,0.3,0.28565409337011716,False
A,0.3,0.0,False
A,0.3,0.26977680683359573,False
A,0.3,0.06937920267494058,False
A,0.3,0.20748779196456169,False
A,0.3,0.4447232320171678,False
A,0.3,0.0,False
A,0.3,0.38280078674450546,False
A,0.3,0.5634449749637429,False
A,0.3,0.9524103779099066,True
A,0.3,0.0,False
A,0.3,0.9372693393323087,True
A,0.3,0.1567378232925517,False
A,0.3,0.12700689355674488,False
A,0.3,0.0,False
A,0.3,0.0,False
A,0.3,0.2946499500583496,False
A,0.3,0.011510361548129788,False
A,0.3,0.8525877323172997,True
A,0.3,0.5579306041650449,True
A,0.3,0.36292116045664724,False
A,0.3,0.0,False
A,0.3,0.0,False
A,0.3,0.38241560896214677,True
A,0.3,0.2764182997774717,False
A,0.3,0.0,False
A,0.3,0.0,False
A,0.3,0.7147597492624527,True
A,0.3,0.6969688007779362,True
A,0.3,0.8211909894666052,True
A,0.3,0.06431562798167823,False
A,0.3,0.21028480966787966,False
A,0.3,0.5837702209487226,False
A,0.3,0.3763107823287062,True
A,0.3,0.12326106918282098,False
A,0.3,0.09911284275976184,False
A,0.3,0.7956958237142544,False
A,0.3,0.581449730728946,False
A,0.3,0.1373271906137924,False
A,0.3,0.8217722761324998,True
A,0.3,0.0,False
A,0.3,0.6756278934559066,False
A,0.3,0.959432102880103,True
A,0.3,0.8425475994322855,False
A,0.3,0.6582900161938725,True
A,0.3,0.1942705625208001,False
A,0.3,0.6343919363132164,True
A,0.3,0.7332401027086369,True
A,0.3,0.4215181241335967,True
A,0.3,0.0,False
A,0.3,0.46689696574250716,False
A,0.3,0.27256347817303217,False
A,0.3,0.19609754614536568,False
A,0.3,0.15002282308367743,True
A,0.3,0.0,False
A,0.3,0.0,False
A,0.3,0.11792826689374847,False
A,0.3,0.791099573491864,True
A,0.3,0.5246753860162612,False
A,0.3,0.9345028609605294,True
A,0.3,0.280048935480547,False
A,0.3,0.810122159147387,True
A,0.3,0.9365754092511127,True
A,0.3,0.0,False
A,0.3,0.0,False
A,0.3,0.2333737709888214,False
A,0.3,0.0,False
A,0.3,0.4278291202571046,False
A,0.3,0.4883262553657456,True
A,0.3,0.0359941205941412,False
A,0.3,0.0,False
A,0.3,0.8120646617106271,True
A,0.3,0.0,False
A,0.3,0.20625547739339645,False
A,0.3,0.0,False
A,0.3,0.4338197407084232,False
A,0.3,0.0,False
A,0.3,0.4487467002184172,False
A,0.3,0.7675177742561428,True
A,0.3,0.03770487978461934,False
A,0.3,0.2191597957139032,False
A,0.3,0.8414883938551014,True
A,0.3,0.4552763807448099,False
A,0.3,0.00838414874690907,False
A,0.3,0.0,False
A,0.3,0.6339653575290123,False
A,0.3,0.6509636725631379,True
A,0.3,0.0,False
A,0.3,0.31801246694446794,False
A,0.3,0.7707334772170538,True
A,0.3,0.4787171565931435,False
A,0.3,0.6944238249088176,True
A,0.3,0.8792236122866935,True
A,0.3,0.24598371611800163,False
A,0.3,0.7447132790570105,True
A,0.3,0.9049652243307177,True
A,0.3,0.7285975545099468,True
A,0.3,0.31446101457122533,True
A,0.3,0.6848598265123508,True
A,0.3,0.20294283177870287,False
A,0.3,0.0,False
A,0.3,0.0,False
A,0.3,0.8395318357386765,True
A,0.3,0.40078391888267817,False
A,0.3,0.11355520694615451,False
A,0.3,0.1432874701547393,False
A,0.3,0.2311728212219174,False
A,0.3,0.6907577419352176,True
A,0.3,0.5853346044929589,True
A,0.3,0.0,False
A,0.3,0.0,False
A,0.3,0.5457651677641477,True
A,0.3,0.0,False
A,0.3,0.3224154168021752,False
A,0.3,0.7997099607268672,True
A,0.3,0.0,False
A,0.3,0.35711876669564024,True
A,0.3,0.3776573128504511,False
A,0.3,0.0,False
A,0.3,0.3138547470094488,False
A,0.3,0.0,False
A,0.3,0.0,False
A,0.3,0.0,False
A,0.3,0.3136090729803551,False
A,0.3,0.12539126673266188,False
A,0.3,0.0,False
A,0.3,0.3097908910768076,False
A,0.3,0.8112863527597015,True
A,0.3,0.0,False
A,0.3,0.24528080768868443,False
A,0.3,0.5119491039291807,False
A,0.3,0.0,False
A,0.3,0.0,False
A,0.3,0.9744502871734098,True
A,0.3,0.2680217294789181,False
A,0.3,0.955973501364569,True
A,0.3,0.0,False
A,0.3,0.2576159987610236,True
A,0.3,0.3901547277900209,False
A,0.3,0.0,False
A,0.3,0.0,False
A,0.3,0.5157929578357239,True
A,0.3,0.9668764610283634,True
A,0.3,0.35410926278149113,False
A,0.3,0.0,False
A,0.3,0.0,False
A,0.3,0.7360794112476038,True
A,0.3,0.9933142649431626,True
A,0.3,0.07268386970473728,False
A,0.3,0.0,False
A,0.3,0.14067513221845407,False
A,0.3,0.7168081336537521,False
A,0.3,0.48902300336266,False
A,0.3,0.0,False
A,0.3,0.38701270083008066,False
A,0.3,0.4056455459762648,False
A,0.3,0.4617961446427904,False
A,0.3,0.0,False
A,0.3,0.6364332257944036,True
A,0.3,0.865918622941685,True
A,0.3,0.1998075105131938,False
A,0.3,0.0,False
A,0.3,0.9408518944129698,True
A,0.3,0.6814861930475965,True
A,0.3,0.3704878667689495,False
A,0.3,0.5446525595638183,False
A,0.3,0.06894996636177675,False
A,0.3,0.09345092131137045,False
A,0.3,0.0,False
A,0.3,0.6286795807211564,False
A,0.3,0.45723723937484584,True
A,0.3,0.0,False
A,0.3,0.9461618183128627,True
A,0.3,0.6313356419487004,True
A,0.3,0.8520383764864795,True
A,0.3,0.9965257633616902,True
A,0.3,0.0,False
A,0.3,0.3335879684985058,False
A,0.3,0.0,False
A,0.3,0.37517906668890655,False
A,0.3,0.9633012382709367,True
A,0.3,0.0,False
A,0.3,0.003413277211780974,False
A,0.3,0.0,False
A,0.3,0.0,False
A,0.3,0.1295607217450102,False
A,0.3,0.9927239223199704,True
A,0.3,0.5910541169187958,False
A,0.3,0.7572236667866272,True
A,0.3,0.054774193055771137,False
A,0.3,0.2302251577776222,False
A,0.3,0.0,False
A,0.3,0.25459329471302583,False
A,0.3,0.8869524896880873,True
A,0.3,0.0,False
A,0.3,0.28844485031395717,False
A,0.3,0.08155894995746316,False
A,0.3,0.11220622967062355,False
A,0.3,0.0,False
A,0.3,0.8203753729874997,True
A,0.3,0.06695028496250521,False
A,0.3,0.46145543323538585,False
A,0.3,0.05917943010821869,False
A,0.3,0.8964825041349594,True
A,0.3,0.0,False
A,0.3,0.8098831199691437,True
A,0.3,0.2210184171634555,False
A,0.3,0.516695908804166,True
A,0.3,0.0,False
A,0.3,0.05043785179384097,False
A,0.3,0.0,False
A,0.3,0.0,False
A,0.3,0.13364893037706338,False
A,0.3,0.7406438414542799,True
A,0.3,0.0,False
A,0.3,0.4358166382816212,False
A,0.3,0.7899075033081957,True
A,0.3,0.3186431057576129,False
A,0.3,0.4555670500870306,True
A,0.3,0.0,False
A,0.3,0.26696262001164217,False
A,0.3,0.5163645586258937,False
A,0.3,0.0,False
A,0.3,0.0,False
A,0.3,0.5441229503075308,True
A,0.3,0.5469392808833565,True
A,0.3,0.0,False
A,0.3,0.861582054219355,True
A,0.3,0.3079369233360789,False
A,0.3,0.12544851417586234,False
A,0.3,0.2861244870068016,False
A,0.3,0.9616679831434697,True
A,0.3,0.5469496254511826,True
A,0.3,0.0,False
A,0.3,0.0,False
A,0.3,0.7749599339230755,True
A,0.3,0.0,False
A,0.3,0.8721287725969142,True
A,0.3,0.0,False
A,0.3,0.08257226613414625,False
A,0.3,0.25952626736318873,False
A,0.3,0.02949195032841856,False
A,0.3,0.36033878281742937,False
A,0.3,0.7922971749495932,True
A,0.3,0.9699363672820864,True
A,0.3,0.9449085067210424,True
A,0.3,0.0,False
A,0.3,0.0,False
A,0.3,0.0,False
A,0.3,0.0,False
A,0.3,0.27737080396013913,False
A,0.3,0.5545661847951572,True
A,0.3,0.21479910644763067,False
A,0.3,0.12181705848383872,False
A,0.3,0.02340178889835598,False
A,0.3,0.8347316890297023,True
A,0.3,0.09503021594176442,False
A,0.3,0.0,False
A,0.3,0.0,False
A,0.3,0.1813346342763399,False
A,0.3,0.6422262872419019,True
A,0.3,0.0,False
A,0.3,0.5828085397326772,True
A,0.3,0.3777641312353238,False
A,0.3,0.9129166163657457,True
A,0.3,0.0,False
A,0.3,0.0,False
A,0.3,0.4229790084574664,False
A,0.3,0.6761681979748487,True
A,0.3,0.0,False
A,0.3,0.26587800282022656,False
A,0.3,0.7643019542084325,True
A,0.3,0.35963058972603423,True
A,0.3,0.6657878086909376,False
A,0.3,0.9926265102485067,True
A,0.3,0.4134024695633255,False
A,0.3,0.8666376275605151,True
A,0.3,0.654003784247838,False
A,0.3,0.7419630041839036,True
A,0.3,0.38524969675764564,False
A,0.3,0.3610393746109989,False
A,0.3,0.6391288828540721,True
A,0.3,0.8047338172281586,True
A,0.3,0.0,False
A,0.3,0.7067169409428031,True
A,0.3,0.0,False
A,0.3,0.8367795398632696,True
A,0.3,0.0,False
A,0.3,0.0,False
A,0.3,0.5571717048007943,True
A,0.3,0.0,False
A,0.3,0.011626909308868338,False
A,0.3,0.821693095101261,True
A,0.3,0.20621450317514867,False
A,0.3,0.0,False
A,0.3,0.0,False
A,0.3,0.0,False
A,0.3,0.9263560491343615,True
A,0.3,0.11454339810438141,False
A,0.3,0.5532529274805673,True
A,0.3,0.827062477485149,True
A,0.3,0.0,False
A,0.3,0.9014322463451474,True
A,0.3,0.6281572808226982,True
A,0.3,0.45583620114176193,False
A,0.3,0.0,False
A,0.3,0.48765882831003526,True
A,0.3,0.5613413822982981,True
A,0.3,0.0,False
A,0.3,0.16369551742151367,False
A,0.3,0.7055956484935998,True
A,0.3,0.6385262553984445,False
A,0.3,0.6121189530095303,False
A,0.3,0.9706337263987872,True
A,0.3,0.2945560967661568,False
A,0.3,0.45331378658106236,True
A,0.3,0.8717507459730808,True
A,0.3,0.4950476116228827,True
A,0.3,0.12140601422463282,False
A,0.3,0.21393269136309245,False
A,0.3,0.7869015768259463,True
A,0.3,0.20747633472349358,False
A,0.3,0.36332072699008944,False
A,0.3,0.9371922494274986,True
A,0.3,0.0,False
A,0.3,0.0,False
A,0.3,0.301538607536442,False
A,0.3,0.262969493359417,False
A,0.3,0.060289021790534414,False
A,0.3,0.0,False
A,0.3,0.4273702975330612,False
A,0.3,0.0,False
A,0.3,0.0,False
A,0.3,0.0,False
A,0.3,0.0,False
A,0.3,0.25806078495976825,False
A,0.3,0.7059523049144512,True
A,0.3,0.0,False
A,0.3,0.8653071693206045,True
A,0.3,0.0,False
A,0.3,0.05559083302205525,False
A,0.3,0.031060841442103415,False
A,0.3,0.0,False
A,0.3,0.7591254754629473,True
A,0.3,0.16402604773164964,False
A,0.3,0.0,False
A,0.3,0.305256658725538,False
A,0.3,0.7071449711968109,False
A,0.3,0.2278686509268869,False
A,0.3,0.0,False
A,0.3,0.1770504649382285,False
A,0.3,0.6961242903894133,True
A,0.3,0.12230515164338907,False
A,0.3,0.0,False
A,0.3,0.0,False
A,0.3,0.7649595910095911,True
A,0.3,0.0,False
A,0.3,0.40191384185293655,True
A,0.3,0.0,False
A,0.3,0.3572741749617897,False
A,0.3,0.3148480066496845,False
A,0.3,0.43770195378453725,True
A,0.3,0.310132259695017,False
A,0.3,0.7932661572554944,True
A,0.3,0.0,False
A,0.3,0.7499705754993833,True
A,0.3,0.0,False
A,0.3,0.006939206593125302,False
A,0.3,0.0,False
A,0.3,0.0,False
A,0.3,0.0,False
A,0.3,0.32145024008611256,False
A,0.3,0.3885903908525512,False
A,0.3,0.9517428957082145,True
A,0.3,0.4798945866683848,False
A,0.3,0.0,False
A,0.3,0.0,False
A,0.3,0.09896185273142777,False
A,0.3,0.1174243690789133,False
A,0.3,0.0,False
A,0.3,0.5855505840613886,False
A,0.3,0.21247452088144947,False
A,0.3,0.0,False
A,0.3,0.0,False
A,0.3,0.555603602632435,True
A,0.3,0.0,False
A,0.3,0.0,False
A,0.3,0.5134353498703974,True
A,0.3,0.138796980517213,False
A,0.3,0.2491142222085404,False
A,0.3,0.7248655915741157,True
A,0.3,0.20366718806446427,False
A,0.3,0.8012700105634867,True
A,0.3,0.6847358536231171,True
A,0.3,0.4561557722678421,False
A,0.3,0.19537850814708058,False
A,0.3,0.0,False
A,0.3,0.5507481694138245,False
A,0.3,0.7060834142147727,True
A,0.3,0.013000122784668333,False
A,0.3,0.41134585387331224,True
A,0.3,0.3122528020138451,False
A,0.3,0.5686504444676492,True
A,0.3,0.46737317056218175,True
A,0.3,0.06945956803249642,False
A,0.3,0.4499840538290535,False
A,0.3,0.676436938791707,True
A,0.3,0.0373243635208117,False
A,0.3,0.0,False
A,0.3,0.7881348725682298,True
A,0.3,0.31869670891880997,False
A,0.3,0.6275615711701487,True
A,0.3,0.24121482696494434,False
A,0.3,0.4484912268801774,False
A,0.3,0.0,False
A,0.3,0.37035620645121703,False
A,0.3,0.0,False
A,0.3,0.20376078054566715,False
A,0.3,0.44457899498821585,False
A,0.3,0.0,False
A,0.3,0.27425489210375253,False
A,0.3,0.6508430200243296,True
A,0.3,0.5461760858266266,True
A,0.3,0.4090296447207512,False
A,0.3,0.8428846157028771,True
A,0.3,0.04826101928902926,False
A,0.3,0.0,False
A,0.3,0.12325680219701995,False
A,0.3,0.7645421301613783,True
A,0.3,0.15467942171575078,False
A,0.3,0.3171064554699189,False
A,0.3,0.0,False
A,0.3,0.8861611807062398,True
A,0.3,0.0,False
A,0.3,0.7912440273012868,True
A,0.3,0.5052344297451095,True
A,0.3,0.0,False
A,0.3,0.7430590632619632,True
A,0.3,0.41415434219302316,False
A,0.3,0.0,False
A,0.3,0.0,False
A,0.3,0.0,False
A,0.3,0.6276042211752481,False
A,0.3,0.04957131679948845,False
A,0.3,0.5830662200711716,True
A,0.3,0.5828210594948634,True
A,0.3,0.0,False
A,0.3,0.02572022972396759,False
A,0.3,0.6850929315504127,True
A,0.3,0.603757209130699,True
A,0.3,0.0,False
A,0.3,0.0,False
A,0.3,0.804261239322842,True
A,0.3,0.9818030681890921,True
A,0.3,0.6762067496623225,True
A,0.3,0.0,False
A,0.3,0.0,False
A,0.3,0.7424563821730873,True
A,0.3,0.7155960656322685,True
A,0.3,0.8314443848051167,True
A,0.3,0.9000610192552091,True
A,0.3,0.0,False
A,0.3,0.25967013245301285,False
A,0.3,0.9812412656217819,True
A,0.3,0.0,False
A,0.3,0.07463593833135662,False
A,0.3,0.964089910960272,True
A,0.3,0.0,False
A,0.3,0.23474444350348322,False
A,0.3,0.0,False
A,0.3,0.0,False
A,0.3,0.0,False
A,0.3,0.0,False
A,0.3,0.0,False
A,0.3,0.8585334257266934,True
A,0.3,0.0,False
A,0.3,0.9799184720499009,True
A,0.3,0.7514345123328452,True
A,0.3,0.0,False
A,0.3,0.05586876146372466,False
A,0.3,0.7319451162872835,True
A,0.3,0.7152610942515091,True
A,0.3,0.897938292042778,True
A,0.3,0.3683528389879117,True
A,0.3,0.18758091649790132,False
A,0.3,0.0,False
A,0.3,0.32849827256765585,False
A,0.3,0.0818690302635997,False
A,0.3,0.20101703979935726,False
A,0.3,0.0,False
A,0.3,0.0,False
A,0.3,0.8320730517321041,True
A,0.3,0.24810181477682447,False
A,0.3,0.6728482019390162,True
A,0.3,0.0,False
A,0.3,0.10770501033902491,False
A,0.3,0.41213544792131807,False
A,0.3,0.07645189868442459,False
A,0.3,0.0,False
A,0.3,0.0,False
A,0.3,0.3480977684315322,False
A,0.3,0.7268660380658495,True
A,0.3,0.7789014524407255,True
A,0.3,0.07642532953755277,False
A,0.3,0.0,False
A,0.3,0.27598489934571435,False
A,0.3,0.0,False
A,0.3,0.8520441085076337,True
A,0.3,0.6102280063480299,True
A,0.3,0.0,False
A,0.3,0.0,False
A,0.3,0.7255179866803316,True
A,0.3,0.0,False
A,0.3,0.17822421372516783,False
A,0.3,0.24602785511296932,False
A,0.3,0.0,False
A,0.3,0.4274614135632385,True
A,0.3,0.5540391033356119,False
A,0.3,0.8681150173952162,True
A,0.3,0.2642830849539256,False
A,0.3,0.0,False
A,0.3,0.7225197215462225,True
A,0.3,0.0,False
A,0.3,0.38015693298464326,False
A,0.3,0.8040795242081408,True
A,0.3,0.9957484229468784,True
A,0.3,0.11139708990832742,False
A,0.3,0.16278219852261067,False
A,0.3,0.7771644182518039,True
A,0.3,0.7609987798046017,True
A,0.3,0.15536462493007086,False
A,0.3,0.0,False
A,0.3,0.9973435859153419,True
A,0.3,0.25443731786826995,False
A,0.3,0.9688526509193268,True
A,0.3,0.8392313973930118,True
A,0.3,0.2219086676460451,False
A,0.3,0.9964301563223453,True
A,0.3,0.45250475198173,False
A,0.3,0.0,False
A,0.3,0.0,False
A,0.3,0.3471492099158192,False
A,0.3,0.0,False
A,0.3,0.8582316316966014,True
A,0.3,0.0,False
A,0.3,0.0,False
A,0.3,0.0,False
A,0.3,0.0,False
A,0.3,0.5139220127668317,False
A,0.3,0.28549048010380185,False
A,0.3,0.7073159185610157,True
A,0.3,0.5005410975663954,False
A,0.3,0.0,False
A,0.3,0.8008502188190147,True
A,0.3,0.2226044093023486,False
A,0.3,0.90088609529608,True
A,0.3,0.0,False
A,0.3,0.5948162142731946,True
A,0.3,0.6063163987947313,True
A,0.3,0.0,False
A,0.3,0.0,False
A,0.3,0.0,False
A,0.3,0.0,False
A,0.3,0.44865523047163614,False
A,0.3,0.5023066231150812,True
A,0.3,0.0,False
A,0.3,0.6362177327123305,True
A,0.3,0.08609922454747554,False
A,0.3,0.08736768840047271,False
A,0.3,0.2500692595035412,False
A,0.3,0.4409251901439877,False
A,0.3,0.3629567289800907,False
A,0.3,0.0,False
A,0.3,0.0,False
A,0.3,0.0,False
A,0.3,0.20167752088252988,False
A,0.3,0.0,False
A,0.3,0.9665300929898768,True
A,0.3,0.0,False
A,0.3,0.05935155272507986,False
A,0.3,0.7835529348210509,True
A,0.3,0.19681985638608956,False
A,0.3,0.1880640676790929,False
A,0.3,0.5531539381198372,True
A,0.3,0.3624230180891507,True
A,0.3,0.00762300444174846,False
A,0.3,0.9841409019213685,True
A,0.3,0.5242909704446421,False
A,0.3,0.2686625628728133,False
A,0.3,0.0,False
A,0.3,0.36973249744543335,True
A,0.3,0.43843804720570834,False
A,0.3,0.3342827493937933,False
A,0.3,0.8619085840877602,True
A,0.3,0.9887035743298374,True
A,0.3,0.0,False
A,0.3,0.011810937538545896,False
A,0.3,0.4325187642145506,False
A,0.3,0.5501858701255441,False
A,0.3,0.7488853480738747,True
A,0.3,0.28565409337011716,False
A,0.3,0.0,False
A,0.3,0.26977680683359573,False
A,0.3,0.06937920267494058,False
A,0.3,0.20748779196456169,False
A,0.3,0.4447232320171678,False
A,0.3,0.0,False
A,0.3,0.38280078674450546,False
A,0.3,0.5634449749637429,True
A,0.3,0.9524103779099066,True
A,0.3,0.0,False
A,0.3,0.9372693393323087,True
A,0.3,0.1567378232925517,False
A,0.3,0.12700689355674488,False
A,0.3,0.0,False
A,0.3,0.0,False
A,0.3,0.2946499500583496,False
A,0.3,0.011510361548129788,False
A,0.3,0.8525877323172997,True
A,0.3,0.5579306041650449,True
A,0.3,0.36292116045664724,False
A,0.3,0.0,False
A,0.3,0.0,False
A,0.3,0.38241560896214677,False
A,0.3,0.2764182997774717,False
A,0.3,0.0,False
A,0.3,0.0,False
A,0.3,0.7147597492624527,True
A,0.3,0.6969688007779362,True
A,0.3,0.8211909894666052,True
A,0.3,0.06431562798167823,False
A,0.3,0.21028480966787966,False
A,0.3,0.5837702209487226,False
A,0.3,0.3763107823287062,True
A,0.3,0.12326106918282098,False
A,0.3,0.09911284275976184,False
A,0.3,0.7956958237142544,False
A,0.3,0.581449730728946,False
A,0.3,0.1373271906137924,False
A,0.3,0.8217722761324998,True
A,0.3,0.0,False
A,0.3,0.6756278934559066,False
A,0.3,0.959432102880103,True
A,0.3,0.8425475994322855,False
A,0.3,0.6582900161938725,False
A,0.3,0.1942705625208001,False
A,0.3,0.6343919363132164,False
A,0.3,0.7332401027086369,True
A,0.3,0.4215181241335967,False
A,0.3,0.0,False
A,0.3,0.46689696574250716,False
A,0.3,0.27256347817303217,True
A,0.3,0.19609754614536568,False
A,0.3,0.15002282308367743,True
A,0.3,0.0,False
A,0.3,0.0,False
A,0.3,0.11792826689374847,False
A,0.3,0.791099573491864,True
A,0.3,0.5246753860162612,False
A,0.3,0.9345028609605294,True
A,0.3,0.280048935480547,False
A,0.3,0.810122159147387,True
A,0.3,0.9365754092511127,True
A,0.3,0.0,False
A,0.3,0.0,False
A,0.3,0.2333737709888214,False
A,0.3,0.0,False
A,0.3,0.4278291202571046,False
A,0.3,0.4883262553657456,True
A,0.3,0.0359941205941412,False
A,0.3,0.0,False
A,0.3,0.8120646617106271,True
A,0.3,0.0,False
A,0.3,0.20625547739339645,False
A,0.3,0.0,False
A,0.3,0.4338197407084232,False
A,0.3,0.0,False
A,0.3,0.4487467002184172,False
A,0.3,0.7675177742561428,True
A,0.3,0.03770487978461934,False
A,0.3,0.2191597957139032,False
A,0.3,0.8414883938551014,True
A,0.3,0.4552763807448099,False
A,0.3,0.00838414874690907,False
A,0.3,0.0,False
A,0.3,0.6339653575290123,True
A,0.3,0.6509636725631379,True
A,0.3,0.0,False
A,0.3,0.31801246694446794,False
A,0.3,0.7707334772170538,True
A,0.3,0.4787171565931435,False
A,0.3,0.6944238249088176,True
A,0.3,0.8792236122866935,True
A,0.3,0.24598371611800163,False
A,0.3,0.7447132790570105,True
A,0.3,0.9049652243307177,True
A,0.3,0.7285975545099468,True
A,0.3,0.31446101457122533,True
A,0.3,0.6848598265123508,True
A,0.3,0.20294283177870287,False
A,0.3,0.0,False
A,0.3,0.0,False
A,0.3,0.8395318357386765,True
A,0.3,0.40078391888267817,False
A,0.3,0.11355520694615451,False
A,0.3,0.1432874701547393,False
A,0.3,0.2311728212219174,False
A,0.3,0.6907577419352176,True
A,0.3,0.5853346044929589,True
A,0.3,0.0,False
A,0.3,0.0,False
A,0.3,0.5457651677641477,True
A,0.3,0.0,False
A,0.3,0.3224154168021752,False
A,0.3,0.7997099607268672,True
A,0.3,0.0,False
A,0.3,0.35711876669564024,True
A,0.3,0.3776573128504511,False
A,0.3,0.0,False
A,0.3,0.3138547470094488,False
A,0.3,0.0,False
A,0.3,0.0,False
A,0.3,0.0,False
A,0.3,0.3136090729803551,False
A,0.3,0.12539126673266188,False
A,0.3,0.0,False
A,0.3,0.3097908910768076,False
A,0.3,0.8112863527597015,True
A,0.3,0.0,False
A,0.3,0.24528080768868443,False
A,0.3,0.5119491039291807,False
A,0.3,0.0,False
A,0.3,0.0,False
A,0.3,0.9744502871734098,True
A,0.3,0.2680217294789181,False
A,0.3,0.955973501364569,True
A,0.3,0.0,False
A,0.3,0.2576159987610236,True
A,0.3,0.3901547277900209,False
A,0.3,0.0,False
A,0.3,0.0,False
A,0.3,0.5157929578357239,True
A,0.3,0.9668764610283634,True
A,0.3,0.35410926278149113,False
A,0.3,0.0,False
A,0.3,0.0,False
A,0.3,0.7360794112476038,True
A,0.3,0.9933142649431626,True
A,0.3,0.07268386970473728,False
A,0.3,0.0,False
A,0.3,0.14067513221845407,False
A,0.3,0.7168081336537521,False
A,0.3,0.48902300336266,False
A,0.3,0.0,False
A,0.3,0.38701270083008066,False
A,0.3,0.4056455459762648,False
A,0.3,0.4617961446427904,False
A,0.3,0.0,False
A,0.3,0.6364332257944036,True
A,0.3,0.865918622941685,True
A,0.3,0.1998075105131938,False
A,0.3,0.0,False
A,0.3,0.9408518944129698,True
A,0.3,0.6814861930475965,True
A,0.3,0.3704878667689495,False
A,0.3,0.5446525595638183,False
A,0.3,0.06894996636177675,False
A,0.3,0.09345092131137045,False
A,0.3,0.0,False
A,0.3,0.6286795807211564,True
A,0.3,0.45723723937484584,True
A,0.3,0.0,False
A,0.3,0.9461618183128627,True
A,0.3,0.6313356419487004,True
A,0.3,0.8520383764864795,True
A,0.3,0.9965257633616902,True
A,0.3,0.0,False
A,0.3,0.3335879684985058,False
A,0.3,0.0,False
A,0.3,0.37517906668890655,False
A,0.3,0.9633012382709367,True
A,0.3,0.0,False
A,0.3,0.003413277211780974,False
A,0.3,0.0,False
A,0.3,0.0,False
A,0.3,0.1295607217450102,False
A,0.3,0.9927239223199704,True
A,0.3,0.5910541169187958,False
A,0.3,0.7572236667866272,True
A,0.3,0.054774193055771137,False
A,0.3,0.2302251577776222,False
A,0.3,0.0,False
A,0.3,0.25459329471302583,False
A,0.3,0.8869524896880873,True
A,0.3,0.0,False
A,0.3,0.28844485031395717,False
A,0.3,0.08155894995746316,False
A,0.3,0.11220622967062355,False
A,0.3,0.0,False
A,0.3,0.8203753729874997,True
A,0.3,0.06695028496250521,False
A,0.3,0.46145543323538585,False
A,0.3,0.05917943010821869,False
A,0.3,0.8964825041349594,True
A,0.3,0.0,False
A,0.3,0.8098831199691437,True
A,0.3,0.2210184171634555,False
A,0.3,0.516695908804166,True
A,0.3,0.0,False
A,0.3,0.05043785179384097,False
A,0.3,0.0,False
A,0.3,0.0,False
A,0.3,0.13364893037706338,False
A,0.3,0.7406438414542799,True
A,0.3,0.0,False
A,0.3,0.4358166382816212,False
A,0.3,0.7899075033081957,True
A,0.3,0.3186431057576129,False
A,0.3,0.4555670500870306,True
A,0.3,0.0,False
A,0.3,0.26696262001164217,False
A,0.3,0.5163645586258937,False
A,0.3,0.0,False
A,0.3,0.0,False
A,0.3,0.5441229503075308,True
A,0.3,0.5469392808833565,True
A,0.3,0.0,False
A,0.3,0.861582054219355,True
A,0.3,0.3079369233360789,False
A,0.3,0.12544851417586234,False
A,0.3,0.2861244870068016,False
A,0.3,0.9616679831434697,True
A,0.3,0.5469496254511826,True
A,0.3,0.0,False
A,0.3,0.0,False
A,0.3,0.7749599339230755,True
A,0.3,0.0,False
A,0.3,0.8721287725969142,True
A,0.3,0.0,False
A,0.3,0.08257226613414625,False
A,0.3,0.25952626736318873,False
A,0.3,0.02949195032841856,False
A,0.3,0.36033878281742937,False
A,0.3,0.7922971749495932,True
A,0.3,0.9699363672820864,True
A,0.3,0.9449085067210424,True
A,0.3,0.0,False
A,0.3,0.0,False
A,0.3,0.0,False
A,0.3,0.0,False
A,0.3,0.27737080396013913,False
A,0.3,0.5545661847951572,True
A,0.3,0.21479910644763067,False
A,0.3,0.12181705848383872,False
A,0.3,0.02340178889835598,False
A,0.3,0.8347316890297023,True
A,0.3,0.09503021594176442,False
A,0.3,0.0,False
A,0.3,0.0,False
A,0.3,0.1813346342763399,False
A,0.3,0.6422262872419019,True
A,0.3,0.0,False
A,0.3,0.5828085397326772,True
A,0.3,0.3777641312353238,False
A,0.3,0.9129166163657457,True
A,0.3,0.0,False
A,0.3,0.0,False
A,0.3,0.4229790084574664,False
A,0.3,0.6761681979748487,False
A,0.3,0.0,False
A,0.3,0.26587800282022656,False
A,0.3,0.7643019542084325,True
A,0.3,0.35963058972603423,True
A,0.3,0.6657878086909376,False
A,0.3,0.9926265102485067,True
A,0.3,0.4134024695633255,False
A,0.3,0.8666376275605151,True
A,0.3,0.654003784247838,False
A,0.3,0.7419630041839036,True
A,0.3,0.38524969675764564,False
A,0.3,0.3610393746109989,False
A,0.3,0.6391288828540721,True
A,0.3,0.8047338172281586,True
A,0.3,0.0,False
A,0.3,0.7067169409428031,True
A,0.3,0.0,False
A,0.3,0.8367795398632696,True
A,0.3,0.0,False
A,0.3,0.0,False
A,0.3,0.5571717048007943,True
A,0.3,0.0,False
A,0.3,0.011626909308868338,False
A,0.3,0.821693095101261,True
A,0.3,0.20621450317514867,False
A,0.3,0.0,False
A,0.3,0.0,False
A,0.3,0.0,False
A,0.3,0.9263560491343615,True
A,0.3,0.11454339810438141,False
A,0.3,0.5532529274805673,True
A,0.3,0.827062477485149,True
A,0.3,0.0,False
A,0.3,0.9014322463451474,True
A,0.3,0.6281572808226982,True
A,0.3,0.45583620114176193,False
A,0.3,0.0,False
A,0.3,0.48765882831003526,True
A,0.3,0.5613413822982981,True
A,0.3,0.0,False
A,0.3,0.16369551742151367,False
A,0.3,0.7055956484935998,True
A,0.3,0.6385262553984445,True
A,0.3,0.6121189530095303,False
A,0.3,0.9706337263987872,True
A,0.3,0.2945560967661568,False
A,0.3,0.45331378658106236,False
A,0.3,0.8717507459730808,True
A,0.3,0.4950476116228827,False
A,0.3,0.12140601422463282,False
A,0.3,0.21393269136309245,False
A,0.3,0.7869015768259463,True
A,0.3,0.20747633472349358,False
A,0.3,0.36332072699008944,True
A,0.3,0.9371922494274986,True
A,0.3,0.0,False
A,0.3,0.0,False
A,0.3,0.301538607536442,False
A,0.3,0.262969493359417,False
A,0.3,0.060289021790534414,False
A,0.3,0.0,False
A,0.3,0.4273702975330612,False
A,0.3,0.0,False
A,0.3,0.0,False
A,0.3,0.0,False
A,0.3,0.0,False
A,0.3,0.25806078495976825,False
A,0.3,0.7059523049144512,True
A,0.3,0.0,False
A,0.3,0.8653071693206045,True
A,0.3,0.0,False
A,0.3,0.05559083302205525,False
A,0.3,0.031060841442103415,False
A,0.3,0.0,False
A,0.3,0.7591254754629473,True
A,0.3,0.16402604773164964,False
A,0.3,0.0,False
A,0.3,0.305256658725538,False
A,0.3,0.7071449711968109,True
A,0.3,0.2278686509268869,False
A,0.3,0.0,False
A,0.3,0.1770504649382285,False
A,0.3,0.6961242903894133,True
A,0.3,0.12230515164338907,False
A,0.3,0.0,False
A,0.3,0.0,False
A,0.3,0.7649595910095911,True
A,0.3,0.0,False
A,0.3,0.40191384185293655,True
A,0.3,0.0,False
A,0.3,0.3572741749617897,False
A,0.3,0.3148480066496845,False
A,0.3,0.43770195378453725,True
A,0.3,0.310132259695017,False
A,0.3,0.7932661572554944,True
A,0.3,0.0,False
A,0.3,0.7499705754993833,True
A,0.3,0.0,False
A,0.3,0.006939206593125302,False
A,0.3,0.0,False
A,0.3,0.0,False
A,0.3,0.0,False
A,0.3,0.32145024008611256,False
A,0.3,0.3885903908525512,False
A,0.3,0.9517428957082145,True
A,0.3,0.4798945866683848,False
A,0.3,0.0,False
A,0.3,0.0,False
A,0.3,0.09896185273142777,False
A,0.3,0.1174243690789133,False
A,0.3,0.0,False
A,0.3,0.5855505840613886,False
A,0.3,0.21247452088144947,False
A,0.3,0.0,False
A,0.3,0.0,False
A,0.3,0.555603602632435,False
A,0.3,0.0,False
A,0.3,0.0,False
A,0.3,0.5134353498703974,True
A,0.3,0.138796980517213,False
A,0.3,0.2491142222085404,False
A,0.3,0.7248655915741157,True
A,0.3,0.20366718806446427,False
A,0.3,0.8012700105634867,True
A,0.3,0.6847358536231171,True
A,0.3,0.4561557722678421,False
A,0.3,0.19537850814708058,False
A,0.3,0.0,False
A,0.3,0.5507481694138245,False
A,0.3,0.7060834142147727,True
A,0.3,0.013000122784668333,False
A,0.3,0.41134585387331224,True
A,0.3,0.3122528020138451,False
A,0.3,0.5686504444676492,False
A,0.3,0.46737317056218175,True
A,0.3,0.06945956803249642,False
A,0.3,0.4499840538290535,False
A,0.3,0.676436938791707,True
A,0.3,0.0373243635208117,False
A,0.3,0.0,False
A,0.3,0.7881348725682298,True
A,0.3,0.31869670891880997,False
A,0.3,0.6275615711701487,True
A,0.3,0.24121482696494434,False
A,0.3,0.4484912268801774,False
A,0.3,0.0,False
A,0.3,0.37035620645121703,False
A,0.3,0.0,False
A,0.3,0.20376078054566715,False
A,0.3,0.44457899498821585,False
A,0.3,0.0,False
A,0.3,0.27425489210375253,False
A,0.3,0.6508430200243296,True
A,0.3,0.5461760858266266,True
A,0.3,0.4090296447207512,False
A,0.3,0.8428846157028771,True
A,0.3,0.04826101928902926,False
A,0.3,0.0,False
A,0.3,0.12325680219701995,False
A,0.3,0.7645421301613783,True
A,0.3,0.15467942171575078,False
A,0.3,0.3171064554699189,False
A,0.3,0.0,False
A,0.3,0.8861611807062398,True
A,0.3,0.0,False
A,0.3,0.7912440273012868,True
A,0.3,0.5052344297451095,True
A,0.3,0.0,False
A,0.3,0.7430590632619632,True
A,0.3,0.41415434219302316,False
A,0.3,0.0,False
A,0.3,0.0,False
A,0.3,0.0,False
A,0.3,0.6276042211752481,False
A,0.3,0.04957131679948845,False
A,0.3,0.5830662200711716,True
A,0.3,0.5828210594948634,True
A,0.3,0.0,False
A,0.3,0.02572022972396759,False
A,0.3,0.6850929315504127,True
A,0.3,0.603757209130699,True
A,0.3,0.0,False
A,0.3,0.0,False
A,0.3,0.804261239322842,True
A,0.3,0.9818030681890921,True
A,0.3,0.6762067496623225,True
A,0.3,0.0,False
A,0.3,0.0,False
A,0.3,0.7424563821730873,True
A,0.3,0.7155960656322685,True
A,0.3,0.8314443848051167,True
A,0.3,0.9000610192552091,True
A,0.3,0.0,False
A,0.3,0.25967013245301285,False
A,0.3,0.9812412656217819,True
A,0.3,0.0,False
A,0.3,0.07463593833135662,False
A,0.3,0.964089910960272,True
A,0.3,0.0,False
A,0.3,0.23474444350348322,False
A,0.3,0.0,False
A,0.3,0.0,False
A,0.3,0.0,False
A,0.3,0.0,False
A,0.3,0.0,False
A,0.3,0.8585334257266934,True
A,0.3,0.0,False
A,0.3,0.9799184720499009,True
A,0.3,0.7514345123328452,True
A,0.3,0.0,False
A,0.3,0.05586876146372466,False
A,0.3,0.7319451162872835,True
A,0.3,0.7152610942515091,True
A,0.3,0.897938292042778,True
A,0.3,0.3683528389879117,True
A,0.3,0.18758091649790132,False
A,0.3,0.0,False
A,0.3,0.32849827256765585,False
A,0.3,0.0818690302635997,False
A,0.3,0.20101703979935726,False
A,0.3,0.0,False
A,0.3,0.0,False
A,0.3,0.8320730517321041,True
A,0.3,0.24810181477682447,False
A,0.3,0.6728482019390162,True
A,0.3,0.0,False
A,0.3,0.10770501033902491,False
A,0.3,0.41213544792131807,False
A,0.3,0.07645189868442459,False
A,0.3,0.0,False
A,0.3,0.0,False
A,0.3,0.3480977684315322,False
A,0.3,0.7268660380658495,True
A,0.3,0.7789014524407255,True
A,0.3,0.07642532953755277,False
A,0.3,0.0,False
A,0.3,0.27598489934571435,False
A,0.3,0.0,False
A,0.3,0.8520441085076337,True
A,0.3,0.6102280063480299,True
A,0.3,0.0,False
A,0.3,0.0,False
A,0.3,0.7255179866803316,True
A,0.3,0.0,False
A,0.3,0.17822421372516783,False
A,0.3,0.24602785511296932,False
A,0.3,0.0,False
A,0.3,0.4274614135632385,True
A,0.3,0.5540391033356119,False
A,0.3,0.8681150173952162,True
A,0.3,0.2642830849539256,False
A,0.3,0.0,False
A,0.3,0.7225197215462225,True
A,0.3,0.0,False
A,0.3,0.38015693298464326,False
A,0.3,0.8040795242081408,True
A,0.3,0.9957484229468784,True
A,0.3,0.11139708990832742,False
A,0.3,0.16278219852261067,False
A,0.3,0.7771644182518039,True
A,0.3,0.7609987798046017,True
A,0.3,0.15536462493007086,False
A,0.3,0.0,False
A,0.3,0.9973435859153419,True
A,0.3,0.25443731786826995,False
A,0.3,0.9688526509193268,True
A,0.3,0.8392313973930118,True
A,0.3,0.2219086676460451,False
A,0.3,0.9964301563223453,True
A,0.3,0.45250475198173,False
A,0.3,0.0,False
A,0.3,0.0,False
A,0.3,0.3471492099158192,False
A,0.3,0.0,False
A,0.3,0.8582316316966014,True
A,0.3,0.0,False
A,0.3,0.0,False
A,0.3,0.0,False
A,0.3,0.0,False
A,0.3,0.5139220127668317,False
A,0.3,0.28549048010380185,False
A,0.3,0.7073159185610157,True
A,0.3,0.5005410975663954,False
A,0.3,0.0,False
A,0.3,0.8008502188190147,True
A,0.3,0.2226044093023486,False
A,0.3,0.90088609529608,True
A,0.3,0.0,False
A,0.3,0.5948162142731946,True
A,0.3,0.6063163987947313,True
A,0.3,0.0,False
A,0.3,0.0,False
A,0.3,0.0,False
A,0.3,0.0,False
A,0.3,0.44865523047163614,False
A,0.3,0.5023066231150812,True
A,0.3,0.0,False
A,0.3,0.6362177327123305,True
A,0.3,0.08609922454747554,False
A,0.3,0.08736768840047271,False
A,0.3,0.2500692595035412,False
A,0.3,0.4409251901439877,False
A,0.3,0.3629567289800907,False
A,0.3,0.0,False
A,0.3,0.0,False
A,0.3,0.0,False
A,0.3,0.20167752088252988,False
A,0.3,0.0,False
A,0.3,0.9665300929898768,True
A,0.3,0.0,False
A,0.3,0.05935155272507986,False
A,0.3,0.7835529348210509,True
A,0.3,0.19681985638608956,False
A,0.3,0.1880640676790929,False
A,0.3,0.5531539381198372,True
A,0.3,0.3624230180891507,False
A,0.3,0.00762300444174846,False
A,0.3,0.9841409019213685,True
A,0.3,0.5242909704446421,False
A,0.3,0.2686625628728133,False
A,0.3,0.0,False
A,0.3,0.36973249744543335,False
A,0.3,0.43843804720570834,False
A,0.3,0.3342827493937933,False
A,0.3,0.8619085840877602,True
A,0.3,0.9887035743298374,True
A,0.3,0.0,False
A,0.3,0.011810937538545896,False
A,0.3,0.4325187642145506,False
A,0.3,0.5501858701255441,False
A,0.3,0.7488853480738747,True
A,0.3,0.28565409337011716,False
A,0.3,0.0,False
A,0.3,0.26977680683359573,False
A,0.3,0.06937920267494058,False
A,0.3,0.20748779196456169,False
A,0.3,0.4447232320171678,False
A,0.3,0.0,False
A,0.3,0.38280078674450546,False
A,0.3,0.5634449749637429,True
A,0.3,0.9524103779099066,True
A,0.3,0.0,False
A,0.3,0.9372693393323087,True
A,0.3,0.1567378232925517,False
A,0.3,0.12700689355674488,False
A,0.3,0.0,False
A,0.3,0.0,False
A,0.3,0.2946499500583496,False
A,0.3,0.011510361548129788,False
A,0.3,0.8525877323172997,True
A,0.3,0.5579306041650449,True
A,0.3,0.36292116045664724,False
A,0.3,0.0,False
A,0.3,0.0,False
A,0.3,0.38241560896214677,True
A,0.3,0.2764182997774717,False
A,0.3,0.0,False
A,0.3,0.0,False
A,0.3,0.7147597492624527,True
A,0.3,0.6969688007779362,True
A,0.3,0.8211909894666052,True
A,0.3,0.06431562798167823,False
A,0.3,0.21028480966787966,False
A,0.3,0.5837702209487226,False
A,0.3,0.3763107823287062,False
A,0.3,0.12326106918282098,False
A,0.3,0.09911284275976184,False
A,0.3,0.7956958237142544,False
A,0.3,0.581449730728946,False
A,0.3,0.1373271906137924,False
A,0.3,0.8217722761324998,True
A,0.3,0.0,False
A,0.3,0.6756278934559066,False
A,0.3,0.959432102880103,True
A,0.3,0.8425475994322855,False
A,0.3,0.6582900161938725,False
A,0.3,0.1942705625208001,False
A,0.3,0.6343919363132164,False
A,0.3,0.7332401027086369,True
A,0.3,0.4215181241335967,False
A,0.3,0.0,False
A,0.3,0.46689696574250716,True
A,0.3,0.27256347817303217,True
A,0.3,0.19609754614536568,False
A,0.3,0.15002282308367743,False
A,0.3,0.0,False
A,0.3,0.0,False
A,0.3,0.11792826689374847,False
A,0.3,0.791099573491864,True
A,0.3,0.5246753860162612,False
A,0.3,0.9345028609605294,True
A,0.3,0.280048935480547,False
A,0.3,0.810122159147387,True
A,0.3,0.9365754092511127,True
A,0.3,0.0,False
A,0.3,0.0,False
A,0.3,0.2333737709888214,False
A,0.3,0.0,False
A,0.3,0.4278291202571046,False
A,0.3,0.4883262553657456,True
A,0.3,0.0359941205941412,False
A,0.3,0.0,False
A,0.3,0.8120646617106271,True
A,0.3,0.0,False
A,0.3,0.20625547739339645,False
A,0.3,0.0,False
A,0.3,0.4338197407084232,False
A,0.3,0.0,False
A,0.3,0.4487467002184172,False
A,0.3,0.7675177742561428,True
A,0.3,0.03770487978461934,False
A,0.3,0.2191597957139032,False
A,0.3,0.8414883938551014,True
A,0.3,0.4552763807448099,False
A,0.3,0.00838414874690907,False
A,0.3,0.0,False
A,0.3,0.6339653575290123,True
A,0.3,0.6509636725631379,True
A,0.3,0.0,False
A,0.3,0.31801246694446794,False
A,0.3,0.7707334772170538,True
A,0.3,0.4787171565931435,False
A,0.3,0.6944238249088176,True
A,0.3,0.8792236122866935,True
A,0.3,0.24598371611800163,False
A,0.3,0.7447132790570105,True
A,0.3,0.9049652243307177,True
A,0.3,0.7285975545099468,True
A,0.3,0.31446101457122533,False
A,0.3,0.6848598265123508,True
A,0.3,0.20294283177870287,False
A,0.3,0.0,False
A,0.3,0.0,False
A,0.3,0.8395318357386765,True
A,0.3,0.40078391888267817,False
A,0.3,0.11355520694615451,False
A,0.3,0.1432874701547393,False
A,0.3,0.2311728212219174,False
A,0.3,0.6907577419352176,True
A,0.3,0.5853346044929589,True
A,0.3,0.0,False
A,0.3,0.0,False
A,0.3,0.5457651677641477,True
A,0.3,0.0,False
A,0.3,0.3224154168021752,False
A,0.3,0.7997099607268672,True
A,0.3,0.0,False
A,0.3,0.35711876669564024,True
A,0.3,0.3776573128504511,False
A,0.3,0.0,False
A,0.3,0.3138547470094488,False
A,0.3,0.0,False
A,0.3,0.0,False
A,0.3,0.0,False
A,0.3,0.3136090729803551,False
A,0.3,0.12539126673266188,False
A,0.3,0.0,False
A,0.3,0.3097908910768076,False
A,0.3,0.8112863527597015,True
A,0.3,0.0,False
A,0.3,0.24528080768868443,False
A,0.3,0.5119491039291807,False
A,0.3,0.0,False
A,0.3,0.0,False
A,0.3,0.9744502871734098,True
A,0.3,0.2680217294789181,False
A,0.3,0.955973501364569,True
A,0.3,0.0,False
A,0.3,0.2576159987610236,True
A,0.3,0.3901547277900209,False
A,0.3,0.0,False
A,0.3,0.0,False
A,0.3,0.5157929578357239,True
A,0.3,0.9668764610283634,True
A,0.3,0.35410926278149113,False
A,0.3,0.0,False
A,0.3,0.0,False
A,0.3,0.7360794112476038,True
A,0.3,0.9933142649431626,True
A,0.3,0.07268386970473728,False
A,0.3,0.0,False
A,0.3,0.14067513221845407,False
A,0.3,0.7168081336537521,False
A,0.3,0.48902300336266,True
A,0.3,0.0,False
A,0.3,0.38701270083008066,False
A,0.3,0.4056455459762648,False
A,0.3,0.4617961446427904,False
A,0.3,0.0,False
A,0.3,0.6364332257944036,True
A,0.3,0.865918622941685,True
A,0.3,0.1998075105131938,False
A,0.3,0.0,False
A,0.3,0.9408518944129698,True
A,0.3,0.6814861930475965,True
A,0.3,0.3704878667689495,False
A,0.3,0.5446525595638183,True
A,0.3,0.06894996636177675,False
A,0.3,0.09345092131137045,False
A,0.3,0.0,False
A,0.3,0.6286795807211564,True
A,0.3,0.45723723937484584,True
A,0.3,0.0,False
A,0.3,0.9461618183128627,True
A,0.3,0.6313356419487004,True
A,0.3,0.8520383764864795,True
A,0.3,0.9965257633616902,True
A,0.3,0.0,False
A,0.3,0.3335879684985058,False
A,0.3,0.0,False
A,0.3,0.37517906668890655,False
A,0.3,0.9633012382709367,True
A,0.3,0.0,False
A,0.3,0.003413277211780974,False
A,0.3,0.0,False
A,0.3,0.0,False
A,0.3,0.1295607217450102,False
A,0.3,0.9927239223199704,True
A,0.3,0.5910541169187958,False
A,0.3,0.7572236667866272,True
A,0.3,0.054774193055771137,False
A,0.3,0.2302251577776222,False
A,0.3,0.0,False
A,0.3,0.25459329471302583,False
A,0.3,0.8869524896880873,True
A,0.3,0.0,False
A,0.3,0.28844485031395717,False
A,0.3,0.08155894995746316,True
A,0.3,0.11220622967062355,False
A,0.3,0.0,False
A,0.3,0.8203753729874997,True
A,0.3,0.06695028496250521,False
A,0.3,0.46145543323538585,False
A,0.3,0.05917943010821869,False
A,0.3,0.8964825041349594,True
A,0.3,0.0,False
A,0.3,0.8098831199691437,True
A,0.3,0.2210184171634555,False
A,0.3,0.516695908804166,True
A,0.3,0.0,False
A,0.3,0.05043785179384097,False
A,0.3,0.0,False
A,0.3,0.0,False
A,0.3,0.13364893037706338,False
A,0.3,0.7406438414542799,True
A,0.3,0.0,False
A,0.3,0.4358166382816212,False
A,0.3,0.7899075033081957,True
A,0.3,0.3186431057576129,False
A,0.3,0.4555670500870306,True
A,0.3,0.0,False
A,0.3,0.26696262001164217,False
A,0.3,0.5163645586258937,False
A,0.3,0.0,False
A,0.3,0.0,False
A,0.3,0.5441229503075308,True
A,0.3,0.5469392808833565,True
A,0.3,0.0,False
A,0.3,0.861582054219355,True
A,0.3,0.3079369233360789,False
A,0.3,0.12544851417586234,False
A,0.3,0.2861244870068016,False
A,0.3,0.9616679831434697,True
A,0.3,0.5469496254511826,True
A,0.3,0.0,False
A,0.3,0.0,False
A,0.3,0.7749599339230755,True
A,0.3,0.0,False
A,0.3,0.8721287725969142,True
A,0.3,0.0,False
A,0.3,0.08257226613414625,False
A,0.3,0.25952626736318873,False
A,0.3,0.02949195032841856,False
A,0.3,0.36033878281742937,False
A,0.3,0.7922971749495932,True
A,0.3,0.9699363672820864,True
A,0.3,0.9449085067210424,True
A,0.3,0.0,False
A,0.3,0.0,False
A,0.3,0.0,False
A,0.3,0.0,False
A,0.3,0.27737080396013913,False
A,0.3,0.5545661847951572,True
A,0.3,0.21479910644763067,False
A,0.3,0.12181705848383872,False
A,0.3,0.02340178889835598,False
A,0.3,0.8347316890297023,True
A,0.3,0.09503021594176442,False
A,0.3,0.0,False
A,0.3,0.0,False
A,0.3,0.1813346342763399,False
A,0.3,0.6422262872419019,False
A,0.3,0.0,False
A,0.3,0.5828085397326772,False
A,0.3,0.3777641312353238,False
A,0.3,0.9129166163657457,True
A,0.3,0.0,False
A,0.3,0.0,False
A,0.3,0.4229790084574664,False
A,0.3,0.6761681979748487,False
A,0.3,0.0,False
A,0.3,0.26587800282022656,False
A,0.3,0.7643019542084325,True
A,0.3,0.35963058972603423,True
A,0.3,0.6657878086909376,False
A,0.3,0.9926265102485067,True
A,0.3,0.4134024695633255,False
A,0.3,0.8666376275605151,True
A,0.3,0.654003784247838,False
A,0.3,0.7419630041839036,True
A,0.3,0.38524969675764564,False
A,0.3,0.3610393746109989,False
A,0.3,0.6391288828540721,True
A,0.3,0.8047338172281586,True
A,0.3,0.0,False
A,0.3,0.7067169409428031,True
A,0.3,0.0,False
A,0.3,0.8367795398632696,True
A,0.3,0.0,False
A,0.3,0.0,False
A,0.3,0.5571717048007943,False
A,0.3,0.0,False
A,0.3,0.011626909308868338,False
A,0.3,0.821693095101261,True
A,0.3,0.20621450317514867,False
A,0.3,0.0,False
A,0.3,0.0,False
A,0.3,0.0,False
A,0.3,0.9263560491343615,True
A,0.3,0.11454339810438141,False
A,0.3,0.5532529274805673,True
A,0.3,0.827062477485149,True
A,0.3,0.0,False
A,0.3,0.9014322463451474,True
A,0.3,0.6281572808226982,True
A,0.3,0.45583620114176193,False
A,0.3,0.0,False
A,0.3,0.48765882831003526,True
A,0.3,0.5613413822982981,True
A,0.3,0.0,False
A,0.3,0.16369551742151367,False
A,0.3,0.7055956484935998,True
A,0.3,0.6385262553984445,True
A,0.3,0.6121189530095303,False
A,0.3,0.9706337263987872,True
A,0.3,0.2945560967661568,False
A,0.3,0.45331378658106236,True
A,0.3,0.8717507459730808,True
A,0.3,0.4950476116228827,False
A,0.3,0.12140601422463282,True
A,0.3,0.21393269136309245,False
A,0.3,0.7869015768259463,True
A,0.3,0.20747633472349358,False
A,0.3,0.36332072699008944,True
A,0.3,0.9371922494274986,True
A,0.3,0.0,False
A,0.3,0.0,False
A,0.3,0.301538607536442,False
A,0.3,0.262969493359417,False
A,0.3,0.060289021790534414,False
A,0.3,0.0,False
A,0.3,0.4273702975330612,False
A,0.3,0.0,False
A,0.3,0.0,False
A,0.3,0.0,False
A,0.3,0.0,False
A,0.3,0.25806078495976825,False
A,0.3,0.7059523049144512,True
A,0.3,0.0,False
A,0.3,0.8653071693206045,True
A,0.3,0.0,False
A,0.3,0.05559083302205525,False
A,0.3,0.031060841442103415,False
A,0.3,0.0,False
A,0.3,0.7591254754629473,True
A,0.3,0.16402604773164964,False
A,0.3,0.0,False
A,0.3,0.305256658725538,False
A,0.3,0.7071449711968109,True
A,0.3,0.2278686509268869,False
A,0.3,0.0,False
A,0.3,0.1770504649382285,False
A,0.3,0.6961242903894133,True
A,0.3,0.12230515164338907,False
A,0.3,0.0,False
A,0.3,0.0,False
A,0.3,0.7649595910095911,True
A,0.3,0.0,False
A,0.3,0.40191384185293655,True
A,0.3,0.0,False
A,0.3,0.3572741749617897,False
A,0.3,0.3148480066496845,False
A,0.3,0.43770195378453725,True
A,0.3,0.310132259695017,False
A,0.3,0.7932661572554944,True
A,0.3,0.0,False
A,0.3,0.7499705754993833,True
A,0.3,0.0,False
A,0.3,0.006939206593125302,False
A,0.3,0.0,False
A,0.3,0.0,False
A,0.3,0.0,False
A,0.3,0.32145024008611256,False
A,0.3,0.3885903908525512,False
A,0.3,0.9517428957082145,True
A,0.3,0.4798945866683848,False
A,0.3,0.0,False
A,0.3,0.0,False
A,0.3,0.09896185273142777,False
A,0.3,0.1174243690789133,False
A,0.3,0.0,False
A,0.3,0.5855505840613886,False
A,0.3,0.21247452088144947,False
A,0.3,0.0,False
A,0.3,0.0,False
A,0.3,0.555603602632435,False
A,0.3,0.0,False
A,0.3,0.0,False
A,0.3,0.5134353498703974,True
A,0.3,0.138796980517213,False
A,0.3,0.2491142222085404,False
A,0.3,0.7248655915741157,True
A,0.3,0.20366718806446427,False
A,0.3,0.8012700105634867,True
A,0.3,0.6847358536231171,True
A,0.3,0.4561557722678421,False
A,0.3,0.19537850814708058,False
A,0.3,0.0,False
A,0.3,0.5507481694138245,True
A,0.3,0.7060834142147727,True
A,0.3,0.013000122784668333,False
A,0.3,0.41134585387331224,True
A,0.3,0.3122528020138451,False
A,0.3,0.5686504444676492,False
A,0.3,0.46737317056218175,True
A,0.3,0.06945956803249642,False
A,0.3,0.4499840538290535,False
A,0.3,0.676436938791707,True
A,0.3,0.0373243635208117,False
A,0.3,0.0,False
A,0.3,0.7881348725682298,True
A,0.3,0.31869670891880997,False
A,0.3,0.6275615711701487,True
A,0.3,0.24121482696494434,False
A,0.3,0.4484912268801774,False
A,0.3,0.0,False
A,0.3,0.37035620645121703,False
A,0.3,0.0,False
A,0.3,0.20376078054566715,False
A,0.3,0.44457899498821585,False
A,0.3,0.0,False
A,0.3,0.27425489210375253,False
A,0.3,0.6508430200243296,True
A,0.3,0.5461760858266266,True
A,0.3,0.4090296447207512,False
A,0.3,0.8428846157028771,True
A,0.3,0.04826101928902926,False
A,0.3,0.0,False
A,0.3,0.12325680219701995,False
A,0.3,0.7645421301613783,True
A,0.3,0.15467942171575078,False
A,0.3,0.3171064554699189,False
A,0.3,0.0,False
A,0.3,0.8861611807062398,True
A,0.3,0.0,False
A,0.3,0.7912440273012868,True
A,0.3,0.5052344297451095,True
A,0.3,0.0,False
A,0.3,0.7430590632619632,True
A,0.3,0.41415434219302316,False
A,0.3,0.0,False
A,0.3,0.0,False
A,0.3,0.0,False
A,0.3,0.6276042211752481,False
A,0.3,0.04957131679948845,False
A,0.3,0.5830662200711716,True
A,0.3,0.5828210594948634,True
A,0.3,0.0,False
A,0.3,0.02572022972396759,False
A,0.3,0.6850929315504127,True
A,0.3,0.603757209130699,True
A,0.3,0.0,False
A,0.3,0.0,False
A,0.3,0.804261239322842,True
A,0.3,0.9818030681890921,True
A,0.3,0.6762067496623225,True
A,0.3,0.0,False
A,0.3,0.0,False
A,0.3,0.7424563821730873,True
A,0.3,0.7155960656322685,True
A,0.3,0.8314443848051167,True
A,0.3,0.9000610192552091,True
A,0.3,0.0,False
A,0.3,0.25967013245301285,False
A,0.3,0.9812412656217819,True
A,0.3,0.0,False
A,0.3,0.07463593833135662,False
A,0.3,0.964089910960272,True
A,0.3,0.0,False
A,0.3,0.23474444350348322,False
A,0.3,0.0,False
A,0.3,0.0,False
A,0.3,0.0,False
A,0.3,0.0,False
A,0.3,0.0,False
A,0.3,0.8585334257266934,True
A,0.3,0.0,False
A,0.3,0.9799184720499009,True
A,0.3,0.7514345123328452,True
A,0.3,0.0,False
A,0.3,0.05586876146372466,False
A,0.3,0.7319451162872835,True
A,0.3,0.7152610942515091,True
A,0.3,0.897938292042778,True
A,0.3,0.3683528389879117,True
A,0.3,0.18758091649790132,False
A,0.3,0.0,False
A,0.3,0.32849827256765585,False
A,0.3,0.0818690302635997,False
A,0.3,0.20101703979935726,False
A,0.3,0.0,False
A,0.3,0.0,False
A,0.3,0.8320730517321041,True
A,0.3,0.24810181477682447,False
A,0.3,0.6728482019390162,True
A,0.3,0.0,False
A,0.3,0.10770501033902491,False
A,0.3,0.41213544792131807,False
A,0.3,0.07645189868442459,False
A,0.3,0.0,False
A,0.3,0.0,False
A,0.3,0.3480977684315322,False
A,0.3,0.7268660380658495,True
A,0.3,0.7789014524407255,True
A,0.3,0.07642532953755277,False
A,0.3,0.0,False
A,0.3,0.27598489934571435,False
A,0.3,0.0,False
A,0.3,0.8520441085076337,True
A,0.3,0.6102280063480299,True
A,0.3,0.0,False
A,0.3,0.0,False
A,0.3,0.7255179866803316,True
A,0.3,0.0,False
A,0.3,0.17822421372516783,False
A,0.3,0.24602785511296932,False
A,0.3,0.0,False
A,0.3,0.4274614135632385,True
A,0.3,0.5540391033356119,False
A,0.3,0.8681150173952162,True
A,0.3,0.2642830849539256,False
A,0.3,0.0,False
A,0.3,0.7225197215462225,True
A,0.3,0.0,False
A,0.3,0.38015693298464326,False
A,0.3,0.8040795242081408,True
A,0.3,0.9957484229468784,True
A,0.3,0.11139708990832742,False
A,0.3,0.16278219852261067,False
A,0.3,0.7771644182518039,True
A,0.3,0.7609987798046017,True
A,0.3,0.15536462493007086,False
A,0.3,0.0,False
A,0.3,0.9973435859153419,True
A,0.3,0.25443731786826995,False
A,0.3,0.9688526509193268,True
A,0.3,0.8392313973930118,True
A,0.3,0.2219086676460451,False
A,0.3,0.9964301563223453,True
A,0.3,0.45250475198173,False
A,0.3,0.0,False
A,0.3,0.0,False
A,0.3,0.3471492099158192,False
A,0.3,0.0,False
A,0.3,0.8582316316966014,True
A,0.3,0.0,False
A,0.3,0.0,False
A,0.3,0.0,False
A,0.3,0.0,False
A,0.3,0.5139220127668317,False
A,0.3,0.28549048010380185,False
A,0.3,0.7073159185610157,True
A,0.3,0.5005410975663954,False
A,0.3,0.0,False
A,0.3,0.8008502188190147,True
A,0.3,0.2226044093023486,False
A,0.3,0.90088609529608,True
A,0.3,0.0,False
A,0.3,0.5948162142731946,True
A,0.3,0.6063163987947313,True
A,0.3,0.0,False
A,0.3,0.0,False
A,0.3,0.0,False
A,0.3,0.0,False
A,0.3,0.44865523047163614,False
A,0.3,0.5023066231150812,True
A,0.3,0.0,False
A,0.3,0.6362177327123305,True
A,0.3,0.08609922454747554,False
A,0.3,0.08736768840047271,False
A,0.3,0.2500692595035412,False
A,0.3,0.4409251901439877,False
A,0.3,0.3629567289800907,False
A,0.3,0.0,False
A,0.3,0.0,False
A,0.3,0.0,False
A,0.3,0.20167752088252988,False
A,0.3,0.0,False
A,0.3,0.9665300929898768,True
A,0.3,0.0,False
A,0.3,0.05935155272507986,False
A,0.3,0.7835529348210509,True
A,0.3,0.19681985638608956,False
A,0.3,0.1880640676790929,False
A,0.3,0.5531539381198372,True
A,0.3,0.3624230180891507,False
A,0.3,0.00762300444174846,False
A,0.3,0.9841409019213685,True
A,0.3,0.5242909704446421,False
A,0.3,0.2686625628728133,False
A,0.3,0.0,False
A,0.3,0.36973249744543335,False
A,0.3,0.43843804720570834,False
A,0.3,0.3342827493937933,False
A,0.3,0.8619085840877602,True
A,0.3,0.9887035743298374,True
A,0.3,0.0,False
A,0.3,0.011810937538545896,False
A,0.3,0.4325187642145506,False
A,0.3,0.5501858701255441,False
A,0.3,0.7488853480738747,True
A,0.3,0.28565409337011716,False
A,0.3,0.0,False
A,0.3,0.26977680683359573,False
A,0.3,0.06937920267494058,False
A,0.3,0.20748779196456169,False
A,0.3,0.4447232320171678,False
A,0.3,0.0,False
A,0.3,0.38280078674450546,False
A,0.3,0.5634449749637429,True
A,0.3,0.9524103779099066,True
A,0.3,0.0,False
A,0.3,0.9372693393323087,True
A,0.3,0.1567378232925517,False
A,0.3,0.12700689355674488,False
A,0.3,0.0,False
A,0.3,0.0,False
A,0.3,0.2946499500583496,False
A,0.3,0.011510361548129788,False
A,0.3,0.8525877323172997,True
A,0.3,0.5579306041650449,True
A,0.3,0.36292116045664724,False
A,0.3,0.0,False
A,0.3,0.0,False
A,0.3,0.38241560896214677,True
A,0.3,0.2764182997774717,False
A,0.3,0.0,False
A,0.3,0.0,False
A,0.3,0.7147597492624527,True
A,0.3,0.6969688007779362,True
A,0.3,0.8211909894666052,True
A,0.3,0.06431562798167823,False
A,0.3,0.21028480966787966,False
A,0.3,0.5837702209487226,False
A,0.3,0.3763107823287062,False
A,0.3,0.12326106918282098,False
A,0.3,0.09911284275976184,False
A,0.3,0.7956958237142544,True
A,0.3,0.581449730728946,False
A,0.3,0.1373271906137924,False
A,0.3,0.8217722761324998,True
A,0.3,0.0,False
A,0.3,0.6756278934559066,True
A,0.3,0.959432102880103,True
A,0.3,0.8425475994322855,False
A,0.3,0.6582900161938725,False
A,0.3,0.1942705625208001,False
A,0.3,0.6343919363132164,False
A,0.3,0.7332401027086369,True
A,0.3,0.4215181241335967,False
A,0.3,0.0,False
A,0.3,0.46689696574250716,True
A,0.3,0.27256347817303217,False
A,0.3,0.19609754614536568,False
A,0.3,0.15002282308367743,False
A,0.3,0.0,False
A,0.3,0.0,False
A,0.3,0.11792826689374847,False
A,0.3,0.791099573491864,True
A,0.3,0.5246753860162612,False
A,0.3,0.9345028609605294,True
A,0.3,0.280048935480547,False
A,0.3,0.810122159147387,True
A,0.3,0.9365754092511127,True
A,0.3,0.0,False
A,0.3,0.0,False
A,0.3,0.2333737709888214,False
A,0.3,0.0,False
A,0.3,0.4278291202571046,False
A,0.3,0.4883262553657456,True
A,0.3,0.0359941205941412,False
A,0.3,0.0,False
A,0.3,0.8120646617106271,True
A,0.3,0.0,False
A,0.3,0.20625547739339645,False
A,0.3,0.0,False
A,0.3,0.4338197407084232,False
A,0.3,0.0,False
A,0.3,0.4487467002184172,False
A,0.3,0.7675177742561428,True
A,0.3,0.03770487978461934,False
A,0.3,0.2191597957139032,False
A,0.3,0.8414883938551014,True
A,0.3,0.4552763807448099,False
A,0.3,0.00838414874690907,False
A,0.3,0.0,False
A,0.3,0.6339653575290123,True
A,0.3,0.6509636725631379,True
A,0.3,0.0,False
A,0.3,0.31801246694446794,False
A,0.3,0.7707334772170538,True
A,0.3,0.4787171565931435,False
A,0.3,0.6944238249088176,True
A,0.3,0.8792236122866935,True
A,0.3,0.24598371611800163,False
A,0.3,0.7447132790570105,True
A,0.3,0.9049652243307177,True
A,0.3,0.7285975545099468,True
A,0.3,0.31446101457122533,True
A,0.3,0.6848598265123508,True
A,0.3,0.20294283177870287,False
A,0.3,0.0,False
A,0.3,0.0,False
A,0.3,0.8395318357386765,True
A,0.3,0.40078391888267817,False
A,0.3,0.11355520694615451,False
A,0.3,0.1432874701547393,False
A,0.3,0.2311728212219174,False
A,0.3,0.6907577419352176,True
A,0.3,0.5853346044929589,True
A,0.3,0.0,False
A,0.3,0.0,False
A,0.3,0.5457651677641477,True
A,0.3,0.0,False
A,0.3,0.3224154168021752,False
A,0.3,0.7997099607268672,True
A,0.3,0.0,False
A,0.3,0.35711876669564024,True
A,0.3,0.3776573128504511,False
A,0.3,0.0,False
A,0.3,0.3138547470094488,False
A,0.3,0.0,False
A,0.3,0.0,False
A,0.3,0.0,False
A,0.3,0.3136090729803551,False
A,0.3,0.12539126673266188,False
A,0.3,0.0,False
A,0.3,0.3097908910768076,False
A,0.3,0.8112863527597015,True
A,0.3,0.0,False
A,0.3,0.24528080768868443,False
A,0.3,0.5119491039291807,False
A,0.3,0.0,False
A,0.3,0.0,False
A,0.3,0.9744502871734098,True
A,0.3,0.2680217294789181,False
A,0.3,0.955973501364569,True
A,0.3,0.0,False
A,0.3,0.2576159987610236,True
A,0.3,0.3901547277900209,False
A,0.3,0.0,False
A,0.3,0.0,False
A,0.3,0.5157929578357239,False
A,0.3,0.9668764610283634,True
A,0.3,0.35410926278149113,False
A,0.3,0.0,False
A,0.3,0.0,False
A,0.3,0.7360794112476038,True
A,0.3,0.9933142649431626,True
A,0.3,0.07268386970473728,False
A,0.3,0.0,False
A,0.3,0.14067513221845407,False
A,0.3,0.7168081336537521,True
A,0.3,0.48902300336266,True
A,0.3,0.0,False
A,0.3,0.38701270083008066,False
A,0.3,0.4056455459762648,False
A,0.3,0.4617961446427904,False
A,0.3,0.0,False
A,0.3,0.6364332257944036,True
A,0.3,0.865918622941685,True
A,0.3,0.1998075105131938,False
A,0.3,0.0,False
A,0.3,0.9408518944129698,True
A,0.3,0.6814861930475965,True
A,0.3,0.3704878667689495,False
A,0.3,0.5446525595638183,False
A,0.3,0.06894996636177675,False
A,0.3,0.09345092131137045,False
A,0.3,0.0,False
A,0.3,0.6286795807211564,True
A,0.3,0.45723723937484584,True
A,0.3,0.0,False
A,0.3,0.9461618183128627,True
A,0.3,0.6313356419487004,True
A,0.3,0.8520383764864795,True
A,0.3,0.9965257633616902,True
A,0.3,0.0,False
A,0.3,0.3335879684985058,False
A,0.3,0.0,False
A,0.3,0.37517906668890655,False
A,0.3,0.9633012382709367,True
A,0.3,0.0,False
A,0.3,0.003413277211780974,False
A,0.3,0.0,False
A,0.3,0.0,False
A,0.3,0.1295607217450102,False
A,0.3,0.9927239223199704,True
A,0.3,0.5910541169187958,False
A,0.3,0.7572236667866272,True
A,0.3,0.054774193055771137,False
A,0.3,0.2302251577776222,False
A,0.3,0.0,False
A,0.3,0.25459329471302583,False
A,0.3,0.8869524896880873,True
A,0.3,0.0,False
A,0.3,0.28844485031395717,False
A,0.3,0.08155894995746316,True
A,0.3,0.11220622967062355,False
A,0.3,0.0,False
A,0.3,0.8203753729874997,True
A,0.3,0.06695028496250521,False
A,0.3,0.46145543323538585,False
A,0.3,0.05917943010821869,False
A,0.3,0.8964825041349594,True
A,0.3,0.0,False
A,0.3,0.8098831199691437,True
A,0.3,0.2210184171634555,False
A,0.3,0.516695908804166,True
A,0.3,0.0,False
A,0.3,0.05043785179384097,False
A,0.3,0.0,False
A,0.3,0.0,False
A,0.3,0.13364893037706338,False
A,0.3,0.7406438414542799,True
A,0.3,0.0,False
A,0.3,0.4358166382816212,False
A,0.3,0.7899075033081957,True
A,0.3,0.3186431057576129,False
A,0.3,0.4555670500870306,True
A,0.3,0.0,False
A,0.3,0.26696262001164217,False
A,0.3,0.5163645586258937,False
A,0.3,0.0,False
A,0.3,0.0,False
A,0.3,0.5441229503075308,True
A,0.3,0.5469392808833565,True
A,0.3,0.0,False
A,0.3,0.861582054219355,True
A,0.3,0.3079369233360789,False
A,0.3,0.12544851417586234,False
A,0.3,0.2861244870068016,False
A,0.3,0.9616679831434697,True
A,0.3,0.5469496254511826,True
A,0.3,0.0,False
A,0.3,0.0,False
A,0.3,0.7749599339230755,True
A,0.3,0.0,False
A,0.3,0.8721287725969142,True
A,0.3,0.0,False
A,0.3,0.08257226613414625,False
A,0.3,0.25952626736318873,False
A,0.3,0.02949195032841856,False
A,0.3,0.36033878281742937,False
A,0.3,0.7922971749495932,True
A,0.3,0.9699363672820864,True
A,0.3,0.9449085067210424,True
A,0.3,0.0,False
A,0.3,0.0,False
A,0.3,0.0,False
A,0.3,0.0,False
A,0.3,0.27737080396013913,False
A,0.3,0.5545661847951572,True
A,0.3,0.21479910644763067,False
A,0.3,0.12181705848383872,False
A,0.3,0.02340178889835598,False
A,0.3,0.8347316890297023,True
A,0.3,0.09503021594176442,False
A,0.3,0.0,False
A,0.3,0.0,False
A,0.3,0.1813346342763399,False
A,0.3,0.6422262872419019,False
A,0.3,0.0,False
A,0.3,0.5828085397326772,False
A,0.3,0.3777641312353238,False
A,0.3,0.9129166163657457,True
A,0.3,0.0,False
A,0.3,0.0,False
A,0.3,0.4229790084574664,False
A,0.3,0.6761681979748487,True
A,0.3,0.0,False
A,0.3,0.26587800282022656,False
A,0.3,0.7643019542084325,True
A,0.3,0.35963058972603423,True
A,0.3,0.6657878086909376,False
A,0.3,0.9926265102485067,True
A,0.3,0.4134024695633255,False
A,0.3,0.8666376275605151,True
A,0.3,0.654003784247838,True
A,0.3,0.7419630041839036,True
A,0.3,0.38524969675764564,False
A,0.3,0.3610393746109989,False
A,0.3,0.6391288828540721,True
A,0.3,0.8047338172281586,True
A,0.3,0.0,False
A,0.3,0.7067169409428031,True
A,0.3,0.0,False
A,0.3,0.8367795398632696,True
A,0.3,0.0,False
A,0.3,0.0,False
A,0.3,0.5571717048007943,False
A,0.3,0.0,False
A,0.3,0.011626909308868338,False
A,0.3,0.821693095101261,True
A,0.3,0.20621450317514867,False
A,0.3,0.0,False
A,0.3,0.0,False
A,0.3,0.0,False
A,0.3,0.9263560491343615,True
A,0.3,0.11454339810438141,False
A,0.3,0.5532529274805673,True
A,0.3,0.827062477485149,True
A,0.3,0.0,False
A,0.3,0.9014322463451474,True
A,0.3,0.6281572808226982,True
A,0.3,0.45583620114176193,False
A,0.3,0.0,False
A,0.3,0.48765882831003526,True
A,0.3,0.5613413822982981,True
A,0.3,0.0,False
A,0.3,0.16369551742151367,False
A,0.3,0.7055956484935998,True
A,0.3,0.6385262553984445,True
A,0.3,0.6121189530095303,False
A,0.3,0.9706337263987872,True
A,0.3,0.2945560967661568,False
A,0.3,0.45331378658106236,False
A,0.3,0.8717507459730808,True
A,0.3,0.4950476116228827,False
A,0.3,0.12140601422463282,False
A,0.3,0.21393269136309245,False
A,0.3,0.7869015768259463,True
A,0.3,0.20747633472349358,False
A,0.3,0.36332072699008944,False
A,0.3,0.9371922494274986,True
A,0.3,0.0,False
A,0.3,0.0,False
A,0.3,0.301538607536442,False
A,0.3,0.262969493359417,False
A,0.3,0.060289021790534414,False
A,0.3,0.0,False
A,0.3,0.4273702975330612,False
A,0.3,0.0,False
A,0.3,0.0,False
A,0.3,0.0,False
A,0.3,0.0,False
A,0.3,0.25806078495976825,False
A,0.3,0.7059523049144512,True
A,0.3,0.0,False
A,0.3,0.8653071693206045,True
A,0.3,0.0,False
A,0.3,0.05559083302205525,False
A,0.3,0.031060841442103415,False
A,0.3,0.0,False
A,0.3,0.7591254754629473,True
A,0.3,0.16402604773164964,False
A,0.3,0.0,False
A,0.3,0.305256658725538,False
A,0.3,0.7071449711968109,True
A,0.3,0.2278686509268869,False
A,0.3,0.0,False
A,0.3,0.1770504649382285,False
A,0.3,0.6961242903894133,True
A,0.3,0.12230515164338907,False
A,0.3,0.0,False
A,0.3,0.0,False
A,0.3,0.7649595910095911,True
A,0.3,0.0,False
A,0.3,0.40191384185293655,True
A,0.3,0.0,False
A,0.3,0.3572741749617897,False
A,0.3,0.3148480066496845,False
A,0.3,0.43770195378453725,True
A,0.3,0.310132259695017,False
A,0.3,0.7932661572554944,True
A,0.3,0.0,False
A,0.3,0.7499705754993833,True
A,0.3,0.0,False
A,0.3,0.006939206593125302,False
A,0.3,0.0,False
A,0.3,0.0,False
A,0.3,0.0,False
A,0.3,0.32145024008611256,False
A,0.3,0.3885903908525512,False
A,0.3,0.9517428957082145,True
A,0.3,0.4798945866683848,False
A,0.3,0.0,False
A,0.3,0.0,False
A,0.3,0.09896185273142777,False
A,0.3,0.1174243690789133,False
A,0.3,0.0,False
A,0.3,0.5855505840613886,True
A,0.3,0.21247452088144947,False
A,0.3,0.0,False
A,0.3,0.0,False
A,0.3,0.555603602632435,False
A,0.3,0.0,False
A,0.3,0.0,False
A,0.3,0.5134353498703974,True
A,0.3,0.138796980517213,False
A,0.3,0.2491142222085404,False
A,0.3,0.7248655915741157,True
A,0.3,0.20366718806446427,False
A,0.3,0.8012700105634867,True
A,0.3,0.6847358536231171,True
A,0.3,0.4561557722678421,False
A,0.3,0.19537850814708058,False
A,0.3,0.0,False
A,0.3,0.5507481694138245,True
A,0.3,0.7060834142147727,True
A,0.3,0.013000122784668333,False
A,0.3,0.41134585387331224,True
A,0.3,0.3122528020138451,False
A,0.3,0.5686504444676492,False
A,0.3,0.46737317056218175,True
A,0.3,0.06945956803249642,False
A,0.3,0.4499840538290535,False
A,0.3,0.676436938791707,True
A,0.3,0.0373243635208117,False
A,0.3,0.0,False
A,0.3,0.7881348725682298,True
A,0.3,0.31869670891880997,False
A,0.3,0.6275615711701487,True
A,0.3,0.24121482696494434,False
A,0.3,0.4484912268801774,False
A,0.3,0.0,False
A,0.3,0.37035620645121703,False
A,0.3,0.0,False
A,0.3,0.20376078054566715,False
A,0.3,0.44457899498821585,False
A,0.3,0.0,False
A,0.3,0.27425489210375253,False
A,0.3,0.6508430200243296,True
A,0.3,0.5461760858266266,True
A,0.3,0.4090296447207512,False
A,0.3,0.8428846157028771,True
A,0.3,0.04826101928902926,False
A,0.3,0.0,False
A,0.3,0.12325680219701995,False
A,0.3,0.7645421301613783,True
A,0.3,0.15467942171575078,False
A,0.3,0.3171064554699189,False
A,0.3,0.0,False
A,0.3,0.8861611807062398,True
A,0.3,0.0,False
A,0.3,0.7912440273012868,True
A,0.3,0.5052344297451095,True
A,0.3,0.0,False
A,0.3,0.7430590632619632,True
A,0.3,0.41415434219302316,False
A,0.3,0.0,False
A,0.3,0.0,False
A,0.3,0.0,False
A,0.3,0.6276042211752481,False
A,0.3,0.04957131679948845,False
A,0.3,0.5830662200711716,True
A,0.3,0.5828210594948634,True
A,0.3,0.0,False
A,0.3,0.02572022972396759,False
A,0.3,0.6850929315504127,True
A,0.3,0.603757209130699,True
A,0.3,0.0,False
A,0.3,0.0,False
A,0.3,0.804261239322842,True
A,0.3,0.9818030681890921,True
A,0.3,0.6762067496623225,True
A,0.3,0.0,False
A,0.3,0.0,False
A,0.3,0.7424563821730873,True
A,0.3,0.7155960656322685,True
A,0.3,0.8314443848051167,True
A,0.3,0.9000610192552091,True
A,0.3,0.0,False
A,0.3,0.25967013245301285,False
A,0.3,0.9812412656217819,True
A,0.3,0.0,False
A,0.3,0.07463593833135662,False
A,0.3,0.964089910960272,True
A,0.3,0.0,False
A,0.3,0.23474444350348322,False
A,0.3,0.0,False
A,0.3,0.0,False
A,0.3,0.0,False
A,0.3,0.0,False
A,0.3,0.0,False
A,0.3,0.8585334257266934,True
A,0.3,0.0,False
A,0.3,0.9799184720499009,True
A,0.3,0.7514345123328452,True
A,0.3,0.0,False
A,0.3,0.05586876146372466,False
A,0.3,0.7319451162872835,True
A,0.3,0.7152610942515091,True
A,0.3,0.897938292042778,True
A,0.3,0.3683528389879117,True
A,0.3,0.18758091649790132,False
A,0.3,0.0,False
A,0.3,0.32849827256765585,False
A,0.3,0.0818690302635997,False
A,0.3,0.20101703979935726,False
A,0.3,0.0,False
A,0.3,0.0,False
A,0.3,0.8320730517321041,True
A,0.3,0.24810181477682447,False
A,0.3,0.6728482019390162,True
A,0.3,0.0,False
A,0.3,0.10770501033902491,False
A,0.3,0.41213544792131807,False
A,0.3,0.07645189868442459,False
A,0.3,0.0,False
A,0.3,0.0,False
A,0.3,0.3480977684315322,False
A,0.3,0.7268660380658495,True
A,0.3,0.7789014524407255,True
A,0.3,0.07642532953755277,False
A,0.3,0.0,False
A,0.3,0.27598489934571435,False
A,0.3,0.0,False
A,0.3,0.8520441085076337,True
A,0.3,0.6102280063480299,True
A,0.3,0.0,False
A,0.3,0.0,False
A,0.3,0.7255179866803316,True
A,0.3,0.0,False
A,0.3,0.17822421372516783,False
A,0.3,0.24602785511296932,False
A,0.3,0.0,False
A,0.3,0.4274614135632385,True
A,0.3,0.5540391033356119,False
A,0.3,0.8681150173952162,True
A,0.3,0.2642830849539256,False
A,0.3,0.0,False
A,0.3,0.7225197215462225,True
A,0.3,0.0,False
A,0.3,0.38015693298464326,False
A,0.3,0.8040795242081408,True
A,0.3,0.9957484229468784,True
A,0.3,0.11139708990832742,False
A,0.3,0.16278219852261067,False
A,0.3,0.7771644182518039,True
A,0.3,0.7609987798046017,True
A,0.3,0.15536462493007086,False
A,0.3,0.0,False
A,0.3,0.9973435859153419,True
A,0.3,0.25443731786826995,False
A,0.3,0.9688526509193268,True
A,0.3,0.8392313973930118,True
A,0.3,0.2219086676460451,False
A,0.3,0.9964301563223453,True
A,0.3,0.45250475198173,False
A,0.3,0.0,False
A,0.3,0.0,False
A,0.3,0.3471492099158192,False
A,0.3,0.0,False
A,0.3,0.8582316316966014,True
A,0.3,0.0,False
A,0.3,0.0,False
A,0.3,0.0,False
A,0.3,0.0,False
A,0.3,0.5139220127668317,False
A,0.3,0.28549048010380185,False
A,0.3,0.7073159185610157,True
A,0.3,0.5005410975663954,False
A,0.3,0.0,False
A,0.3,0.8008502188190147,True
A,0.3,0.2226044093023486,False
A,0.3,0.90088609529608,True
A,0.3,0.0,False
A,0.3,0.5948162142731946,True
A,0.3,0.6063163987947313,True
A,0.3,0.0,False
A,0.3,0.0,False
A,0.3,0.0,False
A,0.3,0.0,False
A,0.3,0.44865523047163614,False
A,0.3,0.5023066231150812,True
A,0.3,0.0,False
A,0.3,0.6362177327123305,True
A,0.3,0.08609922454747554,False
A,0.3,0.08736768840047271,False
A,0.3,0.2500692595035412,False
A,0.3,0.4409251901439877,False
A,0.3,0.3629567289800907,False
A,0.3,0.0,False
A,0.3,0.0,False
A,0.3,0.0,False
A,0.3,0.20167752088252988,False
A,0.3,0.0,False
A,0.3,0.9665300929898768,True
A,0.3,0.0,False
A,0.3,0.05935155272507986,False
A,0.3,0.7835529348210509,True
A,0.3,0.19681985638608956,False
A,0.3,0.1880640676790929,False
A,0.3,0.5531539381198372,True
A,0.3,0.3624230180891507,False
A,0.3,0.00762300444174846,False
A,0.3,0.9841409019213685,True
A,0.3,0.5242909704446421,False
A,0.3,0.2686625628728133,False
A,0.3,0.0,False
A,0.3,0.36973249744543335,False
A,0.3,0.43843804720570834,False
A,0.3,0.3342827493937933,False
A,0.3,0.8619085840877602,True
A,0.3,0.9887035743298374,True
A,0.3,0.0,False
A,0.3,0.011810937538545896,False
A,0.3,0.4325187642145506,False
A,0.3,0.5501858701255441,False
A,0.3,0.7488853480738747,True
A,0.3,0.28565409337011716,False
A,0.3,0.0,False
A,0.3,0.26977680683359573,False
A,0.3,0.06937920267494058,False
A,0.3,0.20748779196456169,False
A,0.3,0.4447232320171678,False
A,0.3,0.0,False
A,0.3,0.38280078674450546,False
A,0.3,0.5634449749637429,True
A,0.3,0.9524103779099066,True
A,0.3,0.0,False
A,0.3,0.9372693393323087,True
A,0.3,0.1567378232925517,False
A,0.3,0.12700689355674488,False
A,0.3,0.0,False
A,0.3,0.0,False
A,0.3,0.2946499500583496,False
A,0.3,0.011510361548129788,False
A,0.3,0.8525877323172997,True
A,0.3,0.5579306041650449,True
A,0.3,0.36292116045664724,False
A,0.3,0.0,False
A,0.3,0.0,False
A,0.3,0.38241560896214677,True
A,0.3,0.2764182997774717,False
A,0.3,0.0,False
A,0.3,0.0,False
A,0.3,0.7147597492624527,True
A,0.3,0.6969688007779362,True
A,0.3,0.8211909894666052,True
A,0.3,0.06431562798167823,False
A,0.3,0.21028480966787966,False
A,0.3,0.5837702209487226,False
A,0.3,0.3763107823287062,True
A,0.3,0.12326106918282098,False
A,0.3,0.09911284275976184,False
A,0.3,0.7956958237142544,True
A,0.3,0.581449730728946,False
A,0.3,0.1373271906137924,False
A,0.3,0.8217722761324998,True
A,0.3,0.0,False
A,0.3,0.6756278934559066,True
A,0.3,0.959432102880103,True
A,0.3,0.8425475994322855,False
A,0.3,0.6582900161938725,False
A,0.3,0.1942705625208001,False
A,0.3,0.6343919363132164,False
A,0.3,0.7332401027086369,True
A,0.3,0.4215181241335967,False
A,0.3,0.0,False
A,0.3,0.46689696574250716,True
A,0.3,0.27256347817303217,False
A,0.3,0.19609754614536568,False
A,0.3,0.15002282308367743,False
A,0.3,0.0,False
A,0.3,0.0,False
A,0.3,0.11792826689374847,False
A,0.3,0.791099573491864,True
A,0.3,0.5246753860162612,False
A,0.3,0.9345028609605294,True
A,0.3,0.280048935480547,False
A,0.3,0.810122159147387,True
A,0.3,0.9365754092511127,True
A,0.3,0.0,False
A,0.3,0.0,False
A,0.3,0.2333737709888214,False
A,0.3,0.0,False
A,0.3,0.4278291202571046,False
A,0.3,0.4883262553657456,False
A,0.3,0.0359941205941412,False
A,0.3,0.0,False
A,0.3,0.8120646617106271,True
A,0.3,0.0,False
A,0.3,0.20625547739339645,False
A,0.3,0.0,False
A,0.3,0.4338197407084232,False
A,0.3,0.0,False
A,0.3,0.4487467002184172,False
A,0.3,0.7675177742561428,True
A,0.3,0.03770487978461934,False
A,0.3,0.2191597957139032,False
A,0.3,0.8414883938551014,True
A,0.3,0.4552763807448099,True
A,0.3,0.00838414874690907,False
A,0.3,0.0,False
A,0.3,0.6339653575290123,True
A,0.3,0.6509636725631379,True
A,0.3,0.0,False
A,0.3,0.31801246694446794,False
A,0.3,0.7707334772170538,True
A,0.3,0.4787171565931435,False
A,0.3,0.6944238249088176,True
A,0.3,0.8792236122866935,True
A,0.3,0.24598371611800163,True
A,0.3,0.7447132790570105,True
A,0.3,0.9049652243307177,True
A,0.3,0.7285975545099468,True
A,0.3,0.31446101457122533,False
A,0.3,0.6848598265123508,True
A,0.3,0.20294283177870287,False
A,0.3,0.0,False
A,0.3,0.0,False
A,0.3,0.8395318357386765,True
A,0.3,0.40078391888267817,False
A,0.3,0.11355520694615451,False
A,0.3,0.1432874701547393,False
A,0.3,0.2311728212219174,False
A,0.3,0.6907577419352176,True
A,0.3,0.5853346044929589,True
A,0.3,0.0,False
A,0.3,0.0,False
A,0.3,0.5457651677641477,True
A,0.3,0.0,False
A,0.3,0.3224154168021752,False
A,0.3,0.7997099607268672,True
A,0.3,0.0,False
A,0.3,0.35711876669564024,True
A,0.3,0.3776573128504511,False
A,0.3,0.0,False
A,0.3,0.3138547470094488,False
A,0.3,0.0,False
A,0.3,0.0,False
A,0.3,0.0,False
A,0.3,0.3136090729803551,False
A,0.3,0.12539126673266188,False
A,0.3,0.0,False
A,0.3,0.3097908910768076,False
A,0.3,0.8112863527597015,True
A,0.3,0.0,False
A,0.3,0.24528080768868443,False
A,0.3,0.5119491039291807,False
A,0.3,0.0,False
A,0.3,0.0,False
A,0.3,0.9744502871734098,True
A,0.3,0.2680217294789181,False
A,0.3,0.955973501364569,True
A,0.3,0.0,False
A,0.3,0.2576159987610236,True
A,0.3,0.3901547277900209,False
A,0.3,0.0,False
A,0.3,0.0,False
A,0.3,0.5157929578357239,True
A,0.3,0.9668764610283634,True
A,0.3,0.35410926278149113,False
A,0.3,0.0,False
A,0.3,0.0,False
A,0.3,0.7360794112476038,True
A,0.3,0.9933142649431626,True
A,0.3,0.07268386970473728,False
A,0.3,0.0,False
A,0.3,0.14067513221845407,False
A,0.3,0.7168081336537521,True
A,0.3,0.48902300336266,True
A,0.3,0.0,False
A,0.3,0.38701270083008066,False
A,0.3,0.4056455459762648,False
A,0.3,0.4617961446427904,True
A,0.3,0.0,False
A,0.3,0.6364332257944036,True
A,0.3,0.865918622941685,True
A,0.3,0.1998075105131938,False
A,0.3,0.0,False
A,0.3,0.9408518944129698,True
A,0.3,0.6814861930475965,False
A,0.3,0.3704878667689495,False
A,0.3,0.5446525595638183,True
A,0.3,0.06894996636177675,False
A,0.3,0.09345092131137045,False
A,0.3,0.0,False
A,0.3,0.6286795807211564,True
A,0.3,0.45723723937484584,True
A,0.3,0.0,False
A,0.3,0.9461618183128627,True
A,0.3,0.6313356419487004,True
A,0.3,0.8520383764864795,True
A,0.3,0.9965257633616902,True
A,0.3,0.0,False
A,0.3,0.3335879684985058,False
A,0.3,0.0,False
A,0.3,0.37517906668890655,False
A,0.3,0.9633012382709367,True
A,0.3,0.0,False
A,0.3,0.003413277211780974,False
A,0.3,0.0,False
A,0.3,0.0,False
A,0.3,0.1295607217450102,False
A,0.3,0.9927239223199704,True
A,0.3,0.5910541169187958,False
A,0.3,0.7572236667866272,True
A,0.3,0.054774193055771137,False
A,0.3,0.2302251577776222,False
A,0.3,0.0,False
A,0.3,0.25459329471302583,False
A,0.3,0.8869524896880873,True
A,0.3,0.0,False
A,0.3,0.28844485031395717,False
A,0.3,0.08155894995746316,False
A,0.3,0.11220622967062355,False
A,0.3,0.0,False
A,0.3,0.8203753729874997,True
A,0.3,0.06695028496250521,False
A,0.3,0.46145543323538585,False
A,0.3,0.05917943010821869,False
A,0.3,0.8964825041349594,True
A,0.3,0.0,False
A,0.3,0.8098831199691437,True
A,0.3,0.2210184171634555,False
A,0.3,0.516695908804166,True
A,0.3,0.0,False
A,0.3,0.05043785179384097,False
A,0.3,0.0,False
A,0.3,0.0,False
A,0.3,0.13364893037706338,False
A,0.3,0.7406438414542799,True
A,0.3,0.0,False
A,0.3,0.4358166382816212,False
A,0.3,0.7899075033081957,True
A,0.3,0.3186431057576129,False
A,0.3,0.4555670500870306,True
A,0.3,0.0,False
A,0.3,0.26696262001164217,False
A,0.3,0.5163645586258937,False
A,0.3,0.0,False
A,0.3,0.0,False
A,0.3,0.5441229503075308,True
A,0.3,0.5469392808833565,True
A,0.3,0.0,False
A,0.3,0.861582054219355,True
A,0.3,0.3079369233360789,False
A,0.3,0.12544851417586234,False
A,0.3,0.2861244870068016,False
A,0.3,0.9616679831434697,True
A,0.3,0.5469496254511826,True
A,0.3,0.0,False
A,0.3,0.0,False
A,0.3,0.7749599339230755,True
A,0.3,0.0,False
A,0.3,0.8721287725969142,True
A,0.3,0.0,False
A,0.3,0.08257226613414625,False
A,0.3,0.25952626736318873,False
A,0.3,0.02949195032841856,False
A,0.3,0.36033878281742937,False
A,0.3,0.7922971749495932,True
A,0.3,0.9699363672820864,True
A,0.3,0.9449085067210424,True
A,0.3,0.0,False
A,0.3,0.0,False
A,0.3,0.0,False
A,0.3,0.0,False
A,0.3,0.27737080396013913,False
A,0.3,0.5545661847951572,True
A,0.3,0.21479910644763067,False
A,0.3,0.12181705848383872,False
A,0.3,0.02340178889835598,False
A,0.3,0.8347316890297023,True
A,0.3,0.09503021594176442,False
A,0.3,0.0,False
A,0.3,0.0,False
A,0.3,0.1813346342763399,False
A,0.3,0.6422262872419019,False
A,0.3,0.0,False
A,0.3,0.5828085397326772,False
A,0.3,0.3777641312353238,False
A,0.3,0.9129166163657457,True
A,0.3,0.0,False
A,0.3,0.0,False
A,0.3,0.4229790084574664,False
A,0.3,0.6761681979748487,True
A,0.3,0.0,False
A,0.3,0.26587800282022656,False
A,0.3,0.7643019542084325,True
A,0.3,0.35963058972603423,True
A,0.3,0.6657878086909376,False
A,0.3,0.9926265102485067,True
A,0.3,0.4134024695633255,False
A,0.3,0.8666376275605151,True
A,0.3,0.654003784247838,True
A,0.3,0.7419630041839036,True
A,0.3,0.38524969675764564,False
A,0.3,0.3610393746109989,False
A,0.3,0.6391288828540721,True
A,0.3,0.8047338172281586,True
A,0.3,0.0,False
A,0.3,0.7067169409428031,True
A,0.3,0.0,False
A,0.3,0.8367795398632696,True
A,0.3,0.0,False
A,0.3,0.0,False
A,0.3,0.5571717048007943,False
A,0.3,0.0,False
A,0.3,0.011626909308868338,False
A,0.3,0.821693095101261,True
A,0.3,0.20621450317514867,False
A,0.5,0.0,False
A,0.5,0.0,False
A,0.5,0.0,False
A,0.5,0.9263560491343615,True
A,0.5,0.11454339810438141,False
A,0.5,0.5532529274805673,False
A,0.5,0.827062477485149,True
A,0.5,0.0,False
A,0.5,0.9014322463451474,False
A,0.5,0.6281572808226982,True
A,0.5,0.45583620114176193,False
A,0.5,0.0,False
A,0.5,0.48765882831003526,False
A,0.5,0.5613413822982981,False
A,0.5,0.0,False
A,0.5,0.16369551742151367,False
A,0.5,0.7055956484935998,True
A,0.5,0.6385262553984445,False
A,0.5,0.6121189530095303,False
A,0.5,0.9706337263987872,True
A,0.5,0.2945560967661568,False
A,0.5,0.45331378658106236,False
A,0.5,0.8717507459730808,True
A,0.5,0.4950476116228827,False
A,0.5,0.12140601422463282,False
A,0.5,0.21393269136309245,False
A,0.5,0.7869015768259463,True
A,0.5,0.20747633472349358,False
A,0.5,0.36332072699008944,False
A,0.5,0.9371922494274986,True
A,0.5,0.0,False
A,0.5,0.0,False
A,0.5,0.301538607536442,False
A,0.5,0.262969493359417,False
A,0.5,0.060289021790534414,False
A,0.5,0.0,False
A,0.5,0.4273702975330612,False
A,0.5,0.0,False
A,0.5,0.0,False
A,0.5,0.0,False
A,0.5,0.0,False
A,0.5,0.25806078495976825,False
A,0.5,0.7059523049144512,True
A,0.5,0.0,False
A,0.5,0.8653071693206045,True
A,0.5,0.0,False
A,0.5,0.05559083302205525,False
A,0.5,0.031060841442103415,False
A,0.5,0.0,False
A,0.5,0.7591254754629473,True
A,0.5,0.16402604773164964,False
A,0.5,0.0,False
A,0.5,0.305256658725538,False
A,0.5,0.7071449711968109,False
A,0.5,0.2278686509268869,False
A,0.5,0.0,False
A,0.5,0.1770504649382285,False
A,0.5,0.6961242903894133,False
A,0.5,0.12230515164338907,False
A,0.5,0.0,False
A,0.5,0.0,False
A,0.5,0.7649595910095911,False
A,0.5,0.0,False
A,0.5,0.40191384185293655,False
A,0.5,0.0,False
A,0.5,0.3572741749617897,False
A,0.5,0.3148480066496845,False
A,0.5,0.43770195378453725,False
A,0.5,0.310132259695017,False
A,0.5,0.7932661572554944,True
A,0.5,0.0,False
A,0.5,0.7499705754993833,False
A,0.5,0.0,False
A,0.5,0.006939206593125302,False
A,0.5,0.0,False
A,0.5,0.0,False
A,0.5,0.0,False
A,0.5,0.32145024008611256,False
A,0.5,0.3885903908525512,False
A,0.5,0.9517428957082145,True
A,0.5,0.4798945866683848,False
A,0.5,0.0,False
A,0.5,0.0,False
A,0.5,0.09896185273142777,False
A,0.5,0.1174243690789133,False
A,0.5,0.0,False
A,0.5,0.5855505840613886,False
A,0.5,0.21247452088144947,False
A,0.5,0.0,False
A,0.5,0.0,False
A,0.5,0.555603602632435,False
A,0.5,0.0,False
A,0.5,0.0,False
A,0.5,0.5134353498703974,False
A,0.5,0.138796980517213,False
A,0.5,0.2491142222085404,False
A,0.5,0.7248655915741157,True
A,0.5,0.20366718806446427,False
A,0.5,0.8012700105634867,True
A,0.5,0.6847358536231171,False
A,0.5,0.4561557722678421,False
A,0.5,0.19537850814708058,False
A,0.5,0.0,False
A,0.5,0.5507481694138245,False
A,0.5,0.7060834142147727,False
A,0.5,0.013000122784668333,False
A,0.5,0.41134585387331224,False
A,0.5,0.3122528020138451,False
A,0.5,0.5686504444676492,False
A,0.5,0.46737317056218175,True
A,0.5,0.06945956803249642,False
A,0.5,0.4499840538290535,False
A,0.5,0.676436938791707,False
A,0.5,0.0373243635208117,False
A,0.5,0.0,False
A,0.5,0.7881348725682298,True
A,0.5,0.31869670891880997,False
A,0.5,0.6275615711701487,False
A,0.5,0.24121482696494434,False
A,0.5,0.4484912268801774,False
A,0.5,0.0,False
A,0.5,0.37035620645121703,False
A,0.5,0.0,False
A,0.5,0.20376078054566715,False
A,0.5,0.44457899498821585,False
A,0.5,0.0,False
A,0.5,0.27425489210375253,False
A,0.5,0.6508430200243296,False
A,0.5,0.5461760858266266,False
A,0.5,0.4090296447207512,False
A,0.5,0.8428846157028771,True
A,0.5,0.04826101928902926,False
A,0.5,0.0,False
A,0.5,0.12325680219701995,False
A,0.5,0.7645421301613783,True
A,0.5,0.15467942171575078,False
A,0.5,0.3171064554699189,False
A,0.5,0.0,False
A,0.5,0.8861611807062398,True
A,0.5,0.0,False
A,0.5,0.7912440273012868,False
A,0.5,0.5052344297451095,False
A,0.5,0.0,False
A,0.5,0.7430590632619632,False
A,0.5,0.41415434219302316,False
A,0.5,0.0,False
A,0.5,0.0,False
A,0.5,0.0,False
A,0.5,0.6276042211752481,False
A,0.5,0.04957131679948845,False
A,0.5,0.5830662200711716,True
A,0.5,0.5828210594948634,False
A,0.5,0.0,False
A,0.5,0.02572022972396759,False
A,0.5,0.6850929315504127,True
A,0.5,0.603757209130699,False
A,0.5,0.0,False
A,0.5,0.0,False
A,0.5,0.804261239322842,True
A,0.5,0.9818030681890921,True
A,0.5,0.6762067496623225,False
A,0.5,0.0,False
A,0.5,0.0,False
A,0.5,0.7424563821730873,True
A,0.5,0.7155960656322685,False
A,0.5,0.8314443848051167,True
A,0.5,0.9000610192552091,True
A,0.5,0.0,False
A,0.5,0.25967013245301285,False
A,0.5,0.9812412656217819,True
A,0.5,0.0,False
A,0.5,0.07463593833135662,False
A,0.5,0.964089910960272,True
A,0.5,0.0,False
A,0.5,0.23474444350348322,False
A,0.5,0.0,False
A,0.5,0.0,False
A,0.5,0.0,False
A,0.5,0.0,False
A,0.5,0.0,False
A,0.5,0.8585334257266934,True
A,0.5,0.0,False
A,0.5,0.9799184720499009,True
A,0.5,0.7514345123328452,False
A,0.5,0.0,False
A,0.5,0.05586876146372466,False
A,0.5,0.7319451162872835,True
A,0.5,0.7152610942515091,True
A,0.5,0.897938292042778,True
A,0.5,0.3683528389879117,False
A,0.5,0.18758091649790132,False
A,0.5,0.0,False
A,0.5,0.32849827256765585,False
A,0.5,0.0818690302635997,False
A,0.5,0.20101703979935726,False
A,0.5,0.0,False
A,0.5,0.0,False
A,0.5,0.8320730517321041,True
A,0.5,0.24810181477682447,False
A,0.5,0.6728482019390162,True
A,0.5,0.0,False
A,0.5,0.10770501033902491,False
A,0.5,0.41213544792131807,False
A,0.5,0.07645189868442459,False
A,0.5,0.0,False
A,0.5,0.0,False
A,0.5,0.3480977684315322,False
A,0.5,0.7268660380658495,True
A,0.5,0.7789014524407255,False
A,0.5,0.07642532953755277,False
A,0.5,0.0,False
A,0.5,0.27598489934571435,False
A,0.5,0.0,False
A,0.5,0.8520441085076337,True
A,0.5,0.6102280063480299,False
A,0.5,0.0,False
A,0.5,0.0,False
A,0.5,0.7255179866803316,False
A,0.5,0.0,False
A,0.5,0.17822421372516783,False
A,0.5,0.24602785511296932,False
A,0.5,0.0,False
A,0.5,0.4274614135632385,False
A,0.5,0.5540391033356119,False
A,0.5,0.8681150173952162,True
A,0.5,0.2642830849539256,False
A,0.5,0.0,False
A,0.5,0.7225197215462225,True
A,0.5,0.0,False
A,0.5,0.38015693298464326,False
A,0.5,0.8040795242081408,True
A,0.5,0.9957484229468784,True
A,0.5,0.11139708990832742,False
A,0.5,0.16278219852261067,False
A,0.5,0.7771644182518039,True
A,0.5,0.7609987798046017,True
A,0.5,0.15536462493007086,False
A,0.5,0.0,False
A,0.5,0.9973435859153419,True
A,0.5,0.25443731786826995,False
A,0.5,0.9688526509193268,True
A,0.5,0.8392313973930118,True
A,0.5,0.2219086676460451,False
A,0.5,0.9964301563223453,True
A,0.5,0.45250475198173,False
A,0.5,0.0,False
A,0.5,0.0,False
A,0.5,0.3471492099158192,False
A,0.5,0.0,False
A,0.5,0.8582316316966014,True
A,0.5,0.0,False
A,0.5,0.0,False
A,0.5,0.0,False
A,0.5,0.0,False
A,0.5,0.5139220127668317,False
A,0.5,0.28549048010380185,False
A,0.5,0.7073159185610157,True
A,0.5,0.5005410975663954,False
A,0.5,0.0,False
A,0.5,0.8008502188190147,True
A,0.5,0.2226044093023486,False
A,0.5,0.90088609529608,True
A,0.5,0.0,False
A,0.5,0.5948162142731946,True
A,0.5,0.6063163987947313,False
A,0.5,0.0,False
A,0.5,0.0,False
A,0.5,0.0,False
A,0.5,0.0,False
A,0.5,0.44865523047163614,False
A,0.5,0.5023066231150812,True
A,0.5,0.0,False
A,0.5,0.6362177327123305,False
A,0.5,0.08609922454747554,False
A,0.5,0.08736768840047271,False
A,0.5,0.2500692595035412,False
A,0.5,0.4409251901439877,False
A,0.5,0.3629567289800907,False
A,0.5,0.0,False
A,0.5,0.0,False
A,0.5,0.0,False
A,0.5,0.20167752088252988,False
A,0.5,0.0,False
A,0.5,0.9665300929898768,True
A,0.5,0.0,False
A,0.5,0.05935155272507986,False
A,0.5,0.7835529348210509,False
A,0.5,0.19681985638608956,False
A,0.5,0.1880640676790929,False
A,0.5,0.5531539381198372,False
A,0.5,0.3624230180891507,False
A,0.5,0.00762300444174846,False
A,0.5,0.9841409019213685,True
A,0.5,0.5242909704446421,False
A,0.5,0.2686625628728133,False
A,0.5,0.0,False
A,0.5,0.36973249744543335,False
A,0.5,0.43843804720570834,False
A,0.5,0.3342827493937933,False
A,0.5,0.8619085840877602,True
A,0.5,0.9887035743298374,True
A,0.5,0.0,False
A,0.5,0.011810937538545896,False
A,0.5,0.4325187642145506,False
A,0.5,0.5501858701255441,False
A,0.5,0.7488853480738747,True
A,0.5,0.28565409337011716,False
A,0.5,0.0,False
A,0.5,0.26977680683359573,False
A,0.5,0.06937920267494058,False
A,0.5,0.20748779196456169,False
A,0.5,0.4447232320171678,False
A,0.5,0.0,False
A,0.5,0.38280078674450546,False
A,0.5,0.5634449749637429,False
A,0.5,0.9524103779099066,True
A,0.5,0.0,False
A,0.5,0.9372693393323087,True
A,0.5,0.1567378232925517,False
A,0.5,0.12700689355674488,False
A,0.5,0.0,False
A,0.5,0.0,False
A,0.5,0.2946499500583496,False
A,0.5,0.011510361548129788,False
A,0.5,0.8525877323172997,False
A,0.5,0.5579306041650449,True
A,0.5,0.36292116045664724,False
A,0.5,0.0,False
A,0.5,0.0,False
A,0.5,0.38241560896214677,False
A,0.5,0.2764182997774717,False
A,0.5,0.0,False
A,0.5,0.0,False
A,0.5,0.7147597492624527,False
A,0.5,0.6969688007779362,True
A,0.5,0.8211909894666052,True
A,0.5,0.06431562798167823,False
A,0.5,0.21028480966787966,False
A,0.5,0.5837702209487226,False
A,0.5,0.3763107823287062,False
A,0.5,0.12326106918282098,False
A,0.5,0.09911284275976184,False
A,0.5,0.7956958237142544,False
A,0.5,0.581449730728946,False
A,0.5,0.1373271906137924,False
A,0.5,0.8217722761324998,False
A,0.5,0.0,False
A,0.5,0.6756278934559066,False
A,0.5,0.959432102880103,True
A,0.5,0.8425475994322855,False
A,0.5,0.6582900161938725,False
A,0.5,0.1942705625208001,False
A,0.5,0.6343919363132164,False
A,0.5,0.7332401027086369,True
A,0.5,0.4215181241335967,False
A,0.5,0.0,False
A,0.5,0.46689696574250716,False
A,0.5,0.27256347817303217,False
A,0.5,0.19609754614536568,False
A,0.5,0.15002282308367743,False
A,0.5,0.0,False
A,0.5,0.0,False
A,0.5,0.11792826689374847,False
A,0.5,0.791099573491864,True
A,0.5,0.5246753860162612,False
A,0.5,0.9345028609605294,True
A,0.5,0.280048935480547,False
A,0.5,0.810122159147387,True
A,0.5,0.9365754092511127,True
A,0.5,0.0,False
A,0.5,0.0,False
A,0.5,0.2333737709888214,False
A,0.5,0.0,False
A,0.5,0.4278291202571046,False
A,0.5,0.4883262553657456,False
A,0.5,0.0359941205941412,False
A,0.5,0.0,False
A,0.5,0.8120646617106271,False
A,0.5,0.0,False
A,0.5,0.20625547739339645,False
A,0.5,0.0,False
A,0.5,0.4338197407084232,False
A,0.5,0.0,False
A,0.5,0.4487467002184172,False
A,0.5,0.7675177742561428,True
A,0.5,0.03770487978461934,False
A,0.5,0.2191597957139032,False
A,0.5,0.8414883938551014,True
A,0.5,0.4552763807448099,False
A,0.5,0.00838414874690907,False
A,0.5,0.0,False
A,0.5,0.6339653575290123,False
A,0.5,0.6509636725631379,False
A,0.5,0.0,False
A,0.5,0.31801246694446794,False
A,0.5,0.7707334772170538,True
A,0.5,0.4787171565931435,False
A,0.5,0.6944238249088176,False
A,0.5,0.8792236122866935,True
A,0.5,0.24598371611800163,False
A,0.5,0.7447132790570105,True
A,0.5,0.9049652243307177,True
A,0.5,0.7285975545099468,True
A,0.5,0.31446101457122533,False
A,0.5,0.6848598265123508,False
A,0.5,0.20294283177870287,False
A,0.5,0.0,False
A,0.5,0.0,False
A,0.5,0.8395318357386765,True
A,0.5,0.40078391888267817,False
A,0.5,0.11355520694615451,False
A,0.5,0.1432874701547393,False
A,0.5,0.2311728212219174,False
A,0.5,0.6907577419352176,True
A,0.5,0.5853346044929589,True
A,0.5,0.0,False
A,0.5,0.0,False
A,0.5,0.5457651677641477,False
A,0.5,0.0,False
A,0.5,0.3224154168021752,False
A,0.5,0.7997099607268672,True
A,0.5,0.0,False
A,0.5,0.35711876669564024,True
A,0.5,0.3776573128504511,False
A,0.5,0.0,False
A,0.5,0.3138547470094488,False
A,0.5,0.0,False
A,0.5,0.0,False
A,0.5,0.0,False
A,0.5,0.3136090729803551,False
A,0.5,0.12539126673266188,False
A,0.5,0.0,False
A,0.5,0.3097908910768076,False
A,0.5,0.8112863527597015,False
A,0.5,0.0,False
A,0.5,0.24528080768868443,False
A,0.5,0.5119491039291807,False
A,0.5,0.0,False
A,0.5,0.0,False
A,0.5,0.9744502871734098,True
A,0.5,0.2680217294789181,False
A,0.5,0.955973501364569,True
A,0.5,0.0,False
A,0.5,0.2576159987610236,False
A,0.5,0.3901547277900209,False
A,0.5,0.0,False
A,0.5,0.0,False
A,0.5,0.5157929578357239,False
A,0.5,0.9668764610283634,True
A,0.5,0.35410926278149113,False
A,0.5,0.0,False
A,0.5,0.0,False
A,0.5,0.7360794112476038,True
A,0.5,0.9933142649431626,True
A,0.5,0.07268386970473728,False
A,0.5,0.0,False
A,0.5,0.14067513221845407,False
A,0.5,0.7168081336537521,False
A,0.5,0.48902300336266,False
A,0.5,0.0,False
A,0.5,0.38701270083008066,False
A,0.5,0.4056455459762648,False
A,0.5,0.4617961446427904,False
A,0.5,0.0,False
A,0.5,0.6364332257944036,True
A,0.5,0.865918622941685,True
A,0.5,0.1998075105131938,False
A,0.5,0.0,False
A,0.5,0.9408518944129698,True
A,0.5,0.6814861930475965,False
A,0.5,0.3704878667689495,False
A,0.5,0.5446525595638183,False
A,0.5,0.06894996636177675,False
A,0.5,0.09345092131137045,False
A,0.5,0.0,False
A,0.5,0.6286795807211564,False
A,0.5,0.45723723937484584,True
A,0.5,0.0,False
A,0.5,0.9461618183128627,True
A,0.5,0.6313356419487004,False
A,0.5,0.8520383764864795,False
A,0.5,0.9965257633616902,True
A,0.5,0.0,False
A,0.5,0.3335879684985058,False
A,0.5,0.0,False
A,0.5,0.37517906668890655,False
A,0.5,0.9633012382709367,True
A,0.5,0.0,False
A,0.5,0.003413277211780974,False
A,0.5,0.0,False
A,0.5,0.0,False
A,0.5,0.1295607217450102,False
A,0.5,0.9927239223199704,True
A,0.5,0.5910541169187958,False
A,0.5,0.7572236667866272,True
A,0.5,0.054774193055771137,False
A,0.5,0.2302251577776222,False
A,0.5,0.0,False
A,0.5,0.25459329471302583,False
A,0.5,0.8869524896880873,True
A,0.5,0.0,False
A,0.5,0.28844485031395717,False
A,0.5,0.08155894995746316,False
A,0.5,0.11220622967062355,False
A,0.5,0.0,False
A,0.5,0.8203753729874997,False
A,0.5,0.06695028496250521,False
A,0.5,0.46145543323538585,False
A,0.5,0.05917943010821869,False
A,0.5,0.8964825041349594,True
A,0.5,0.0,False
A,0.5,0.8098831199691437,True
A,0.5,0.2210184171634555,False
A,0.5,0.516695908804166,False
A,0.5,0.0,False
A,0.5,0.05043785179384097,False
A,0.5,0.0,False
A,0.5,0.0,False
A,0.5,0.13364893037706338,False
A,0.5,0.7406438414542799,True
A,0.5,0.0,False
A,0.5,0.4358166382816212,False
A,0.5,0.7899075033081957,True
A,0.5,0.3186431057576129,False
A,0.5,0.4555670500870306,False
A,0.5,0.0,False
A,0.5,0.26696262001164217,False
A,0.5,0.5163645586258937,False
A,0.5,0.0,False
A,0.5,0.0,False
A,0.5,0.5441229503075308,False
A,0.5,0.5469392808833565,True
A,0.5,0.0,False
A,0.5,0.861582054219355,True
A,0.5,0.3079369233360789,False
A,0.5,0.12544851417586234,False
A,0.5,0.2861244870068016,False
A,0.5,0.9616679831434697,True
A,0.5,0.5469496254511826,False
A,0.5,0.0,False
A,0.5,0.0,False
A,0.5,0.7749599339230755,True
A,0.5,0.0,False
A,0.5,0.8721287725969142,False
A,0.5,0.0,False
A,0.5,0.08257226613414625,False
A,0.5,0.25952626736318873,False
A,0.5,0.02949195032841856,False
A,0.5,0.36033878281742937,False
A,0.5,0.7922971749495932,True
A,0.5,0.9699363672820864,True
A,0.5,0.9449085067210424,True
A,0.5,0.0,False
A,0.5,0.0,False
A,0.5,0.0,False
A,0.5,0.0,False
A,0.5,0.27737080396013913,False
A,0.5,0.5545661847951572,False
A,0.5,0.21479910644763067,False
A,0.5,0.12181705848383872,False
A,0.5,0.02340178889835598,False
A,0.5,0.8347316890297023,True
A,0.5,0.09503021594176442,False
A,0.5,0.0,False
A,0.5,0.0,False
A,0.5,0.1813346342763399,False
A,0.5,0.6422262872419019,False
A,0.5,0.0,False
A,0.5,0.5828085397326772,False
A,0.5,0.3777641312353238,False
A,0.5,0.9129166163657457,True
A,0.5,0.0,False
A,0.5,0.0,False
A,0.5,0.4229790084574664,False
A,0.5,0.6761681979748487,False
A,0.5,0.0,False
A,0.5,0.26587800282022656,False
A,0.5,0.7643019542084325,True
A,0.5,0.35963058972603423,False
A,0.5,0.6657878086909376,False
A,0.5,0.9926265102485067,True
A,0.5,0.4134024695633255,False
A,0.5,0.8666376275605151,True
A,0.5,0.654003784247838,False
A,0.5,0.7419630041839036,True
A,0.5,0.38524969675764564,False
A,0.5,0.3610393746109989,False
A,0.5,0.6391288828540721,True
A,0.5,0.8047338172281586,True
A,0.5,0.0,False
A,0.5,0.7067169409428031,True
A,0.5,0.0,False
A,0.5,0.8367795398632696,False
A,0.5,0.0,False
A,0.5,0.0,False
A,0.5,0.5571717048007943,False
A,0.5,0.0,False
A,0.5,0.011626909308868338,False
A,0.5,0.821693095101261,True
A,0.5,0.20621450317514867,False
A,0.5,0.0,False
A,0.5,0.0,False
A,0.5,0.0,False
A,0.5,0.9263560491343615,True
A,0.5,0.11454339810438141,False
A,0.5,0.5532529274805673,False
A,0.5,0.827062477485149,True
A,0.5,0.0,False
A,0.5,0.9014322463451474,True
A,0.5,0.6281572808226982,True
A,0.5,0.45583620114176193,False
A,0.5,0.0,False
A,0.5,0.48765882831003526,False
A,0.5,0.5613413822982981,True
A,0.5,0.0,False
A,0.5,0.16369551742151367,False
A,0.5,0.7055956484935998,True
A,0.5,0.6385262553984445,False
A,0.5,0.6121189530095303,False
A,0.5,0.9706337263987872,True
A,0.5,0.2945560967661568,False
A,0.5,0.45331378658106236,False
A,0.5,0.8717507459730808,True
A,0.5,0.4950476116228827,False
A,0.5,0.12140601422463282,False
A,0.5,0.21393269136309245,False
A,0.5,0.7869015768259463,True
A,0.5,0.20747633472349358,False
A,0.5,0.36332072699008944,False
A,0.5,0.9371922494274986,True
A,0.5,0.0,False
A,0.5,0.0,False
A,0.5,0.301538607536442,False
A,0.5,0.262969493359417,False
A,0.5,0.060289021790534414,False
A,0.5,0.0,False
A,0.5,0.4273702975330612,False
A,0.5,0.0,False
A,0.5,0.0,False
A,0.5,0.0,False
A,0.5,0.0,False
A,0.5,0.25806078495976825,False
A,0.5,0.7059523049144512,True
A,0.5,0.0,False
A,0.5,0.8653071693206045,True
A,0.5,0.0,False
A,0.5,0.05559083302205525,False
A,0.5,0.031060841442103415,False
A,0.5,0.0,False
A,0.5,0.7591254754629473,False
A,0.5,0.16402604773164964,False
A,0.5,0.0,False
A,0.5,0.305256658725538,False
A,0.5,0.7071449711968109,False
A,0.5,0.2278686509268869,False
A,0.5,0.0,False
A,0.5,0.1770504649382285,False
A,0.5,0.6961242903894133,True
A,0.5,0.12230515164338907,False
A,0.5,0.0,False
A,0.5,0.0,False
A,0.5,0.7649595910095911,False
A,0.5,0.0,False
A,0.5,0.40191384185293655,False
A,0.5,0.0,False
A,0.5,0.3572741749617897,False
A,0.5,0.3148480066496845,False
A,0.5,0.43770195378453725,False
A,0.5,0.310132259695017,False
A,0.5,0.7932661572554944,True
A,0.5,0.0,False
A,0.5,0.7499705754993833,False
A,0.5,0.0,False
A,0.5,0.006939206593125302,False
A,0.5,0.0,False
A,0.5,0.0,False
A,0.5,0.0,False
A,0.5,0.32145024008611256,False
A,0.5,0.3885903908525512,False
A,0.5,0.9517428957082145,True
A,0.5,0.4798945866683848,False
A,0.5,0.0,False
A,0.5,0.0,False
A,0.5,0.09896185273142777,False
A,0.5,0.1174243690789133,False
A,0.5,0.0,False
A,0.5,0.5855505840613886,False
A,0.5,0.21247452088144947,False
A,0.5,0.0,False
A,0.5,0.0,False
A,0.5,0.555603602632435,False
A,0.5,0.0,False
A,0.5,0.0,False
A,0.5,0.5134353498703974,False
A,0.5,0.138796980517213,False
A,0.5,0.2491142222085404,False
A,0.5,0.7248655915741157,True
A,0.5,0.20366718806446427,False
A,0.5,0.8012700105634867,True
A,0.5,0.6847358536231171,False
A,0.5,0.4561557722678421,False
A,0.5,0.19537850814708058,False
A,0.5,0.0,False
A,0.5,0.5507481694138245,False
A,0.5,0.7060834142147727,True
A,0.5,0.013000122784668333,False
A,0.5,0.41134585387331224,False
A,0.5,0.3122528020138451,False
A,0.5,0.5686504444676492,False
A,0.5,0.46737317056218175,True
A,0.5,0.06945956803249642,False
A,0.5,0.4499840538290535,False
A,0.5,0.676436938791707,False
A,0.5,0.0373243635208117,False
A,0.5,0.0,False
A,0.5,0.7881348725682298,True
A,0.5,0.31869670891880997,False
A,0.5,0.6275615711701487,False
A,0.5,0.24121482696494434,False
A,0.5,0.4484912268801774,False
A,0.5,0.0,False
A,0.5,0.37035620645121703,False
A,0.5,0.0,False
A,0.5,0.20376078054566715,False
A,0.5,0.44457899498821585,False
A,0.5,0.0,False
A,0.5,0.27425489210375253,False
A,0.5,0.6508430200243296,False
A,0.5,0.5461760858266266,False
A,0.5,0.4090296447207512,False
A,0.5,0.8428846157028771,True
A,0.5,0.04826101928902926,False
A,0.5,0.0,False
A,0.5,0.12325680219701995,False
A,0.5,0.7645421301613783,True
A,0.5,0.15467942171575078,False
A,0.5,0.3171064554699189,False
A,0.5,0.0,False
A,0.5,0.8861611807062398,True
A,0.5,0.0,False
A,0.5,0.7912440273012868,True
A,0.5,0.5052344297451095,True
A,0.5,0.0,False
A,0.5,0.7430590632619632,False
A,0.5,0.41415434219302316,False
A,0.5,0.0,False
A,0.5,0.0,False
A,0.5,0.0,False
A,0.5,0.6276042211752481,False
A,0.5,0.04957131679948845,False
A,0.5,0.5830662200711716,True
A,0.5,0.5828210594948634,False
A,0.5,0.0,False
A,0.5,0.02572022972396759,False
A,0.5,0.6850929315504127,True
A,0.5,0.603757209130699,False
A,0.5,0.0,False
A,0.5,0.0,False
A,0.5,0.804261239322842,True
A,0.5,0.9818030681890921,True
A,0.5,0.6762067496623225,False
A,0.5,0.0,False
A,0.5,0.0,False
A,0.5,0.7424563821730873,True
A,0.5,0.7155960656322685,False
A,0.5,0.8314443848051167,True
A,0.5,0.9000610192552091,True
A,0.5,0.0,False
A,0.5,0.25967013245301285,False
A,0.5,0.9812412656217819,False
A,0.5,0.0,False
A,0.5,0.07463593833135662,False
A,0.5,0.964089910960272,True
A,0.5,0.0,False
A,0.5,0.23474444350348322,False
A,0.5,0.0,False
A,0.5,0.0,False
A,0.5,0.0,False
A,0.5,0.0,False
A,0.5,0.0,False
A,0.5,0.8585334257266934,True
A,0.5,0.0,False
A,0.5,0.9799184720499009,True
A,0.5,0.7514345123328452,False
A,0.5,0.0,False
A,0.5,0.05586876146372466,False
A,0.5,0.7319451162872835,True
A,0.5,0.7152610942515091,True
A,0.5,0.897938292042778,True
A,0.5,0.3683528389879117,False
A,0.5,0.18758091649790132,False
A,0.5,0.0,False
A,0.5,0.32849827256765585,False
A,0.5,0.0818690302635997,False
A,0.5,0.20101703979935726,False
A,0.5,0.0,False
A,0.5,0.0,False
A,0.5,0.8320730517321041,True
A,0.5,0.24810181477682447,False
A,0.5,0.6728482019390162,False
A,0.5,0.0,False
A,0.5,0.10770501033902491,False
A,0.5,0.41213544792131807,False
A,0.5,0.07645189868442459,False
A,0.5,0.0,False
A,0.5,0.0,False
A,0.5,0.3480977684315322,False
A,0.5,0.7268660380658495,False
A,0.5,0.7789014524407255,False
A,0.5,0.07642532953755277,False
A,0.5,0.0,False
A,0.5,0.27598489934571435,False
A,0.5,0.0,False
A,0.5,0.8520441085076337,True
A,0.5,0.6102280063480299,False
A,0.5,0.0,False
A,0.5,0.0,False
A,0.5,0.7255179866803316,False
A,0.5,0.0,False
A,0.5,0.17822421372516783,False
A,0.5,0.24602785511296932,False
A,0.5,0.0,False
A,0.5,0.4274614135632385,False
A,0.5,0.5540391033356119,False
A,0.5,0.8681150173952162,True
A,0.5,0.2642830849539256,False
A,0.5,0.0,False
A,0.5,0.7225197215462225,False
A,0.5,0.0,False
A,0.5,0.38015693298464326,False
A,0.5,0.8040795242081408,True
A,0.5,0.9957484229468784,True
A,0.5,0.11139708990832742,False
A,0.5,0.16278219852261067,False
A,0.5,0.7771644182518039,True
A,0.5,0.7609987798046017,True
A,0.5,0.15536462493007086,False
A,0.5,0.0,False
A,0.5,0.9973435859153419,True
A,0.5,0.25443731786826995,False
A,0.5,0.9688526509193268,True
A,0.5,0.8392313973930118,True
A,0.5,0.2219086676460451,False
A,0.5,0.9964301563223453,True
A,0.5,0.45250475198173,False
A,0.5,0.0,False
A,0.5,0.0,False
A,0.5,0.3471492099158192,False
A,0.5,0.0,False
A,0.5,0.8582316316966014,True
A,0.5,0.0,False
A,0.5,0.0,False
A,0.5,0.0,False
A,0.5,0.0,False
A,0.5,0.5139220127668317,False
A,0.5,0.28549048010380185,False
A,0.5,0.7073159185610157,True
A,0.5,0.5005410975663954,False
A,0.5,0.0,False
A,0.5,0.8008502188190147,True
A,0.5,0.2226044093023486,False
A,0.5,0.90088609529608,True
A,0.5,0.0,False
A,0.5,0.5948162142731946,True
A,0.5,0.6063163987947313,False
A,0.5,0.0,False
A,0.5,0.0,False
A,0.5,0.0,False
A,0.5,0.0,False
A,0.5,0.44865523047163614,False
A,0.5,0.5023066231150812,False
A,0.5,0.0,False
A,0.5,0.6362177327123305,False
A,0.5,0.08609922454747554,False
A,0.5,0.08736768840047271,False
A,0.5,0.2500692595035412,False
A,0.5,0.4409251901439877,False
A,0.5,0.3629567289800907,False
A,0.5,0.0,False
A,0.5,0.0,False
A,0.5,0.0,False
A,0.5,0.20167752088252988,False
A,0.5,0.0,False
A,0.5,0.9665300929898768,True
A,0.5,0.0,False
A,0.5,0.05935155272507986,False
A,0.5,0.7835529348210509,True
A,0.5,0.19681985638608956,False
A,0.5,0.1880640676790929,False
A,0.5,0.5531539381198372,False
A,0.5,0.3624230180891507,False
A,0.5,0.00762300444174846,False
A,0.5,0.9841409019213685,True
A,0.5,0.5242909704446421,False
A,0.5,0.2686625628728133,False
A,0.5,0.0,False
A,0.5,0.36973249744543335,False
A,0.5,0.43843804720570834,False
A,0.5,0.3342827493937933,False
A,0.5,0.8619085840877602,False
A,0.5,0.9887035743298374,True
A,0.5,0.0,False
A,0.5,0.011810937538545896,False
A,0.5,0.4325187642145506,False
A,0.5,0.5501858701255441,False
A,0.5,0.7488853480738747,True
A,0.5,0.28565409337011716,False
A,0.5,0.0,False
A,0.5,0.26977680683359573,False
A,0.5,0.06937920267494058,False
A,0.5,0.20748779196456169,False
A,0.5,0.4447232320171678,False
A,0.5,0.0,False
A,0.5,0.38280078674450546,False
A,0.5,0.5634449749637429,False
A,0.5,0.9524103779099066,True
A,0.5,0.0,False
A,0.5,0.9372693393323087,True
A,0.5,0.1567378232925517,False
A,0.5,0.12700689355674488,False
A,0.5,0.0,False
A,0.5,0.0,False
A,0.5,0.2946499500583496,False
A,0.5,0.011510361548129788,False
A,0.5,0.8525877323172997,True
A,0.5,0.5579306041650449,True
A,0.5,0.36292116045664724,False
A,0.5,0.0,False
A,0.5,0.0,False
A,0.5,0.38241560896214677,False
A,0.5,0.2764182997774717,False
A,0.5,0.0,False
A,0.5,0.0,False
A,0.5,0.7147597492624527,True
A,0.5,0.6969688007779362,True
A,0.5,0.8211909894666052,True
A,0.5,0.06431562798167823,False
A,0.5,0.21028480966787966,False
A,0.5,0.5837702209487226,False
A,0.5,0.3763107823287062,False
A,0.5,0.12326106918282098,False
A,0.5,0.09911284275976184,False
A,0.5,0.7956958237142544,False
A,0.5,0.581449730728946,False
A,0.5,0.1373271906137924,False
A,0.5,0.8217722761324998,False
A,0.5,0.0,False
A,0.5,0.6756278934559066,False
A,0.5,0.959432102880103,True
A,0.5,0.8425475994322855,False
A,0.5,0.6582900161938725,False
A,0.5,0.1942705625208001,False
A,0.5,0.6343919363132164,False
A,0.5,0.7332401027086369,True
A,0.5,0.4215181241335967,False
A,0.5,0.0,False
A,0.5,0.46689696574250716,False
A,0.5,0.27256347817303217,False
A,0.5,0.19609754614536568,False
A,0.5,0.15002282308367743,False
A,0.5,0.0,False
A,0.5,0.0,False
A,0.5,0.11792826689374847,False
A,0.5,0.791099573491864,True
A,0.5,0.5246753860162612,False
A,0.5,0.9345028609605294,True
A,0.5,0.280048935480547,False
A,0.5,0.810122159147387,True
A,0.5,0.9365754092511127,True
A,0.5,0.0,False
A,0.5,0.0,False
A,0.5,0.2333737709888214,False
A,0.5,0.0,False
A,0.5,0.4278291202571046,False
A,0.5,0.4883262553657456,False
A,0.5,0.0359941205941412,False
A,0.5,0.0,False
A,0.5,0.8120646617106271,True
A,0.5,0.0,False
A,0.5,0.20625547739339645,False
A,0.5,0.0,False
A,0.5,0.4338197407084232,False
A,0.5,0.0,False
A,0.5,0.4487467002184172,False
A,0.5,0.7675177742561428,True
A,0.5,0.03770487978461934,False
A,0.5,0.2191597957139032,False
A,0.5,0.8414883938551014,True
A,0.5,0.4552763807448099,False
A,0.5,0.00838414874690907,False
A,0.5,0.0,False
A,0.5,0.6339653575290123,False
A,0.5,0.6509636725631379,True
A,0.5,0.0,False
A,0.5,0.31801246694446794,False
A,0.5,0.7707334772170538,True
A,0.5,0.4787171565931435,False
A,0.5,0.6944238249088176,False
A,0.5,0.8792236122866935,True
A,0.5,0.24598371611800163,False
A,0.5,0.7447132790570105,True
A,0.5,0.9049652243307177,True
A,0.5,0.7285975545099468,False
A,0.5,0.31446101457122533,False
A,0.5,0.6848598265123508,False
A,0.5,0.20294283177870287,False
A,0.5,0.0,False
A,0.5,0.0,False
A,0.5,0.8395318357386765,True
A,0.5,0.40078391888267817,False
A,0.5,0.11355520694615451,False
A,0.5,0.1432874701547393,False
A,0.5,0.2311728212219174,False
A,0.5,0.6907577419352176,True
A,0.5,0.5853346044929589,True
A,0.5,0.0,False
A,0.5,0.0,False
A,0.5,0.5457651677641477,False
A,0.5,0.0,False
A,0.5,0.3224154168021752,False
A,0.5,0.7997099607268672,True
A,0.5,0.0,False
A,0.5,0.35711876669564024,True
A,0.5,0.3776573128504511,False
A,0.5,0.0,False
A,0.5,0.3138547470094488,False
A,0.5,0.0,False
A,0.5,0.0,False
A,0.5,0.0,False
A,0.5,0.3136090729803551,False
A,0.5,0.12539126673266188,False
A,0.5,0.0,False
A,0.5,0.3097908910768076,False
A,0.5,0.8112863527597015,True
A,0.5,0.0,False
A,0.5,0.24528080768868443,False
A,0.5,0.5119491039291807,False
A,0.5,0.0,False
A,0.5,0.0,False
A,0.5,0.9744502871734098,True
A,0.5,0.2680217294789181,False
A,0.5,0.955973501364569,True
A,0.5,0.0,False
A,0.5,0.2576159987610236,False
A,0.5,0.3901547277900209,False
A,0.5,0.0,False
A,0.5,0.0,False
A,0.5,0.5157929578357239,False
A,0.5,0.9668764610283634,True
A,0.5,0.35410926278149113,False
A,0.5,0.0,False
A,0.5,0.0,False
A,0.5,0.7360794112476038,False
A,0.5,0.9933142649431626,True
A,0.5,0.07268386970473728,False
A,0.5,0.0,False
A,0.5,0.14067513221845407,False
A,0.5,0.7168081336537521,False
A,0.5,0.48902300336266,False
A,0.5,0.0,False
A,0.5,0.38701270083008066,False
A,0.5,0.4056455459762648,False
A,0.5,0.4617961446427904,False
A,0.5,0.0,False
A,0.5,0.6364332257944036,True
A,0.5,0.865918622941685,True
A,0.5,0.1998075105131938,False
A,0.5,0.0,False
A,0.5,0.9408518944129698,True
A,0.5,0.6814861930475965,False
A,0.5,0.3704878667689495,False
A,0.5,0.5446525595638183,False
A,0.5,0.06894996636177675,False
A,0.5,0.09345092131137045,False
A,0.5,0.0,False
A,0.5,0.6286795807211564,False
A,0.5,0.45723723937484584,True
A,0.5,0.0,False
A,0.5,0.9461618183128627,True
A,0.5,0.6313356419487004,False
A,0.5,0.8520383764864795,False
A,0.5,0.9965257633616902,True
A,0.5,0.0,False
A,0.5,0.3335879684985058,False
A,0.5,0.0,False
A,0.5,0.37517906668890655,False
A,0.5,0.9633012382709367,True
A,0.5,0.0,False
A,0.5,0.003413277211780974,False
A,0.5,0.0,False
A,0.5,0.0,False
A,0.5,0.1295607217450102,False
A,0.5,0.9927239223199704,True
A,0.5,0.5910541169187958,False
A,0.5,0.7572236667866272,True
A,0.5,0.054774193055771137,False
A,0.5,0.2302251577776222,False
A,0.5,0.0,False
A,0.5,0.25459329471302583,False
A,0.5,0.8869524896880873,True
A,0.5,0.0,False
A,0.5,0.28844485031395717,False
A,0.5,0.08155894995746316,False
A,0.5,0.11220622967062355,False
A,0.5,0.0,False
A,0.5,0.8203753729874997,False
A,0.5,0.06695028496250521,False
A,0.5,0.46145543323538585,False
A,0.5,0.05917943010821869,False
A,0.5,0.8964825041349594,True
A,0.5,0.0,False
A,0.5,0.8098831199691437,True
A,0.5,0.2210184171634555,False
A,0.5,0.516695908804166,False
A,0.5,0.0,False
A,0.5,0.05043785179384097,False
A,0.5,0.0,False
A,0.5,0.0,False
A,0.5,0.13364893037706338,False
A,0.5,0.7406438414542799,True
A,0.5,0.0,False
A,0.5,0.4358166382816212,False
A,0.5,0.7899075033081957,True
A,0.5,0.3186431057576129,False
A,0.5,0.4555670500870306,True
A,0.5,0.0,False
A,0.5,0.26696262001164217,False
A,0.5,0.5163645586258937,False
A,0.5,0.0,False
A,0.5,0.0,False
A,0.5,0.5441229503075308,False
A,0.5,0.5469392808833565,True
A,0.5,0.0,False
A,0.5,0.861582054219355,True
A,0.5,0.3079369233360789,False
A,0.5,0.12544851417586234,False
A,0.5,0.2861244870068016,False
A,0.5,0.9616679831434697,True
A,0.5,0.5469496254511826,False
A,0.5,0.0,False
A,0.5,0.0,False
A,0.5,0.7749599339230755,True
A,0.5,0.0,False
A,0.5,0.8721287725969142,False
A,0.5,0.0,False
A,0.5,0.08257226613414625,False
A,0.5,0.25952626736318873,False
A,0.5,0.02949195032841856,False
A,0.5,0.36033878281742937,False
A,0.5,0.7922971749495932,True
A,0.5,0.9699363672820864,True
A,0.5,0.9449085067210424,True
A,0.5,0.0,False
A,0.5,0.0,False
A,0.5,0.0,False
A,0.5,0.0,False
A,0.5,0.27737080396013913,False
A,0.5,0.5545661847951572,True
A,0.5,0.21479910644763067,False
A,0.5,0.12181705848383872,False
A,0.5,0.02340178889835598,False
A,0.5,0.8347316890297023,True
A,0.5,0.09503021594176442,False
A,0.5,0.0,False
A,0.5,0.0,False
A,0.5,0.1813346342763399,False
A,0.5,0.6422262872419019,False
A,0.5,0.0,False
A,0.5,0.5828085397326772,False
A,0.5,0.3777641312353238,False
A,0.5,0.9129166163657457,True
A,0.5,0.0,False
A,0.5,0.0,False
A,0.5,0.4229790084574664,False
A,0.5,0.6761681979748487,False
A,0.5,0.0,False
A,0.5,0.26587800282022656,False
A,0.5,0.7643019542084325,True
A,0.5,0.35963058972603423,False
A,0.5,0.6657878086909376,False
A,0.5,0.9926265102485067,True
A,0.5,0.4134024695633255,False
A,0.5,0.8666376275605151,True
A,0.5,0.654003784247838,False
A,0.5,0.7419630041839036,True
A,0.5,0.38524969675764564,False
A,0.5,0.3610393746109989,False
A,0.5,0.6391288828540721,True
A,0.5,0.8047338172281586,True
A,0.5,0.0,False
A,0.5,0.7067169409428031,True
A,0.5,0.0,False
A,0.5,0.8367795398632696,False
A,0.5,0.0,False
A,0.5,0.0,False
A,0.5,0.5571717048007943,False
A,0.5,0.0,False
A,0.5,0.011626909308868338,False
A,0.5,0.821693095101261,True
A,0.5,0.20621450317514867,False
A,0.5,0.0,False
A,0.5,0.0,False
A,0.5,0.0,False
A,0.5,0.9263560491343615,True
A,0.5,0.11454339810438141,False
A,0.5,0.5532529274805673,False
A,0.5,0.827062477485149,True
A,0.5,0.0,False
A,0.5,0.9014322463451474,True
A,0.5,0.6281572808226982,True
A,0.5,0.45583620114176193,False
A,0.5,0.0,False
A,0.5,0.48765882831003526,False
A,0.5,0.5613413822982981,False
A,0.5,0.0,False
A,0.5,0.16369551742151367,False
A,0.5,0.7055956484935998,False
A,0.5,0.6385262553984445,False
A,0.5,0.6121189530095303,False
A,0.5,0.9706337263987872,True
A,0.5,0.2945560967661568,False
A,0.5,0.45331378658106236,False
A,0.5,0.8717507459730808,True
A,0.5,0.4950476116228827,False
A,0.5,0.12140601422463282,False
A,0.5,0.21393269136309245,False
A,0.5,0.7869015768259463,True
A,0.5,0.20747633472349358,False
A,0.5,0.36332072699008944,False
A,0.5,0.9371922494274986,True
A,0.5,0.0,False
A,0.5,0.0,False
A,0.5,0.301538607536442,False
A,0.5,0.262969493359417,False
A,0.5,0.060289021790534414,False
A,0.5,0.0,False
A,0.5,0.4273702975330612,False
A,0.5,0.0,False
A,0.5,0.0,False
A,0.5,0.0,False
A,0.5,0.0,False
A,0.5,0.25806078495976825,False
A,0.5,0.7059523049144512,True
A,0.5,0.0,False
A,0.5,0.8653071693206045,True
A,0.5,0.0,False
A,0.5,0.05559083302205525,False
A,0.5,0.031060841442103415,False
A,0.5,0.0,False
A,0.5,0.7591254754629473,False
A,0.5,0.16402604773164964,False
A,0.5,0.0,False
A,0.5,0.305256658725538,False
A,0.5,0.7071449711968109,False
A,0.5,0.2278686509268869,False
A,0.5,0.0,False
A,0.5,0.1770504649382285,False
A,0.5,0.6961242903894133,True
A,0.5,0.12230515164338907,False
A,0.5,0.0,False
A,0.5,0.0,False
A,0.5,0.7649595910095911,False
A,0.5,0.0,False
A,0.5,0.40191384185293655,False
A,0.5,0.0,False
A,0.5,0.3572741749617897,False
A,0.5,0.3148480066496845,False
A,0.5,0.43770195378453725,False
A,0.5,0.310132259695017,False
A,0.5,0.7932661572554944,True
A,0.5,0.0,False
A,0.5,0.7499705754993833,False
A,0.5,0.0,False
A,0.5,0.006939206593125302,False
A,0.5,0.0,False
A,0.5,0.0,False
A,0.5,0.0,False
A,0.5,0.32145024008611256,False
A,0.5,0.3885903908525512,False
A,0.5,0.9517428957082145,True
A,0.5,0.4798945866683848,False
A,0.5,0.0,False
A,0.5,0.0,False
A,0.5,0.09896185273142777,False
A,0.5,0.1174243690789133,False
A,0.5,0.0,False
A,0.5,0.5855505840613886,False
A,0.5,0.21247452088144947,False
A,0.5,0.0,False
A,0.5,0.0,False
A,0.5,0.555603602632435,False
A,0.5,0.0,False
A,0.5,0.0,False
A,0.5,0.5134353498703974,True
A,0.5,0.138796980517213,False
A,0.5,0.2491142222085404,False
A,0.5,0.7248655915741157,True
A,0.5,0.20366718806446427,False
A,0.5,0.8012700105634867,True
A,0.5,0.6847358536231171,False
A,0.5,0.4561557722678421,False
A,0.5,0.19537850814708058,False
A,0.5,0.0,False
A,0.5,0.5507481694138245,False
A,0.5,0.7060834142147727,False
A,0.5,0.013000122784668333,False
A,0.5,0.41134585387331224,False
A,0.5,0.3122528020138451,False
A,0.5,0.5686504444676492,False
A,0.5,0.46737317056218175,True
A,0.5,0.06945956803249642,False
A,0.5,0.4499840538290535,False
A,0.5,0.676436938791707,False
A,0.5,0.0373243635208117,False
A,0.5,0.0,False
A,0.5,0.7881348725682298,True
A,0.5,0.31869670891880997,False
A,0.5,0.6275615711701487,False
A,0.5,0.24121482696494434,False
A,0.5,0.4484912268801774,False
A,0.5,0.0,False
A,0.5,0.37035620645121703,False
A,0.5,0.0,False
A,0.5,0.20376078054566715,False
A,0.5,0.44457899498821585,False
A,0.5,0.0,False
A,0.5,0.27425489210375253,False
A,0.5,0.6508430200243296,False
A,0.5,0.5461760858266266,False
A,0.5,0.4090296447207512,False
A,0.5,0.8428846157028771,True
A,0.5,0.04826101928902926,False
A,0.5,0.0,False
A,0.5,0.12325680219701995,False
A,0.5,0.7645421301613783,True
A,0.5,0.15467942171575078,False
A,0.5,0.3171064554699189,False
A,0.5,0.0,False
A,0.5,0.8861611807062398,True
A,0.5,0.0,False
A,0.5,0.7912440273012868,True
A,0.5,0.5052344297451095,True
A,0.5,0.0,False
A,0.5,0.7430590632619632,False
A,0.5,0.41415434219302316,False
A,0.5,0.0,False
A,0.5,0.0,False
A,0.5,0.0,False
A,0.5,0.6276042211752481,False
A,0.5,0.04957131679948845,False
A,0.5,0.5830662200711716,False
A,0.5,0.5828210594948634,True
A,0.5,0.0,False
A,0.5,0.02572022972396759,False
A,0.5,0.6850929315504127,True
A,0.5,0.603757209130699,True
A,0.5,0.0,False
A,0.5,0.0,False
A,0.5,0.804261239322842,True
A,0.5,0.9818030681890921,True
A,0.5,0.6762067496623225,False
A,0.5,0.0,False
A,0.5,0.0,False
A,0.5,0.7424563821730873,True
A,0.5,0.7155960656322685,False
A,0.5,0.8314443848051167,True
A,0.5,0.9000610192552091,True
A,0.5,0.0,False
A,0.5,0.25967013245301285,False
A,0.5,0.9812412656217819,True
A,0.5,0.0,False
A,0.5,0.07463593833135662,False
A,0.5,0.964089910960272,True
A,0.5,0.0,False
A,0.5,0.23474444350348322,False
A,0.5,0.0,False
A,0.5,0.0,False
A,0.5,0.0,False
A,0.5,0.0,False
A,0.5,0.0,False
A,0.5,0.8585334257266934,True
A,0.5,0.0,False
A,0.5,0.9799184720499009,True
A,0.5,0.7514345123328452,False
A,0.5,0.0,False
A,0.5,0.05586876146372466,False
A,0.5,0.7319451162872835,True
A,0.5,0.7152610942515091,True
A,0.5,0.897938292042778,True
A,0.5,0.3683528389879117,False
A,0.5,0.18758091649790132,False
A,0.5,0.0,False
A,0.5,0.32849827256765585,False
A,0.5,0.0818690302635997,False
A,0.5,0.20101703979935726,False
A,0.5,0.0,False
A,0.5,0.0,False
A,0.5,0.8320730517321041,True
A,0.5,0.24810181477682447,False
A,0.5,0.6728482019390162,False
A,0.5,0.0,False
A,0.5,0.10770501033902491,False
A,0.5,0.41213544792131807,False
A,0.5,0.07645189868442459,False
A,0.5,0.0,False
A,0.5,0.0,False
A,0.5,0.3480977684315322,False
A,0.5,0.7268660380658495,False
A,0.5,0.7789014524407255,True
A,0.5,0.07642532953755277,False
A,0.5,0.0,False
A,0.5,0.27598489934571435,False
A,0.5,0.0,False
A,0.5,0.8520441085076337,True
A,0.5,0.6102280063480299,False
A,0.5,0.0,False
A,0.5,0.0,False
A,0.5,0.7255179866803316,True
A,0.5,0.0,False
A,0.5,0.17822421372516783,False
A,0.5,0.24602785511296932,False
A,0.5,0.0,False
A,0.5,0.4274614135632385,False
A,0.5,0.5540391033356119,False
A,0.5,0.8681150173952162,True
A,0.5,0.2642830849539256,False
A,0.5,0.0,False
A,0.5,0.7225197215462225,False
A,0.5,0.0,False
A,0.5,0.38015693298464326,False
A,0.5,0.8040795242081408,False
A,0.5,0.9957484229468784,True
A,0.5,0.11139708990832742,False
A,0.5,0.16278219852261067,False
A,0.5,0.7771644182518039,True
A,0.5,0.7609987798046017,False
A,0.5,0.15536462493007086,False
A,0.5,0.0,False
A,0.5,0.9973435859153419,True
A,0.5,0.25443731786826995,False
A,0.5,0.9688526509193268,True
A,0.5,0.8392313973930118,True
A,0.5,0.2219086676460451,False
A,0.5,0.9964301563223453,True
A,0.5,0.45250475198173,False
A,0.5,0.0,False
A,0.5,0.0,False
A,0.5,0.3471492099158192,False
A,0.5,0.0,False
A,0.5,0.8582316316966014,True
A,0.5,0.0,False
A,0.5,0.0,False
A,0.5,0.0,False
A,0.5,0.0,False
A,0.5,0.5139220127668317,False
A,0.5,0.28549048010380185,False
A,0.5,0.7073159185610157,True
A,0.5,0.5005410975663954,False
A,0.5,0.0,False
A,0.5,0.8008502188190147,True
A,0.5,0.2226044093023486,False
A,0.5,0.90088609529608,False
A,0.5,0.0,False
A,0.5,0.5948162142731946,True
A,0.5,0.6063163987947313,False
A,0.5,0.0,False
A,0.5,0.0,False
A,0.5,0.0,False
A,0.5,0.0,False
A,0.5,0.44865523047163614,False
A,0.5,0.5023066231150812,False
A,0.5,0.0,False
A,0.5,0.6362177327123305,True
A,0.5,0.08609922454747554,False
A,0.5,0.08736768840047271,False
A,0.5,0.2500692595035412,False
A,0.5,0.4409251901439877,False
A,0.5,0.3629567289800907,False
A,0.5,0.0,False
A,0.5,0.0,False
A,0.5,0.0,False
A,0.5,0.20167752088252988,False
A,0.5,0.0,False
A,0.5,0.9665300929898768,True
A,0.5,0.0,False
A,0.5,0.05935155272507986,False
A,0.5,0.7835529348210509,True
A,0.5,0.19681985638608956,False
A,0.5,0.1880640676790929,False
A,0.5,0.5531539381198372,False
A,0.5,0.3624230180891507,False
A,0.5,0.00762300444174846,False
A,0.5,0.9841409019213685,True
A,0.5,0.5242909704446421,False
A,0.5,0.2686625628728133,False
A,0.5,0.0,False
A,0.5,0.36973249744543335,False
A,0.5,0.43843804720570834,False
A,0.5,0.3342827493937933,False
A,0.5,0.8619085840877602,False
A,0.5,0.9887035743298374,True
A,0.5,0.0,False
A,0.5,0.011810937538545896,False
A,0.5,0.4325187642145506,False
A,0.5,0.5501858701255441,False
A,0.5,0.7488853480738747,True
A,0.5,0.28565409337011716,False
A,0.5,0.0,False
A,0.5,0.26977680683359573,False
A,0.5,0.06937920267494058,False
A,0.5,0.20748779196456169,False
A,0.5,0.4447232320171678,False
A,0.5,0.0,False
A,0.5,0.38280078674450546,False
A,0.5,0.5634449749637429,False
A,0.5,0.9524103779099066,True
A,0.5,0.0,False
A,0.5,0.9372693393323087,True
A,0.5,0.1567378232925517,False
A,0.5,0.12700689355674488,False
A,0.5,0.0,False
A,0.5,0.0,False
A,0.5,0.2946499500583496,False
A,0.5,0.011510361548129788,False
A,0.5,0.8525877323172997,True
A,0.5,0.5579306041650449,True
A,0.5,0.36292116045664724,False
A,0.5,0.0,False
A,0.5,0.0,False
A,0.5,0.38241560896214677,False
A,0.5,0.2764182997774717,False
A,0.5,0.0,False
A,0.5,0.0,False
A,0.5,0.7147597492624527,False
A,0.5,0.6969688007779362,False
A,0.5,0.8211909894666052,True
A,0.5,0.06431562798167823,False
A,0.5,0.21028480966787966,False
A,0.5,0.5837702209487226,False
A,0.5,0.3763107823287062,False
A,0.5,0.12326106918282098,False
A,0.5,0.09911284275976184,False
A,0.5,0.7956958237142544,False
A,0.5,0.581449730728946,False
A,0.5,0.1373271906137924,False
A,0.5,0.8217722761324998,False
A,0.5,0.0,False
A,0.5,0.6756278934559066,False
A,0.5,0.959432102880103,True
A,0.5,0.8425475994322855,False
A,0.5,0.6582900161938725,False
A,0.5,0.1942705625208001,False
A,0.5,0.6343919363132164,False
A,0.5,0.7332401027086369,True
A,0.5,0.4215181241335967,False
A,0.5,0.0,False
A,0.5,0.46689696574250716,False
A,0.5,0.27256347817303217,False
A,0.5,0.19609754614536568,False
A,0.5,0.15002282308367743,False
A,0.5,0.0,False
A,0.5,0.0,False
A,0.5,0.11792826689374847,False
A,0.5,0.791099573491864,True
A,0.5,0.5246753860162612,False
A,0.5,0.9345028609605294,True
A,0.5,0.280048935480547,False
A,0.5,0.810122159147387,True
A,0.5,0.9365754092511127,True
A,0.5,0.0,False
A,0.5,0.0,False
A,0.5,0.2333737709888214,False
A,0.5,0.0,False
A,0.5,0.4278291202571046,False
A,0.5,0.4883262553657456,False
A,0.5,0.0359941205941412,False
A,0.5,0.0,False
A,0.5,0.8120646617106271,False
A,0.5,0.0,False
A,0.5,0.20625547739339645,False
A,0.5,0.0,False
A,0.5,0.4338197407084232,False
A,0.5,0.0,False
A,0.5,0.4487467002184172,False
A,0.5,0.7675177742561428,True
A,0.5,0.03770487978461934,False
A,0.5,0.2191597957139032,False
A,0.5,0.8414883938551014,True
A,0.5,0.4552763807448099,False
A,0.5,0.00838414874690907,False
A,0.5,0.0,False
A,0.5,0.6339653575290123,False
A,0.5,0.6509636725631379,False
A,0.5,0.0,False
A,0.5,0.31801246694446794,False
A,0.5,0.7707334772170538,True
A,0.5,0.4787171565931435,False
A,0.5,0.6944238249088176,False
A,0.5,0.8792236122866935,True
A,0.5,0.24598371611800163,False
A,0.5,0.7447132790570105,True
A,0.5,0.9049652243307177,True
A,0.5,0.7285975545099468,True
A,0.5,0.31446101457122533,False
A,0.5,0.6848598265123508,False
A,0.5,0.20294283177870287,False
A,0.5,0.0,False
A,0.5,0.0,False
A,0.5,0.8395318357386765,True
A,0.5,0.40078391888267817,False
A,0.5,0.11355520694615451,False
A,0.5,0.1432874701547393,False
A,0.5,0.2311728212219174,False
A,0.5,0.6907577419352176,True
A,0.5,0.5853346044929589,True
A,0.5,0.0,False
A,0.5,0.0,False
A,0.5,0.5457651677641477,False
A,0.5,0.0,False
A,0.5,0.3224154168021752,False
A,0.5,0.7997099607268672,True
A,0.5,0.0,False
A,0.5,0.35711876669564024,True
A,0.5,0.3776573128504511,False
A,0.5,0.0,False
A,0.5,0.3138547470094488,False
A,0.5,0.0,False
A,0.5,0.0,False
A,0.5,0.0,False
A,0.5,0.3136090729803551,False
A,0.5,0.12539126673266188,False
A,0.5,0.0,False
A,0.5,0.3097908910768076,False
A,0.5,0.8112863527597015,True
A,0.5,0.0,False
A,0.5,0.24528080768868443,False
A,0.5,0.5119491039291807,False
A,0.5,0.0,False
A,0.5,0.0,False
A,0.5,0.9744502871734098,True
A,0.5,0.2680217294789181,False
A,0.5,0.955973501364569,True
A,0.5,0.0,False
A,0.5,0.2576159987610236,False
A,0.5,0.3901547277900209,False
A,0.5,0.0,False
A,0.5,0.0,False
A,0.5,0.5157929578357239,False
A,0.5,0.9668764610283634,True
A,0.5,0.35410926278149113,False
A,0.5,0.0,False
A,0.5,0.0,False
A,0.5,0.7360794112476038,False
A,0.5,0.9933142649431626,True
A,0.5,0.07268386970473728,False
A,0.5,0.0,False
A,0.5,0.14067513221845407,False
A,0.5,0.7168081336537521,False
A,0.5,0.48902300336266,False
A,0.5,0.0,False
A,0.5,0.38701270083008066,False
A,0.5,0.4056455459762648,False
A,0.5,0.4617961446427904,False
A,0.5,0.0,False
A,0.5,0.6364332257944036,True
A,0.5,0.865918622941685,True
A,0.5,0.1998075105131938,False
A,0.5,0.0,False
A,0.5,0.9408518944129698,True
A,0.5,0.6814861930475965,False
A,0.5,0.3704878667689495,False
A,0.5,0.5446525595638183,False
A,0.5,0.06894996636177675,False
A,0.5,0.09345092131137045,False
A,0.5,0.0,False
A,0.5,0.6286795807211564,False
A,0.5,0.45723723937484584,True
A,0.5,0.0,False
A,0.5,0.9461618183128627,True
A,0.5,0.6313356419487004,False
A,0.5,0.8520383764864795,False
A,0.5,0.9965257633616902,True
A,0.5,0.0,False
A,0.5,0.3335879684985058,False
A,0.5,0.0,False
A,0.5,0.37517906668890655,False
A,0.5,0.9633012382709367,True
A,0.5,0.0,False
A,0.5,0.003413277211780974,False
A,0.5,0.0,False
A,0.5,0.0,False
A,0.5,0.1295607217450102,False
A,0.5,0.9927239223199704,True
A,0.5,0.5910541169187958,False
A,0.5,0.7572236667866272,True
A,0.5,0.054774193055771137,False
A,0.5,0.2302251577776222,False
A,0.5,0.0,False
A,0.5,0.25459329471302583,False
A,0.5,0.8869524896880873,True
A,0.5,0.0,False
A,0.5,0.28844485031395717,False
A,0.5,0.08155894995746316,False
A,0.5,0.11220622967062355,False
A,0.5,0.0,False
A,0.5,0.8203753729874997,False
A,0.5,0.06695028496250521,False
A,0.5,0.46145543323538585,False
A,0.5,0.05917943010821869,False
A,0.5,0.8964825041349594,True
A,0.5,0.0,False
A,0.5,0.8098831199691437,True
A,0.5,0.2210184171634555,False
A,0.5,0.516695908804166,False
A,0.5,0.0,False
A,0.5,0.05043785179384097,False
A,0.5,0.0,False
A,0.5,0.0,False
A,0.5,0.13364893037706338,False
A,0.5,0.7406438414542799,True
A,0.5,0.0,False
A,0.5,0.4358166382816212,False
A,0.5,0.7899075033081957,True
A,0.5,0.3186431057576129,False
A,0.5,0.4555670500870306,False
A,0.5,0.0,False
A,0.5,0.26696262001164217,False
A,0.5,0.5163645586258937,False
A,0.5,0.0,False
A,0.5,0.0,False
A,0.5,0.5441229503075308,False
A,0.5,0.5469392808833565,True
A,0.5,0.0,False
A,0.5,0.861582054219355,True
A,0.5,0.3079369233360789,False
A,0.5,0.12544851417586234,False
A,0.5,0.2861244870068016,False
A,0.5,0.9616679831434697,True
A,0.5,0.5469496254511826,False
A,0.5,0.0,False
A,0.5,0.0,False
A,0.5,0.7749599339230755,True
A,0.5,0.0,False
A,0.5,0.8721287725969142,False
A,0.5,0.0,False
A,0.5,0.08257226613414625,False
A,0.5,0.25952626736318873,False
A,0.5,0.02949195032841856,False
A,0.5,0.36033878281742937,False
A,0.5,0.7922971749495932,True
A,0.5,0.9699363672820864,True
A,0.5,0.9449085067210424,True
A,0.5,0.0,False
A,0.5,0.0,False
A,0.5,0.0,False
A,0.5,0.0,False
A,0.5,0.27737080396013913,False
A,0.5,0.5545661847951572,False
A,0.5,0.21479910644763067,False
A,0.5,0.12181705848383872,False
A,0.5,0.02340178889835598,False
A,0.5,0.8347316890297023,True
A,0.5,0.09503021594176442,False
A,0.5,0.0,False
A,0.5,0.0,False
A,0.5,0.1813346342763399,False
A,0.5,0.6422262872419019,False
A,0.5,0.0,False
A,0.5,0.5828085397326772,False
A,0.5,0.3777641312353238,False
A,0.5,0.9129166163657457,True
A,0.5,0.0,False
A,0.5,0.0,False
A,0.5,0.4229790084574664,False
A,0.5,0.6761681979748487,False
A,0.5,0.0,False
A,0.5,0.26587800282022656,False
A,0.5,0.7643019542084325,True
A,0.5,0.35963058972603423,False
A,0.5,0.6657878086909376,False
A,0.5,0.9926265102485067,True
A,0.5,0.4134024695633255,False
A,0.5,0.8666376275605151,True
A,0.5,0.654003784247838,False
A,0.5,0.7419630041839036,True
A,0.5,0.38524969675764564,False
A,0.5,0.3610393746109989,False
A,0.5,0.6391288828540721,False
A,0.5,0.8047338172281586,True
A,0.5,0.0,False
A,0.5,0.7067169409428031,True
A,0.5,0.0,False
A,0.5,0.8367795398632696,True
A,0.5,0.0,False
A,0.5,0.0,False
A,0.5,0.5571717048007943,False
A,0.5,0.0,False
A,0.5,0.011626909308868338,False
A,0.5,0.821693095101261,True
A,0.5,0.20621450317514867,False
A,0.5,0.0,False
A,0.5,0.0,False
A,0.5,0.0,False
A,0.5,0.9263560491343615,True
A,0.5,0.11454339810438141,False
A,0.5,0.5532529274805673,False
A,0.5,0.827062477485149,True
A,0.5,0.0,False
A,0.5,0.9014322463451474,False
A,0.5,0.6281572808226982,True
A,0.5,0.45583620114176193,False
A,0.5,0.0,False
A,0.5,0.48765882831003526,False
A,0.5,0.5613413822982981,False
A,0.5,0.0,False
A,0.5,0.16369551742151367,False
A,0.5,0.7055956484935998,False
A,0.5,0.6385262553984445,False
A,0.5,0.6121189530095303,False
A,0.5,0.9706337263987872,True
A,0.5,0.2945560967661568,False
A,0.5,0.45331378658106236,False
A,0.5,0.8717507459730808,True
A,0.5,0.4950476116228827,False
A,0.5,0.12140601422463282,False
A,0.5,0.21393269136309245,False
A,0.5,0.7869015768259463,True
A,0.5,0.20747633472349358,False
A,0.5,0.36332072699008944,False
A,0.5,0.9371922494274986,True
A,0.5,0.0,False
A,0.5,0.0,False
A,0.5,0.301538607536442,False
A,0.5,0.262969493359417,False
A,0.5,0.060289021790534414,False
A,0.5,0.0,False
A,0.5,0.4273702975330612,False
A,0.5,0.0,False
A,0.5,0.0,False
A,0.5,0.0,False
A,0.5,0.0,False
A,0.5,0.25806078495976825,False
A,0.5,0.7059523049144512,True
A,0.5,0.0,False
A,0.5,0.8653071693206045,True
A,0.5,0.0,False
A,0.5,0.05559083302205525,False
A,0.5,0.031060841442103415,False
A,0.5,0.0,False
A,0.5,0.7591254754629473,False
A,0.5,0.16402604773164964,False
A,0.5,0.0,False
A,0.5,0.305256658725538,False
A,0.5,0.7071449711968109,False
A,0.5,0.2278686509268869,False
A,0.5,0.0,False
A,0.5,0.1770504649382285,False
A,0.5,0.6961242903894133,True
A,0.5,0.12230515164338907,False
A,0.5,0.0,False
A,0.5,0.0,False
A,0.5,0.7649595910095911,True
A,0.5,0.0,False
A,0.5,0.40191384185293655,False
A,0.5,0.0,False
A,0.5,0.3572741749617897,False
A,0.5,0.3148480066496845,False
A,0.5,0.43770195378453725,False
A,0.5,0.310132259695017,False
A,0.5,0.7932661572554944,True
A,0.5,0.0,False
A,0.5,0.7499705754993833,False
A,0.5,0.0,False
A,0.5,0.006939206593125302,False
A,0.5,0.0,False
A,0.5,0.0,False
A,0.5,0.0,False
A,0.5,0.32145024008611256,False
A,0.5,0.3885903908525512,False
A,0.5,0.9517428957082145,True
A,0.5,0.4798945866683848,False
A,0.5,0.0,False
A,0.5,0.0,False
A,0.5,0.09896185273142777,False
A,0.5,0.1174243690789133,False
A,0.5,0.0,False
A,0.5,0.5855505840613886,False
A,0.5,0.21247452088144947,False
A,0.5,0.0,False
A,0.5,0.0,False
A,0.5,0.555603602632435,False
A,0.5,0.0,False
A,0.5,0.0,False
A,0.5,0.5134353498703974,True
A,0.5,0.138796980517213,False
A,0.5,0.2491142222085404,False
A,0.5,0.7248655915741157,True
A,0.5,0.20366718806446427,False
A,0.5,0.8012700105634867,True
A,0.5,0.6847358536231171,False
A,0.5,0.4561557722678421,False
A,0.5,0.19537850814708058,False
A,0.5,0.0,False
A,0.5,0.5507481694138245,False
A,0.5,0.7060834142147727,True
A,0.5,0.013000122784668333,False
A,0.5,0.41134585387331224,False
A,0.5,0.3122528020138451,False
A,0.5,0.5686504444676492,False
A,0.5,0.46737317056218175,False
A,0.5,0.06945956803249642,False
A,0.5,0.4499840538290535,False
A,0.5,0.676436938791707,False
A,0.5,0.0373243635208117,False
A,0.5,0.0,False
A,0.5,0.7881348725682298,True
A,0.5,0.31869670891880997,False
A,0.5,0.6275615711701487,False
A,0.5,0.24121482696494434,False
A,0.5,0.4484912268801774,False
A,0.5,0.0,False
A,0.5,0.37035620645121703,False
A,0.5,0.0,False
A,0.5,0.20376078054566715,False
A,0.5,0.44457899498821585,False
A,0.5,0.0,False
A,0.5,0.27425489210375253,False
A,0.5,0.6508430200243296,False
A,0.5,0.5461760858266266,False
A,0.5,0.4090296447207512,False
A,0.5,0.8428846157028771,True
A,0.5,0.04826101928902926,False
A,0.5,0.0,False
A,0.5,0.12325680219701995,False
A,0.5,0.7645421301613783,True
A,0.5,0.15467942171575078,False
A,0.5,0.3171064554699189,False
A,0.5,0.0,False
A,0.5,0.8861611807062398,True
A,0.5,0.0,False
A,0.5,0.7912440273012868,True
A,0.5,0.5052344297451095,False
A,0.5,0.0,False
A,0.5,0.7430590632619632,False
A,0.5,0.41415434219302316,False
A,0.5,0.0,False
A,0.5,0.0,False
A,0.5,0.0,False
A,0.5,0.6276042211752481,False
A,0.5,0.04957131679948845,False
A,0.5,0.5830662200711716,False
A,0.5,0.5828210594948634,True
A,0.5,0.0,False
A,0.5,0.02572022972396759,False
A,0.5,0.6850929315504127,True
A,0.5,0.603757209130699,True
A,0.5,0.0,False
A,0.5,0.0,False
A,0.5,0.804261239322842,True
A,0.5,0.9818030681890921,True
A,0.5,0.6762067496623225,True
A,0.5,0.0,False
A,0.5,0.0,False
A,0.5,0.7424563821730873,True
A,0.5,0.7155960656322685,False
A,0.5,0.8314443848051167,True
A,0.5,0.9000610192552091,True
A,0.5,0.0,False
A,0.5,0.25967013245301285,False
A,0.5,0.9812412656217819,True
A,0.5,0.0,False
A,0.5,0.07463593833135662,False
A,0.5,0.964089910960272,True
A,0.5,0.0,False
A,0.5,0.23474444350348322,False
A,0.5,0.0,False
A,0.5,0.0,False
A,0.5,0.0,False
A,0.5,0.0,False
A,0.5,0.0,False
A,0.5,0.8585334257266934,True
A,0.5,0.0,False
A,0.5,0.9799184720499009,True
A,0.5,0.7514345123328452,False
A,0.5,0.0,False
A,0.5,0.05586876146372466,False
A,0.5,0.7319451162872835,True
A,0.5,0.7152610942515091,True
A,0.5,0.897938292042778,True
A,0.5,0.3683528389879117,False
A,0.5,0.18758091649790132,False
A,0.5,0.0,False
A,0.5,0.32849827256765585,False
A,0.5,0.0818690302635997,False
A,0.5,0.20101703979935726,False
A,0.5,0.0,False
A,0.5,0.0,False
A,0.5,0.8320730517321041,True
A,0.5,0.24810181477682447,False
A,0.5,0.6728482019390162,True
A,0.5,0.0,False
A,0.5,0.10770501033902491,False
A,0.5,0.41213544792131807,False
A,0.5,0.07645189868442459,False
A,0.5,0.0,False
A,0.5,0.0,False
A,0.5,0.3480977684315322,False
A,0.5,0.7268660380658495,True
A,0.5,0.7789014524407255,True
A,0.5,0.07642532953755277,False
A,0.5,0.0,False
A,0.5,0.27598489934571435,False
A,0.5,0.0,False
A,0.5,0.8520441085076337,True
A,0.5,0.6102280063480299,False
A,0.5,0.0,False
A,0.5,0.0,False
A,0.5,0.7255179866803316,True
A,0.5,0.0,False
A,0.5,0.17822421372516783,False
A,0.5,0.24602785511296932,False
A,0.5,0.0,False
A,0.5,0.4274614135632385,False
A,0.5,0.5540391033356119,False
A,0.5,0.8681150173952162,True
A,0.5,0.2642830849539256,False
A,0.5,0.0,False
A,0.5,0.7225197215462225,False
A,0.5,0.0,False
A,0.5,0.38015693298464326,False
A,0.5,0.8040795242081408,False
A,0.5,0.9957484229468784,True
A,0.5,0.11139708990832742,False
A,0.5,0.16278219852261067,False
A,0.5,0.7771644182518039,True
A,0.5,0.7609987798046017,False
A,0.5,0.15536462493007086,False
A,0.5,0.0,False
A,0.5,0.9973435859153419,True
A,0.5,0.25443731786826995,False
A,0.5,0.9688526509193268,True
A,0.5,0.8392313973930118,True
A,0.5,0.2219086676460451,False
A,0.5,0.9964301563223453,True
A,0.5,0.45250475198173,False
A,0.5,0.0,False
A,0.5,0.0,False
A,0.5,0.3471492099158192,False
A,0.5,0.0,False
A,0.5,0.8582316316966014,True
A,0.5,0.0,False
A,0.5,0.0,False
A,0.5,0.0,False
A,0.5,0.0,False
A,0.5,0.5139220127668317,False
A,0.5,0.28549048010380185,False
A,0.5,0.7073159185610157,True
A,0.5,0.5005410975663954,False
A,0.5,0.0,False
A,0.5,0.8008502188190147,True
A,0.5,0.2226044093023486,False
A,0.5,0.90088609529608,False
A,0.5,0.0,False
A,0.5,0.5948162142731946,True
A,0.5,0.6063163987947313,True
A,0.5,0.0,False
A,0.5,0.0,False
A,0.5,0.0,False
A,0.5,0.0,False
A,0.5,0.44865523047163614,False
A,0.5,0.5023066231150812,False
A,0.5,0.0,False
A,0.5,0.6362177327123305,True
A,0.5,0.08609922454747554,False
A,0.5,0.08736768840047271,False
A,0.5,0.2500692595035412,False
A,0.5,0.4409251901439877,False
A,0.5,0.3629567289800907,False
A,0.5,0.0,False
A,0.5,0.0,False
A,0.5,0.0,False
A,0.5,0.20167752088252988,False
A,0.5,0.0,False
A,0.5,0.9665300929898768,True
A,0.5,0.0,False
A,0.5,0.05935155272507986,False
A,0.5,0.7835529348210509,False
A,0.5,0.19681985638608956,False
A,0.5,0.1880640676790929,False
A,0.5,0.5531539381198372,False
A,0.5,0.3624230180891507,False
A,0.5,0.00762300444174846,False
A,0.5,0.9841409019213685,True
A,0.5,0.5242909704446421,False
A,0.5,0.2686625628728133,False
A,0.5,0.0,False
A,0.5,0.36973249744543335,False
A,0.5,0.43843804720570834,False
A,0.5,0.3342827493937933,False
A,0.5,0.8619085840877602,True
A,0.5,0.9887035743298374,True
A,0.5,0.0,False
A,0.5,0.011810937538545896,False
A,0.5,0.4325187642145506,False
A,0.5,0.5501858701255441,False
A,0.5,0.7488853480738747,True
A,0.5,0.28565409337011716,False
A,0.5,0.0,False
A,0.5,0.26977680683359573,False
A,0.5,0.06937920267494058,False
A,0.5,0.20748779196456169,False
A,0.5,0.4447232320171678,False
A,0.5,0.0,False
A,0.5,0.38280078674450546,False
A,0.5,0.5634449749637429,False
A,0.5,0.9524103779099066,True
A,0.5,0.0,False
A,0.5,0.9372693393323087,True
A,0.5,0.1567378232925517,False
A,0.5,0.12700689355674488,False
A,0.5,0.0,False
A,0.5,0.0,False
A,0.5,0.2946499500583496,False
A,0.5,0.011510361548129788,False
A,0.5,0.8525877323172997,True
A,0.5,0.5579306041650449,True
A,0.5,0.36292116045664724,False
A,0.5,0.0,False
A,0.5,0.0,False
A,0.5,0.38241560896214677,False
A,0.5,0.2764182997774717,False
A,0.5,0.0,False
A,0.5,0.0,False
A,0.5,0.7147597492624527,True
A,0.5,0.6969688007779362,False
A,0.5,0.8211909894666052,True
A,0.5,0.06431562798167823,False
A,0.5,0.21028480966787966,False
A,0.5,0.5837702209487226,False
A,0.5,0.3763107823287062,False
A,0.5,0.12326106918282098,False
A,0.5,0.09911284275976184,False
A,0.5,0.7956958237142544,False
A,0.5,0.581449730728946,False
A,0.5,0.1373271906137924,False
A,0.5,0.8217722761324998,False
A,0.5,0.0,False
A,0.5,0.6756278934559066,False
A,0.5,0.959432102880103,True
A,0.5,0.8425475994322855,False
A,0.5,0.6582900161938725,False
A,0.5,0.1942705625208001,False
A,0.5,0.6343919363132164,False
A,0.5,0.7332401027086369,True
A,0.5,0.4215181241335967,False
A,0.5,0.0,False
A,0.5,0.46689696574250716,False
A,0.5,0.27256347817303217,False
A,0.5,0.19609754614536568,False
A,0.5,0.15002282308367743,False
A,0.5,0.0,False
A,0.5,0.0,False
A,0.5,0.11792826689374847,False
A,0.5,0.791099573491864,True
A,0.5,0.5246753860162612,False
A,0.5,0.9345028609605294,True
A,0.5,0.280048935480547,False
A,0.5,0.810122159147387,True
A,0.5,0.9365754092511127,True
A,0.5,0.0,False
A,0.5,0.0,False
A,0.5,0.2333737709888214,False
A,0.5,0.0,False
A,0.5,0.4278291202571046,False
A,0.5,0.4883262553657456,False
A,0.5,0.0359941205941412,False
A,0.5,0.0,False
A,0.5,0.8120646617106271,False
A,0.5,0.0,False
A,0.5,0.20625547739339645,False
A,0.5,0.0,False
A,0.5,0.4338197407084232,False
A,0.5,0.0,False
A,0.5,0.4487467002184172,False
A,0.5,0.7675177742561428,True
A,0.5,0.03770487978461934,False
A,0.5,0.2191597957139032,False
A,0.5,0.8414883938551014,True
A,0.5,0.4552763807448099,False
A,0.5,0.00838414874690907,False
A,0.5,0.0,False
A,0.5,0.6339653575290123,False
A,0.5,0.6509636725631379,False
A,0.5,0.0,False
A,0.5,0.31801246694446794,False
A,0.5,0.7707334772170538,True
A,0.5,0.4787171565931435,False
A,0.5,0.6944238249088176,False
A,0.5,0.8792236122866935,True
A,0.5,0.24598371611800163,False
A,0.5,0.7447132790570105,True
A,0.5,0.9049652243307177,True
A,0.5,0.7285975545099468,True
A,0.5,0.31446101457122533,False
A,0.5,0.6848598265123508,False
A,0.5,0.20294283177870287,False
A,0.5,0.0,False
A,0.5,0.0,False
A,0.5,0.8395318357386765,True
A,0.5,0.40078391888267817,False
A,0.5,0.11355520694615451,False
A,0.5,0.1432874701547393,False
A,0.5,0.2311728212219174,False
A,0.5,0.6907577419352176,True
A,0.5,0.5853346044929589,True
A,0.5,0.0,False
A,0.5,0.0,False
A,0.5,0.5457651677641477,False
A,0.5,0.0,False
A,0.5,0.3224154168021752,False
A,0.5,0.7997099607268672,True
A,0.5,0.0,False
A,0.5,0.35711876669564024,False
A,0.5,0.3776573128504511,False
A,0.5,0.0,False
A,0.5,0.3138547470094488,False
A,0.5,0.0,False
A,0.5,0.0,False
A,0.5,0.0,False
A,0.5,0.3136090729803551,False
A,0.5,0.12539126673266188,False
A,0.5,0.0,False
A,0.5,0.3097908910768076,False
A,0.5,0.8112863527597015,True
A,0.5,0.0,False
A,0.5,0.24528080768868443,False
A,0.5,0.5119491039291807,False
A,0.5,0.0,False
A,0.5,0.0,False
A,0.5,0.9744502871734098,True
A,0.5,0.2680217294789181,False
A,0.5,0.955973501364569,True
A,0.5,0.0,False
A,0.5,0.2576159987610236,False
A,0.5,0.3901547277900209,False
A,0.5,0.0,False
A,0.5,0.0,False
A,0.5,0.5157929578357239,False
A,0.5,0.9668764610283634,True
A,0.5,0.35410926278149113,False
A,0.5,0.0,False
A,0.5,0.0,False
A,0.5,0.7360794112476038,False
A,0.5,0.9933142649431626,True
A,0.5,0.07268386970473728,False
A,0.5,0.0,False
A,0.5,0.14067513221845407,False
A,0.5,0.7168081336537521,False
A,0.5,0.48902300336266,False
A,0.5,0.0,False
A,0.5,0.38701270083008066,False
A,0.5,0.4056455459762648,False
A,0.5,0.4617961446427904,False
A,0.5,0.0,False
A,0.5,0.6364332257944036,True
A,0.5,0.865918622941685,True
A,0.5,0.1998075105131938,False
A,0.5,0.0,False
A,0.5,0.9408518944129698,True
A,0.5,0.6814861930475965,False
A,0.5,0.3704878667689495,False
A,0.5,0.5446525595638183,False
A,0.5,0.06894996636177675,False
A,0.5,0.09345092131137045,False
A,0.5,0.0,False
A,0.5,0.6286795807211564,True
A,0.5,0.45723723937484584,True
A,0.5,0.0,False
A,0.5,0.9461618183128627,True
A,0.5,0.6313356419487004,False
A,0.5,0.8520383764864795,False
A,0.5,0.9965257633616902,True
A,0.5,0.0,False
A,0.5,0.3335879684985058,False
A,0.5,0.0,False
A,0.5,0.37517906668890655,False
A,0.5,0.9633012382709367,True
A,0.5,0.0,False
A,0.5,0.003413277211780974,False
A,0.5,0.0,False
A,0.5,0.0,False
A,0.5,0.1295607217450102,False
A,0.5,0.9927239223199704,True
A,0.5,0.5910541169187958,False
A,0.5,0.7572236667866272,True
A,0.5,0.054774193055771137,False
A,0.5,0.2302251577776222,False
A,0.5,0.0,False
A,0.5,0.25459329471302583,False
A,0.5,0.8869524896880873,True
A,0.5,0.0,False
A,0.5,0.28844485031395717,False
A,0.5,0.08155894995746316,False
A,0.5,0.11220622967062355,False
A,0.5,0.0,False
A,0.5,0.8203753729874997,True
A,0.5,0.06695028496250521,False
A,0.5,0.46145543323538585,False
A,0.5,0.05917943010821869,False
A,0.5,0.8964825041349594,True
A,0.5,0.0,False
A,0.5,0.8098831199691437,True
A,0.5,0.2210184171634555,False
A,0.5,0.516695908804166,False
A,0.5,0.0,False
A,0.5,0.05043785179384097,False
A,0.5,0.0,False
A,0.5,0.0,False
A,0.5,0.13364893037706338,False
A,0.5,0.7406438414542799,True
A,0.5,0.0,False
A,0.5,0.4358166382816212,False
A,0.5,0.7899075033081957,True
A,0.5,0.3186431057576129,False
A,0.5,0.4555670500870306,True
A,0.5,0.0,False
A,0.5,0.26696262001164217,False
A,0.5,0.5163645586258937,False
A,0.5,0.0,False
A,0.5,0.0,False
A,0.5,0.5441229503075308,False
A,0.5,0.5469392808833565,False
A,0.5,0.0,False
A,0.5,0.861582054219355,True
A,0.5,0.3079369233360789,False
A,0.5,0.12544851417586234,False
A,0.5,0.2861244870068016,False
A,0.5,0.9616679831434697,True
A,0.5,0.5469496254511826,False
A,0.5,0.0,False
A,0.5,0.0,False
A,0.5,0.7749599339230755,True
A,0.5,0.0,False
A,0.5,0.8721287725969142,False
A,0.5,0.0,False
A,0.5,0.08257226613414625,False
A,0.5,0.25952626736318873,False
A,0.5,0.02949195032841856,False
A,0.5,0.36033878281742937,False
A,0.5,0.7922971749495932,True
A,0.5,0.9699363672820864,True
A,0.5,0.9449085067210424,True
A,0.5,0.0,False
A,0.5,0.0,False
A,0.5,0.0,False
A,0.5,0.0,False
A,0.5,0.27737080396013913,False
A,0.5,0.5545661847951572,True
A,0.5,0.21479910644763067,False
A,0.5,0.12181705848383872,False
A,0.5,0.02340178889835598,False
A,0.5,0.8347316890297023,True
A,0.5,0.09503021594176442,False
A,0.5,0.0,False
A,0.5,0.0,False
A,0.5,0.1813346342763399,False
A,0.5,0.6422262872419019,False
A,0.5,0.0,False
A,0.5,0.5828085397326772,False
A,0.5,0.3777641312353238,False
A,0.5,0.9129166163657457,True
A,0.5,0.0,False
A,0.5,0.0,False
A,0.5,0.4229790084574664,False
A,0.5,0.6761681979748487,False
A,0.5,0.0,False
A,0.5,0.26587800282022656,False
A,0.5,0.7643019542084325,True
A,0.5,0.35963058972603423,False
A,0.5,0.6657878086909376,False
A,0.5,0.9926265102485067,True
A,0.5,0.4134024695633255,False
A,0.5,0.8666376275605151,True
A,0.5,0.654003784247838,False
A,0.5,0.7419630041839036,True
A,0.5,0.38524969675764564,False
A,0.5,0.3610393746109989,False
A,0.5,0.6391288828540721,False
A,0.5,0.8047338172281586,True
A,0.5,0.0,False
A,0.5,0.7067169409428031,True
A,0.5,0.0,False
A,0.5,0.8367795398632696,True
A,0.5,0.0,False
A,0.5,0.0,False
A,0.5,0.5571717048007943,False
A,0.5,0.0,False
A,0.5,0.011626909308868338,False
A,0.5,0.821693095101261,True
A,0.5,0.20621450317514867,False
A,0.5,0.0,False
A,0.5,0.0,False
A,0.5,0.0,False
A,0.5,0.9263560491343615,True
A,0.5,0.11454339810438141,False
A,0.5,0.5532529274805673,False
A,0.5,0.827062477485149,True
A,0.5,0.0,False
A,0.5,0.9014322463451474,False
A,0.5,0.6281572808226982,True
A,0.5,0.45583620114176193,False
A,0.5,0.0,False
A,0.5,0.48765882831003526,False
A,0.5,0.5613413822982981,False
A,0.5,0.0,False
A,0.5,0.16369551742151367,False
A,0.5,0.7055956484935998,False
A,0.5,0.6385262553984445,False
A,0.5,0.6121189530095303,False
A,0.5,0.9706337263987872,True
A,0.5,0.2945560967661568,False
A,0.5,0.45331378658106236,False
A,0.5,0.8717507459730808,True
A,0.5,0.4950476116228827,False
A,0.5,0.12140601422463282,False
A,0.5,0.21393269136309245,False
A,0.5,0.7869015768259463,True
A,0.5,0.20747633472349358,False
A,0.5,0.36332072699008944,False
A,0.5,0.9371922494274986,True
A,0.5,0.0,False
A,0.5,0.0,False
A,0.5,0.301538607536442,False
A,0.5,0.262969493359417,False
A,0.5,0.060289021790534414,False
A,0.5,0.0,False
A,0.5,0.4273702975330612,False
A,0.5,0.0,False
A,0.5,0.0,False
A,0.5,0.0,False
A,0.5,0.0,False
A,0.5,0.25806078495976825,False
A,0.5,0.7059523049144512,True
A,0.5,0.0,False
A,0.5,0.8653071693206045,True
A,0.5,0.0,False
A,0.5,0.05559083302205525,False
A,0.5,0.031060841442103415,False
A,0.5,0.0,False
A,0.5,0.7591254754629473,False
A,0.5,0.16402604773164964,False
A,0.5,0.0,False
A,0.5,0.305256658725538,False
A,0.5,0.7071449711968109,False
A,0.5,0.2278686509268869,False
A,0.5,0.0,False
A,0.5,0.1770504649382285,False
A,0.5,0.6961242903894133,True
A,0.5,0.12230515164338907,False
A,0.5,0.0,False
A,0.5,0.0,False
A,0.5,0.7649595910095911,True
A,0.5,0.0,False
A,0.5,0.40191384185293655,False
A,0.5,0.0,False
A,0.5,0.3572741749617897,False
A,0.5,0.3148480066496845,False
A,0.5,0.43770195378453725,False
A,0.5,0.310132259695017,False
A,0.5,0.7932661572554944,True
A,0.5,0.0,False
A,0.5,0.7499705754993833,True
A,0.5,0.0,False
A,0.5,0.006939206593125302,False
A,0.5,0.0,False
A,0.5,0.0,False
A,0.5,0.0,False
A,0.5,0.32145024008611256,False
A,0.5,0.3885903908525512,False
A,0.5,0.9517428957082145,True
A,0.5,0.4798945866683848,False
A,0.5,0.0,False
A,0.5,0.0,False
A,0.5,0.09896185273142777,False
A,0.5,0.1174243690789133,False
A,0.5,0.0,False
A,0.5,0.5855505840613886,False
A,0.5,0.21247452088144947,False
A,0.5,0.0,False
A,0.5,0.0,False
A,0.5,0.555603602632435,False
A,0.5,0.0,False
A,0.5,0.0,False
A,0.5,0.5134353498703974,True
A,0.5,0.138796980517213,False
A,0.5,0.2491142222085404,False
A,0.5,0.7248655915741157,True
A,0.5,0.20366718806446427,False
A,0.5,0.8012700105634867,True
A,0.5,0.6847358536231171,False
A,0.5,0.4561557722678421,False
A,0.5,0.19537850814708058,False
A,0.5,0.0,False
A,0.5,0.5507481694138245,False
A,0.5,0.7060834142147727,True
A,0.5,0.013000122784668333,False
A,0.5,0.41134585387331224,False
A,0.5,0.3122528020138451,False
A,0.5,0.5686504444676492,False
A,0.5,0.46737317056218175,False
A,0.5,0.06945956803249642,False
A,0.5,0.4499840538290535,False
A,0.5,0.676436938791707,True
A,0.5,0.0373243635208117,False
A,0.5,0.0,False
A,0.5,0.7881348725682298,True
A,0.5,0.31869670891880997,False
A,0.5,0.6275615711701487,False
A,0.5,0.24121482696494434,False
A,0.5,0.4484912268801774,False
A,0.5,0.0,False
A,0.5,0.37035620645121703,False
A,0.5,0.0,False
A,0.5,0.20376078054566715,False
A,0.5,0.44457899498821585,False
A,0.5,0.0,False
A,0.5,0.27425489210375253,False
A,0.5,0.6508430200243296,False
A,0.5,0.5461760858266266,False
A,0.5,0.4090296447207512,False
A,0.5,0.8428846157028771,True
A,0.5,0.04826101928902926,False
A,0.5,0.0,False
A,0.5,0.12325680219701995,False
A,0.5,0.7645421301613783,True
A,0.5,0.15467942171575078,False
A,0.5,0.3171064554699189,False
A,0.5,0.0,False
A,0.5,0.8861611807062398,True
A,0.5,0.0,False
A,0.5,0.7912440273012868,True
A,0.5,0.5052344297451095,False
A,0.5,0.0,False
A,0.5,0.7430590632619632,False
A,0.5,0.41415434219302316,False
A,0.5,0.0,False
A,0.5,0.0,False
A,0.5,0.0,False
A,0.5,0.6276042211752481,False
A,0.5,0.04957131679948845,False
A,0.5,0.5830662200711716,False
A,0.5,0.5828210594948634,False
A,0.5,0.0,False
A,0.5,0.02572022972396759,False
A,0.5,0.6850929315504127,True
A,0.5,0.603757209130699,False
A,0.5,0.0,False
A,0.5,0.0,False
A,0.5,0.804261239322842,True
A,0.5,0.9818030681890921,True
A,0.5,0.6762067496623225,False
A,0.5,0.0,False
A,0.5,0.0,False
A,0.5,0.7424563821730873,True
A,0.5,0.7155960656322685,False
A,0.5,0.8314443848051167,True
A,0.5,0.9000610192552091,True
A,0.5,0.0,False
A,0.5,0.25967013245301285,False
A,0.5,0.9812412656217819,True
A,0.5,0.0,False
A,0.5,0.07463593833135662,False
A,0.5,0.964089910960272,True
A,0.5,0.0,False
A,0.5,0.23474444350348322,False
A,0.5,0.0,False
A,0.5,0.0,False
A,0.5,0.0,False
A,0.5,0.0,False
A,0.5,0.0,False
A,0.5,0.8585334257266934,True
A,0.5,0.0,False
A,0.5,0.9799184720499009,True
A,0.5,0.7514345123328452,False
A,0.5,0.0,False
A,0.5,0.05586876146372466,False
A,0.5,0.7319451162872835,True
A,0.5,0.7152610942515091,True
A,0.5,0.897938292042778,True
A,0.5,0.3683528389879117,False
A,0.5,0.18758091649790132,False
A,0.5,0.0,False
A,0.5,0.32849827256765585,False
A,0.5,0.0818690302635997,False
A,0.5,0.20101703979935726,False
A,0.5,0.0,False
A,0.5,0.0,False
A,0.5,0.8320730517321041,True
A,0.5,0.24810181477682447,False
A,0.5,0.6728482019390162,True
A,0.5,0.0,False
A,0.5,0.10770501033902491,False
A,0.5,0.41213544792131807,False
A,0.5,0.07645189868442459,False
A,0.5,0.0,False
A,0.5,0.0,False
A,0.5,0.3480977684315322,False
A,0.5,0.7268660380658495,True
A,0.5,0.7789014524407255,False
A,0.5,0.07642532953755277,False
A,0.5,0.0,False
A,0.5,0.27598489934571435,False
A,0.5,0.0,False
A,0.5,0.8520441085076337,True
A,0.5,0.6102280063480299,False
A,0.5,0.0,False
A,0.5,0.0,False
A,0.5,0.7255179866803316,True
A,0.5,0.0,False
A,0.5,0.17822421372516783,False
A,0.5,0.24602785511296932,False
A,0.5,0.0,False
A,0.5,0.4274614135632385,False
A,0.5,0.5540391033356119,False
A,0.5,0.8681150173952162,True
A,0.5,0.2642830849539256,False
A,0.5,0.0,False
A,0.5,0.7225197215462225,False
A,0.5,0.0,False
A,0.5,0.38015693298464326,False
A,0.5,0.8040795242081408,True
A,0.5,0.9957484229468784,True
A,0.5,0.11139708990832742,False
A,0.5,0.16278219852261067,False
A,0.5,0.7771644182518039,True
A,0.5,0.7609987798046017,True
A,0.5,0.15536462493007086,False
A,0.5,0.0,False
A,0.5,0.9973435859153419,True
A,0.5,0.25443731786826995,False
A,0.5,0.9688526509193268,True
A,0.5,0.8392313973930118,True
A,0.5,0.2219086676460451,False
A,0.5,0.9964301563223453,True
A,0.5,0.45250475198173,False
A,0.5,0.0,False
A,0.5,0.0,False
A,0.5,0.3471492099158192,False
A,0.5,0.0,False
A,0.5,0.8582316316966014,True
A,0.5,0.0,False
A,0.5,0.0,False
A,0.5,0.0,False
A,0.5,0.0,False
A,0.5,0.5139220127668317,False
A,0.5,0.28549048010380185,False
A,0.5,0.7073159185610157,True
A,0.5,0.5005410975663954,False
A,0.5,0.0,False
A,0.5,0.8008502188190147,True
A,0.5,0.2226044093023486,False
A,0.5,0.90088609529608,True
A,0.5,0.0,False
A,0.5,0.5948162142731946,True
A,0.5,0.6063163987947313,True
A,0.5,0.0,False
A,0.5,0.0,False
A,0.5,0.0,False
A,0.5,0.0,False
A,0.5,0.44865523047163614,False
A,0.5,0.5023066231150812,False
A,0.5,0.0,False
A,0.5,0.6362177327123305,True
A,0.5,0.08609922454747554,False
A,0.5,0.08736768840047271,False
A,0.5,0.2500692595035412,False
A,0.5,0.4409251901439877,False
A,0.5,0.3629567289800907,False
A,0.5,0.0,False
A,0.5,0.0,False
A,0.5,0.0,False
A,0.5,0.20167752088252988,False
A,0.5,0.0,False
A,0.5,0.9665300929898768,True
A,0.5,0.0,False
A,0.5,0.05935155272507986,False
A,0.5,0.7835529348210509,False
A,0.5,0.19681985638608956,False
A,0.5,0.1880640676790929,False
A,0.5,0.5531539381198372,False
A,0.5,0.3624230180891507,False
A,0.5,0.00762300444174846,False
A,0.5,0.9841409019213685,True
A,0.5,0.5242909704446421,False
A,0.5,0.2686625628728133,False
A,0.5,0.0,False
A,0.5,0.36973249744543335,False
A,0.5,0.43843804720570834,False
A,0.5,0.3342827493937933,False
A,0.5,0.8619085840877602,True
A,0.5,0.9887035743298374,True
A,0.5,0.0,False
A,0.5,0.011810937538545896,False
A,0.5,0.4325187642145506,False
A,0.5,0.5501858701255441,False
A,0.5,0.7488853480738747,True
A,0.5,0.28565409337011716,False
A,0.5,0.0,False
A,0.5,0.26977680683359573,False
A,0.5,0.06937920267494058,False
A,0.5,0.20748779196456169,False
A,0.5,0.4447232320171678,False
A,0.5,0.0,False
A,0.5,0.38280078674450546,False
A,0.5,0.5634449749637429,False
A,0.5,0.9524103779099066,True
A,0.5,0.0,False
A,0.5,0.9372693393323087,True
A,0.5,0.1567378232925517,False
A,0.5,0.12700689355674488,False
A,0.5,0.0,False
A,0.5,0.0,False
A,0.5,0.2946499500583496,False
A,0.5,0.011510361548129788,False
A,0.5,0.8525877323172997,True
A,0.5,0.5579306041650449,True
A,0.5,0.36292116045664724,False
A,0.5,0.0,False
A,0.5,0.0,False
A,0.5,0.38241560896214677,False
A,0.5,0.2764182997774717,False
A,0.5,0.0,False
A,0.5,0.0,False
A,0.5,0.7147597492624527,True
A,0.5,0.6969688007779362,False
A,0.5,0.8211909894666052,True
A,0.5,0.06431562798167823,False
A,0.5,0.21028480966787966,False
A,0.5,0.5837702209487226,False
A,0.5,0.3763107823287062,False
A,0.5,0.12326106918282098,False
A,0.5,0.09911284275976184,False
A,0.5,0.7956958237142544,False
A,0.5,0.581449730728946,False
A,0.5,0.1373271906137924,False
A,0.5,0.8217722761324998,False
A,0.5,0.0,False
A,0.5,0.6756278934559066,False
A,0.5,0.959432102880103,True
A,0.5,0.8425475994322855,False
A,0.5,0.6582900161938725,False
A,0.5,0.1942705625208001,False
A,0.5,0.6343919363132164,False
A,0.5,0.7332401027086369,True
A,0.5,0.4215181241335967,False
A,0.5,0.0,False
A,0.5,0.46689696574250716,False
A,0.5,0.27256347817303217,False
A,0.5,0.19609754614536568,False
A,0.5,0.15002282308367743,False
A,0.5,0.0,False
A,0.5,0.0,False
A,0.5,0.11792826689374847,False
A,0.5,0.791099573491864,True
A,0.5,0.5246753860162612,False
A,0.5,0.9345028609605294,True
A,0.5,0.280048935480547,False
A,0.5,0.810122159147387,True
A,0.5,0.9365754092511127,True
A,0.5,0.0,False
A,0.5,0.0,False
A,0.5,0.2333737709888214,False
A,0.5,0.0,False
A,0.5,0.4278291202571046,False
A,0.5,0.4883262553657456,False
A,0.5,0.0359941205941412,False
A,0.5,0.0,False
A,0.5,0.8120646617106271,True
A,0.5,0.0,False
A,0.5,0.20625547739339645,False
A,0.5,0.0,False
A,0.5,0.4338197407084232,False
A,0.5,0.0,False
A,0.5,0.4487467002184172,False
A,0.5,0.7675177742561428,False
A,0.5,0.03770487978461934,False
A,0.5,0.2191597957139032,False
A,0.5,0.8414883938551014,True
A,0.5,0.4552763807448099,False
A,0.5,0.00838414874690907,False
A,0.5,0.0,False
A,0.5,0.6339653575290123,False
A,0.5,0.6509636725631379,False
A,0.5,0.0,False
A,0.5,0.31801246694446794,False
A,0.5,0.7707334772170538,True
A,0.5,0.4787171565931435,False
A,0.5,0.6944238249088176,True
A,0.5,0.8792236122866935,True
A,0.5,0.24598371611800163,False
A,0.5,0.7447132790570105,True
A,0.5,0.9049652243307177,False
A,0.5,0.7285975545099468,True
A,0.5,0.31446101457122533,False
A,0.5,0.6848598265123508,False
A,0.5,0.20294283177870287,False
A,0.5,0.0,False
A,0.5,0.0,False
A,0.5,0.8395318357386765,True
A,0.5,0.40078391888267817,False
A,0.5,0.11355520694615451,False
A,0.5,0.1432874701547393,False
A,0.5,0.2311728212219174,False
A,0.5,0.6907577419352176,True
A,0.5,0.5853346044929589,True
A,0.5,0.0,False
A,0.5,0.0,False
A,0.5,0.5457651677641477,False
A,0.5,0.0,False
A,0.5,0.3224154168021752,False
A,0.5,0.7997099607268672,True
A,0.5,0.0,False
A,0.5,0.35711876669564024,False
A,0.5,0.3776573128504511,False
A,0.5,0.0,False
A,0.5,0.3138547470094488,False
A,0.5,0.0,False
A,0.5,0.0,False
A,0.5,0.0,False
A,0.5,0.3136090729803551,False
A,0.5,0.12539126673266188,False
A,0.5,0.0,False
A,0.5,0.3097908910768076,False
A,0.5,0.8112863527597015,True
A,0.5,0.0,False
A,0.5,0.24528080768868443,False
A,0.5,0.5119491039291807,False
A,0.5,0.0,False
A,0.5,0.0,False
A,0.5,0.9744502871734098,True
A,0.5,0.2680217294789181,False
A,0.5,0.955973501364569,True
A,0.5,0.0,False
A,0.5,0.2576159987610236,False
A,0.5,0.3901547277900209,False
A,0.5,0.0,False
A,0.5,0.0,False
A,0.5,0.5157929578357239,False
A,0.5,0.9668764610283634,True
A,0.5,0.35410926278149113,False
A,0.5,0.0,False
A,0.5,0.0,False
A,0.5,0.7360794112476038,False
A,0.5,0.9933142649431626,True
A,0.5,0.07268386970473728,False
A,0.5,0.0,False
A,0.5,0.14067513221845407,False
A,0.5,0.7168081336537521,False
A,0.5,0.48902300336266,False
A,0.5,0.0,False
A,0.5,0.38701270083008066,False
A,0.5,0.4056455459762648,False
A,0.5,0.4617961446427904,False
A,0.5,0.0,False
A,0.5,0.6364332257944036,True
A,0.5,0.865918622941685,True
A,0.5,0.1998075105131938,False
A,0.5,0.0,False
A,0.5,0.9408518944129698,True
A,0.5,0.6814861930475965,False
A,0.5,0.3704878667689495,False
A,0.5,0.5446525595638183,False
A,0.5,0.06894996636177675,False
A,0.5,0.09345092131137045,False
A,0.5,0.0,False
A,0.5,0.6286795807211564,False
A,0.5,0.45723723937484584,True
A,0.5,0.0,False
A,0.5,0.9461618183128627,True
A,0.5,0.6313356419487004,False
A,0.5,0.8520383764864795,False
A,0.5,0.9965257633616902,True
A,0.5,0.0,False
A,0.5,0.3335879684985058,False
A,0.5,0.0,False
A,0.5,0.37517906668890655,False
A,0.5,0.9633012382709367,True
A,0.5,0.0,False
A,0.5,0.003413277211780974,False
A,0.5,0.0,False
A,0.5,0.0,False
A,0.5,0.1295607217450102,False
A,0.5,0.9927239223199704,True
A,0.5,0.5910541169187958,False
A,0.5,0.7572236667866272,True
A,0.5,0.054774193055771137,False
A,0.5,0.2302251577776222,False
A,0.5,0.0,False
A,0.5,0.25459329471302583,False
A,0.5,0.8869524896880873,True
A,0.5,0.0,False
A,0.5,0.28844485031395717,False
A,0.5,0.08155894995746316,False
A,0.5,0.11220622967062355,False
A,0.5,0.0,False
A,0.5,0.8203753729874997,False
A,0.5,0.06695028496250521,False
A,0.5,0.46145543323538585,False
A,0.5,0.05917943010821869,False
A,0.5,0.8964825041349594,True
A,0.5,0.0,False
A,0.5,0.8098831199691437,True
A,0.5,0.2210184171634555,False
A,0.5,0.516695908804166,False
A,0.5,0.0,False
A,0.5,0.05043785179384097,False
A,0.5,0.0,False
A,0.5,0.0,False
A,0.5,0.13364893037706338,False
A,0.5,0.7406438414542799,True
A,0.5,0.0,False
A,0.5,0.4358166382816212,False
A,0.5,0.7899075033081957,True
A,0.5,0.3186431057576129,False
A,0.5,0.4555670500870306,False
A,0.5,0.0,False
A,0.5,0.26696262001164217,False
A,0.5,0.5163645586258937,False
A,0.5,0.0,False
A,0.5,0.0,False
A,0.5,0.5441229503075308,False
A,0.5,0.5469392808833565,False
A,0.5,0.0,False
A,0.5,0.861582054219355,True
A,0.5,0.3079369233360789,False
A,0.5,0.12544851417586234,False
A,0.5,0.2861244870068016,False
A,0.5,0.9616679831434697,True
A,0.5,0.5469496254511826,False
A,0.5,0.0,False
A,0.5,0.0,False
A,0.5,0.7749599339230755,True
A,0.5,0.0,False
A,0.5,0.8721287725969142,False
A,0.5,0.0,False
A,0.5,0.08257226613414625,False
A,0.5,0.25952626736318873,False
A,0.5,0.02949195032841856,False
A,0.5,0.36033878281742937,False
A,0.5,0.7922971749495932,True
A,0.5,0.9699363672820864,True
A,0.5,0.9449085067210424,True
A,0.5,0.0,False
A,0.5,0.0,False
A,0.5,0.0,False
A,0.5,0.0,False
A,0.5,0.27737080396013913,False
A,0.5,0.5545661847951572,True
A,0.5,0.21479910644763067,False
A,0.5,0.12181705848383872,False
A,0.5,0.02340178889835598,False
A,0.5,0.8347316890297023,False
A,0.5,0.09503021594176442,False
A,0.5,0.0,False
A,0.5,0.0,False
A,0.5,0.1813346342763399,False
A,0.5,0.6422262872419019,False
A,0.5,0.0,False
A,0.5,0.5828085397326772,False
A,0.5,0.3777641312353238,False
A,0.5,0.9129166163657457,True
A,0.5,0.0,False
A,0.5,0.0,False
A,0.5,0.4229790084574664,False
A,0.5,0.6761681979748487,False
A,0.5,0.0,False
A,0.5,0.26587800282022656,False
A,0.5,0.7643019542084325,True
A,0.5,0.35963058972603423,False
A,0.5,0.6657878086909376,False
A,0.5,0.9926265102485067,True
A,0.5,0.4134024695633255,False
A,0.5,0.8666376275605151,True
A,0.5,0.654003784247838,False
A,0.5,0.7419630041839036,True
A,0.5,0.38524969675764564,False
A,0.5,0.3610393746109989,False
A,0.5,0.6391288828540721,False
A,0.5,0.8047338172281586,True
A,0.5,0.0,False
A,0.5,0.7067169409428031,True
A,0.5,0.0,False
A,0.5,0.8367795398632696,True
A,0.5,0.0,False
A,0.5,0.0,False
A,0.5,0.5571717048007943,False
A,0.5,0.0,False
A,0.5,0.011626909308868338,False
A,0.5,0.821693095101261,True
A,0.5,0.20621450317514867,False
A,0.5,0.0,False
A,0.5,0.0,False
A,0.5,0.0,False
A,0.5,0.9263560491343615,True
A,0.5,0.11454339810438141,False
A,0.5,0.5532529274805673,False
A,0.5,0.827062477485149,True
A,0.5,0.0,False
A,0.5,0.9014322463451474,False
A,0.5,0.6281572808226982,True
A,0.5,0.45583620114176193,False
A,0.5,0.0,False
A,0.5,0.48765882831003526,False
A,0.5,0.5613413822982981,True
A,0.5,0.0,False
A,0.5,0.16369551742151367,False
A,0.5,0.7055956484935998,False
A,0.5,0.6385262553984445,False
A,0.5,0.6121189530095303,False
A,0.5,0.9706337263987872,True
A,0.5,0.2945560967661568,False
A,0.5,0.45331378658106236,False
A,0.5,0.8717507459730808,True
A,0.5,0.4950476116228827,False
A,0.5,0.12140601422463282,False
A,0.5,0.21393269136309245,False
A,0.5,0.7869015768259463,True
A,0.5,0.20747633472349358,False
A,0.5,0.36332072699008944,False
A,0.5,0.9371922494274986,True
A,0.5,0.0,False
A,0.5,0.0,False
A,0.5,0.301538607536442,False
A,0.5,0.262969493359417,False
A,0.5,0.060289021790534414,False
A,0.5,0.0,False
A,0.5,0.4273702975330612,False
A,0.5,0.0,False
A,0.5,0.0,False
A,0.5,0.0,False
A,0.5,0.0,False
A,0.5,0.25806078495976825,False
A,0.5,0.7059523049144512,True
A,0.5,0.0,False
A,0.5,0.8653071693206045,True
A,0.5,0.0,False
A,0.5,0.05559083302205525,False
A,0.5,0.031060841442103415,False
A,0.5,0.0,False
A,0.5,0.7591254754629473,False
A,0.5,0.16402604773164964,False
A,0.5,0.0,False
A,0.5,0.305256658725538,False
A,0.5,0.7071449711968109,False
A,0.5,0.2278686509268869,False
A,0.5,0.0,False
A,0.5,0.1770504649382285,False
A,0.5,0.6961242903894133,True
A,0.5,0.12230515164338907,False
A,0.5,0.0,False
A,0.5,0.0,False
A,0.5,0.7649595910095911,True
A,0.5,0.0,False
A,0.5,0.40191384185293655,True
A,0.5,0.0,False
A,0.5,0.3572741749617897,False
A,0.5,0.3148480066496845,False
A,0.5,0.43770195378453725,False
A,0.5,0.310132259695017,False
A,0.5,0.7932661572554944,True
A,0.5,0.0,False
A,0.5,0.7499705754993833,True
A,0.5,0.0,False
A,0.5,0.006939206593125302,False
A,0.5,0.0,False
A,0.5,0.0,False
A,0.5,0.0,False
A,0.5,0.32145024008611256,False
A,0.5,0.3885903908525512,False
A,0.5,0.9517428957082145,True
A,0.5,0.4798945866683848,False
A,0.5,0.0,False
A,0.5,0.0,False
A,0.5,0.09896185273142777,False
A,0.5,0.1174243690789133,False
A,0.5,0.0,False
A,0.5,0.5855505840613886,False
A,0.5,0.21247452088144947,False
A,0.5,0.0,False
A,0.5,0.0,False
A,0.5,0.555603602632435,False
A,0.5,0.0,False
A,0.5,0.0,False
A,0.5,0.5134353498703974,False
A,0.5,0.138796980517213,False
A,0.5,0.2491142222085404,False
A,0.5,0.7248655915741157,True
A,0.5,0.20366718806446427,False
A,0.5,0.8012700105634867,True
A,0.5,0.6847358536231171,False
A,0.5,0.4561557722678421,False
A,0.5,0.19537850814708058,False
A,0.5,0.0,False
A,0.5,0.5507481694138245,False
A,0.5,0.7060834142147727,True
A,0.5,0.013000122784668333,False
A,0.5,0.41134585387331224,False
A,0.5,0.3122528020138451,False
A,0.5,0.5686504444676492,False
A,0.5,0.46737317056218175,True
A,0.5,0.06945956803249642,False
A,0.5,0.4499840538290535,False
A,0.5,0.676436938791707,True
A,0.5,0.0373243635208117,False
A,0.5,0.0,False
A,0.5,0.7881348725682298,True
A,0.5,0.31869670891880997,False
A,0.5,0.6275615711701487,False
A,0.5,0.24121482696494434,False
A,0.5,0.4484912268801774,False
A,0.5,0.0,False
A,0.5,0.37035620645121703,False
A,0.5,0.0,False
A,0.5,0.20376078054566715,False
A,0.5,0.44457899498821585,False
A,0.5,0.0,False
A,0.5,0.27425489210375253,False
A,0.5,0.6508430200243296,False
A,0.5,0.5461760858266266,False
A,0.5,0.4090296447207512,False
A,0.5,0.8428846157028771,True
A,0.5,0.04826101928902926,False
A,0.5,0.0,False
A,0.5,0.12325680219701995,False
A,0.5,0.7645421301613783,True
A,0.5,0.15467942171575078,False
A,0.5,0.3171064554699189,False
A,0.5,0.0,False
A,0.5,0.8861611807062398,True
A,0.5,0.0,False
A,0.5,0.7912440273012868,True
A,0.5,0.5052344297451095,False
A,0.5,0.0,False
A,0.5,0.7430590632619632,False
A,0.5,0.41415434219302316,False
A,0.5,0.0,False
A,0.5,0.0,False
A,0.5,0.0,False
A,0.5,0.6276042211752481,False
A,0.5,0.04957131679948845,False
A,0.5,0.5830662200711716,False
A,0.5,0.5828210594948634,True
A,0.5,0.0,False
A,0.5,0.02572022972396759,False
A,0.5,0.6850929315504127,True
A,0.5,0.603757209130699,False
A,0.5,0.0,False
A,0.5,0.0,False
A,0.5,0.804261239322842,True
A,0.5,0.9818030681890921,True
A,0.5,0.6762067496623225,False
A,0.5,0.0,False
A,0.5,0.0,False
A,0.5,0.7424563821730873,True
A,0.5,0.7155960656322685,False
A,0.5,0.8314443848051167,True
A,0.5,0.9000610192552091,True
A,0.5,0.0,False
A,0.5,0.25967013245301285,False
A,0.5,0.9812412656217819,True
A,0.5,0.0,False
A,0.5,0.07463593833135662,False
A,0.5,0.964089910960272,True
A,0.5,0.0,False
A,0.5,0.23474444350348322,False
A,0.5,0.0,False
A,0.5,0.0,False
A,0.5,0.0,False
A,0.5,0.0,False
A,0.5,0.0,False
A,0.5,0.8585334257266934,True
A,0.5,0.0,False
A,0.5,0.9799184720499009,True
A,0.5,0.7514345123328452,False
A,0.5,0.0,False
A,0.5,0.05586876146372466,False
A,0.5,0.7319451162872835,True
A,0.5,0.7152610942515091,True
A,0.5,0.897938292042778,True
A,0.5,0.3683528389879117,False
A,0.5,0.18758091649790132,False
A,0.5,0.0,False
A,0.5,0.32849827256765585,False
A,0.5,0.0818690302635997,False
A,0.5,0.20101703979935726,False
A,0.5,0.0,False
A,0.5,0.0,False
A,0.5,0.8320730517321041,True
A,0.5,0.24810181477682447,False
A,0.5,0.6728482019390162,True
A,0.5,0.0,False
A,0.5,0.10770501033902491,False
A,0.5,0.41213544792131807,False
A,0.5,0.07645189868442459,False
A,0.5,0.0,False
A,0.5,0.0,False
A,0.5,0.3480977684315322,False
A,0.5,0.7268660380658495,True
A,0.5,0.7789014524407255,True
A,0.5,0.07642532953755277,False
A,0.5,0.0,False
A,0.5,0.27598489934571435,False
A,0.5,0.0,False
A,0.5,0.8520441085076337,True
A,0.5,0.6102280063480299,False
A,0.5,0.0,False
A,0.5,0.0,False
A,0.5,0.7255179866803316,True
A,0.5,0.0,False
A,0.5,0.17822421372516783,False
A,0.5,0.24602785511296932,False
A,0.5,0.0,False
A,0.5,0.4274614135632385,False
A,0.5,0.5540391033356119,False
A,0.5,0.8681150173952162,True
A,0.5,0.2642830849539256,False
A,0.5,0.0,False
A,0.5,0.7225197215462225,False
A,0.5,0.0,False
A,0.5,0.38015693298464326,False
A,0.5,0.8040795242081408,True
A,0.5,0.9957484229468784,False
A,0.5,0.11139708990832742,False
A,0.5,0.16278219852261067,False
A,0.5,0.7771644182518039,True
A,0.5,0.7609987798046017,True
A,0.5,0.15536462493007086,False
A,0.5,0.0,False
A,0.5,0.9973435859153419,True
A,0.5,0.25443731786826995,False
A,0.5,0.9688526509193268,True
A,0.5,0.8392313973930118,True
A,0.5,0.2219086676460451,False
A,0.5,0.9964301563223453,True
A,0.5,0.45250475198173,False
A,0.5,0.0,False
A,0.5,0.0,False
A,0.5,0.3471492099158192,False
A,0.5,0.0,False
A,0.5,0.8582316316966014,True
A,0.5,0.0,False
A,0.5,0.0,False
A,0.5,0.0,False
A,0.5,0.0,False
A,0.5,0.5139220127668317,False
A,0.5,0.28549048010380185,False
A,0.5,0.7073159185610157,True
A,0.5,0.5005410975663954,False
A,0.5,0.0,False
A,0.5,0.8008502188190147,True
A,0.5,0.2226044093023486,False
A,0.5,0.90088609529608,False
A,0.5,0.0,False
A,0.5,0.5948162142731946,True
A,0.5,0.6063163987947313,False
A,0.5,0.0,False
A,0.5,0.0,False
A,0.5,0.0,False
A,0.5,0.0,False
A,0.5,0.44865523047163614,False
A,0.5,0.5023066231150812,True
A,0.5,0.0,False
A,0.5,0.6362177327123305,False
A,0.5,0.08609922454747554,False
A,0.5,0.08736768840047271,False
A,0.5,0.2500692595035412,False
A,0.5,0.4409251901439877,False
A,0.5,0.3629567289800907,False
A,0.5,0.0,False
A,0.5,0.0,False
A,0.5,0.0,False
A,0.5,0.20167752088252988,False
A,0.5,0.0,False
A,0.5,0.9665300929898768,True
A,0.5,0.0,False
A,0.5,0.05935155272507986,False
A,0.5,0.7835529348210509,False
A,0.5,0.19681985638608956,False
A,0.5,0.1880640676790929,False
A,0.5,0.5531539381198372,False
A,0.5,0.3624230180891507,False
A,0.5,0.00762300444174846,False
A,0.5,0.9841409019213685,True
A,0.5,0.5242909704446421,False
A,0.5,0.2686625628728133,False
A,0.5,0.0,False
A,0.5,0.36973249744543335,False
A,0.5,0.43843804720570834,False
A,0.5,0.3342827493937933,False
A,0.5,0.8619085840877602,True
A,0.5,0.9887035743298374,True
A,0.5,0.0,False
A,0.5,0.011810937538545896,False
A,0.5,0.4325187642145506,False
A,0.5,0.5501858701255441,False
A,0.5,0.7488853480738747,True
A,0.5,0.28565409337011716,False
A,0.5,0.0,False
A,0.5,0.26977680683359573,False
A,0.5,0.06937920267494058,False
A,0.5,0.20748779196456169,False
A,0.5,0.4447232320171678,False
A,0.5,0.0,False
A,0.5,0.38280078674450546,False
A,0.5,0.5634449749637429,False
A,0.5,0.9524103779099066,True
A,0.5,0.0,False
A,0.5,0.9372693393323087,True
A,0.5,0.1567378232925517,False
A,0.5,0.12700689355674488,False
A,0.5,0.0,False
A,0.5,0.0,False
A,0.5,0.2946499500583496,False
A,0.5,0.011510361548129788,False
A,0.5,0.8525877323172997,True
A,0.5,0.5579306041650449,True
A,0.5,0.36292116045664724,False
A,0.5,0.0,False
A,0.5,0.0,False
A,0.5,0.38241560896214677,False
A,0.5,0.2764182997774717,False
A,0.5,0.0,False
A,0.5,0.0,False
A,0.5,0.7147597492624527,True
A,0.5,0.6969688007779362,False
A,0.5,0.8211909894666052,True
A,0.5,0.06431562798167823,False
A,0.5,0.21028480966787966,False
A,0.5,0.5837702209487226,False
A,0.5,0.3763107823287062,False
A,0.5,0.12326106918282098,False
A,0.5,0.09911284275976184,False
A,0.5,0.7956958237142544,False
A,0.5,0.581449730728946,False
A,0.5,0.1373271906137924,False
A,0.5,0.8217722761324998,False
A,0.5,0.0,False
A,0.5,0.6756278934559066,True
A,0.5,0.959432102880103,True
A,0.5,0.8425475994322855,False
A,0.5,0.6582900161938725,False
A,0.5,0.1942705625208001,False
A,0.5,0.6343919363132164,False
A,0.5,0.7332401027086369,True
A,0.5,0.4215181241335967,False
A,0.5,0.0,False
A,0.5,0.46689696574250716,False
A,0.5,0.27256347817303217,False
A,0.5,0.19609754614536568,False
A,0.5,0.15002282308367743,False
A,0.5,0.0,False
A,0.5,0.0,False
A,0.5,0.11792826689374847,False
A,0.5,0.791099573491864,True
A,0.5,0.5246753860162612,False
A,0.5,0.9345028609605294,True
A,0.5,0.280048935480547,False
A,0.5,0.810122159147387,False
A,0.5,0.9365754092511127,True
A,0.5,0.0,False
A,0.5,0.0,False
A,0.5,0.2333737709888214,False
A,0.5,0.0,False
A,0.5,0.4278291202571046,False
A,0.5,0.4883262553657456,False
A,0.5,0.0359941205941412,False
A,0.5,0.0,False
A,0.5,0.8120646617106271,True
A,0.5,0.0,False
A,0.5,0.20625547739339645,False
A,0.5,0.0,False
A,0.5,0.4338197407084232,False
A,0.5,0.0,False
A,0.5,0.4487467002184172,False
A,0.5,0.7675177742561428,False
A,0.5,0.03770487978461934,False
A,0.5,0.2191597957139032,False
A,0.5,0.8414883938551014,True
A,0.5,0.4552763807448099,False
A,0.5,0.00838414874690907,False
A,0.5,0.0,False
A,0.5,0.6339653575290123,False
A,0.5,0.6509636725631379,False
A,0.5,0.0,False
A,0.5,0.31801246694446794,False
A,0.5,0.7707334772170538,True
A,0.5,0.4787171565931435,False
A,0.5,0.6944238249088176,True
A,0.5,0.8792236122866935,True
A,0.5,0.24598371611800163,False
A,0.5,0.7447132790570105,True
A,0.5,0.9049652243307177,True
A,0.5,0.7285975545099468,False
A,0.5,0.31446101457122533,False
A,0.5,0.6848598265123508,False
A,0.5,0.20294283177870287,False
A,0.5,0.0,False
A,0.5,0.0,False
A,0.5,0.8395318357386765,True
A,0.5,0.40078391888267817,False
A,0.5,0.11355520694615451,False
A,0.5,0.1432874701547393,False
A,0.5,0.2311728212219174,False
A,0.5,0.6907577419352176,True
A,0.5,0.5853346044929589,True
A,0.5,0.0,False
A,0.5,0.0,False
A,0.5,0.5457651677641477,False
A,0.5,0.0,False
A,0.5,0.3224154168021752,False
A,0.5,0.7997099607268672,True
A,0.5,0.0,False
A,0.5,0.35711876669564024,False
A,0.5,0.3776573128504511,False
A,0.5,0.0,False
A,0.5,0.3138547470094488,False
A,0.5,0.0,False
A,0.5,0.0,False
A,0.5,0.0,False
A,0.5,0.3136090729803551,False
A,0.5,0.12539126673266188,False
A,0.5,0.0,False
A,0.5,0.3097908910768076,False
A,0.5,0.8112863527597015,True
A,0.5,0.0,False
A,0.5,0.24528080768868443,False
A,0.5,0.5119491039291807,False
A,0.5,0.0,False
A,0.5,0.0,False
A,0.5,0.9744502871734098,True
A,0.5,0.2680217294789181,False
A,0.5,0.955973501364569,True
A,0.5,0.0,False
A,0.5,0.2576159987610236,False
A,0.5,0.3901547277900209,False
A,0.5,0.0,False
A,0.5,0.0,False
A,0.5,0.5157929578357239,False
A,0.5,0.9668764610283634,True
A,0.5,0.35410926278149113,False
A,0.5,0.0,False
A,0.5,0.0,False
A,0.5,0.7360794112476038,False
A,0.5,0.9933142649431626,True
A,0.5,0.07268386970473728,False
A,0.5,0.0,False
A,0.5,0.14067513221845407,False
A,0.5,0.7168081336537521,False
A,0.5,0.48902300336266,False
A,0.5,0.0,False
A,0.5,0.38701270083008066,False
A,0.5,0.4056455459762648,False
A,0.5,0.4617961446427904,False
A,0.5,0.0,False
A,0.5,0.6364332257944036,True
A,0.5,0.865918622941685,True
A,0.5,0.1998075105131938,False
A,0.5,0.0,False
A,0.5,0.9408518944129698,True
A,0.5,0.6814861930475965,False
A,0.5,0.3704878667689495,False
A,0.5,0.5446525595638183,False
A,0.5,0.06894996636177675,False
A,0.5,0.09345092131137045,False
A,0.5,0.0,False
A,0.5,0.6286795807211564,False
A,0.5,0.45723723937484584,True
A,0.5,0.0,False
A,0.5,0.9461618183128627,True
A,0.5,0.6313356419487004,False
A,0.5,0.8520383764864795,False
A,0.5,0.9965257633616902,True
A,0.5,0.0,False
A,0.5,0.3335879684985058,False
A,0.5,0.0,False
A,0.5,0.37517906668890655,False
A,0.5,0.9633012382709367,True
A,0.5,0.0,False
A,0.5,0.003413277211780974,False
A,0.5,0.0,False
A,0.5,0.0,False
A,0.5,0.1295607217450102,False
A,0.5,0.9927239223199704,True
A,0.5,0.5910541169187958,False
A,0.5,0.7572236667866272,True
A,0.5,0.054774193055771137,False
A,0.5,0.2302251577776222,False
A,0.5,0.0,False
A,0.5,0.25459329471302583,False
A,0.5,0.8869524896880873,True
A,0.5,0.0,False
A,0.5,0.28844485031395717,False
A,0.5,0.08155894995746316,False
A,0.5,0.11220622967062355,False
A,0.5,0.0,False
A,0.5,0.8203753729874997,False
A,0.5,0.06695028496250521,False
A,0.5,0.46145543323538585,False
A,0.5,0.05917943010821869,False
A,0.5,0.8964825041349594,True
A,0.5,0.0,False
A,0.5,0.8098831199691437,True
A,0.5,0.2210184171634555,False
A,0.5,0.516695908804166,False
A,0.5,0.0,False
A,0.5,0.05043785179384097,False
A,0.5,0.0,False
A,0.5,0.0,False
A,0.5,0.13364893037706338,False
A,0.5,0.7406438414542799,True
A,0.5,0.0,False
A,0.5,0.4358166382816212,False
A,0.5,0.7899075033081957,True
A,0.5,0.3186431057576129,False
A,0.5,0.4555670500870306,True
A,0.5,0.0,False
A,0.5,0.26696262001164217,False
A,0.5,0.5163645586258937,False
A,0.5,0.0,False
A,0.5,0.0,False
A,0.5,0.5441229503075308,False
A,0.5,0.5469392808833565,False
A,0.5,0.0,False
A,0.5,0.861582054219355,False
A,0.5,0.3079369233360789,False
A,0.5,0.12544851417586234,False
A,0.5,0.2861244870068016,False
A,0.5,0.9616679831434697,True
A,0.5,0.5469496254511826,False
A,0.5,0.0,False
A,0.5,0.0,False
A,0.5,0.7749599339230755,True
A,0.5,0.0,False
A,0.5,0.8721287725969142,True
A,0.5,0.0,False
A,0.5,0.08257226613414625,False
A,0.5,0.25952626736318873,False
A,0.5,0.02949195032841856,False
A,0.5,0.36033878281742937,False
A,0.5,0.7922971749495932,True
A,0.5,0.9699363672820864,True
A,0.5,0.9449085067210424,True
A,0.5,0.0,False
A,0.5,0.0,False
A,0.5,0.0,False
A,0.5,0.0,False
A,0.5,0.27737080396013913,False
A,0.5,0.5545661847951572,True
A,0.5,0.21479910644763067,False
A,0.5,0.12181705848383872,False
A,0.5,0.02340178889835598,False
A,0.5,0.8347316890297023,True
A,0.5,0.09503021594176442,False
A,0.5,0.0,False
A,0.5,0.0,False
A,0.5,0.1813346342763399,False
A,0.5,0.6422262872419019,False
A,0.5,0.0,False
A,0.5,0.5828085397326772,False
A,0.5,0.3777641312353238,False
A,0.5,0.9129166163657457,True
A,0.5,0.0,False
A,0.5,0.0,False
A,0.5,0.4229790084574664,False
A,0.5,0.6761681979748487,False
A,0.5,0.0,False
A,0.5,0.26587800282022656,False
A,0.5,0.7643019542084325,True
A,0.5,0.35963058972603423,False
A,0.5,0.6657878086909376,False
A,0.5,0.9926265102485067,True
A,0.5,0.4134024695633255,False
A,0.5,0.8666376275605151,True
A,0.5,0.654003784247838,False
A,0.5,0.7419630041839036,True
A,0.5,0.38524969675764564,False
A,0.5,0.3610393746109989,False
A,0.5,0.6391288828540721,True
A,0.5,0.8047338172281586,True
A,0.5,0.0,False
A,0.5,0.7067169409428031,True
A,0.5,0.0,False
A,0.5,0.8367795398632696,True
A,0.5,0.0,False
A,0.5,0.0,False
A,0.5,0.5571717048007943,False
A,0.5,0.0,False
A,0.5,0.011626909308868338,False
A,0.5,0.821693095101261,True
A,0.5,0.20621450317514867,False
A,0.5,0.0,False
A,0.5,0.63028504199585,False
A,0.5,0.9634599498587979,True
A,0.5,0.7445323447316395,False
A,0.5,0.18319108856813948,False
A,0.5,0.24291044160673425,False
A,0.5,0.881090977277478,True
A,0.5,0.350084976574359,False
A,0.5,0.3654057828522257,False
A,0.5,0.6994374350433495,False
A,0.5,0.5710962128276865,False
A,0.5,0.7743677200465746,True
A,0.5,0.4144182602774533,False
A,0.5,0.0,False
A,0.5,0.055040160262390336,False
A,0.5,0.6153889383016701,False
A,0.5,0.9839775187943846,True
A,0.5,0.2586727068816741,False
A,0.5,0.01931974966201111,False
A,0.5,0.8291090758359085,True
A,0.5,0.9020216806972198,True
A,0.5,0.3762142573946784,False
A,0.5,0.4875282378859911,False
A,0.5,0.10249130634113124,False
A,0.5,0.716651846855505,False
A,0.5,0.0,False
A,0.5,0.0,False
A,0.5,0.7379188220515808,True
A,0.5,0.0,False
A,0.5,0.12588959091779528,False
A,0.5,0.5514150875866445,False
A,0.5,0.0,False
A,0.5,0.6669995573283449,False
A,0.5,0.4014409820543685,False
A,0.5,0.27016927173559935,False
A,0.5,0.0,False
A,0.5,0.4130538233562502,False
A,0.5,0.0,False
A,0.5,0.0,False
A,0.5,0.7319348382222622,True
A,0.5,0.9857016033009545,True
A,0.5,0.19647540623878312,False
A,0.5,0.19637500161710908,False
A,0.5,0.34881814975135206,False
A,0.5,0.0,False
A,0.5,0.2922629518676114,False
A,0.5,0.12012766558762089,False
A,0.5,0.0,False
A,0.5,0.9601838280131952,True
A,0.5,0.0,False
A,0.5,0.0,False
A,0.5,0.49811475011145134,False
A,0.5,0.0,False
A,0.5,0.1996664170108109,False
A,0.5,0.0,False
A,0.5,0.15101401833628048,False
A,0.5,0.007737831166067077,False
A,0.5,0.2617630114773103,False
A,0.5,0.366004263138887,False
A,0.5,0.2845386917906385,False
A,0.5,0.8271426599315925,True
A,0.5,0.03501582654780033,False
A,0.5,0.02361311456030679,False
A,0.5,0.0,False
A,0.5,0.7348457977475449,False
A,0.5,0.0,False
A,0.5,0.04094056702485027,False
A,0.5,0.3670988444121459,False
A,0.5,0.0,False
A,0.5,0.5989842405748503,True
A,0.5,0.3795280211268389,False
A,0.5,0.3669053601022315,False
A,0.5,0.7329287816963693,False
A,0.5,0.37373508098734975,False
A,0.5,0.033368513443150505,False
A,0.5,0.7299166411738466,True
A,0.5,0.6203134426162425,False
A,0.5,0.29635586772300127,False
A,0.5,0.0,False
A,0.5,0.0,False
A,0.5,0.18821661970305237,False
A,0.5,0.20618366620135808,False
A,0.5,0.7127536333933016,True
A,0.5,0.7416024886633192,True
A,0.5,0.7880247061175553,False
A,0.5,0.9595320674410683,False
A,0.5,0.8597298960211317,True
A,0.5,0.31711959454269434,False
A,0.5,0.0,False
A,0.5,0.08766045839838266,False
A,0.5,0.5594331221452232,False
A,0.5,0.0,False
A,0.5,0.5295228738953976,False
A,0.5,0.0,False
A,0.5,0.0,False
A,0.5,0.5714532980564526,False
A,0.5,0.4124488861943696,False
A,0.5,0.9165962344234594,True
A,0.5,0.2740018632934177,False
A,0.5,0.0,False
A,0.5,0.0,False
A,0.5,0.5907537257003852,True
A,0.5,0.6622715539611231,False
A,0.5,0.7494139740245637,True
A,0.5,0.8242738925347316,False
A,0.5,0.05494082493486918,False
A,0.5,0.0,False
A,0.5,0.9651887909450777,True
A,0.5,0.0,False
A,0.5,0.0,False
A,0.5,0.18505000897948964,False
A,0.5,0.3261605867895414,False
A,0.5,0.3870822176571833,False
A,0.5,0.1804609934357403,False
A,0.5,0.21213571062373715,False
A,0.5,0.6738635238066151,False
A,0.5,0.09962962469234882,False
A,0.5,0.0,False
A,0.5,0.0,False
A,0.5,0.06986283268754712,False
A,0.5,0.0,False
A,0.5,0.10539697520100155,False
A,0.5,0.0,False
A,0.5,0.297069452857034,False
A,0.5,0.0,False
A,0.5,0.7841927982661011,True
A,0.5,0.17323440982813154,False
A,0.5,0.0,False
A,0.5,0.0,False
A,0.5,0.6452134642964544,False
A,0.5,0.09132053126396966,False
A,0.5,0.0,False
A,0.5,0.0,False
A,0.5,0.0,False
A,0.5,0.16759293226269967,False
A,0.5,0.04211020482994288,False
A,0.5,0.0,False
A,0.5,0.18482312994098704,False
A,0.5,0.8742313232185897,True
A,0.5,0.43381529152382126,False
A,0.5,0.8007953192436963,True
A,0.5,0.022059151356833673,False
A,0.5,0.0,False
A,0.5,0.6361679899432444,False
A,0.5,0.0,False
A,0.5,0.763734024910081,True
A,0.5,0.32410925166257676,False
A,0.5,0.06747027798701233,False
A,0.5,0.1259529882406485,False
A,0.5,0.5454632786087397,False
A,0.5,0.05127516813849908,False
A,0.5,0.23255070920537835,False
A,0.5,0.17379182753332412,False
A,0.5,0.3758472478875512,False
A,0.5,0.0,False
A,0.5,0.9177116229801188,True
A,0.5,0.457249624593267,False
A,0.5,0.0,False
A,0.5,0.5213559586546009,False
A,0.5,0.65695420151688,True
A,0.5,0.0,False
A,0.5,0.5415327799303805,False
A,0.5,0.7121119322918992,True
A,0.5,0.9531052644630688,False
A,0.5,0.8486587553830462,True
A,0.5,0.0,False
A,0.5,0.8857373568509661,False
A,0.5,0.5736913360465714,True
A,0.5,0.8533038140712704,True
A,0.5,0.5906034027810029,False
A,0.5,0.1420477058674684,False
A,0.5,0.5570502724431171,False
A,0.5,0.0,False
A,0.5,0.5969647914908439,True
A,0.5,0.8099452126179557,True
A,0.5,0.8704786228649428,False
A,0.5,0.580367043609974,True
A,0.5,0.22413863557468294,False
A,0.5,0.06559858356043657,False
A,0.5,0.2362296621402784,False
A,0.5,0.0,False
A,0.5,0.8888643749228888,False
A,0.5,0.7654485859360864,True
A,0.5,0.007312717682117387,False
A,0.5,0.28811224568502247,False
A,0.5,0.0,False
A,0.5,0.3448862380157586,False
A,0.5,0.26800981941263724,False
A,0.5,0.2561535327114225,False
A,0.5,0.9691699269495108,True
A,0.5,0.5388409901269166,False
A,0.5,0.5708160813005236,False
A,0.5,0.4053795454263748,False
A,0.5,0.6280051775132077,False
A,0.5,0.7424271080024819,True
A,0.5,0.5437090167721177,False
A,0.5,0.360652721975514,False
A,0.5,0.9516255418506456,False
A,0.5,0.2557582642937589,False
A,0.5,0.7003102428164323,False
A,0.5,0.0,False
A,0.5,0.3877187369986086,False
A,0.5,0.8732274355711492,True
A,0.5,0.0,False
A,0.5,0.9676249870315241,True
A,0.5,0.17642803061461665,False
A,0.5,0.0,False
A,0.5,0.014799937657220652,False
A,0.5,0.44143643162542123,False
A,0.5,0.0825359727493089,False
A,0.5,0.0,False
A,0.5,0.3159580791401623,False
A,0.5,0.4873815820587918,False
A,0.5,0.42472527726722875,False
A,0.5,0.10672702251827204,False
A,0.5,0.0,False
A,0.5,0.11570929329832147,False
A,0.5,0.36035698312998554,False
A,0.5,0.7481604485710527,True
A,0.5,0.0,False
A,0.5,0.04568777007032965,False
A,0.5,0.0,False
A,0.5,0.1413634595538258,False
A,0.5,0.0,False
A,0.5,0.0,False
A,0.5,0.9748854175905532,True
A,0.5,0.9415208062303886,True
A,0.5,0.5065783924556506,False
A,0.5,0.4698115493786469,False
A,0.5,0.8077450017907357,True
A,0.5,0.4242664119885947,False
A,0.5,0.8769365403994884,True
A,0.5,0.9971135134703464,True
A,0.5,0.7795269647389356,False
A,0.5,0.29516945370866954,False
A,0.5,0.8890398313380038,True
A,0.5,0.0,False
A,0.5,0.01522955803758197,False
A,0.5,0.7853718727711776,False
A,0.5,0.21145217736472555,False
A,0.5,0.17482299073552032,False
A,0.5,0.43013249514729834,False
A,0.5,0.0,False
A,0.5,0.7691492443561903,True
A,0.5,0.7925693304646441,True
A,0.5,0.0,False
A,0.5,0.0,False
A,0.5,0.04314583425207241,False
A,0.5,0.8824500753501214,False
A,0.5,0.6393145435787696,False
A,0.5,0.0,False
A,0.5,0.0,False
A,0.5,0.41685311194987684,False
A,0.5,0.4363500066316931,True
A,0.5,0.0,False
A,0.5,0.0,False
A,0.5,0.0,False
A,0.5,0.7501929972587963,False
A,0.5,0.5676802776729036,False
A,0.5,0.0,False
A,0.5,0.0,False
A,0.5,0.327411213943968,False
A,0.5,0.0,False
A,0.5,0.0,False
A,0.5,0.1109087399855575,False
A,0.5,0.0,False
A,0.5,0.7528815187848357,True
A,0.5,0.7833322361802256,False
A,0.5,0.0,False
A,0.5,0.2557423539243464,False
A,0.5,0.3769629042982713,False
A,0.5,0.9949284890979376,True
A,0.5,0.6356847031717933,False
A,0.5,0.0,False
A,0.5,0.39090773444089044,False
A,0.5,0.0,False
A,0.5,0.0,False
A,0.5,0.6846872482136079,False
A,0.5,0.04857827592523145,False
A,0.5,0.6868462879054991,True
A,0.5,0.0,False
A,0.5,0.0,False
A,0.5,0.7950991198011389,False
A,0.5,0.0,False
A,0.5,0.40666103584688496,False
A,0.5,0.8642145844200276,True
A,0.5,0.0,False
A,0.5,0.0,False
A,0.5,0.22424577355843478,False
A,0.5,0.6046475948657102,False
A,0.5,0.5772017290560374,False
A,0.5,0.1837794333944771,False
A,0.5,0.5985019024161323,False
A,0.5,0.6839630216250651,False
A,0.5,0.34092114207560575,False
A,0.5,0.24334825403740024,False
A,0.5,0.09288558720134044,False
A,0.5,0.436359815370306,False
A,0.5,0.0,False
A,0.5,0.982136671659408,True
A,0.5,0.8059657575022292,True
A,0.5,0.0,False
A,0.5,0.5083131966771333,False
A,0.5,0.4708417803844258,False
A,0.5,0.0,False
A,0.5,0.6170596572784691,False
A,0.5,0.4393362063308124,False
A,0.5,0.0,False
A,0.5,0.0,False
A,0.5,0.72275820303881,False
A,0.5,0.47034211943354454,False
A,0.5,0.9861731188562664,True
A,0.5,0.7939155647734532,True
A,0.5,0.07605322376876633,False
A,0.5,0.09022278161048658,False
A,0.5,0.04065404234074044,False
A,0.5,0.37856283480141617,False
A,0.5,0.0,False
A,0.5,0.0,False
A,0.5,0.6165199957474929,False
A,0.5,0.0,False
A,0.5,0.8527525565923589,True
A,0.5,0.23234805582067686,False
A,0.5,0.0,False
A,0.5,0.16535472103174598,False
A,0.5,0.41218604175872164,False
A,0.5,0.0,False
A,0.5,0.96318282958431,True
A,0.5,0.0,False
A,0.5,0.1181656950991421,False
A,0.5,0.050794352088987416,False
A,0.5,0.0,False
A,0.5,0.0,False
A,0.5,0.8399040554514603,True
A,0.5,0.3416318807345602,False
A,0.5,0.0,False
A,0.5,0.757811530992536,True
A,0.5,0.7982461871284325,True
A,0.5,0.0,False
A,0.5,0.030967285152623147,False
A,0.5,0.02953421680847923,False
A,0.5,0.0,False
A,0.5,0.0,False
A,0.5,0.2219372354492798,False
A,0.5,0.5164719905507352,False
A,0.5,0.0,False
A,0.5,0.4863370322322924,False
A,0.5,0.0,False
A,0.5,0.0,False
A,0.5,0.0,False
A,0.5,0.5565001103523982,False
A,0.5,0.0,False
A,0.5,0.0,False
A,0.5,0.011107300811403431,False
A,0.5,0.0,False
A,0.5,0.2165324007917072,False
A,0.5,0.3128042983984676,False
A,0.5,0.3031517268034275,False
A,0.5,0.0607429767034694,False
A,0.5,0.2788813493677379,False
A,0.5,0.0,False
A,0.5,0.828310747801972,True
A,0.5,0.0,False
A,0.5,0.2672625119229517,False
A,0.5,0.6263373750441452,False
A,0.5,0.0,False
A,0.5,0.20800325049447643,False
A,0.5,0.9935575550120123,True
A,0.5,0.9278845294818294,True
A,0.5,0.0,False
A,0.5,0.40079086616779735,False
A,0.5,0.3990624537565033,False
A,0.5,0.4135328579638333,False
A,0.5,0.25227268014469884,False
A,0.5,0.0,False
A,0.5,0.0,False
A,0.5,0.7508147439976317,True
A,0.5,0.781151794115272,False
A,0.5,0.54837275043031,False
A,0.5,0.7591407226701534,True
A,0.5,0.0,False
A,0.5,0.0,False
A,0.5,0.0,False
A,0.5,0.5685658736505947,False
A,0.5,0.8527131298342643,True
A,0.5,0.7688756283047692,False
A,0.5,0.22351341553300508,False
A,0.5,0.0,False
A,0.5,0.37012623768893327,False
A,0.5,0.0,False
A,0.5,0.2367442736688774,False
A,0.5,0.8532449277473779,True
A,0.5,0.0,False
A,0.5,0.3595925058161942,False
A,0.5,0.36189902376688776,False
A,0.5,0.8817125714344277,True
A,0.5,0.0,False
A,0.5,0.12145156220572662,False
A,0.5,0.0,False
A,0.5,0.0,False
A,0.5,0.2731718500395026,False
A,0.5,0.0,False
A,0.5,0.6154215798691612,False
A,0.5,0.13772709359058966,False
A,0.5,0.0,False
A,0.5,0.37813132332581334,False
A,0.5,0.9747011790017719,True
A,0.5,0.46771912029650375,False
A,0.5,0.2434519310098887,False
A,0.5,0.44809251938504235,False
A,0.5,0.5222811401280507,False
A,0.5,0.43974595909152214,False
A,0.5,0.1942278185934201,False
A,0.5,0.0,False
A,0.5,0.9576001129864793,True
A,0.5,0.0,False
A,0.5,0.515503092802047,False
A,0.5,0.0,False
A,0.5,0.15707043183403568,False
A,0.5,0.6265095558309404,True
A,0.5,0.3623006400102272,False
A,0.5,0.0,False
A,0.5,0.0,False
A,0.5,0.9498353582156631,True
A,0.5,0.19950492639758488,False
A,0.5,0.0,False
A,0.5,0.8941457648764839,False
A,0.5,0.3248057520981753,False
A,0.5,0.560306468603468,False
A,0.5,0.803056485601128,True
A,0.5,0.16621043925196677,False
A,0.5,0.7693539324953906,True
A,0.5,0.32077564379866796,False
A,0.5,0.0,False
A,0.5,0.0,False
A,0.5,0.9302505149989484,True
A,0.5,0.22068561450452928,False
A,0.5,0.7717784553216298,True
A,0.5,0.5513668955296347,False
A,0.5,0.22745752863062185,False
A,0.5,0.0,False
A,0.5,0.0,False
A,0.5,0.0,False
A,0.5,0.0,False
A,0.5,0.7606093385481432,False
A,0.5,0.08313747355370305,False
A,0.5,0.45191888160870564,False
A,0.5,0.9314651387937418,True
A,0.5,0.0,False
A,0.5,0.0,False
A,0.5,0.0,False
A,0.5,0.3991641258026004,False
A,0.5,0.3060070282329602,False
A,0.5,0.271141225332187,False
A,0.5,0.4969456987196045,False
A,0.5,0.06884670019139472,False
A,0.5,0.040168321220969916,False
A,0.5,0.0,False
A,0.5,0.06714057639204118,False
A,0.5,0.9606442843790454,True
A,0.5,0.03623410087437162,False
A,0.5,0.09538495980189576,False
A,0.5,0.8353720946392282,False
A,0.5,0.0,False
A,0.5,0.8491674329273765,True
A,0.5,0.2546244512826594,False
A,0.5,0.6430381876033587,False
A,0.5,0.4809946665230592,False
A,0.5,0.0,False
A,0.5,0.0,False
A,0.5,0.2127778683382121,False
A,0.5,0.0,False
A,0.5,0.0,False
A,0.5,0.03491148812464806,False
A,0.5,0.0,False
A,0.5,0.0,False
A,0.5,0.3852731259822523,False
A,0.5,0.03318636890690063,False
A,0.5,0.6677439863767949,False
A,0.5,0.0,False
A,0.5,0.8474752297395308,True
A,0.5,0.0,False
A,0.5,0.37168686385097915,False
A,0.5,0.6624430012731346,True
A,0.5,0.0,False
A,0.5,0.0,False
A,0.5,0.0,False
A,0.5,0.7664458352484722,True
A,0.5,0.0,False
A,0.5,0.0635601094323931,False
A,0.5,0.8561929569339957,True
A,0.5,0.1511189360374331,False
A,0.5,0.0698608492133499,False
A,0.5,0.07779871622287238,False
A,0.5,0.057470820565511005,False
A,0.5,0.7838451238241726,False
A,0.5,0.9972960104346924,True
A,0.5,0.21227232996738055,False
A,0.5,0.0,False
A,0.5,0.3600189402992018,False
A,0.5,0.9084385515600013,True
A,0.5,0.43692627635148196,False
A,0.5,0.1312112650725441,False
A,0.5,0.7059585071555413,False
A,0.5,0.0,False
A,0.5,0.7436034955153666,True
A,0.5,0.8422229927711888,True
A,0.5,0.8843882614180864,True
A,0.5,0.7446386277905003,False
A,0.5,0.0,False
A,0.5,0.4542413925735429,False
A,0.5,0.5220142523020112,False
A,0.5,0.0,False
A,0.5,0.0,False
A,0.5,0.0,False
A,0.5,0.11628702429110749,False
A,0.5,0.24813874823600435,False
A,0.5,0.5401875389450189,False
A,0.5,0.738701536916902,False
A,0.5,0.5230287334823139,False
A,0.5,0.9402868389162482,True
A,0.5,0.5711236930604888,False
A,0.5,0.8782076532913922,True
A,0.5,0.4624088719955435,False
A,0.5,0.2946299387596214,False
A,0.5,0.6801816346580534,False
A,0.5,0.3283975966957101,False
A,0.5,0.0,False
A,0.5,0.5571953522738751,False
A,0.5,0.6250245768336146,False
A,0.5,0.17515764798200495,False
A,0.5,0.052694166910901674,False
A,0.5,0.09884327098746981,False
A,0.5,0.9078988279221801,True
A,0.5,0.8311831463834503,True
A,0.5,0.8774726140539281,True
A,0.5,0.3764722393255301,False
A,0.5,0.0,False
A,0.5,0.5724315573770133,False
A,0.5,0.0,False
A,0.5,0.7246329263954773,False
A,0.5,0.3888007840269686,False
A,0.5,0.0,False
A,0.5,0.0,False
A,0.5,0.9796402955905058,True
A,0.5,0.8906143851341594,True
A,0.5,0.0,False
A,0.5,0.0,False
A,0.5,0.2966413183488865,False
A,0.5,0.0,False
A,0.5,0.0,False
A,0.5,0.6354346204609029,True
A,0.5,0.06327751526561032,False
A,0.5,0.0,False
A,0.5,0.0,False
A,0.5,0.8341360818546757,True
A,0.5,0.0,False
A,0.5,0.46368884468239113,False
A,0.5,0.9861962331902299,True
A,0.5,0.0,False
A,0.5,0.5237864546038213,False
A,0.5,0.5221414110081801,True
A,0.5,0.5672691826950079,False
A,0.5,0.38372935444981515,False
A,0.5,0.2811684452131733,False
A,0.5,0.5290949272708423,False
A,0.5,0.05709122907476494,False
A,0.5,0.0,False
A,0.5,0.8093480912122899,True
A,0.5,0.8593973402216893,True
A,0.5,0.0,False
A,0.5,0.0,False
A,0.5,0.0,False
A,0.5,0.6429345176991529,False
A,0.5,0.0,False
A,0.5,0.0,False
A,0.5,0.2191448976166731,False
A,0.5,0.6286284419362176,False
A,0.5,0.12173156011630848,False
A,0.5,0.4227871285848287,False
A,0.5,0.97611457555343,True
A,0.5,0.0,False
A,0.5,0.7062285707228009,True
A,0.5,0.7944520418710401,True
A,0.5,0.9763534597652219,True
A,0.5,0.5373994199743598,False
A,0.5,0.0,False
A,0.5,0.6554581189194483,False
A,0.5,0.4899135731936518,False
A,0.5,0.5636049912846052,False
A,0.5,0.20260696599470962,False
A,0.5,0.13056273613766145,False
A,0.5,0.7566486188208974,True
A,0.5,0.7846575070164252,True
A,0.5,0.2919943370062458,False
A,0.5,0.542786379045893,False
A,0.5,0.0,False
A,0.5,0.15020720812469046,False
A,0.5,0.0,False
A,0.5,0.7748315507148418,True
A,0.5,0.0,False
A,0.5,0.63028504199585,False
A,0.5,0.9634599498587979,True
A,0.5,0.7445323447316395,False
A,0.5,0.18319108856813948,False
A,0.5,0.24291044160673425,False
A,0.5,0.881090977277478,True
A,0.5,0.350084976574359,False
A,0.5,0.3654057828522257,False
A,0.5,0.6994374350433495,True
A,0.5,0.5710962128276865,True
A,0.5,0.7743677200465746,True
A,0.5,0.4144182602774533,False
A,0.5,0.0,False
A,0.5,0.055040160262390336,False
A,0.5,0.6153889383016701,False
A,0.5,0.9839775187943846,True
A,0.5,0.2586727068816741,False
A,0.5,0.01931974966201111,False
A,0.5,0.8291090758359085,True
A,0.5,0.9020216806972198,True
A,0.5,0.3762142573946784,False
A,0.5,0.4875282378859911,False
A,0.5,0.10249130634113124,False
A,0.5,0.716651846855505,False
A,0.5,0.0,False
A,0.5,0.0,False
A,0.5,0.7379188220515808,True
A,0.5,0.0,False
A,0.5,0.12588959091779528,False
A,0.5,0.5514150875866445,False
A,0.5,0.0,False
A,0.5,0.6669995573283449,False
A,0.5,0.4014409820543685,False
A,0.5,0.27016927173559935,False
A,0.5,0.0,False
A,0.5,0.4130538233562502,False
A,0.5,0.0,False
A,0.5,0.0,False
A,0.5,0.7319348382222622,True
A,0.5,0.9857016033009545,True
A,0.5,0.19647540623878312,False
A,0.5,0.19637500161710908,False
A,0.5,0.34881814975135206,False
A,0.5,0.0,False
A,0.5,0.2922629518676114,False
A,0.5,0.12012766558762089,False
A,0.5,0.0,False
A,0.5,0.9601838280131952,True
A,0.5,0.0,False
A,0.5,0.0,False
A,0.5,0.49811475011145134,False
A,0.5,0.0,False
A,0.5,0.1996664170108109,False
A,0.5,0.0,False
A,0.5,0.15101401833628048,False
A,0.5,0.007737831166067077,False
A,0.5,0.2617630114773103,False
A,0.5,0.366004263138887,False
A,0.5,0.2845386917906385,False
A,0.5,0.8271426599315925,True
A,0.5,0.03501582654780033,False
A,0.5,0.02361311456030679,False
A,0.5,0.0,False
A,0.5,0.7348457977475449,False
A,0.5,0.0,False
A,0.5,0.04094056702485027,False
A,0.5,0.3670988444121459,False
A,0.5,0.0,False
A,0.5,0.5989842405748503,True
A,0.5,0.3795280211268389,False
A,0.5,0.3669053601022315,False
A,0.5,0.7329287816963693,False
A,0.5,0.37373508098734975,False
A,0.5,0.033368513443150505,False
A,0.5,0.7299166411738466,True
A,0.5,0.6203134426162425,False
A,0.5,0.29635586772300127,False
A,0.5,0.0,False
A,0.5,0.0,False
A,0.5,0.18821661970305237,False
A,0.5,0.20618366620135808,False
A,0.5,0.7127536333933016,True
A,0.5,0.7416024886633192,True
A,0.5,0.7880247061175553,False
A,0.5,0.9595320674410683,False
A,0.5,0.8597298960211317,True
A,0.5,0.31711959454269434,False
A,0.5,0.0,False
A,0.5,0.08766045839838266,False
A,0.5,0.5594331221452232,False
A,0.5,0.0,False
A,0.5,0.5295228738953976,False
A,0.5,0.0,False
A,0.5,0.0,False
A,0.5,0.5714532980564526,False
A,0.5,0.4124488861943696,False
A,0.5,0.9165962344234594,True
A,0.5,0.2740018632934177,False
A,0.5,0.0,False
A,0.5,0.0,False
A,0.5,0.5907537257003852,True
A,0.5,0.6622715539611231,True
A,0.5,0.7494139740245637,True
A,0.5,0.8242738925347316,True
A,0.5,0.05494082493486918,False
A,0.5,0.0,False
A,0.5,0.9651887909450777,True
A,0.5,0.0,False
A,0.5,0.0,False
A,0.5,0.18505000897948964,False
A,0.5,0.3261605867895414,False
A,0.5,0.3870822176571833,False
A,0.5,0.1804609934357403,False
A,0.5,0.21213571062373715,False
A,0.5,0.6738635238066151,False
A,0.5,0.09962962469234882,False
A,0.5,0.0,False
A,0.5,0.0,False
A,0.5,0.06986283268754712,False
A,0.5,0.0,False
A,0.5,0.10539697520100155,False
A,0.5,0.0,False
A,0.5,0.297069452857034,False
A,0.5,0.0,False
A,0.5,0.7841927982661011,True
A,0.5,0.17323440982813154,False
A,0.5,0.0,False
A,0.5,0.0,False
A,0.5,0.6452134642964544,False
A,0.5,0.09132053126396966,False
A,0.5,0.0,False
A,0.5,0.0,False
A,0.5,0.0,False
A,0.5,0.16759293226269967,False
A,0.5,0.04211020482994288,False
A,0.5,0.0,False
A,0.5,0.18482312994098704,False
A,0.5,0.8742313232185897,True
A,0.5,0.43381529152382126,False
A,0.5,0.8007953192436963,True
A,0.5,0.022059151356833673,False
A,0.5,0.0,False
A,0.5,0.6361679899432444,False
A,0.5,0.0,False
A,0.5,0.763734024910081,True
A,0.5,0.32410925166257676,False
A,0.5,0.06747027798701233,False
A,0.5,0.1259529882406485,False
A,0.5,0.5454632786087397,False
A,0.5,0.05127516813849908,False
A,0.5,0.23255070920537835,False
A,0.5,0.17379182753332412,False
A,0.5,0.3758472478875512,False
A,0.5,0.0,False
A,0.5,0.9177116229801188,True
A,0.5,0.457249624593267,False
A,0.5,0.0,False
A,0.5,0.5213559586546009,False
A,0.5,0.65695420151688,True
A,0.5,0.0,False
A,0.5,0.5415327799303805,False
A,0.5,0.7121119322918992,True
A,0.5,0.9531052644630688,False
A,0.5,0.8486587553830462,True
A,0.5,0.0,False
A,0.5,0.8857373568509661,False
A,0.5,0.5736913360465714,False
A,0.5,0.8533038140712704,True
A,0.5,0.5906034027810029,False
A,0.5,0.1420477058674684,False
A,0.5,0.5570502724431171,False
A,0.5,0.0,False
A,0.5,0.5969647914908439,True
A,0.5,0.8099452126179557,True
A,0.5,0.8704786228649428,False
A,0.5,0.580367043609974,False
A,0.5,0.22413863557468294,False
A,0.5,0.06559858356043657,False
A,0.5,0.2362296621402784,False
A,0.5,0.0,False
A,0.5,0.8888643749228888,False
A,0.5,0.7654485859360864,True
A,0.5,0.007312717682117387,False
A,0.5,0.28811224568502247,False
A,0.5,0.0,False
A,0.5,0.3448862380157586,False
A,0.5,0.26800981941263724,False
A,0.5,0.2561535327114225,False
A,0.5,0.9691699269495108,True
A,0.5,0.5388409901269166,False
A,0.5,0.5708160813005236,False
A,0.5,0.4053795454263748,False
A,0.5,0.6280051775132077,False
A,0.5,0.7424271080024819,True
A,0.5,0.5437090167721177,False
A,0.5,0.360652721975514,False
A,0.5,0.9516255418506456,True
A,0.5,0.2557582642937589,False
A,0.5,0.7003102428164323,False
A,0.5,0.0,False
A,0.5,0.3877187369986086,False
A,0.5,0.8732274355711492,True
A,0.5,0.0,False
A,0.5,0.9676249870315241,True
A,0.5,0.17642803061461665,False
A,0.5,0.0,False
A,0.5,0.014799937657220652,False
A,0.5,0.44143643162542123,False
A,0.5,0.0825359727493089,False
A,0.5,0.0,False
A,0.5,0.3159580791401623,False
A,0.5,0.4873815820587918,False
A,0.5,0.42472527726722875,False
A,0.5,0.10672702251827204,False
A,0.5,0.0,False
A,0.5,0.11570929329832147,False
A,0.5,0.36035698312998554,False
A,0.5,0.7481604485710527,False
A,0.5,0.0,False
A,0.5,0.04568777007032965,False
A,0.5,0.0,False
A,0.5,0.1413634595538258,False
A,0.5,0.0,False
A,0.5,0.0,False
A,0.5,0.9748854175905532,True
A,0.5,0.9415208062303886,True
A,0.5,0.5065783924556506,False
A,0.5,0.4698115493786469,False
A,0.5,0.8077450017907357,False
A,0.5,0.4242664119885947,False
A,0.5,0.8769365403994884,True
A,0.5,0.9971135134703464,True
A,0.5,0.7795269647389356,False
A,0.5,0.29516945370866954,False
A,0.5,0.8890398313380038,True
A,0.5,0.0,False
A,0.5,0.01522955803758197,False
A,0.5,0.7853718727711776,False
A,0.5,0.21145217736472555,False
A,0.5,0.17482299073552032,False
A,0.5,0.43013249514729834,False
A,0.5,0.0,False
A,0.5,0.7691492443561903,True
A,0.5,0.7925693304646441,True
A,0.5,0.0,False
A,0.5,0.0,False
A,0.5,0.04314583425207241,False
A,0.5,0.8824500753501214,False
A,0.5,0.6393145435787696,False
A,0.5,0.0,False
A,0.5,0.0,False
A,0.5,0.41685311194987684,False
A,0.5,0.4363500066316931,False
A,0.5,0.0,False
A,0.5,0.0,False
A,0.5,0.0,False
A,0.5,0.7501929972587963,False
A,0.5,0.5676802776729036,False
A,0.5,0.0,False
A,0.5,0.0,False
A,0.5,0.327411213943968,False
A,0.5,0.0,False
A,0.5,0.0,False
A,0.5,0.1109087399855575,False
A,0.5,0.0,False
A,0.5,0.7528815187848357,True
A,0.5,0.7833322361802256,False
A,0.5,0.0,False
A,0.5,0.2557423539243464,False
A,0.5,0.3769629042982713,False
A,0.5,0.9949284890979376,True
A,0.5,0.6356847031717933,False
A,0.5,0.0,False
A,0.5,0.39090773444089044,False
A,0.5,0.0,False
A,0.5,0.0,False
A,0.5,0.6846872482136079,False
A,0.5,0.04857827592523145,False
A,0.5,0.6868462879054991,True
A,0.5,0.0,False
A,0.5,0.0,False
A,0.5,0.7950991198011389,False
A,0.5,0.0,False
A,0.5,0.40666103584688496,False
A,0.5,0.8642145844200276,True
A,0.5,0.0,False
A,0.5,0.0,False
A,0.5,0.22424577355843478,False
A,0.5,0.6046475948657102,False
A,0.5,0.5772017290560374,False
A,0.5,0.1837794333944771,False
A,0.5,0.5985019024161323,False
A,0.5,0.6839630216250651,False
A,0.5,0.34092114207560575,False
A,0.5,0.24334825403740024,False
A,0.5,0.09288558720134044,False
A,0.5,0.436359815370306,False
A,0.5,0.0,False
A,0.5,0.982136671659408,True
A,0.5,0.8059657575022292,True
A,0.5,0.0,False
A,0.5,0.5083131966771333,False
A,0.5,0.4708417803844258,False
A,0.5,0.0,False
A,0.5,0.6170596572784691,False
A,0.5,0.4393362063308124,False
A,0.5,0.0,False
A,0.5,0.0,False
A,0.5,0.72275820303881,False
A,0.5,0.47034211943354454,False
A,0.5,0.9861731188562664,True
A,0.5,0.7939155647734532,True
A,0.5,0.07605322376876633,False
A,0.5,0.09022278161048658,False
A,0.5,0.04065404234074044,False
A,0.5,0.37856283480141617,False
A,0.5,0.0,False
A,0.5,0.0,False
A,0.5,0.6165199957474929,False
A,0.5,0.0,False
A,0.5,0.8527525565923589,True
A,0.5,0.23234805582067686,False
A,0.5,0.0,False
A,0.5,0.16535472103174598,False
A,0.5,0.41218604175872164,False
A,0.5,0.0,False
A,0.5,0.96318282958431,True
A,0.5,0.0,False
A,0.5,0.1181656950991421,False
A,0.5,0.050794352088987416,False
A,0.5,0.0,False
A,0.5,0.0,False
A,0.5,0.8399040554514603,True
A,0.5,0.3416318807345602,False
A,0.5,0.0,False
A,0.5,0.757811530992536,True
A,0.5,0.7982461871284325,False
A,0.5,0.0,False
A,0.5,0.030967285152623147,False
A,0.5,0.02953421680847923,False
A,0.5,0.0,False
A,0.5,0.0,False
A,0.5,0.2219372354492798,False
A,0.5,0.5164719905507352,False
A,0.5,0.0,False
A,0.5,0.4863370322322924,False
A,0.5,0.0,False
A,0.5,0.0,False
A,0.5,0.0,False
A,0.5,0.5565001103523982,False
A,0.5,0.0,False
A,0.5,0.0,False
A,0.5,0.011107300811403431,False
A,0.5,0.0,False
A,0.5,0.2165324007917072,False
A,0.5,0.3128042983984676,False
A,0.5,0.3031517268034275,False
A,0.5,0.0607429767034694,False
A,0.5,0.2788813493677379,False
A,0.5,0.0,False
A,0.5,0.828310747801972,True
A,0.5,0.0,False
A,0.5,0.2672625119229517,False
A,0.5,0.6263373750441452,False
A,0.5,0.0,False
A,0.5,0.20800325049447643,False
A,0.5,0.9935575550120123,True
A,0.5,0.9278845294818294,True
A,0.5,0.0,False
A,0.5,0.40079086616779735,False
A,0.5,0.3990624537565033,False
A,0.5,0.4135328579638333,False
A,0.5,0.25227268014469884,False
A,0.5,0.0,False
A,0.5,0.0,False
A,0.5,0.7508147439976317,True
A,0.5,0.781151794115272,False
A,0.5,0.54837275043031,False
A,0.5,0.7591407226701534,True
A,0.5,0.0,False
A,0.5,0.0,False
A,0.5,0.0,False
A,0.5,0.5685658736505947,False
A,0.5,0.8527131298342643,True
A,0.5,0.7688756283047692,False
A,0.5,0.22351341553300508,False
A,0.5,0.0,False
A,0.5,0.37012623768893327,False
A,0.5,0.0,False
A,0.5,0.2367442736688774,False
A,0.5,0.8532449277473779,True
A,0.5,0.0,False
A,0.5,0.3595925058161942,False
A,0.5,0.36189902376688776,False
A,0.5,0.8817125714344277,True
A,0.5,0.0,False
A,0.5,0.12145156220572662,False
A,0.5,0.0,False
A,0.5,0.0,False
A,0.5,0.2731718500395026,False
A,0.5,0.0,False
A,0.5,0.6154215798691612,False
A,0.5,0.13772709359058966,False
A,0.5,0.0,False
A,0.5,0.37813132332581334,False
A,0.5,0.9747011790017719,True
A,0.5,0.46771912029650375,False
A,0.5,0.2434519310098887,False
A,0.5,0.44809251938504235,False
A,0.5,0.5222811401280507,False
A,0.5,0.43974595909152214,False
A,0.5,0.1942278185934201,False
A,0.5,0.0,False
A,0.5,0.9576001129864793,True
A,0.5,0.0,False
A,0.5,0.515503092802047,False
A,0.5,0.0,False
A,0.5,0.15707043183403568,False
A,0.5,0.6265095558309404,True
A,0.5,0.3623006400102272,False
A,0.5,0.0,False
A,0.5,0.0,False
A,0.5,0.9498353582156631,True
A,0.5,0.19950492639758488,False
A,0.5,0.0,False
A,0.5,0.8941457648764839,False
A,0.5,0.3248057520981753,False
A,0.5,0.560306468603468,False
A,0.5,0.803056485601128,True
A,0.5,0.16621043925196677,False
A,0.5,0.7693539324953906,True
A,0.5,0.32077564379866796,False
A,0.5,0.0,False
A,0.5,0.0,False
A,0.5,0.9302505149989484,True
A,0.5,0.22068561450452928,False
A,0.5,0.7717784553216298,False
A,0.5,0.5513668955296347,False
A,0.5,0.22745752863062185,False
A,0.5,0.0,False
A,0.5,0.0,False
A,0.5,0.0,False
A,0.5,0.0,False
A,0.5,0.7606093385481432,True
A,0.5,0.08313747355370305,False
A,0.5,0.45191888160870564,False
A,0.5,0.9314651387937418,True
A,0.5,0.0,False
A,0.5,0.0,False
A,0.5,0.0,False
A,0.5,0.3991641258026004,False
A,0.5,0.3060070282329602,False
A,0.5,0.271141225332187,False
A,0.5,0.4969456987196045,False
A,0.5,0.06884670019139472,False
A,0.5,0.040168321220969916,False
A,0.5,0.0,False
A,0.5,0.06714057639204118,False
A,0.5,0.9606442843790454,True
A,0.5,0.03623410087437162,False
A,0.5,0.09538495980189576,False
A,0.5,0.8353720946392282,False
A,0.5,0.0,False
A,0.5,0.8491674329273765,False
A,0.5,0.2546244512826594,False
A,0.5,0.6430381876033587,False
A,0.5,0.4809946665230592,False
A,0.5,0.0,False
A,0.5,0.0,False
A,0.5,0.2127778683382121,False
A,0.5,0.0,False
A,0.5,0.0,False
A,0.5,0.03491148812464806,False
A,0.5,0.0,False
A,0.5,0.0,False
A,0.5,0.3852731259822523,False
A,0.5,0.03318636890690063,False
A,0.5,0.6677439863767949,False
A,0.5,0.0,False
A,0.5,0.8474752297395308,True
A,0.5,0.0,False
A,0.5,0.37168686385097915,False
A,0.5,0.6624430012731346,True
A,0.5,0.0,False
A,0.5,0.0,False
A,0.5,0.0,False
A,0.5,0.7664458352484722,True
A,0.5,0.0,False
A,0.5,0.0635601094323931,False
A,0.5,0.8561929569339957,True
A,0.5,0.1511189360374331,False
A,0.5,0.0698608492133499,False
A,0.5,0.07779871622287238,False
A,0.5,0.057470820565511005,False
A,0.5,0.7838451238241726,False
A,0.5,0.9972960104346924,True
A,0.5,0.21227232996738055,False
A,0.5,0.0,False
A,0.5,0.3600189402992018,False
A,0.5,0.9084385515600013,True
A,0.5,0.43692627635148196,False
A,0.5,0.1312112650725441,False
A,0.5,0.7059585071555413,True
A,0.5,0.0,False
A,0.5,0.7436034955153666,False
A,0.5,0.8422229927711888,True
A,0.5,0.8843882614180864,True
A,0.5,0.7446386277905003,False
A,0.5,0.0,False
A,0.5,0.4542413925735429,False
A,0.5,0.5220142523020112,False
A,0.5,0.0,False
A,0.5,0.0,False
A,0.5,0.0,False
A,0.5,0.11628702429110749,False
A,0.5,0.24813874823600435,False
A,0.5,0.5401875389450189,False
A,0.5,0.738701536916902,False
A,0.5,0.5230287334823139,False
A,0.5,0.9402868389162482,True
A,0.5,0.5711236930604888,False
A,0.5,0.8782076532913922,True
A,0.5,0.4624088719955435,False
A,0.5,0.2946299387596214,False
A,0.5,0.6801816346580534,False
A,0.5,0.3283975966957101,False
A,0.5,0.0,False
A,0.5,0.5571953522738751,False
A,0.5,0.6250245768336146,False
A,0.5,0.17515764798200495,False
A,0.5,0.052694166910901674,False
A,0.5,0.09884327098746981,False
A,0.5,0.9078988279221801,True
A,0.5,0.8311831463834503,True
A,0.5,0.8774726140539281,True
A,0.5,0.3764722393255301,False
A,0.5,0.0,False
A,0.5,0.5724315573770133,False
A,0.5,0.0,False
A,0.5,0.7246329263954773,True
A,0.5,0.3888007840269686,False
A,0.5,0.0,False
A,0.5,0.0,False
A,0.5,0.9796402955905058,True
A,0.5,0.8906143851341594,True
A,0.5,0.0,False
A,0.5,0.0,False
A,0.5,0.2966413183488865,False
A,0.5,0.0,False
A,0.5,0.0,False
A,0.5,0.6354346204609029,True
A,0.5,0.06327751526561032,False
A,0.5,0.0,False
A,0.5,0.0,False
A,0.5,0.8341360818546757,True
A,0.5,0.0,False
A,0.5,0.46368884468239113,False
A,0.5,0.9861962331902299,True
A,0.5,0.0,False
A,0.5,0.5237864546038213,False
A,0.5,0.5221414110081801,False
A,0.5,0.5672691826950079,False
A,0.5,0.38372935444981515,False
A,0.5,0.2811684452131733,False
A,0.5,0.5290949272708423,False
A,0.5,0.05709122907476494,False
A,0.5,0.0,False
A,0.5,0.8093480912122899,True
A,0.5,0.8593973402216893,True
A,0.5,0.0,False
A,0.5,0.0,False
A,0.5,0.0,False
A,0.5,0.6429345176991529,False
A,0.5,0.0,False
A,0.5,0.0,False
A,0.5,0.2191448976166731,False
A,0.5,0.6286284419362176,False
A,0.5,0.12173156011630848,False
A,0.5,0.4227871285848287,False
A,0.5,0.97611457555343,True
A,0.5,0.0,False
A,0.5,0.7062285707228009,True
A,0.5,0.7944520418710401,True
A,0.5,0.9763534597652219,True
A,0.5,0.5373994199743598,False
A,0.5,0.0,False
A,0.5,0.6554581189194483,False
A,0.5,0.4899135731936518,False
A,0.5,0.5636049912846052,False
A,0.5,0.20260696599470962,False
A,0.5,0.13056273613766145,False
A,0.5,0.7566486188208974,True
A,0.5,0.7846575070164252,True
A,0.5,0.2919943370062458,False
A,0.5,0.542786379045893,False
A,0.5,0.0,False
A,0.5,0.15020720812469046,False
A,0.5,0.0,False
A,0.5,0.7748315507148418,True
A,0.5,0.0,False
A,0.5,0.63028504199585,False
A,0.5,0.9634599498587979,False
A,0.5,0.7445323447316395,True
A,0.5,0.18319108856813948,False
A,0.5,0.24291044160673425,False
A,0.5,0.881090977277478,True
A,0.5,0.350084976574359,False
A,0.5,0.3654057828522257,False
A,0.5,0.6994374350433495,False
A,0.5,0.5710962128276865,True
A,0.5,0.7743677200465746,True
A,0.5,0.4144182602774533,False
A,0.5,0.0,False
A,0.5,0.055040160262390336,False
A,0.5,0.6153889383016701,False
A,0.5,0.9839775187943846,True
A,0.5,0.2586727068816741,False
A,0.5,0.01931974966201111,False
A,0.5,0.8291090758359085,True
A,0.5,0.9020216806972198,True
A,0.5,0.3762142573946784,False
A,0.5,0.4875282378859911,False
A,0.5,0.10249130634113124,False
A,0.5,0.716651846855505,False
A,0.5,0.0,False
A,0.5,0.0,False
A,0.5,0.7379188220515808,True
A,0.5,0.0,False
A,0.5,0.12588959091779528,False
A,0.5,0.5514150875866445,False
A,0.5,0.0,False
A,0.5,0.6669995573283449,False
A,0.5,0.4014409820543685,False
A,0.5,0.27016927173559935,False
A,0.5,0.0,False
A,0.5,0.4130538233562502,False
A,0.5,0.0,False
A,0.5,0.0,False
A,0.5,0.7319348382222622,False
A,0.5,0.9857016033009545,True
A,0.5,0.19647540623878312,False
A,0.5,0.19637500161710908,False
A,0.5,0.34881814975135206,False
A,0.5,0.0,False
A,0.5,0.2922629518676114,False
A,0.5,0.12012766558762089,False
A,0.5,0.0,False
A,0.5,0.9601838280131952,True
A,0.5,0.0,False
A,0.5,0.0,False
A,0.5,0.49811475011145134,False
A,0.5,0.0,False
A,0.5,0.1996664170108109,False
A,0.5,0.0,False
A,0.5,0.15101401833628048,False
A,0.5,0.007737831166067077,False
A,0.5,0.2617630114773103,False
A,0.5,0.366004263138887,False
A,0.5,0.2845386917906385,False
A,0.5,0.8271426599315925,True
A,0.5,0.03501582654780033,False
A,0.5,0.02361311456030679,False
A,0.5,0.0,False
A,0.5,0.7348457977475449,False
A,0.5,0.0,False
A,0.5,0.04094056702485027,False
A,0.5,0.3670988444121459,False
A,0.5,0.0,False
A,0.5,0.5989842405748503,True
A,0.5,0.3795280211268389,False
A,0.5,0.3669053601022315,False
A,0.5,0.7329287816963693,False
A,0.5,0.37373508098734975,False
A,0.5,0.033368513443150505,False
A,0.5,0.7299166411738466,False
A,0.5,0.6203134426162425,False
A,0.5,0.29635586772300127,False
A,0.5,0.0,False
A,0.5,0.0,False
A,0.5,0.18821661970305237,False
A,0.5,0.20618366620135808,False
A,0.5,0.7127536333933016,True
A,0.5,0.7416024886633192,True
A,0.5,0.7880247061175553,False
A,0.5,0.9595320674410683,False
A,0.5,0.8597298960211317,True
A,0.5,0.31711959454269434,False
A,0.5,0.0,False
A,0.5,0.08766045839838266,False
A,0.5,0.5594331221452232,False
A,0.5,0.0,False
A,0.5,0.5295228738953976,False
A,0.5,0.0,False
A,0.5,0.0,False
A,0.5,0.5714532980564526,False
A,0.5,0.4124488861943696,False
A,0.5,0.9165962344234594,True
A,0.5,0.2740018632934177,False
A,0.5,0.0,False
A,0.5,0.0,False
A,0.5,0.5907537257003852,True
A,0.5,0.6622715539611231,False
A,0.5,0.7494139740245637,True
A,0.5,0.8242738925347316,True
A,0.5,0.05494082493486918,False
A,0.5,0.0,False
A,0.5,0.9651887909450777,True
A,0.5,0.0,False
A,0.5,0.0,False
A,0.5,0.18505000897948964,False
A,0.5,0.3261605867895414,False
A,0.5,0.3870822176571833,False
A,0.5,0.1804609934357403,False
A,0.5,0.21213571062373715,False
A,0.5,0.6738635238066151,False
A,0.5,0.09962962469234882,False
A,0.5,0.0,False
A,0.5,0.0,False
A,0.5,0.06986283268754712,False
A,0.5,0.0,False
A,0.5,0.10539697520100155,False
A,0.5,0.0,False
A,0.5,0.297069452857034,False
A,0.5,0.0,False
A,0.5,0.7841927982661011,True
A,0.5,0.17323440982813154,False
A,0.5,0.0,False
A,0.5,0.0,False
A,0.5,0.6452134642964544,False
A,0.5,0.09132053126396966,False
A,0.5,0.0,False
A,0.5,0.0,False
A,0.5,0.0,False
A,0.5,0.16759293226269967,False
A,0.5,0.04211020482994288,False
A,0.5,0.0,False
A,0.5,0.18482312994098704,False
A,0.5,0.8742313232185897,True
A,0.5,0.43381529152382126,False
A,0.5,0.8007953192436963,True
A,0.5,0.022059151356833673,False
A,0.5,0.0,False
A,0.5,0.6361679899432444,False
A,0.5,0.0,False
A,0.5,0.763734024910081,True
A,0.5,0.32410925166257676,False
A,0.5,0.06747027798701233,False
A,0.5,0.1259529882406485,False
A,0.5,0.5454632786087397,False
A,0.5,0.05127516813849908,False
A,0.5,0.23255070920537835,False
A,0.5,0.17379182753332412,False
A,0.5,0.3758472478875512,False
A,0.5,0.0,False
A,0.5,0.9177116229801188,True
A,0.5,0.457249624593267,False
A,0.5,0.0,False
A,0.5,0.5213559586546009,False
A,0.5,0.65695420151688,True
A,0.5,0.0,False
A,0.5,0.5415327799303805,False
A,0.5,0.7121119322918992,True
A,0.5,0.9531052644630688,False
A,0.5,0.8486587553830462,True
A,0.5,0.0,False
A,0.5,0.8857373568509661,False
A,0.5,0.5736913360465714,False
A,0.5,0.8533038140712704,True
A,0.5,0.5906034027810029,True
A,0.5,0.1420477058674684,False
A,0.5,0.5570502724431171,False
A,0.5,0.0,False
A,0.5,0.5969647914908439,True
A,0.5,0.8099452126179557,True
A,0.5,0.8704786228649428,False
A,0.5,0.580367043609974,False
A,0.5,0.22413863557468294,False
A,0.5,0.06559858356043657,False
A,0.5,0.2362296621402784,False
A,0.5,0.0,False
A,0.5,0.8888643749228888,False
A,0.5,0.7654485859360864,False
A,0.5,0.007312717682117387,False
A,0.5,0.28811224568502247,False
A,0.5,0.0,False
A,0.5,0.3448862380157586,False
A,0.5,0.26800981941263724,False
A,0.5,0.2561535327114225,False
A,0.5,0.9691699269495108,True
A,0.5,0.5388409901269166,False
A,0.5,0.5708160813005236,False
A,0.5,0.4053795454263748,False
A,0.5,0.6280051775132077,False
A,0.5,0.7424271080024819,True
A,0.5,0.5437090167721177,False
A,0.5,0.360652721975514,False
A,0.5,0.9516255418506456,False
A,0.5,0.2557582642937589,False
A,0.5,0.7003102428164323,False
A,0.5,0.0,False
A,0.5,0.3877187369986086,False
A,0.5,0.8732274355711492,True
A,0.5,0.0,False
A,0.5,0.9676249870315241,True
A,0.5,0.17642803061461665,False
A,0.5,0.0,False
A,0.5,0.014799937657220652,False
A,0.5,0.44143643162542123,False
A,0.5,0.0825359727493089,False
A,0.5,0.0,False
A,0.5,0.3159580791401623,False
A,0.5,0.4873815820587918,False
A,0.5,0.42472527726722875,False
A,0.5,0.10672702251827204,False
A,0.5,0.0,False
A,0.5,0.11570929329832147,False
A,0.5,0.36035698312998554,False
A,0.5,0.7481604485710527,False
A,0.5,0.0,False
A,0.5,0.04568777007032965,False
A,0.5,0.0,False
A,0.5,0.1413634595538258,False
A,0.5,0.0,False
A,0.5,0.0,False
A,0.5,0.9748854175905532,True
A,0.5,0.9415208062303886,True
A,0.5,0.5065783924556506,False
A,0.5,0.4698115493786469,False
A,0.5,0.8077450017907357,False
A,0.5,0.4242664119885947,False
A,0.5,0.8769365403994884,True
A,0.5,0.9971135134703464,True
A,0.5,0.7795269647389356,False
A,0.5,0.29516945370866954,False
A,0.5,0.8890398313380038,True
A,0.5,0.0,False
A,0.5,0.01522955803758197,False
A,0.5,0.7853718727711776,False
A,0.5,0.21145217736472555,False
A,0.5,0.17482299073552032,False
A,0.5,0.43013249514729834,False
A,0.5,0.0,False
A,0.5,0.7691492443561903,True
A,0.5,0.7925693304646441,True
A,0.5,0.0,False
A,0.5,0.0,False
A,0.5,0.04314583425207241,False
A,0.5,0.8824500753501214,False
A,0.5,0.6393145435787696,False
A,0.5,0.0,False
A,0.5,0.0,False
A,0.5,0.41685311194987684,False
A,0.5,0.4363500066316931,False
A,0.5,0.0,False
A,0.5,0.0,False
A,0.5,0.0,False
A,0.5,0.7501929972587963,False
A,0.5,0.5676802776729036,False
A,0.5,0.0,False
A,0.5,0.0,False
A,0.5,0.327411213943968,False
A,0.5,0.0,False
A,0.5,0.0,False
A,0.5,0.1109087399855575,False
A,0.5,0.0,False
A,0.5,0.7528815187848357,True
A,0.5,0.7833322361802256,False
A,0.5,0.0,False
A,0.5,0.2557423539243464,False
A,0.5,0.3769629042982713,False
A,0.5,0.9949284890979376,True
A,0.5,0.6356847031717933,False
A,0.5,0.0,False
A,0.5,0.39090773444089044,False
A,0.5,0.0,False
A,0.5,0.0,False
A,0.5,0.6846872482136079,False
A,0.5,0.04857827592523145,False
A,0.5,0.6868462879054991,True
A,0.5,0.0,False
A,0.5,0.0,False
A,0.5,0.7950991198011389,False
A,0.5,0.0,False
A,0.5,0.40666103584688496,False
A,0.5,0.8642145844200276,True
A,0.5,0.0,False
A,0.5,0.0,False
A,0.5,0.22424577355843478,False
A,0.5,0.6046475948657102,False
A,0.5,0.5772017290560374,False
A,0.5,0.1837794333944771,False
A,0.5,0.5985019024161323,False
A,0.5,0.6839630216250651,False
A,0.5,0.34092114207560575,False
A,0.5,0.24334825403740024,False
A,0.5,0.09288558720134044,False
A,0.5,0.436359815370306,False
A,0.5,0.0,False
A,0.5,0.982136671659408,True
A,0.5,0.8059657575022292,True
A,0.5,0.0,False
A,0.5,0.5083131966771333,False
A,0.5,0.4708417803844258,False
A,0.5,0.0,False
A,0.5,0.6170596572784691,False
A,0.5,0.4393362063308124,False
A,0.5,0.0,False
A,0.5,0.0,False
A,0.5,0.72275820303881,False
A,0.5,0.47034211943354454,False
A,0.5,0.9861731188562664,True
A,0.5,0.7939155647734532,True
A,0.5,0.07605322376876633,False
A,0.5,0.09022278161048658,False
A,0.5,0.04065404234074044,False
A,0.5,0.37856283480141617,False
A,0.5,0.0,False
A,0.5,0.0,False
A,0.5,0.6165199957474929,False
A,0.5,0.0,False
A,0.5,0.8527525565923589,False
A,0.5,0.23234805582067686,False
A,0.5,0.0,False
A,0.5,0.16535472103174598,False
A,0.5,0.41218604175872164,False
A,0.5,0.0,False
A,0.5,0.96318282958431,True
A,0.5,0.0,False
A,0.5,0.1181656950991421,False
A,0.5,0.050794352088987416,False
A,0.5,0.0,False
A,0.5,0.0,False
A,0.5,0.8399040554514603,True
A,0.5,0.3416318807345602,False
A,0.5,0.0,False
A,0.5,0.757811530992536,True
A,0.5,0.7982461871284325,False
A,0.5,0.0,False
A,0.5,0.030967285152623147,False
A,0.5,0.02953421680847923,False
A,0.5,0.0,False
A,0.5,0.0,False
A,0.5,0.2219372354492798,False
A,0.5,0.5164719905507352,False
A,0.5,0.0,False
A,0.5,0.4863370322322924,False
A,0.5,0.0,False
A,0.5,0.0,False
A,0.5,0.0,False
A,0.5,0.5565001103523982,False
A,0.5,0.0,False
A,0.5,0.0,False
A,0.5,0.011107300811403431,False
A,0.5,0.0,False
A,0.5,0.2165324007917072,False
A,0.5,0.3128042983984676,False
A,0.5,0.3031517268034275,False
A,0.5,0.0607429767034694,False
A,0.5,0.2788813493677379,False
A,0.5,0.0,False
A,0.5,0.828310747801972,True
A,0.5,0.0,False
A,0.5,0.2672625119229517,False
A,0.5,0.6263373750441452,False
A,0.5,0.0,False
A,0.5,0.20800325049447643,False
A,0.5,0.9935575550120123,True
A,0.5,0.9278845294818294,True
A,0.5,0.0,False
A,0.5,0.40079086616779735,False
A,0.5,0.3990624537565033,False
A,0.5,0.4135328579638333,False
A,0.5,0.25227268014469884,False
A,0.5,0.0,False
A,0.5,0.0,False
A,0.5,0.7508147439976317,True
A,0.5,0.781151794115272,False
A,0.5,0.54837275043031,False
A,0.5,0.7591407226701534,True
A,0.5,0.0,False
A,0.5,0.0,False
A,0.5,0.0,False
A,0.5,0.5685658736505947,False
A,0.5,0.8527131298342643,True
A,0.5,0.7688756283047692,False
A,0.5,0.22351341553300508,False
A,0.5,0.0,False
A,0.5,0.37012623768893327,False
A,0.5,0.0,False
A,0.5,0.2367442736688774,False
A,0.5,0.8532449277473779,True
A,0.5,0.0,False
A,0.5,0.3595925058161942,False
A,0.5,0.36189902376688776,False
A,0.5,0.8817125714344277,True
A,0.5,0.0,False
A,0.5,0.12145156220572662,False
A,0.5,0.0,False
A,0.5,0.0,False
A,0.5,0.2731718500395026,False
A,0.5,0.0,False
A,0.5,0.6154215798691612,False
A,0.5,0.13772709359058966,False
A,0.5,0.0,False
A,0.5,0.37813132332581334,False
A,0.5,0.9747011790017719,True
A,0.5,0.46771912029650375,False
A,0.5,0.2434519310098887,False
A,0.5,0.44809251938504235,False
A,0.5,0.5222811401280507,False
A,0.5,0.43974595909152214,False
A,0.5,0.1942278185934201,False
A,0.5,0.0,False
A,0.5,0.9576001129864793,True
A,0.5,0.0,False
A,0.5,0.515503092802047,False
A,0.5,0.0,False
A,0.5,0.15707043183403568,False
A,0.5,0.6265095558309404,True
A,0.5,0.3623006400102272,False
A,0.5,0.0,False
A,0.5,0.0,False
A,0.5,0.9498353582156631,True
A,0.5,0.19950492639758488,False
A,0.5,0.0,False
A,0.5,0.8941457648764839,False
A,0.5,0.3248057520981753,False
A,0.5,0.560306468603468,False
A,0.5,0.803056485601128,True
A,0.5,0.16621043925196677,False
A,0.5,0.7693539324953906,True
A,0.5,0.32077564379866796,False
A,0.5,0.0,False
A,0.5,0.0,False
A,0.5,0.9302505149989484,True
A,0.5,0.22068561450452928,False
A,0.5,0.7717784553216298,False
A,0.5,0.5513668955296347,False
A,0.5,0.22745752863062185,False
A,0.5,0.0,False
A,0.5,0.0,False
A,0.5,0.0,False
A,0.5,0.0,False
A,0.5,0.7606093385481432,True
A,0.5,0.08313747355370305,False
A,0.5,0.45191888160870564,False
A,0.5,0.9314651387937418,True
A,0.5,0.0,False
A,0.5,0.0,False
A,0.5,0.0,False
A,0.5,0.3991641258026004,False
A,0.5,0.3060070282329602,False
A,0.5,0.271141225332187,False
A,0.5,0.4969456987196045,False
A,0.5,0.06884670019139472,False
A,0.5,0.040168321220969916,False
A,0.5,0.0,False
A,0.5,0.06714057639204118,False
A,0.5,0.9606442843790454,True
A,0.5,0.03623410087437162,False
A,0.5,0.09538495980189576,False
A,0.5,0.8353720946392282,False
A,0.5,0.0,False
A,0.5,0.8491674329273765,False
A,0.5,0.2546244512826594,False
A,0.5,0.6430381876033587,False
A,0.5,0.4809946665230592,False
A,0.5,0.0,False
A,0.5,0.0,False
A,0.5,0.2127778683382121,False
A,0.5,0.0,False
A,0.5,0.0,False
A,0.5,0.03491148812464806,False
A,0.5,0.0,False
A,0.5,0.0,False
A,0.5,0.3852731259822523,False
A,0.5,0.03318636890690063,False
A,0.5,0.6677439863767949,False
A,0.5,0.0,False
A,0.5,0.8474752297395308,True
A,0.5,0.0,False
A,0.5,0.37168686385097915,False
A,0.5,0.6624430012731346,True
A,0.5,0.0,False
A,0.5,0.0,False
A,0.5,0.0,False
A,0.5,0.7664458352484722,True
A,0.5,0.0,False
A,0.5,0.0635601094323931,False
A,0.5,0.8561929569339957,True
A,0.5,0.1511189360374331,False
A,0.5,0.0698608492133499,False
A,0.5,0.07779871622287238,False
A,0.5,0.057470820565511005,False
A,0.5,0.7838451238241726,False
A,0.5,0.9972960104346924,True
A,0.5,0.21227232996738055,False
A,0.5,0.0,False
A,0.5,0.3600189402992018,False
A,0.5,0.9084385515600013,True
A,0.5,0.43692627635148196,False
A,0.5,0.1312112650725441,False
A,0.5,0.7059585071555413,True
A,0.5,0.0,False
A,0.5,0.7436034955153666,False
A,0.5,0.8422229927711888,True
A,0.5,0.8843882614180864,True
A,0.5,0.7446386277905003,False
A,0.5,0.0,False
A,0.5,0.4542413925735429,False
A,0.5,0.5220142523020112,False
A,0.5,0.0,False
A,0.5,0.0,False
A,0.5,0.0,False
A,0.5,0.11628702429110749,False
A,0.5,0.24813874823600435,False
A,0.5,0.5401875389450189,False
A,0.5,0.738701536916902,True
A,0.5,0.5230287334823139,False
A,0.5,0.9402868389162482,True
A,0.5,0.5711236930604888,False
A,0.5,0.8782076532913922,True
A,0.5,0.4624088719955435,False
A,0.5,0.2946299387596214,False
A,0.5,0.6801816346580534,False
A,0.5,0.3283975966957101,False
A,0.5,0.0,False
A,0.5,0.5571953522738751,False
A,0.5,0.6250245768336146,False
A,0.5,0.17515764798200495,False
A,0.5,0.052694166910901674,False
A,0.5,0.09884327098746981,False
A,0.5,0.9078988279221801,False
A,0.5,0.8311831463834503,True
A,0.5,0.8774726140539281,True
A,0.5,0.3764722393255301,False
A,0.5,0.0,False
A,0.5,0.5724315573770133,False
A,0.5,0.0,False
A,0.5,0.7246329263954773,True
A,0.5,0.3888007840269686,False
A,0.5,0.0,False
A,0.5,0.0,False
A,0.5,0.9796402955905058,True
A,0.5,0.8906143851341594,True
A,0.5,0.0,False
A,0.5,0.0,False
A,0.5,0.2966413183488865,False
A,0.5,0.0,False
A,0.5,0.0,False
A,0.5,0.6354346204609029,True
A,0.5,0.06327751526561032,False
A,0.5,0.0,False
A,0.5,0.0,False
A,0.5,0.8341360818546757,True
A,0.5,0.0,False
A,0.5,0.46368884468239113,False
A,0.5,0.9861962331902299,True
A,0.5,0.0,False
A,0.5,0.5237864546038213,False
A,0.5,0.5221414110081801,False
A,0.5,0.5672691826950079,False
A,0.5,0.38372935444981515,False
A,0.5,0.2811684452131733,False
A,0.5,0.5290949272708423,False
A,0.5,0.05709122907476494,False
A,0.5,0.0,False
A,0.5,0.8093480912122899,True
A,0.5,0.8593973402216893,True
A,0.5,0.0,False
A,0.5,0.0,False
A,0.5,0.0,False
A,0.5,0.6429345176991529,False
A,0.5,0.0,False
A,0.5,0.0,False
A,0.5,0.2191448976166731,False
A,0.5,0.6286284419362176,False
A,0.5,0.12173156011630848,False
A,0.5,0.4227871285848287,False
A,0.5,0.97611457555343,True
A,0.5,0.0,False
A,0.5,0.7062285707228009,True
A,0.5,0.7944520418710401,True
A,0.5,0.9763534597652219,True
A,0.5,0.5373994199743598,False
A,0.5,0.0,False
A,0.5,0.6554581189194483,False
A,0.5,0.4899135731936518,False
A,0.5,0.5636049912846052,False
A,0.5,0.20260696599470962,False
A,0.5,0.13056273613766145,False
A,0.5,0.7566486188208974,True
A,0.5,0.7846575070164252,True
A,0.5,0.2919943370062458,False
A,0.5,0.542786379045893,False
A,0.5,0.0,False
A,0.5,0.15020720812469046,False
A,0.5,0.0,False
A,0.5,0.7748315507148418,True
A,0.5,0.0,False
A,0.5,0.63028504199585,False
A,0.5,0.9634599498587979,True
A,0.5,0.7445323447316395,False
A,0.5,0.18319108856813948,False
A,0.5,0.24291044160673425,False
A,0.5,0.881090977277478,True
A,0.5,0.350084976574359,False
A,0.5,0.3654057828522257,False
A,0.5,0.6994374350433495,False
A,0.5,0.5710962128276865,True
A,0.5,0.7743677200465746,True
A,0.5,0.4144182602774533,False
A,0.5,0.0,False
A,0.5,0.055040160262390336,False
A,0.5,0.6153889383016701,False
A,0.5,0.9839775187943846,True
A,0.5,0.2586727068816741,False
A,0.5,0.01931974966201111,False
A,0.5,0.8291090758359085,True
A,0.5,0.9020216806972198,True
A,0.5,0.3762142573946784,False
A,0.5,0.4875282378859911,False
A,0.5,0.10249130634113124,False
A,0.5,0.716651846855505,False
A,0.5,0.0,False
A,0.5,0.0,False
A,0.5,0.7379188220515808,True
A,0.5,0.0,False
A,0.5,0.12588959091779528,False
A,0.5,0.5514150875866445,False
A,0.5,0.0,False
A,0.5,0.6669995573283449,False
A,0.5,0.4014409820543685,False
A,0.5,0.27016927173559935,False
A,0.5,0.0,False
A,0.5,0.4130538233562502,False
A,0.5,0.0,False
A,0.5,0.0,False
A,0.5,0.7319348382222622,False
A,0.5,0.9857016033009545,True
A,0.5,0.19647540623878312,False
A,0.5,0.19637500161710908,False
A,0.5,0.34881814975135206,False
A,0.5,0.0,False
A,0.5,0.2922629518676114,False
A,0.5,0.12012766558762089,False
A,0.5,0.0,False
A,0.5,0.9601838280131952,True
A,0.5,0.0,False
A,0.5,0.0,False
A,0.5,0.49811475011145134,False
A,0.5,0.0,False
A,0.5,0.1996664170108109,False
A,0.5,0.0,False
A,0.5,0.15101401833628048,False
A,0.5,0.007737831166067077,False
A,0.5,0.2617630114773103,False
A,0.5,0.366004263138887,False
A,0.5,0.2845386917906385,False
A,0.5,0.8271426599315925,True
A,0.5,0.03501582654780033,False
A,0.5,0.02361311456030679,False
A,0.5,0.0,False
A,0.5,0.7348457977475449,False
A,0.5,0.0,False
A,0.5,0.04094056702485027,False
A,0.5,0.3670988444121459,False
A,0.5,0.0,False
A,0.5,0.5989842405748503,True
A,0.5,0.3795280211268389,False
A,0.5,0.3669053601022315,False
A,0.5,0.7329287816963693,False
A,0.5,0.37373508098734975,False
A,0.5,0.033368513443150505,False
A,0.5,0.7299166411738466,False
A,0.5,0.6203134426162425,False
A,0.5,0.29635586772300127,False
A,0.5,0.0,False
A,0.5,0.0,False
A,0.5,0.18821661970305237,False
A,0.5,0.20618366620135808,False
A,0.5,0.7127536333933016,True
A,0.5,0.7416024886633192,True
A,0.5,0.7880247061175553,False
A,0.5,0.9595320674410683,False
A,0.5,0.8597298960211317,True
A,0.5,0.31711959454269434,False
A,0.5,0.0,False
A,0.5,0.08766045839838266,False
A,0.5,0.5594331221452232,False
A,0.5,0.0,False
A,0.5,0.5295228738953976,False
A,0.5,0.0,False
A,0.5,0.0,False
A,0.5,0.5714532980564526,False
A,0.5,0.4124488861943696,False
A,0.5,0.9165962344234594,True
A,0.5,0.2740018632934177,False
A,0.5,0.0,False
A,0.5,0.0,False
A,0.5,0.5907537257003852,True
A,0.5,0.6622715539611231,True
A,0.5,0.7494139740245637,True
A,0.5,0.8242738925347316,True
A,0.5,0.05494082493486918,False
A,0.5,0.0,False
A,0.5,0.9651887909450777,True
A,0.5,0.0,False
A,0.5,0.0,False
A,0.5,0.18505000897948964,False
A,0.5,0.3261605867895414,False
A,0.5,0.3870822176571833,False
A,0.5,0.1804609934357403,False
A,0.5,0.21213571062373715,False
A,0.5,0.6738635238066151,False
A,0.5,0.09962962469234882,False
A,0.5,0.0,False
A,0.5,0.0,False
A,0.5,0.06986283268754712,False
A,0.5,0.0,False
A,0.5,0.10539697520100155,False
A,0.5,0.0,False
A,0.5,0.297069452857034,False
A,0.5,0.0,False
A,0.5,0.7841927982661011,True
A,0.5,0.17323440982813154,False
A,0.5,0.0,False
A,0.5,0.0,False
A,0.5,0.6452134642964544,False
A,0.5,0.09132053126396966,False
A,0.5,0.0,False
A,0.5,0.0,False
A,0.5,0.0,False
A,0.5,0.16759293226269967,False
A,0.5,0.04211020482994288,False
A,0.5,0.0,False
A,0.5,0.18482312994098704,False
A,0.5,0.8742313232185897,True
A,0.5,0.43381529152382126,False
A,0.5,0.8007953192436963,True
A,0.5,0.022059151356833673,False
A,0.5,0.0,False
A,0.5,0.6361679899432444,False
A,0.5,0.0,False
A,0.5,0.763734024910081,True
A,0.5,0.32410925166257676,False
A,0.5,0.06747027798701233,False
A,0.5,0.1259529882406485,False
A,0.5,0.5454632786087397,False
A,0.5,0.05127516813849908,False
A,0.5,0.23255070920537835,False
A,0.5,0.17379182753332412,False
A,0.5,0.3758472478875512,False
A,0.5,0.0,False
A,0.5,0.9177116229801188,False
A,0.5,0.457249624593267,False
A,0.5,0.0,False
A,0.5,0.5213559586546009,False
A,0.5,0.65695420151688,True
A,0.5,0.0,False
A,0.5,0.5415327799303805,False
A,0.5,0.7121119322918992,True
A,0.5,0.9531052644630688,False
A,0.5,0.8486587553830462,True
A,0.5,0.0,False
A,0.5,0.8857373568509661,False
A,0.5,0.5736913360465714,False
A,0.5,0.8533038140712704,True
A,0.5,0.5906034027810029,True
A,0.5,0.1420477058674684,False
A,0.5,0.5570502724431171,False
A,0.5,0.0,False
A,0.5,0.5969647914908439,True
A,0.5,0.8099452126179557,True
A,0.5,0.8704786228649428,False
A,0.5,0.580367043609974,True
A,0.5,0.22413863557468294,False
A,0.5,0.06559858356043657,False
A,0.5,0.2362296621402784,False
A,0.5,0.0,False
A,0.5,0.8888643749228888,False
A,0.5,0.7654485859360864,True
A,0.5,0.007312717682117387,False
A,0.5,0.28811224568502247,False
A,0.5,0.0,False
A,0.5,0.3448862380157586,False
A,0.5,0.26800981941263724,False
A,0.5,0.2561535327114225,False
A,0.5,0.9691699269495108,True
A,0.5,0.5388409901269166,False
A,0.5,0.5708160813005236,False
A,0.5,0.4053795454263748,False
A,0.5,0.6280051775132077,False
A,0.5,0.7424271080024819,True
A,0.5,0.5437090167721177,False
A,0.5,0.360652721975514,False
A,0.5,0.9516255418506456,True
A,0.5,0.2557582642937589,False
A,0.5,0.7003102428164323,False
A,0.5,0.0,False
A,0.5,0.3877187369986086,False
A,0.5,0.8732274355711492,True
A,0.5,0.0,False
A,0.5,0.9676249870315241,True
A,0.5,0.17642803061461665,False
A,0.5,0.0,False
A,0.5,0.014799937657220652,False
A,0.5,0.44143643162542123,False
A,0.5,0.0825359727493089,False
A,0.5,0.0,False
A,0.5,0.3159580791401623,False
A,0.5,0.4873815820587918,False
A,0.5,0.42472527726722875,False
A,0.5,0.10672702251827204,False
A,0.5,0.0,False
A,0.5,0.11570929329832147,False
A,0.5,0.36035698312998554,False
A,0.5,0.7481604485710527,False
A,0.5,0.0,False
A,0.5,0.04568777007032965,False
A,0.5,0.0,False
A,0.5,0.1413634595538258,False
A,0.5,0.0,False
A,0.5,0.0,False
A,0.5,0.9748854175905532,True
A,0.5,0.9415208062303886,True
A,0.5,0.5065783924556506,False
A,0.5,0.4698115493786469,False
A,0.5,0.8077450017907357,False
A,0.5,0.4242664119885947,False
A,0.5,0.8769365403994884,True
A,0.5,0.9971135134703464,True
A,0.5,0.7795269647389356,False
A,0.5,0.29516945370866954,False
A,0.5,0.8890398313380038,True
A,0.5,0.0,False
A,0.5,0.01522955803758197,False
A,0.5,0.7853718727711776,False
A,0.5,0.21145217736472555,False
A,0.5,0.17482299073552032,False
A,0.5,0.43013249514729834,False
A,0.5,0.0,False
A,0.5,0.7691492443561903,False
A,0.5,0.7925693304646441,True
A,0.5,0.0,False
A,0.5,0.0,False
A,0.5,0.04314583425207241,False
A,0.5,0.8824500753501214,False
A,0.5,0.6393145435787696,False
A,0.5,0.0,False
A,0.5,0.0,False
A,0.5,0.41685311194987684,False
A,0.5,0.4363500066316931,False
A,0.5,0.0,False
A,0.5,0.0,False
A,0.5,0.0,False
A,0.5,0.7501929972587963,False
A,0.5,0.5676802776729036,False
A,0.5,0.0,False
A,0.5,0.0,False
A,0.5,0.327411213943968,False
A,0.5,0.0,False
A,0.5,0.0,False
A,0.5,0.1109087399855575,False
A,0.5,0.0,False
A,0.5,0.7528815187848357,False
A,0.5,0.7833322361802256,True
A,0.5,0.0,False
A,0.5,0.2557423539243464,False
A,0.5,0.3769629042982713,False
A,0.5,0.9949284890979376,True
A,0.5,0.6356847031717933,False
A,0.5,0.0,False
A,0.5,0.39090773444089044,False
A,0.5,0.0,False
A,0.5,0.0,False
A,0.5,0.6846872482136079,False
A,0.5,0.04857827592523145,False
A,0.5,0.6868462879054991,True
A,0.5,0.0,False
A,0.5,0.0,False
A,0.5,0.7950991198011389,False
A,0.5,0.0,False
A,0.5,0.40666103584688496,False
A,0.5,0.8642145844200276,True
A,0.5,0.0,False
A,0.5,0.0,False
A,0.5,0.22424577355843478,False
A,0.5,0.6046475948657102,False
A,0.5,0.5772017290560374,False
A,0.5,0.1837794333944771,False
A,0.5,0.5985019024161323,False
A,0.5,0.6839630216250651,False
A,0.5,0.34092114207560575,False
A,0.5,0.24334825403740024,False
A,0.5,0.09288558720134044,False
A,0.5,0.436359815370306,False
A,0.5,0.0,False
A,0.5,0.982136671659408,True
A,0.5,0.8059657575022292,True
A,0.5,0.0,False
A,0.5,0.5083131966771333,False
A,0.5,0.4708417803844258,False
A,0.5,0.0,False
A,0.5,0.6170596572784691,True
A,0.5,0.4393362063308124,False
A,0.5,0.0,False
A,0.5,0.0,False
A,0.5,0.72275820303881,False
A,0.5,0.47034211943354454,False
A,0.5,0.9861731188562664,True
A,0.5,0.7939155647734532,True
A,0.5,0.07605322376876633,False
A,0.5,0.09022278161048658,False
A,0.5,0.04065404234074044,False
A,0.5,0.37856283480141617,False
A,0.5,0.0,False
A,0.5,0.0,False
A,0.5,0.6165199957474929,False
A,0.5,0.0,False
A,0.5,0.8527525565923589,False
A,0.5,0.23234805582067686,False
A,0.5,0.0,False
A,0.5,0.16535472103174598,False
A,0.5,0.41218604175872164,False
A,0.5,0.0,False
A,0.5,0.96318282958431,True
A,0.5,0.0,False
A,0.5,0.1181656950991421,False
A,0.5,0.050794352088987416,False
A,0.5,0.0,False
A,0.5,0.0,False
A,0.5,0.8399040554514603,True
A,0.5,0.3416318807345602,False
A,0.5,0.0,False
A,0.5,0.757811530992536,True
A,0.5,0.7982461871284325,False
A,0.5,0.0,False
A,0.5,0.030967285152623147,False
A,0.5,0.02953421680847923,False
A,0.5,0.0,False
A,0.5,0.0,False
A,0.5,0.2219372354492798,False
A,0.5,0.5164719905507352,False
A,0.5,0.0,False
A,0.5,0.4863370322322924,False
A,0.5,0.0,False
A,0.5,0.0,False
A,0.5,0.0,False
A,0.5,0.5565001103523982,False
A,0.5,0.0,False
A,0.5,0.0,False
A,0.5,0.011107300811403431,False
A,0.5,0.0,False
A,0.5,0.2165324007917072,False
A,0.5,0.3128042983984676,False
A,0.5,0.3031517268034275,False
A,0.5,0.0607429767034694,False
A,0.5,0.2788813493677379,False
A,0.5,0.0,False
A,0.5,0.828310747801972,True
A,0.5,0.0,False
A,0.5,0.2672625119229517,False
A,0.5,0.6263373750441452,False
A,0.5,0.0,False
A,0.5,0.20800325049447643,False
A,0.5,0.9935575550120123,True
A,0.5,0.9278845294818294,True
A,0.5,0.0,False
A,0.5,0.40079086616779735,False
A,0.5,0.3990624537565033,False
A,0.5,0.4135328579638333,False
A,0.5,0.25227268014469884,False
A,0.5,0.0,False
A,0.5,0.0,False
A,0.5,0.7508147439976317,True
A,0.5,0.781151794115272,False
A,0.5,0.54837275043031,False
A,0.5,0.7591407226701534,True
A,0.5,0.0,False
A,0.5,0.0,False
A,0.5,0.0,False
A,0.5,0.5685658736505947,False
A,0.5,0.8527131298342643,True
A,0.5,0.7688756283047692,False
A,0.5,0.22351341553300508,False
A,0.5,0.0,False
A,0.5,0.37012623768893327,False
A,0.5,0.0,False
A,0.5,0.2367442736688774,False
A,0.5,0.8532449277473779,True
A,0.5,0.0,False
A,0.5,0.3595925058161942,False
A,0.5,0.36189902376688776,False
A,0.5,0.8817125714344277,True
A,0.5,0.0,False
A,0.5,0.12145156220572662,False
A,0.5,0.0,False
A,0.5,0.0,False
A,0.5,0.2731718500395026,False
A,0.5,0.0,False
A,0.5,0.6154215798691612,False
A,0.5,0.13772709359058966,False
A,0.5,0.0,False
A,0.5,0.37813132332581334,False
A,0.5,0.9747011790017719,True
A,0.5,0.46771912029650375,False
A,0.5,0.2434519310098887,False
A,0.5,0.44809251938504235,False
A,0.5,0.5222811401280507,False
A,0.5,0.43974595909152214,False
A,0.5,0.1942278185934201,False
A,0.5,0.0,False
A,0.5,0.9576001129864793,False
A,0.5,0.0,False
A,0.5,0.515503092802047,False
A,0.5,0.0,False
A,0.5,0.15707043183403568,False
A,0.5,0.6265095558309404,True
A,0.5,0.3623006400102272,False
A,0.5,0.0,False
A,0.5,0.0,False
A,0.5,0.9498353582156631,True
A,0.5,0.19950492639758488,False
A,0.5,0.0,False
A,0.5,0.8941457648764839,False
A,0.5,0.3248057520981753,False
A,0.5,0.560306468603468,False
A,0.5,0.803056485601128,False
A,0.5,0.16621043925196677,False
A,0.5,0.7693539324953906,True
A,0.5,0.32077564379866796,False
A,0.5,0.0,False
A,0.5,0.0,False
A,0.5,0.9302505149989484,True
A,0.5,0.22068561450452928,False
A,0.5,0.7717784553216298,True
A,0.5,0.5513668955296347,False
A,0.5,0.22745752863062185,False
A,0.5,0.0,False
A,0.5,0.0,False
A,0.5,0.0,False
A,0.5,0.0,False
A,0.5,0.7606093385481432,True
A,0.5,0.08313747355370305,False
A,0.5,0.45191888160870564,False
A,0.5,0.9314651387937418,True
A,0.5,0.0,False
A,0.5,0.0,False
A,0.5,0.0,False
A,0.5,0.3991641258026004,False
A,0.5,0.3060070282329602,False
A,0.5,0.271141225332187,False
A,0.5,0.4969456987196045,False
A,0.5,0.06884670019139472,False
A,0.5,0.040168321220969916,False
A,0.5,0.0,False
A,0.5,0.06714057639204118,False
A,0.5,0.9606442843790454,True
A,0.5,0.03623410087437162,False
A,0.5,0.09538495980189576,False
A,0.5,0.8353720946392282,False
A,0.5,0.0,False
A,0.5,0.8491674329273765,True
A,0.5,0.2546244512826594,False
A,0.5,0.6430381876033587,True
A,0.5,0.4809946665230592,False
A,0.5,0.0,False
A,0.5,0.0,False
A,0.5,0.2127778683382121,False
A,0.5,0.0,False
A,0.5,0.0,False
A,0.5,0.03491148812464806,False
A,0.5,0.0,False
A,0.5,0.0,False
A,0.5,0.3852731259822523,False
A,0.5,0.03318636890690063,False
A,0.5,0.6677439863767949,False
A,0.5,0.0,False
A,0.5,0.8474752297395308,True
A,0.5,0.0,False
A,0.5,0.37168686385097915,False
A,0.5,0.6624430012731346,True
A,0.5,0.0,False
A,0.5,0.0,False
A,0.5,0.0,False
A,0.5,0.7664458352484722,True
A,0.5,0.0,False
A,0.5,0.0635601094323931,False
A,0.5,0.8561929569339957,True
A,0.5,0.1511189360374331,False
A,0.5,0.0698608492133499,False
A,0.5,0.07779871622287238,False
A,0.5,0.057470820565511005,False
A,0.5,0.7838451238241726,False
A,0.5,0.9972960104346924,True
A,0.5,0.21227232996738055,False
A,0.5,0.0,False
A,0.5,0.3600189402992018,False
A,0.5,0.9084385515600013,True
A,0.5,0.43692627635148196,False
A,0.5,0.1312112650725441,False
A,0.5,0.7059585071555413,False
A,0.5,0.0,False
A,0.5,0.7436034955153666,False
A,0.5,0.8422229927711888,True
A,0.5,0.8843882614180864,True
A,0.5,0.7446386277905003,False
A,0.5,0.0,False
A,0.5,0.4542413925735429,False
A,0.5,0.5220142523020112,False
A,0.5,0.0,False
A,0.5,0.0,False
A,0.5,0.0,False
A,0.5,0.11628702429110749,False
A,0.5,0.24813874823600435,False
A,0.5,0.5401875389450189,False
A,0.5,0.738701536916902,False
A,0.5,0.5230287334823139,False
A,0.5,0.9402868389162482,True
A,0.5,0.5711236930604888,False
A,0.5,0.8782076532913922,True
A,0.5,0.4624088719955435,False
A,0.5,0.2946299387596214,False
A,0.5,0.6801816346580534,False
A,0.5,0.3283975966957101,False
A,0.5,0.0,False
A,0.5,0.5571953522738751,False
A,0.5,0.6250245768336146,False
A,0.5,0.17515764798200495,False
A,0.5,0.052694166910901674,False
A,0.5,0.09884327098746981,False
A,0.5,0.9078988279221801,False
A,0.5,0.8311831463834503,True
A,0.5,0.8774726140539281,True
A,0.5,0.3764722393255301,False
A,0.5,0.0,False
A,0.5,0.5724315573770133,False
A,0.5,0.0,False
A,0.5,0.7246329263954773,True
A,0.5,0.3888007840269686,True
A,0.5,0.0,False
A,0.5,0.0,False
A,0.5,0.9796402955905058,True
A,0.5,0.8906143851341594,True
A,0.5,0.0,False
A,0.5,0.0,False
A,0.5,0.2966413183488865,False
A,0.5,0.0,False
A,0.5,0.0,False
A,0.5,0.6354346204609029,True
A,0.5,0.06327751526561032,False
A,0.5,0.0,False
A,0.5,0.0,False
A,0.5,0.8341360818546757,True
A,0.5,0.0,False
A,0.5,0.46368884468239113,False
A,0.5,0.9861962331902299,True
A,0.5,0.0,False
A,0.5,0.5237864546038213,False
A,0.5,0.5221414110081801,False
A,0.5,0.5672691826950079,False
A,0.5,0.38372935444981515,False
A,0.5,0.2811684452131733,False
A,0.5,0.5290949272708423,False
A,0.5,0.05709122907476494,False
A,0.5,0.0,False
A,0.5,0.8093480912122899,True
A,0.5,0.8593973402216893,True
A,0.5,0.0,False
A,0.5,0.0,False
A,0.5,0.0,False
A,0.5,0.6429345176991529,False
A,0.5,0.0,False
A,0.5,0.0,False
A,0.5,0.2191448976166731,False
A,0.5,0.6286284419362176,False
A,0.5,0.12173156011630848,False
A,0.5,0.4227871285848287,False
A,0.5,0.97611457555343,True
A,0.5,0.0,False
A,0.5,0.7062285707228009,True
A,0.5,0.7944520418710401,True
A,0.5,0.9763534597652219,True
A,0.5,0.5373994199743598,False
A,0.5,0.0,False
A,0.5,0.6554581189194483,False
A,0.5,0.4899135731936518,False
A,0.5,0.5636049912846052,False
A,0.5,0.20260696599470962,False
A,0.5,0.13056273613766145,False
A,0.5,0.7566486188208974,True
A,0.5,0.7846575070164252,True
A,0.5,0.2919943370062458,False
A,0.5,0.542786379045893,False
A,0.5,0.0,False
A,0.5,0.15020720812469046,False
A,0.5,0.0,False
A,0.5,0.7748315507148418,True
A,0.5,0.0,False
A,0.5,0.63028504199585,False
A,0.5,0.9634599498587979,True
A,0.5,0.7445323447316395,False
A,0.5,0.18319108856813948,False
A,0.5,0.24291044160673425,False
A,0.5,0.881090977277478,True
A,0.5,0.350084976574359,False
A,0.5,0.3654057828522257,False
A,0.5,0.6994374350433495,False
A,0.5,0.5710962128276865,False
A,0.5,0.7743677200465746,True
A,0.5,0.4144182602774533,False
A,0.5,0.0,False
A,0.5,0.055040160262390336,False
A,0.5,0.6153889383016701,False
A,0.5,0.9839775187943846,True
A,0.5,0.2586727068816741,False
A,0.5,0.01931974966201111,False
A,0.5,0.8291090758359085,True
A,0.5,0.9020216806972198,True
A,0.5,0.3762142573946784,False
A,0.5,0.4875282378859911,False
A,0.5,0.10249130634113124,False
A,0.5,0.716651846855505,False
A,0.5,0.0,False
A,0.5,0.0,False
A,0.5,0.7379188220515808,True
A,0.5,0.0,False
A,0.5,0.12588959091779528,False
A,0.5,0.5514150875866445,False
A,0.5,0.0,False
A,0.5,0.6669995573283449,False
A,0.5,0.4014409820543685,False
A,0.5,0.27016927173559935,False
A,0.5,0.0,False
A,0.5,0.4130538233562502,False
A,0.5,0.0,False
A,0.5,0.0,False
A,0.5,0.7319348382222622,False
A,0.5,0.9857016033009545,True
A,0.5,0.19647540623878312,False
A,0.5,0.19637500161710908,False
A,0.5,0.34881814975135206,False
A,0.5,0.0,False
A,0.5,0.2922629518676114,False
A,0.5,0.12012766558762089,False
A,0.5,0.0,False
A,0.5,0.9601838280131952,False
A,0.5,0.0,False
A,0.5,0.0,False
A,0.5,0.49811475011145134,False
A,0.5,0.0,False
A,0.5,0.1996664170108109,False
A,0.5,0.0,False
A,0.5,0.15101401833628048,False
A,0.5,0.007737831166067077,False
A,0.5,0.2617630114773103,False
A,0.5,0.366004263138887,False
A,0.5,0.2845386917906385,False
A,0.5,0.8271426599315925,False
A,0.5,0.03501582654780033,False
A,0.5,0.02361311456030679,False
A,0.5,0.0,False
A,0.5,0.7348457977475449,False
A,0.5,0.0,False
A,0.5,0.04094056702485027,False
A,0.5,0.3670988444121459,False
A,0.5,0.0,False
A,0.5,0.5989842405748503,False
A,0.5,0.3795280211268389,False
A,0.5,0.3669053601022315,False
A,0.5,0.7329287816963693,False
A,0.5,0.37373508098734975,False
A,0.5,0.033368513443150505,False
A,0.5,0.7299166411738466,False
A,0.5,0.6203134426162425,False
A,0.5,0.29635586772300127,False
A,0.5,0.0,False
A,0.5,0.0,False
A,0.5,0.18821661970305237,False
A,0.5,0.20618366620135808,False
A,0.5,0.7127536333933016,True
A,0.5,0.7416024886633192,True
A,0.5,0.7880247061175553,False
A,0.5,0.9595320674410683,False
A,0.5,0.8597298960211317,True
A,0.5,0.31711959454269434,False
A,0.5,0.0,False
A,0.5,0.08766045839838266,False
A,0.5,0.5594331221452232,False
A,0.5,0.0,False
A,0.5,0.5295228738953976,False
A,0.5,0.0,False
A,0.5,0.0,False
A,0.5,0.5714532980564526,False
A,0.5,0.4124488861943696,False
A,0.5,0.9165962344234594,True
A,0.5,0.2740018632934177,False
A,0.5,0.0,False
A,0.5,0.0,False
A,0.5,0.5907537257003852,True
A,0.5,0.6622715539611231,False
A,0.5,0.7494139740245637,True
A,0.5,0.8242738925347316,True
A,0.5,0.05494082493486918,False
A,0.5,0.0,False
A,0.5,0.9651887909450777,False
A,0.5,0.0,False
A,0.5,0.0,False
A,0.5,0.18505000897948964,False
A,0.5,0.3261605867895414,False
A,0.5,0.3870822176571833,False
A,0.5,0.1804609934357403,False
A,0.5,0.21213571062373715,False
A,0.5,0.6738635238066151,False
A,0.5,0.09962962469234882,False
A,0.5,0.0,False
A,0.5,0.0,False
A,0.5,0.06986283268754712,False
A,0.5,0.0,False
A,0.5,0.10539697520100155,False
A,0.5,0.0,False
A,0.5,0.297069452857034,False
A,0.5,0.0,False
A,0.5,0.7841927982661011,True
A,0.5,0.17323440982813154,False
A,0.5,0.0,False
A,0.5,0.0,False
A,0.5,0.6452134642964544,False
A,0.5,0.09132053126396966,False
A,0.5,0.0,False
A,0.5,0.0,False
A,0.5,0.0,False
A,0.5,0.16759293226269967,False
A,0.5,0.04211020482994288,False
A,0.5,0.0,False
A,0.5,0.18482312994098704,False
A,0.5,0.8742313232185897,True
A,0.5,0.43381529152382126,False
A,0.5,0.8007953192436963,True
A,0.5,0.022059151356833673,False
A,0.5,0.0,False
A,0.5,0.6361679899432444,True
A,0.5,0.0,False
A,0.5,0.763734024910081,True
A,0.5,0.32410925166257676,False
A,0.5,0.06747027798701233,False
A,0.5,0.1259529882406485,False
A,0.5,0.5454632786087397,False
A,0.5,0.05127516813849908,False
A,0.5,0.23255070920537835,False
A,0.5,0.17379182753332412,False
A,0.5,0.3758472478875512,False
A,0.5,0.0,False
A,0.5,0.9177116229801188,False
A,0.5,0.457249624593267,False
A,0.5,0.0,False
A,0.5,0.5213559586546009,False
A,0.5,0.65695420151688,True
A,0.5,0.0,False
A,0.5,0.5415327799303805,False
A,0.5,0.7121119322918992,True
A,0.5,0.9531052644630688,False
A,0.5,0.8486587553830462,True
A,0.5,0.0,False
A,0.5,0.8857373568509661,False
A,0.5,0.5736913360465714,False
A,0.5,0.8533038140712704,True
A,0.5,0.5906034027810029,True
A,0.5,0.1420477058674684,False
A,0.5,0.5570502724431171,False
A,0.5,0.0,False
A,0.5,0.5969647914908439,True
A,0.5,0.8099452126179557,True
A,0.5,0.8704786228649428,True
A,0.5,0.580367043609974,True
A,0.5,0.22413863557468294,False
A,0.5,0.06559858356043657,False
A,0.5,0.2362296621402784,False
A,0.5,0.0,False
A,0.5,0.8888643749228888,False
A,0.5,0.7654485859360864,True
A,0.5,0.007312717682117387,False
A,0.5,0.28811224568502247,False
A,0.5,0.0,False
A,0.5,0.3448862380157586,False
A,0.5,0.26800981941263724,False
A,0.5,0.2561535327114225,False
A,0.5,0.9691699269495108,True
A,0.5,0.5388409901269166,False
A,0.5,0.5708160813005236,False
A,0.5,0.4053795454263748,False
A,0.5,0.6280051775132077,False
A,0.5,0.7424271080024819,True
A,0.5,0.5437090167721177,False
A,0.5,0.360652721975514,False
A,0.5,0.9516255418506456,True
A,0.5,0.2557582642937589,False
A,0.5,0.7003102428164323,True
A,0.5,0.0,False
A,0.5,0.3877187369986086,False
A,0.5,0.8732274355711492,True
A,0.5,0.0,False
A,0.5,0.9676249870315241,True
A,0.5,0.17642803061461665,False
A,0.5,0.0,False
A,0.5,0.014799937657220652,False
A,0.5,0.44143643162542123,False
A,0.5,0.0825359727493089,False
A,0.5,0.0,False
A,0.5,0.3159580791401623,False
A,0.5,0.4873815820587918,False
A,0.5,0.42472527726722875,False
A,0.5,0.10672702251827204,False
A,0.5,0.0,False
A,0.5,0.11570929329832147,False
A,0.5,0.36035698312998554,False
A,0.5,0.7481604485710527,False
A,0.5,0.0,False
A,0.5,0.04568777007032965,False
A,0.5,0.0,False
A,0.5,0.1413634595538258,False
A,0.5,0.0,False
A,0.5,0.0,False
A,0.5,0.9748854175905532,True
A,0.5,0.9415208062303886,True
A,0.5,0.5065783924556506,False
A,0.5,0.4698115493786469,False
A,0.5,0.8077450017907357,False
A,0.5,0.4242664119885947,False
A,0.5,0.8769365403994884,True
A,0.5,0.9971135134703464,True
A,0.5,0.7795269647389356,False
A,0.5,0.29516945370866954,False
A,0.5,0.8890398313380038,True
A,0.5,0.0,False
A,0.5,0.01522955803758197,False
A,0.5,0.7853718727711776,False
A,0.5,0.21145217736472555,False
A,0.5,0.17482299073552032,False
A,0.5,0.43013249514729834,False
A,0.5,0.0,False
A,0.5,0.7691492443561903,False
A,0.5,0.7925693304646441,False
A,0.5,0.0,False
A,0.5,0.0,False
A,0.5,0.04314583425207241,False
A,0.5,0.8824500753501214,True
A,0.5,0.6393145435787696,False
A,0.5,0.0,False
A,0.5,0.0,False
A,0.5,0.41685311194987684,False
A,0.5,0.4363500066316931,False
A,0.5,0.0,False
A,0.5,0.0,False
A,0.5,0.0,False
A,0.5,0.7501929972587963,False
A,0.5,0.5676802776729036,False
A,0.5,0.0,False
A,0.5,0.0,False
A,0.5,0.327411213943968,False
A,0.5,0.0,False
A,0.5,0.0,False
A,0.5,0.1109087399855575,False
A,0.5,0.0,False
A,0.5,0.7528815187848357,True
A,0.5,0.7833322361802256,True
A,0.5,0.0,False
A,0.5,0.2557423539243464,False
A,0.5,0.3769629042982713,False
A,0.5,0.9949284890979376,True
A,0.5,0.6356847031717933,False
A,0.5,0.0,False
A,0.5,0.39090773444089044,False
A,0.5,0.0,False
A,0.5,0.0,False
A,0.5,0.6846872482136079,False
A,0.5,0.04857827592523145,False
A,0.5,0.6868462879054991,False
A,0.5,0.0,False
A,0.5,0.0,False
A,0.5,0.7950991198011389,False
A,0.5,0.0,False
A,0.5,0.40666103584688496,False
A,0.5,0.8642145844200276,True
A,0.5,0.0,False
A,0.5,0.0,False
A,0.5,0.22424577355843478,False
A,0.5,0.6046475948657102,False
A,0.5,0.5772017290560374,False
A,0.5,0.1837794333944771,False
A,0.5,0.5985019024161323,False
A,0.5,0.6839630216250651,False
A,0.5,0.34092114207560575,False
A,0.5,0.24334825403740024,False
A,0.5,0.09288558720134044,False
A,0.5,0.436359815370306,False
A,0.5,0.0,False
A,0.5,0.982136671659408,True
A,0.5,0.8059657575022292,True
A,0.5,0.0,False
A,0.5,0.5083131966771333,False
A,0.5,0.4708417803844258,False
A,0.5,0.0,False
A,0.5,0.6170596572784691,True
A,0.5,0.4393362063308124,False
A,0.5,0.0,False
A,0.5,0.0,False
A,0.5,0.72275820303881,False
A,0.5,0.47034211943354454,False
A,0.5,0.9861731188562664,True
A,0.5,0.7939155647734532,True
A,0.5,0.07605322376876633,False
A,0.5,0.09022278161048658,False
A,0.5,0.04065404234074044,False
A,0.5,0.37856283480141617,False
A,0.5,0.0,False
A,0.5,0.0,False
A,0.5,0.6165199957474929,False
A,0.5,0.0,False
A,0.5,0.8527525565923589,False
A,0.5,0.23234805582067686,False
A,0.5,0.0,False
A,0.5,0.16535472103174598,False
A,0.5,0.41218604175872164,False
A,0.5,0.0,False
A,0.5,0.96318282958431,True
A,0.5,0.0,False
A,0.5,0.1181656950991421,False
A,0.5,0.050794352088987416,False
A,0.5,0.0,False
A,0.5,0.0,False
A,0.5,0.8399040554514603,True
A,0.5,0.3416318807345602,False
A,0.5,0.0,False
A,0.5,0.757811530992536,True
A,0.5,0.7982461871284325,True
A,0.5,0.0,False
A,0.5,0.030967285152623147,False
A,0.5,0.02953421680847923,False
A,0.5,0.0,False
A,0.5,0.0,False
A,0.5,0.2219372354492798,False
A,0.5,0.5164719905507352,False
A,0.5,0.0,False
A,0.5,0.4863370322322924,False
A,0.5,0.0,False
A,0.5,0.0,False
A,0.5,0.0,False
A,0.5,0.5565001103523982,False
A,0.5,0.0,False
A,0.5,0.0,False
A,0.5,0.011107300811403431,False
A,0.5,0.0,False
A,0.5,0.2165324007917072,False
A,0.5,0.3128042983984676,False
A,0.5,0.3031517268034275,False
A,0.5,0.0607429767034694,False
A,0.5,0.2788813493677379,False
A,0.5,0.0,False
A,0.5,0.828310747801972,True
A,0.5,0.0,False
A,0.5,0.2672625119229517,False
A,0.5,0.6263373750441452,False
A,0.5,0.0,False
A,0.5,0.20800325049447643,False
A,0.5,0.9935575550120123,True
A,0.5,0.9278845294818294,True
A,0.5,0.0,False
A,0.5,0.40079086616779735,False
A,0.5,0.3990624537565033,False
A,0.5,0.4135328579638333,False
A,0.5,0.25227268014469884,False
A,0.5,0.0,False
A,0.5,0.0,False
A,0.5,0.7508147439976317,True
A,0.5,0.781151794115272,True
A,0.5,0.54837275043031,False
A,0.5,0.7591407226701534,True
A,0.5,0.0,False
A,0.5,0.0,False
A,0.5,0.0,False
A,0.5,0.5685658736505947,False
A,0.5,0.8527131298342643,True
A,0.5,0.7688756283047692,False
A,0.5,0.22351341553300508,False
A,0.5,0.0,False
A,0.5,0.37012623768893327,False
A,0.5,0.0,False
A,0.5,0.2367442736688774,False
A,0.5,0.8532449277473779,False
A,0.5,0.0,False
A,0.5,0.3595925058161942,False
A,0.5,0.36189902376688776,False
A,0.5,0.8817125714344277,True
A,0.5,0.0,False
A,0.5,0.12145156220572662,False
A,0.5,0.0,False
A,0.5,0.0,False
A,0.5,0.2731718500395026,False
A,0.5,0.0,False
A,0.5,0.6154215798691612,False
A,0.5,0.13772709359058966,False
A,0.5,0.0,False
A,0.5,0.37813132332581334,False
A,0.5,0.9747011790017719,True
A,0.5,0.46771912029650375,False
A,0.5,0.2434519310098887,False
A,0.5,0.44809251938504235,False
A,0.5,0.5222811401280507,False
A,0.5,0.43974595909152214,False
A,0.5,0.1942278185934201,False
A,0.5,0.0,False
A,0.5,0.9576001129864793,True
A,0.5,0.0,False
A,0.5,0.515503092802047,False
A,0.5,0.0,False
A,0.5,0.15707043183403568,False
A,0.5,0.6265095558309404,True
A,0.5,0.3623006400102272,False
A,0.5,0.0,False
A,0.5,0.0,False
A,0.5,0.9498353582156631,True
A,0.5,0.19950492639758488,False
A,0.5,0.0,False
A,0.5,0.8941457648764839,False
A,0.5,0.3248057520981753,False
A,0.5,0.560306468603468,False
A,0.5,0.803056485601128,False
A,0.5,0.16621043925196677,False
A,0.5,0.7693539324953906,True
A,0.5,0.32077564379866796,False
A,0.5,0.0,False
A,0.5,0.0,False
A,0.5,0.9302505149989484,True
A,0.5,0.22068561450452928,False
A,0.5,0.7717784553216298,True
A,0.5,0.5513668955296347,False
A,0.5,0.22745752863062185,False
A,0.5,0.0,False
A,0.5,0.0,False
A,0.5,0.0,False
A,0.5,0.0,False
A,0.5,0.7606093385481432,True
A,0.5,0.08313747355370305,False
A,0.5,0.45191888160870564,False
A,0.5,0.9314651387937418,True
A,0.5,0.0,False
A,0.5,0.0,False
A,0.5,0.0,False
A,0.5,0.3991641258026004,False
A,0.5,0.3060070282329602,False
A,0.5,0.271141225332187,False
A,0.5,0.4969456987196045,False
A,0.5,0.06884670019139472,False
A,0.5,0.040168321220969916,False
A,0.5,0.0,False
A,0.5,0.06714057639204118,False
A,0.5,0.9606442843790454,True
A,0.5,0.03623410087437162,False
A,0.5,0.09538495980189576,False
A,0.5,0.8353720946392282,True
A,0.5,0.0,False
A,0.5,0.8491674329273765,True
A,0.5,0.2546244512826594,False
A,0.5,0.6430381876033587,True
A,0.5,0.4809946665230592,False
A,0.5,0.0,False
A,0.5,0.0,False
A,0.5,0.2127778683382121,False
A,0.5,0.0,False
A,0.5,0.0,False
A,0.5,0.03491148812464806,False
A,0.5,0.0,False
A,0.5,0.0,False
A,0.5,0.3852731259822523,False
A,0.5,0.03318636890690063,False
A,0.5,0.6677439863767949,True
A,0.5,0.0,False
A,0.5,0.8474752297395308,True
A,0.5,0.0,False
A,0.5,0.37168686385097915,False
A,0.5,0.6624430012731346,True
A,0.5,0.0,False
A,0.5,0.0,False
A,0.5,0.0,False
A,0.5,0.7664458352484722,True
A,0.5,0.0,False
A,0.5,0.0635601094323931,False
A,0.5,0.8561929569339957,True
A,0.5,0.1511189360374331,False
A,0.5,0.0698608492133499,False
A,0.5,0.07779871622287238,False
A,0.5,0.057470820565511005,False
A,0.5,0.7838451238241726,False
A,0.5,0.9972960104346924,True
A,0.5,0.21227232996738055,False
A,0.5,0.0,False
A,0.5,0.3600189402992018,False
A,0.5,0.9084385515600013,True
A,0.5,0.43692627635148196,False
A,0.5,0.1312112650725441,False
A,0.5,0.7059585071555413,False
A,0.5,0.0,False
A,0.5,0.7436034955153666,True
A,0.5,0.8422229927711888,True
A,0.5,0.8843882614180864,True
A,0.5,0.7446386277905003,True
A,0.5,0.0,False
A,0.5,0.4542413925735429,False
A,0.5,0.5220142523020112,False
A,0.5,0.0,False
A,0.5,0.0,False
A,0.5,0.0,False
A,0.5,0.11628702429110749,False
A,0.5,0.24813874823600435,False
A,0.5,0.5401875389450189,False
A,0.5,0.738701536916902,False
A,0.5,0.5230287334823139,False
A,0.5,0.9402868389162482,True
A,0.5,0.5711236930604888,False
A,0.5,0.8782076532913922,True
A,0.5,0.4624088719955435,False
A,0.5,0.2946299387596214,False
A,0.5,0.6801816346580534,False
A,0.5,0.3283975966957101,False
A,0.5,0.0,False
A,0.5,0.5571953522738751,False
A,0.5,0.6250245768336146,False
A,0.5,0.17515764798200495,False
A,0.5,0.052694166910901674,False
A,0.5,0.09884327098746981,False
A,0.5,0.9078988279221801,False
A,0.5,0.8311831463834503,True
A,0.5,0.8774726140539281,True
A,0.5,0.3764722393255301,False
A,0.5,0.0,False
A,0.5,0.5724315573770133,False
A,0.5,0.0,False
A,0.5,0.7246329263954773,True
A,0.5,0.3888007840269686,True
A,0.5,0.0,False
A,0.5,0.0,False
A,0.5,0.9796402955905058,True
A,0.5,0.8906143851341594,True
A,0.5,0.0,False
A,0.5,0.0,False
A,0.5,0.2966413183488865,False
A,0.5,0.0,False
A,0.5,0.0,False
A,0.5,0.6354346204609029,True
A,0.5,0.06327751526561032,False
A,0.5,0.0,False
A,0.5,0.0,False
A,0.5,0.8341360818546757,True
A,0.5,0.0,False
A,0.5,0.46368884468239113,False
A,0.5,0.9861962331902299,True
A,0.5,0.0,False
A,0.5,0.5237864546038213,False
A,0.5,0.5221414110081801,False
A,0.5,0.5672691826950079,False
A,0.5,0.38372935444981515,False
A,0.5,0.2811684452131733,False
A,0.5,0.5290949272708423,False
A,0.5,0.05709122907476494,False
A,0.5,0.0,False
A,0.5,0.8093480912122899,True
A,0.5,0.8593973402216893,True
A,0.5,0.0,False
A,0.5,0.0,False
A,0.5,0.0,False
A,0.5,0.6429345176991529,False
A,0.5,0.0,False
A,0.5,0.0,False
A,0.5,0.2191448976166731,False
A,0.5,0.6286284419362176,False
A,0.5,0.12173156011630848,False
A,0.5,0.4227871285848287,False
A,0.5,0.97611457555343,True
A,0.5,0.0,False
A,0.5,0.7062285707228009,True
A,0.5,0.7944520418710401,True
A,0.5,0.9763534597652219,True
A,0.5,0.5373994199743598,False
A,0.5,0.0,False
A,0.5,0.6554581189194483,False
A,0.5,0.4899135731936518,False
A,0.5,0.5636049912846052,False
A,0.5,0.20260696599470962,False
A,0.5,0.13056273613766145,False
A,0.5,0.7566486188208974,True
A,0.5,0.7846575070164252,True
A,0.5,0.2919943370062458,False
A,0.5,0.542786379045893,False
A,0.5,0.0,False
A,0.5,0.15020720812469046,False
A,0.5,0.0,False
A,0.5,0.7748315507148418,True
A,0.5,0.0,False
A,0.5,0.63028504199585,False
A,0.5,0.9634599498587979,False
A,0.5,0.7445323447316395,False
A,0.5,0.18319108856813948,False
A,0.5,0.24291044160673425,False
A,0.5,0.881090977277478,False
A,0.5,0.350084976574359,False
A,0.5,0.3654057828522257,False
A,0.5,0.6994374350433495,False
A,0.5,0.5710962128276865,False
A,0.5,0.7743677200465746,True
A,0.5,0.4144182602774533,False
A,0.5,0.0,False
A,0.5,0.055040160262390336,False
A,0.5,0.6153889383016701,False
A,0.5,0.9839775187943846,True
A,0.5,0.2586727068816741,False
A,0.5,0.01931974966201111,False
A,0.5,0.8291090758359085,True
A,0.5,0.9020216806972198,True
A,0.5,0.3762142573946784,False
A,0.5,0.4875282378859911,False
A,0.5,0.10249130634113124,False
A,0.5,0.716651846855505,False
A,0.5,0.0,False
A,0.5,0.0,False
A,0.5,0.7379188220515808,True
A,0.5,0.0,False
A,0.5,0.12588959091779528,False
A,0.5,0.5514150875866445,False
A,0.5,0.0,False
A,0.5,0.6669995573283449,True
A,0.5,0.4014409820543685,False
A,0.5,0.27016927173559935,False
A,0.5,0.0,False
A,0.5,0.4130538233562502,False
A,0.5,0.0,False
A,0.5,0.0,False
A,0.5,0.7319348382222622,False
A,0.5,0.9857016033009545,True
A,0.5,0.19647540623878312,False
A,0.5,0.19637500161710908,False
A,0.5,0.34881814975135206,False
A,0.5,0.0,False
A,0.5,0.2922629518676114,False
A,0.5,0.12012766558762089,False
A,0.5,0.0,False
A,0.5,0.9601838280131952,False
A,0.5,0.0,False
A,0.5,0.0,False
A,0.5,0.49811475011145134,False
A,0.5,0.0,False
A,0.5,0.1996664170108109,False
A,0.5,0.0,False
A,0.5,0.15101401833628048,False
A,0.5,0.007737831166067077,False
A,0.5,0.2617630114773103,False
A,0.5,0.366004263138887,False
A,0.5,0.2845386917906385,False
A,0.5,0.8271426599315925,True
A,0.5,0.03501582654780033,False
A,0.5,0.02361311456030679,False
A,0.5,0.0,False
A,0.5,0.7348457977475449,False
A,0.5,0.0,False
A,0.5,0.04094056702485027,False
A,0.5,0.3670988444121459,False
A,0.5,0.0,False
A,0.5,0.5989842405748503,False
A,0.5,0.3795280211268389,False
A,0.5,0.3669053601022315,False
A,0.5,0.7329287816963693,False
A,0.5,0.37373508098734975,False
A,0.5,0.033368513443150505,False
A,0.5,0.7299166411738466,False
A,0.5,0.6203134426162425,False
A,0.5,0.29635586772300127,False
A,0.5,0.0,False
A,0.5,0.0,False
A,0.5,0.18821661970305237,False
A,0.5,0.20618366620135808,False
A,0.5,0.7127536333933016,True
A,0.5,0.7416024886633192,True
A,0.5,0.7880247061175553,False
A,0.5,0.9595320674410683,False
A,0.5,0.8597298960211317,True
A,0.5,0.31711959454269434,False
A,0.5,0.0,False
A,0.5,0.08766045839838266,False
A,0.5,0.5594331221452232,False
A,0.5,0.0,False
A,0.5,0.5295228738953976,False
A,0.5,0.0,False
A,0.5,0.0,False
A,0.5,0.5714532980564526,False
A,0.5,0.4124488861943696,False
A,0.5,0.9165962344234594,True
A,0.5,0.2740018632934177,False
A,0.5,0.0,False
A,0.5,0.0,False
A,0.5,0.5907537257003852,True
A,0.5,0.6622715539611231,False
A,0.5,0.7494139740245637,True
A,0.5,0.8242738925347316,True
A,0.5,0.05494082493486918,False
A,0.5,0.0,False
A,0.5,0.9651887909450777,False
A,0.5,0.0,False
A,0.5,0.0,False
A,0.5,0.18505000897948964,False
A,0.5,0.3261605867895414,False
A,0.5,0.3870822176571833,False
A,0.5,0.1804609934357403,False
A,0.5,0.21213571062373715,False
A,0.5,0.6738635238066151,False
A,0.5,0.09962962469234882,False
A,0.5,0.0,False
A,0.5,0.0,False
A,0.5,0.06986283268754712,False
A,0.5,0.0,False
A,0.5,0.10539697520100155,False
A,0.5,0.0,False
A,0.5,0.297069452857034,False
A,0.5,0.0,False
A,0.5,0.7841927982661011,True
A,0.5,0.17323440982813154,False
A,0.5,0.0,False
A,0.5,0.0,False
A,0.5,0.6452134642964544,False
A,0.5,0.09132053126396966,False
A,0.5,0.0,False
A,0.5,0.0,False
A,0.5,0.0,False
A,0.5,0.16759293226269967,False
A,0.5,0.04211020482994288,False
A,0.5,0.0,False
A,0.5,0.18482312994098704,False
A,0.5,0.8742313232185897,True
A,0.5,0.43381529152382126,False
A,0.5,0.8007953192436963,True
A,0.5,0.022059151356833673,False
A,0.5,0.0,False
A,0.5,0.6361679899432444,True
A,0.5,0.0,False
A,0.5,0.763734024910081,False
A,0.5,0.32410925166257676,False
A,0.5,0.06747027798701233,False
A,0.5,0.1259529882406485,False
A,0.5,0.5454632786087397,False
A,0.5,0.05127516813849908,False
A,0.5,0.23255070920537835,False
A,0.5,0.17379182753332412,False
A,0.5,0.3758472478875512,False
A,0.5,0.0,False
A,0.5,0.9177116229801188,True
A,0.5,0.457249624593267,False
A,0.5,0.0,False
A,0.5,0.5213559586546009,False
A,0.5,0.65695420151688,True
A,0.5,0.0,False
A,0.5,0.5415327799303805,False
A,0.5,0.7121119322918992,True
A,0.5,0.9531052644630688,False
A,0.5,0.8486587553830462,True
A,0.5,0.0,False
A,0.5,0.8857373568509661,False
A,0.5,0.5736913360465714,False
A,0.5,0.8533038140712704,True
A,0.5,0.5906034027810029,True
A,0.5,0.1420477058674684,False
A,0.5,0.5570502724431171,False
A,0.5,0.0,False
A,0.5,0.5969647914908439,True
A,0.5,0.8099452126179557,True
A,0.5,0.8704786228649428,True
A,0.5,0.580367043609974,False
A,0.5,0.22413863557468294,False
A,0.5,0.06559858356043657,False
A,0.5,0.2362296621402784,False
A,0.5,0.0,False
A,0.5,0.8888643749228888,False
A,0.5,0.7654485859360864,True
A,0.5,0.007312717682117387,False
A,0.5,0.28811224568502247,False
A,0.5,0.0,False
A,0.5,0.3448862380157586,False
A,0.5,0.26800981941263724,False
A,0.5,0.2561535327114225,False
A,0.5,0.9691699269495108,True
A,0.5,0.5388409901269166,False
A,0.5,0.5708160813005236,False
A,0.5,0.4053795454263748,False
A,0.5,0.6280051775132077,False
A,0.5,0.7424271080024819,True
A,0.5,0.5437090167721177,False
A,0.5,0.360652721975514,False
A,0.5,0.9516255418506456,True
A,0.5,0.2557582642937589,False
A,0.5,0.7003102428164323,False
A,0.5,0.0,False
A,0.5,0.3877187369986086,False
A,0.5,0.8732274355711492,True
A,0.5,0.0,False
A,0.5,0.9676249870315241,True
A,0.5,0.17642803061461665,False
A,0.5,0.0,False
A,0.5,0.014799937657220652,False
A,0.5,0.44143643162542123,False
A,0.5,0.0825359727493089,False
A,0.5,0.0,False
A,0.5,0.3159580791401623,False
A,0.5,0.4873815820587918,False
A,0.5,0.42472527726722875,False
A,0.5,0.10672702251827204,False
A,0.5,0.0,False
A,0.5,0.11570929329832147,False
A,0.5,0.36035698312998554,False
A,0.5,0.7481604485710527,True
A,0.5,0.0,False
A,0.5,0.04568777007032965,False
A,0.5,0.0,False
A,0.5,0.1413634595538258,False
A,0.5,0.0,False
A,0.5,0.0,False
A,0.5,0.9748854175905532,True
A,0.5,0.9415208062303886,True
A,0.5,0.5065783924556506,True
A,0.5,0.4698115493786469,False
A,0.5,0.8077450017907357,False
A,0.5,0.4242664119885947,True
A,0.5,0.8769365403994884,True
A,0.5,0.9971135134703464,True
A,0.5,0.7795269647389356,False
A,0.5,0.29516945370866954,False
A,0.5,0.8890398313380038,True
A,0.5,0.0,False
A,0.5,0.01522955803758197,False
A,0.5,0.7853718727711776,False
A,0.5,0.21145217736472555,False
A,0.5,0.17482299073552032,False
A,0.5,0.43013249514729834,False
A,0.5,0.0,False
A,0.5,0.7691492443561903,False
A,0.5,0.7925693304646441,False
A,0.5,0.0,False
A,0.5,0.0,False
A,0.5,0.04314583425207241,False
A,0.5,0.8824500753501214,True
A,0.5,0.6393145435787696,False
A,0.5,0.0,False
A,0.5,0.0,False
A,0.5,0.41685311194987684,False
A,0.5,0.4363500066316931,False
A,0.5,0.0,False
A,0.5,0.0,False
A,0.5,0.0,False
A,0.5,0.7501929972587963,False
A,0.5,0.5676802776729036,False
A,0.5,0.0,False
A,0.5,0.0,False
A,0.5,0.327411213943968,False
A,0.5,0.0,False
A,0.5,0.0,False
A,0.5,0.1109087399855575,False
A,0.5,0.0,False
A,0.5,0.7528815187848357,True
A,0.5,0.7833322361802256,False
A,0.5,0.0,False
A,0.5,0.2557423539243464,False
A,0.5,0.3769629042982713,False
A,0.5,0.9949284890979376,True
A,0.5,0.6356847031717933,False
A,0.5,0.0,False
A,0.5,0.39090773444089044,False
A,0.5,0.0,False
A,0.5,0.0,False
A,0.5,0.6846872482136079,False
A,0.5,0.04857827592523145,False
A,0.5,0.6868462879054991,False
A,0.5,0.0,False
A,0.5,0.0,False
A,0.5,0.7950991198011389,False
A,0.5,0.0,False
A,0.5,0.40666103584688496,False
A,0.5,0.8642145844200276,True
A,0.5,0.0,False
A,0.5,0.0,False
A,0.5,0.22424577355843478,False
A,0.5,0.6046475948657102,False
A,0.5,0.5772017290560374,False
A,0.5,0.1837794333944771,False
A,0.5,0.5985019024161323,False
A,0.5,0.6839630216250651,False
A,0.5,0.34092114207560575,False
A,0.5,0.24334825403740024,False
A,0.5,0.09288558720134044,False
A,0.5,0.436359815370306,False
A,0.5,0.0,False
A,0.5,0.982136671659408,True
A,0.5,0.8059657575022292,True
A,0.5,0.0,False
A,0.5,0.5083131966771333,False
A,0.5,0.4708417803844258,False
A,0.5,0.0,False
A,0.5,0.6170596572784691,True
A,0.5,0.4393362063308124,False
A,0.5,0.0,False
A,0.5,0.0,False
A,0.5,0.72275820303881,False
A,0.5,0.47034211943354454,False
A,0.5,0.9861731188562664,True
A,0.5,0.7939155647734532,True
A,0.5,0.07605322376876633,False
A,0.5,0.09022278161048658,False
A,0.5,0.04065404234074044,False
A,0.5,0.37856283480141617,False
A,0.5,0.0,False
A,0.5,0.0,False
A,0.5,0.6165199957474929,False
A,0.5,0.0,False
A,0.5,0.8527525565923589,True
A,0.5,0.23234805582067686,False
A,0.5,0.0,False
A,0.5,0.16535472103174598,False
A,0.5,0.41218604175872164,False
A,0.5,0.0,False
A,0.5,0.96318282958431,True
A,0.5,0.0,False
A,0.5,0.1181656950991421,False
A,0.5,0.050794352088987416,False
A,0.5,0.0,False
A,0.5,0.0,False
A,0.5,0.8399040554514603,True
A,0.5,0.3416318807345602,False
A,0.5,0.0,False
A,0.5,0.757811530992536,True
A,0.5,0.7982461871284325,True
A,0.5,0.0,False
A,0.5,0.030967285152623147,False
A,0.5,0.02953421680847923,False
A,0.5,0.0,False
A,0.5,0.0,False
A,0.5,0.2219372354492798,False
A,0.5,0.5164719905507352,False
A,0.5,0.0,False
A,0.5,0.4863370322322924,False
A,0.5,0.0,False
A,0.5,0.0,False
A,0.5,0.0,False
A,0.5,0.5565001103523982,True
A,0.5,0.0,False
A,0.5,0.0,False
A,0.5,0.011107300811403431,False
A,0.5,0.0,False
A,0.5,0.2165324007917072,False
A,0.5,0.3128042983984676,False
A,0.5,0.3031517268034275,False
A,0.5,0.0607429767034694,False
A,0.5,0.2788813493677379,False
A,0.5,0.0,False
A,0.5,0.828310747801972,True
A,0.5,0.0,False
A,0.5,0.2672625119229517,False
A,0.5,0.6263373750441452,False
A,0.5,0.0,False
A,0.5,0.20800325049447643,False
A,0.5,0.9935575550120123,True
A,0.5,0.9278845294818294,True
A,0.5,0.0,False
A,0.5,0.40079086616779735,False
A,0.5,0.3990624537565033,False
A,0.5,0.4135328579638333,False
A,0.5,0.25227268014469884,False
A,0.5,0.0,False
A,0.5,0.0,False
A,0.5,0.7508147439976317,True
A,0.5,0.781151794115272,True
A,0.5,0.54837275043031,False
A,0.5,0.7591407226701534,True
A,0.5,0.0,False
A,0.5,0.0,False
A,0.5,0.0,False
A,0.5,0.5685658736505947,False
A,0.5,0.8527131298342643,True
A,0.5,0.7688756283047692,False
A,0.5,0.22351341553300508,False
A,0.5,0.0,False
A,0.5,0.37012623768893327,False
A,0.5,0.0,False
A,0.5,0.2367442736688774,False
A,0.5,0.8532449277473779,False
A,0.5,0.0,False
A,0.5,0.3595925058161942,False
A,0.5,0.36189902376688776,False
A,0.5,0.8817125714344277,True
A,0.5,0.0,False
A,0.5,0.12145156220572662,False
A,0.5,0.0,False
A,0.5,0.0,False
A,0.5,0.2731718500395026,False
A,0.5,0.0,False
A,0.5,0.6154215798691612,False
A,0.5,0.13772709359058966,False
A,0.5,0.0,False
A,0.5,0.37813132332581334,False
A,0.5,0.9747011790017719,True
A,0.5,0.46771912029650375,False
A,0.5,0.2434519310098887,False
A,0.5,0.44809251938504235,False
A,0.5,0.5222811401280507,False
A,0.5,0.43974595909152214,False
A,0.5,0.1942278185934201,False
A,0.5,0.0,False
A,0.5,0.9576001129864793,True
A,0.5,0.0,False
A,0.5,0.515503092802047,False
A,0.5,0.0,False
A,0.5,0.15707043183403568,False
A,0.5,0.6265095558309404,True
A,0.5,0.3623006400102272,False
A,0.5,0.0,False
A,0.5,0.0,False
A,0.5,0.9498353582156631,True
A,0.5,0.19950492639758488,False
A,0.5,0.0,False
A,0.5,0.8941457648764839,False
A,0.5,0.3248057520981753,False
A,0.5,0.560306468603468,False
A,0.5,0.803056485601128,False
A,0.5,0.16621043925196677,False
A,0.5,0.7693539324953906,True
A,0.5,0.32077564379866796,False
A,0.5,0.0,False
A,0.5,0.0,False
A,0.5,0.9302505149989484,True
A,0.5,0.22068561450452928,False
A,0.5,0.7717784553216298,True
A,0.5,0.5513668955296347,False
A,0.5,0.22745752863062185,False
A,0.5,0.0,False
A,0.5,0.0,False
A,0.5,0.0,False
A,0.5,0.0,False
A,0.5,0.7606093385481432,False
A,0.5,0.08313747355370305,False
A,0.5,0.45191888160870564,False
A,0.5,0.9314651387937418,True
A,0.5,0.0,False
A,0.5,0.0,False
A,0.5,0.0,False
A,0.5,0.3991641258026004,False
A,0.5,0.3060070282329602,False
A,0.5,0.271141225332187,False
A,0.5,0.4969456987196045,False
A,0.5,0.06884670019139472,False
A,0.5,0.040168321220969916,False
A,0.5,0.0,False
A,0.5,0.06714057639204118,False
A,0.5,0.9606442843790454,True
A,0.5,0.03623410087437162,False
A,0.5,0.09538495980189576,False
A,0.5,0.8353720946392282,True
A,0.5,0.0,False
A,0.5,0.8491674329273765,True
A,0.5,0.2546244512826594,False
A,0.5,0.6430381876033587,True
A,0.5,0.4809946665230592,False
A,0.5,0.0,False
A,0.5,0.0,False
A,0.5,0.2127778683382121,False
A,0.5,0.0,False
A,0.5,0.0,False
A,0.5,0.03491148812464806,False
A,0.5,0.0,False
A,0.5,0.0,False
A,0.5,0.3852731259822523,False
A,0.5,0.03318636890690063,False
A,0.5,0.6677439863767949,False
A,0.5,0.0,False
A,0.5,0.8474752297395308,True
A,0.5,0.0,False
A,0.5,0.37168686385097915,False
A,0.5,0.6624430012731346,True
A,0.5,0.0,False
A,0.5,0.0,False
A,0.5,0.0,False
A,0.5,0.7664458352484722,True
A,0.5,0.0,False
A,0.5,0.0635601094323931,False
A,0.5,0.8561929569339957,True
A,0.5,0.1511189360374331,False
A,0.5,0.0698608492133499,False
A,0.5,0.07779871622287238,False
A,0.5,0.057470820565511005,False
A,0.5,0.7838451238241726,False
A,0.5,0.9972960104346924,True
A,0.5,0.21227232996738055,False
A,0.5,0.0,False
A,0.5,0.3600189402992018,False
A,0.5,0.9084385515600013,True
A,0.5,0.43692627635148196,False
A,0.5,0.1312112650725441,False
A,0.5,0.7059585071555413,False
A,0.5,0.0,False
A,0.5,0.7436034955153666,True
A,0.5,0.8422229927711888,True
A,0.5,0.8843882614180864,True
A,0.5,0.7446386277905003,False
A,0.5,0.0,False
A,0.5,0.4542413925735429,False
A,0.5,0.5220142523020112,False
A,0.5,0.0,False
A,0.5,0.0,False
A,0.5,0.0,False
A,0.5,0.11628702429110749,False
A,0.5,0.24813874823600435,False
A,0.5,0.5401875389450189,False
A,0.5,0.738701536916902,False
A,0.5,0.5230287334823139,False
A,0.5,0.9402868389162482,True
A,0.5,0.5711236930604888,False
A,0.5,0.8782076532913922,True
A,0.5,0.4624088719955435,False
A,0.5,0.2946299387596214,False
A,0.5,0.6801816346580534,False
A,0.5,0.3283975966957101,False
A,0.5,0.0,False
A,0.5,0.5571953522738751,False
A,0.5,0.6250245768336146,False
A,0.5,0.17515764798200495,False
A,0.5,0.052694166910901674,False
A,0.5,0.09884327098746981,False
A,0.5,0.9078988279221801,True
A,0.5,0.8311831463834503,True
A,0.5,0.8774726140539281,True
A,0.5,0.3764722393255301,False
A,0.5,0.0,False
A,0.5,0.5724315573770133,False
A,0.5,0.0,False
A,0.5,0.7246329263954773,True
A,0.5,0.3888007840269686,True
A,0.5,0.0,False
A,0.5,0.0,False
A,0.5,0.9796402955905058,True
A,0.5,0.8906143851341594,True
A,0.5,0.0,False
A,0.5,0.0,False
A,0.5,0.2966413183488865,False
A,0.5,0.0,False
A,0.5,0.0,False
A,0.5,0.6354346204609029,True
A,0.5,0.06327751526561032,False
A,0.5,0.0,False
A,0.5,0.0,False
A,0.5,0.8341360818546757,True
A,0.5,0.0,False
A,0.5,0.46368884468239113,False
A,0.5,0.9861962331902299,True
A,0.5,0.0,False
A,0.5,0.5237864546038213,False
A,0.5,0.5221414110081801,True
A,0.5,0.5672691826950079,False
A,0.5,0.38372935444981515,False
A,0.5,0.2811684452131733,False
A,0.5,0.5290949272708423,False
A,0.5,0.05709122907476494,False
A,0.5,0.0,False
A,0.5,0.8093480912122899,True
A,0.5,0.8593973402216893,True
A,0.5,0.0,False
A,0.5,0.0,False
A,0.5,0.0,False
A,0.5,0.6429345176991529,False
A,0.5,0.0,False
A,0.5,0.0,False
A,0.5,0.2191448976166731,False
A,0.5,0.6286284419362176,False
A,0.5,0.12173156011630848,False
A,0.5,0.4227871285848287,False
A,0.5,0.97611457555343,True
A,0.5,0.0,False
A,0.5,0.7062285707228009,True
A,0.5,0.7944520418710401,True
A,0.5,0.9763534597652219,True
A,0.5,0.5373994199743598,False
A,0.5,0.0,False
A,0.5,0.6554581189194483,False
A,0.5,0.4899135731936518,False
A,0.5,0.5636049912846052,False
A,0.5,0.20260696599470962,False
A,0.5,0.13056273613766145,False
A,0.5,0.7566486188208974,True
A,0.5,0.7846575070164252,True
A,0.5,0.2919943370062458,False
A,0.5,0.542786379045893,False
A,0.5,0.0,False
A,0.5,0.15020720812469046,False
A,0.5,0.0,False
A,0.5,0.7748315507148418,True
